controller,seed,family,regime,mean_tracking_loss,tracking_rmse,mean_action_cost,hard_violations,tracking_pass,failure_rate,recovery_fraction,mean_recovery_steps,recovery_censored,initial_tail_loss,return_tail_loss,return_loss_change,mean_stockout,mean_overflow,censored_transition_fraction,action_seconds,learning_seconds,controller_seconds
paired_lesion,62001,dynamic_tracking,paired,0.014565827614594793,0.12068897055901502,2.836350701224948,0,True,0.0,1.0,2.6666666666666665,0,0.007448671208600992,0.006613905737683665,-0.0008347654709173272,,,,0.0698271329747513,0.028329379063507076,0.09815651203825837
diagonal,62001,dynamic_tracking,paired,0.011303240543369144,0.1063166992685963,2.8221430818409625,0,True,0.0,1.0,3.6666666666666665,0,0.0024982351465000804,0.004382191528543305,0.0018839563820432247,,,,0.06601091203629039,0.02521592000994133,0.09122683204623172
shuffled,62001,dynamic_tracking,paired,0.007016585147767946,0.08376505922977638,2.8350615376522548,0,True,0.0,1.0,1.0,0,0.0025820377264009413,0.0028877297579584698,0.0003056920315575285,,,,0.06512954596837517,0.025047922994417604,0.09017746896279277
dense,62001,dynamic_tracking,paired,0.002585260417468415,0.050845456212609746,2.7454276046073804,0,True,0.0,1.0,1.0,0,5.5614445647528455e-05,0.00014478685824171524,8.917241259418678e-05,,,,0.0688155960306176,0.027099567996629048,0.09591516402724665
signed_intensity,62001,dynamic_tracking,paired,0.008461940352430732,0.09198880558215076,2.82588702360689,0,True,0.0,1.0,4.0,0,0.0003844727818840269,0.0019834988284939564,0.0015990260466099294,,,,0.0686768420127919,0.027256534973275848,0.09593337698606774
zero,62001,dynamic_tracking,paired,0.20700688153062058,0.4549800891584384,0.0,0,False,1.0,0.0,,3,0.18785033963619668,0.1898961207949898,0.002045781158793114,,,,0.001596286951098591,0.00023467305436497554,0.0018309600054635666
hold,62001,dynamic_tracking,paired,0.08801370614675351,0.2966710402900046,2.31860162019433,0,False,1.0,0.0,,3,0.08701933660761206,0.08666983324177699,-0.0003495033658350716,,,,0.001622478048375342,0.00022445605281973258,0.0018469341011950746
paired,62001,dynamic_tracking,paired,0.008461940352430732,0.09198880558215076,2.82588702360689,0,True,0.0,1.0,4.0,0,0.00038447278188402694,0.001983498828493957,0.0015990260466099298,,,,0.06957972698728554,0.026178325053479057,0.0957580520407646
diagonal,62001,dynamic_tracking,diagonal,0.002776576835542637,0.052693233299377605,2.8293840671295203,0,True,0.0,1.0,1.0,0,0.0006295608819960952,0.0003144018539470942,-0.000315159028049001,,,,0.06827657701796852,0.02635067200026242,0.09462724901823094
shuffled,62001,dynamic_tracking,diagonal,0.002175108896504633,0.046638062743907284,2.7839964035082962,0,True,0.0,1.0,1.0,0,0.0003355917310058747,0.000207031667287563,-0.0001285600637183117,,,,0.06571607300429605,0.025823885982390493,0.09153995898668654
dense,62001,dynamic_tracking,diagonal,0.001442535810867265,0.03798072946728729,2.7122417162591343,0,True,0.0,1.0,0.6666666666666666,0,5.9480454951378294e-05,7.773068790096447e-05,1.825023294958617e-05,,,,0.07965335800690809,0.02711028703924967,0.10676364504615776
signed_intensity,62001,dynamic_tracking,diagonal,0.0023275426034559,0.048244612170229954,2.7877132909485236,0,True,0.0,1.0,1.0,0,0.0003396340157378726,0.00044806194529286116,0.00010842792955498856,,,,0.0683237650373485,0.02815078795538284,0.09647455299273133
zero,62001,dynamic_tracking,diagonal,0.16895011645197833,0.411035419948182,0.0,0,False,1.0,0.0,,3,0.1722067512290435,0.17501583729694023,0.002809086067896732,,,,0.0016747120171203278,0.00028311200730968267,0.0019578240244300105
hold,62001,dynamic_tracking,diagonal,0.07792565014636414,0.279151661550427,2.31860162019433,0,False,1.0,0.0,,3,0.08841929009460386,0.08889972990749759,0.00048043981289372373,,,,0.0017259509913856164,0.000270023949269671,0.0019959749406552874
paired,62001,dynamic_tracking,diagonal,0.0023275426034559,0.048244612170229954,2.7877132909485236,0,True,0.0,1.0,1.0,0,0.0003396340157378726,0.00044806194529286116,0.00010842792955498856,,,,0.06912420602020575,0.027444763043604326,0.09656896906381007
paired_lesion,62001,dynamic_tracking,diagonal,0.004023635184163277,0.0634321305346374,2.8950013128216163,0,True,0.0,1.0,1.0,0,0.0027224379701687755,0.0003513407683221429,-0.0023710972018466327,,,,0.07276902398734819,0.025349584997456986,0.09811860898480518
shuffled,62001,dynamic_tracking,misaligned,0.0076699453386192265,0.08757822411204298,2.8187622191312807,0,True,0.0,1.0,1.6666666666666667,0,0.002237595442124693,0.0029400377995585404,0.0007024423574338474,,,,0.07155807696835836,0.02821555599803105,0.09977363296638941
dense,62001,dynamic_tracking,misaligned,0.002409023491751128,0.04908180408003691,2.7237861015464904,0,True,0.0,1.0,1.0,0,3.834678070174631e-05,0.00010274415187834096,6.439737117659466e-05,,,,0.07403757398424204,0.02694871597486781,0.10098628995910985
signed_intensity,62001,dynamic_tracking,misaligned,0.006748545502509811,0.08214953135903948,2.7880597985651727,0,True,0.0,1.0,1.0,0,0.0013509621546896123,0.0016328305721467601,0.00028186841745714785,,,,0.07623840295855189,0.02871931000117911,0.104957712959731
zero,62001,dynamic_tracking,misaligned,0.1980970624334707,0.4450809616614383,0.0,0,False,1.0,0.0,,3,0.20701136509464077,0.2091307416546834,0.0021193765600426295,,,,0.0016507420004927553,0.0002445400386932306,0.001895282039185986
hold,62001,dynamic_tracking,misaligned,0.08696397736983943,0.29489655367575834,2.31860162019433,0,False,1.0,0.0,,3,0.11232420044333971,0.11204829367465177,-0.00027590676868793906,,,,0.0019581029991968535,0.00025715803349157795,0.0022152610326884314
paired,62001,dynamic_tracking,misaligned,0.006748545502509811,0.08214953135903948,2.7880597985651727,0,True,0.0,1.0,1.0,0,0.0013509621546896116,0.0016328305721467567,0.00028186841745714503,,,,0.07109163201675983,0.026444973023899365,0.0975366050406592
paired_lesion,62001,dynamic_tracking,misaligned,0.010247400824427925,0.10122944642952428,2.843482710287918,0,True,0.0,1.0,1.0,0,0.008081736848321317,0.0036193841137428864,-0.00446235273457843,,,,0.07279260203358717,0.029112131967849564,0.10190473400143674
diagonal,62001,dynamic_tracking,misaligned,0.008137376095903322,0.09020740599254211,2.810430636116729,0,True,0.0,1.0,1.3333333333333333,0,0.0023327805357127324,0.0028196305264899585,0.000486849990777226,,,,0.0774206649439293,0.028252174066437874,0.10567283901036717
diagonal,62001,cooperative_inventory,paired,0.008087544134793102,0.0899307741253966,3.1300998791202446,0,True,0.0,1.0,3.6666666666666665,0,0.0005035628702011465,0.0005370449163717322,3.348204617058563e-05,0.001666281548334457,0.0017774628887032165,0.2900390625,0.10049481205351185,0.016501531026733574,0.11699634308024542
shuffled,62001,cooperative_inventory,paired,0.008034325285868654,0.0896343978942719,3.1299014298494843,0,True,0.0,1.0,3.6666666666666665,0,0.000256895118319156,0.0002989276624183635,4.203254409920748e-05,0.001726527611799044,0.002082252469556678,0.326171875,0.09516410696232924,0.01686443402286386,0.1120285409851931
dense,62001,cooperative_inventory,paired,0.007963062869606042,0.08923599536961552,3.0429145195979928,0,True,0.0,1.0,3.6666666666666665,0,1.4790354795366264e-05,4.2589912421076046e-05,2.7799557625709784e-05,0.001686029435467579,0.0016306045560359292,0.26171875,0.0814124569951673,0.01776992700615665,0.09918238400132395
signed_intensity,62001,cooperative_inventory,paired,0.008097081151847759,0.08998378271581918,3.079345880282892,0,True,0.0,1.0,4.0,0,0.0002514087433095112,7.015940813511444e-05,-0.00018124933517439678,0.0016669393046211344,0.0014868933020185454,0.2607421875,0.08643924898933619,0.017998008035647217,0.10443725702498341
zero,62001,cooperative_inventory,paired,0.08796596514188203,0.29659056819440843,0.0,0,False,1.0,0.0,,3,0.0999932849595906,0.0999932849595906,0.0,0.012111707682441606,0.0,0.9697265625,0.0017669070657575503,0.00027054599922848865,0.002037453064986039
hold,62001,cooperative_inventory,paired,0.043731681203897324,0.20912121175026058,2.3117485064425836,0,False,1.0,0.3333333333333333,0.0,2,0.04850200789198611,0.047242503145917186,-0.0012595047460689235,0.00047212364132628425,0.0,0.033203125,0.00174411397165386,0.0002424960257485509,0.001986609997402411
paired,62001,cooperative_inventory,paired,0.008097081151847759,0.08998378271581918,3.079345880282892,0,True,0.0,1.0,4.0,0,0.0002514087433095113,7.01594081351145e-05,-0.00018124933517439678,0.0016669393046211344,0.0014868933020185456,0.2607421875,0.08515290600189473,0.01786112100671744,0.10301402700861217
paired_lesion,62001,cooperative_inventory,paired,0.008698264501646392,0.09326448681918746,3.1304944294036954,0,True,0.0,1.0,3.6666666666666665,0,0.0003745666190388322,0.0016593853311424323,0.0012848187121036001,0.001650875657684319,0.0016977129370599356,0.2548828125,0.10202458605635911,0.017137541995907668,0.11916212805226678
shuffled,62001,cooperative_inventory,diagonal,0.007464913163725526,0.0863997289563198,3.1094920188017836,0,True,0.0,1.0,3.6666666666666665,0,0.00029423734695155053,0.00010743652211065094,-0.0001868008248408996,0.0008572252075611675,0.0008674698935469231,0.208984375,0.09075896099238889,0.018458220933098346,0.10921718192548724
dense,62001,cooperative_inventory,diagonal,0.007444258935882583,0.0862801190071188,3.053495852469288,0,True,0.0,1.0,3.6666666666666665,0,1.0329910879737782e-05,5.055594298007368e-05,4.0226032100335896e-05,0.0012404927360303059,0.0010758354424611428,0.25,0.08025853605795419,0.017044341024302412,0.0973028770822566
signed_intensity,62001,cooperative_inventory,diagonal,0.007554716771096481,0.08691787371476871,3.050700244715777,0,True,0.0,1.0,3.6666666666666665,0,0.00016877804087503883,7.113842899081394e-05,-9.763961188422489e-05,0.0011155246369578824,0.00055922713769047,0.2177734375,0.08806333797838306,0.017145568010164425,0.10520890598854749
zero,62001,cooperative_inventory,diagonal,0.08044459690745395,0.28362756725581867,0.0,0,False,1.0,0.0,,3,0.09159266867687435,0.09159266867687435,0.0,0.012111707682441606,0.0,0.9697265625,0.0016201030302909203,0.00029962792905280367,0.001919730959343724
hold,62001,cooperative_inventory,diagonal,0.0487326426241875,0.22075471144278552,2.3117485064425836,0,False,1.0,0.3333333333333333,0.0,2,0.06041163324319954,0.061782372271176056,0.0013707390279765128,0.00033494347328768496,0.0,0.0302734375,0.0018956440326292068,0.0002602170061436482,0.002155861038772855
paired,62001,cooperative_inventory,diagonal,0.007554716771096481,0.08691787371476871,3.0507002447157774,0,True,0.0,1.0,3.6666666666666665,0,0.00016877804087503888,7.11384289908139e-05,-9.763961188422499e-05,0.0011155246369578824,0.0005592271376904697,0.2177734375,0.08665152602770831,0.01673925503564533,0.10339078106335364
paired_lesion,62001,cooperative_inventory,diagonal,0.007825975025374288,0.08846454106236175,3.1425416139721274,0,True,0.0,1.0,4.0,0,0.0006329684505891246,0.0003654832863972018,-0.00026748516419192284,0.0007626527566110563,0.0007978134603191993,0.1572265625,0.09873386505933013,0.017825127994001377,0.1165589930533315
diagonal,62001,cooperative_inventory,diagonal,0.007628348844653478,0.08734041930660442,3.121979242678403,0,True,0.0,1.0,4.0,0,0.0005758898255878195,0.00024151382012249742,-0.00033437600546532204,0.0007151794815800247,0.0006820835054939606,0.16015625,0.13021486203797394,0.022000990029482637,0.15221585206745658
dense,62001,cooperative_inventory,misaligned,0.008228713732350219,0.09071225789467606,2.994798185872467,0,True,0.0,1.0,4.0,0,1.4318226462405683e-05,4.841556263322417e-05,3.4097336170818486e-05,0.002463385780593409,0.0013501258650936323,0.2490234375,0.08069286704267142,0.0189973650558386,0.09969023209851002
signed_intensity,62001,cooperative_inventory,misaligned,0.008742503111546458,0.0935013535278846,3.030694049525925,0,True,0.0,1.0,3.6666666666666665,0,8.188817151044114e-05,8.721075037791177e-05,5.322578867470628e-06,0.0018928600058767627,0.0008540212555852868,0.2861328125,0.09529506303806556,0.018452441952831578,0.11374750499089714
zero,62001,cooperative_inventory,misaligned,0.08573491851514613,0.29280525698003806,0.0,0,False,1.0,0.0,,3,0.09749009992453149,0.09749009992453149,0.0,0.012111707682441606,0.0,0.9697265625,0.0019301649372209795,0.00029221100703580305,0.0022223759442567825
hold,62001,cooperative_inventory,misaligned,0.04267345195665089,0.2065755357167225,2.3117485064425836,0,False,1.0,0.3333333333333333,0.0,2,0.047624665378171144,0.04615691795352403,-0.0014677474246471145,0.00047212364132628425,0.0,0.033203125,0.0019977640477009118,0.00028265800210647285,0.0022804220498073846
paired,62001,cooperative_inventory,misaligned,0.008742503111546458,0.0935013535278846,3.030694049525925,0,True,0.0,1.0,3.6666666666666665,0,8.188817151044117e-05,8.721075037791177e-05,5.322578867470601e-06,0.0018928600058767627,0.0008540212555852868,0.2861328125,0.08159483998315409,0.01674491598532768,0.09833975596848177
paired_lesion,62001,cooperative_inventory,misaligned,0.009464720994484883,0.09728679763711458,3.0805721887208275,0,True,0.0,1.0,4.0,0,0.0009755721452240692,0.001108927066155882,0.00013335492093181282,0.0018425740965155668,0.0007770045557158027,0.2509765625,0.10161311994306743,0.017415755995898508,0.11902887593896594
diagonal,62001,cooperative_inventory,misaligned,0.008806635656076596,0.09384367669734917,3.0474895797730213,0,True,0.0,1.0,4.0,0,0.00082842373709235,0.0003953928868168227,-0.00043303085027552733,0.0019974521101158798,0.000919193283574023,0.275390625,0.09304427402821602,0.031967043978511356,0.12501131800672738
shuffled,62001,cooperative_inventory,misaligned,0.008647182249380556,0.09299022663366595,2.9954418962988805,0,True,0.0,1.0,4.0,0,0.0003407805691562468,0.00043821284116379335,9.743227200754653e-05,0.0022397661104429775,0.0008564637511674486,0.2939453125,0.0783995580568444,0.017407555038516875,0.09580711309536127
diagonal,62002,dynamic_tracking,paired,0.013090831977095815,0.1144151737187678,2.7548866731934707,0,True,0.0,1.0,4.666666666666667,0,0.0037340641173100363,0.0052156378904620136,0.0014815737731519773,,,,0.07167221292911563,0.024825855041854084,0.09649806797096971
shuffled,62002,dynamic_tracking,paired,0.0069446442805926505,0.08333453234159685,2.755088451165187,0,True,0.0,1.0,1.0,0,0.002732137199700003,0.0027750803600825377,4.294316038253466e-05,,,,0.12252656599594047,0.03349904499918921,0.15602561099512968
dense,62002,dynamic_tracking,paired,0.002669540690026057,0.05166759806712575,2.684366631461705,0,True,0.0,1.0,1.0,0,6.846304829101975e-05,8.883741161978587e-05,2.0374363328766113e-05,,,,0.07189613999071298,0.028517296952486504,0.10041343694319949
signed_intensity,62002,dynamic_tracking,paired,0.009798212337674498,0.09898591989608672,2.7535046800852774,0,True,0.0,1.0,5.0,0,0.000568341726494387,0.0026685410395769207,0.0021001993130825335,,,,0.10497677495732205,0.03793905600468861,0.14291583096201066
zero,62002,dynamic_tracking,paired,0.24670149625727675,0.4966905437566501,0.0,0,False,1.0,0.0,,3,0.23696228593158042,0.24239488753826718,0.0054326016066867655,,,,0.0016636530199320987,0.0002508779798517935,0.0019145309997838922
hold,62002,dynamic_tracking,paired,0.10555415801788609,0.32489099405475386,2.25603867266653,0,False,1.0,0.0,,3,0.1132004321400496,0.11407635246219816,0.0008759203221485601,,,,0.0018089580262312666,0.000271721015451476,0.0020806790416827425
paired,62002,dynamic_tracking,paired,0.0097982123376745,0.09898591989608674,2.7535046800852774,0,True,0.0,1.0,5.0,0,0.000568341726494387,0.0026685410395769207,0.0021001993130825335,,,,0.07165265201183502,0.02740761003951775,0.09906026205135277
paired_lesion,62002,dynamic_tracking,paired,0.01815050486533052,0.13472380957102764,2.8139615779919316,0,True,0.0,1.0,3.6666666666666665,0,0.010087416832092725,0.0066493770378773355,-0.003438039794215389,,,,0.09535690700431587,0.03601545000128681,0.13137235700560268
shuffled,62002,dynamic_tracking,diagonal,0.0024970434985183646,0.04997042623911031,2.732302895885038,0,True,0.0,1.0,1.0,0,0.000450293302855336,0.0004054027867891606,-4.489051606617543e-05,,,,0.07164503298554337,0.026501295957132243,0.09814632894267561
dense,62002,dynamic_tracking,diagonal,0.0015200794151525741,0.038988195843775254,2.6588905509852108,0,True,0.0,1.0,1.0,0,7.33378161488709e-05,7.688867614031308e-05,3.5508599914421728e-06,,,,0.06930320797982858,0.02607925196934957,0.09538245994917816
signed_intensity,62002,dynamic_tracking,diagonal,0.0027474357828207764,0.052415987855050264,2.726915952852494,0,True,0.0,1.0,1.0,0,0.0004286651219826209,0.0004516567578468801,2.2991635864259233e-05,,,,0.06717584900616203,0.0250987229810562,0.09227457198721822
zero,62002,dynamic_tracking,diagonal,0.20593218130763588,0.4537975113502011,0.0,0,False,1.0,0.0,,3,0.21611687915040081,0.22118969556196322,0.005072816411562403,,,,0.0016760590006015263,0.0002532069993321784,0.0019292659999337047
hold,62002,dynamic_tracking,diagonal,0.09333858652694041,0.3055136437656106,2.25603867266653,0,False,1.0,0.0,,3,0.11003892825024063,0.11146348139961937,0.0014245531493787406,,,,0.0016523849772056565,0.00027750502340495586,0.0019298900006106123
paired,62002,dynamic_tracking,diagonal,0.0027474357828207764,0.052415987855050264,2.726915952852494,0,True,0.0,1.0,1.0,0,0.00042866512198262095,0.00045165675784688024,2.2991635864259288e-05,,,,0.06603608897421509,0.0249402129848022,0.09097630195901729
paired_lesion,62002,dynamic_tracking,diagonal,0.005429840772216619,0.07368745328898685,2.851335673502589,0,True,0.0,1.0,1.0,0,0.004613417596273843,0.00033229082461287294,-0.00428112677166097,,,,0.06539943198004039,0.024513286036381032,0.08991271801642142
diagonal,62002,dynamic_tracking,diagonal,0.0035244696238615845,0.05936724369432679,2.78071549781918,0,True,0.0,1.0,1.0,0,0.0009006888539681236,0.0004242123151356298,-0.0004764765388324938,,,,0.07312272398121422,0.024502545973518863,0.09762526995473308
dense,62002,dynamic_tracking,misaligned,0.0026963572254093413,0.05192645978120732,2.674673548664443,0,True,0.0,1.0,1.0,0,7.756404455182362e-05,9.039999945168542e-05,1.28359548998618e-05,,,,0.06581694496708224,0.027131121983984485,0.09294806695106672
signed_intensity,62002,dynamic_tracking,misaligned,0.008349657529021373,0.09137646047544944,2.7664101944463013,0,True,0.0,1.0,1.3333333333333333,0,0.0035548039337809268,0.0019981306868907143,-0.0015566732468902124,,,,0.06670165601826739,0.02570605402434012,0.0924077100426075
zero,62002,dynamic_tracking,misaligned,0.23964819493488504,0.4895387573368273,0.0,0,False,1.0,0.0,,3,0.2532493192079971,0.25869619075414785,0.0054468715461507555,,,,0.0016826739883981645,0.00026998796238331124,0.0019526619507814758
hold,62002,dynamic_tracking,misaligned,0.1064495826838372,0.32626612248873954,2.25603867266653,0,False,1.0,0.0,,3,0.1418686494575641,0.14275884261550675,0.0008901931579426425,,,,0.0028312630383879878,0.00027849298203364015,0.003109756020421628
paired,62002,dynamic_tracking,misaligned,0.008349657529021373,0.09137646047544944,2.7664101944463013,0,True,0.0,1.0,1.3333333333333333,0,0.0035548039337809268,0.0019981306868907143,-0.0015566732468902124,,,,0.08267775105196051,0.028316030009591486,0.110993781061552
paired_lesion,62002,dynamic_tracking,misaligned,0.012678408651836878,0.11259843982860898,2.8395915905312745,0,True,0.0,1.0,1.6666666666666667,0,0.009909669287238588,0.004222172073417517,-0.005687497213821072,,,,0.06858959298551781,0.02679945097042946,0.09538904395594727
diagonal,62002,dynamic_tracking,misaligned,0.0106889344265373,0.1033873030238109,2.7834740482442233,0,True,0.0,1.0,1.6666666666666667,0,0.003579752322855356,0.0038277554306251496,0.00024800310776979364,,,,0.08687262402236229,0.03187561796949012,0.11874824199185241
shuffled,62002,dynamic_tracking,misaligned,0.009064774502943185,0.09520910934854493,2.7625014154858936,0,True,0.0,1.0,1.6666666666666667,0,0.002522121298283469,0.0031952428387810173,0.0006731215404975482,,,,0.07501528501597932,0.029654599049536046,0.10466988406551536
shuffled,62002,cooperative_inventory,paired,0.008818669160205756,0.09390776943472652,3.1094591793087236,0,True,0.0,1.0,4.666666666666667,0,0.0003323184881494621,0.0004324777399927522,0.00010015925184329009,0.0026063878890265927,0.0017350463419833846,0.34375,0.08146598401799565,0.015630908994353376,0.09709689301234903
dense,62002,cooperative_inventory,paired,0.008372017981748853,0.09149873213192002,3.001254204123885,0,True,0.0,1.0,4.333333333333333,0,8.310784407689158e-05,9.87160688924676e-06,-7.323623718764482e-05,0.0019170837428029025,0.0004536552032236045,0.2431640625,0.07445493702107342,0.017012159012665506,0.09146709603373893
signed_intensity,62002,cooperative_inventory,paired,0.008416364735112411,0.09174074740873006,3.1366262091135475,0,True,0.0,1.0,4.333333333333333,0,0.0004014272194231861,5.567516990717657e-05,-0.0003457520495160095,0.0020976214008056925,0.0015387684083575585,0.2548828125,0.08011158400768181,0.015826292968995403,0.09593787697667722
zero,62002,cooperative_inventory,paired,0.08142974254225621,0.2853589713715975,0.0,0,False,1.0,0.0,,3,0.08122952571199238,0.08122952571199238,0.0,0.011872060358220492,0.0,0.9599609375,0.001998259969695937,0.00026358502509538084,0.0022618449947913177
hold,62002,cooperative_inventory,paired,0.04239856437397184,0.20590911678206927,2.4508893827167384,0,False,1.0,0.3333333333333333,2.0,2,0.04480702028682279,0.04275424821043494,-0.0020527720763878488,0.0007660139917947925,0.0,0.0712890625,0.001656152009672951,0.00028626395214814693,0.0019424159618210979
paired,62002,cooperative_inventory,paired,0.008416364735112411,0.09174074740873006,3.136626209113548,0,True,0.0,1.0,4.333333333333333,0,0.0004014272194231862,5.567516990717643e-05,-0.0003457520495160098,0.002097621400805692,0.00153876840835756,0.2548828125,0.07963927904347656,0.015091964072780684,0.09473124311625725
paired_lesion,62002,cooperative_inventory,paired,0.00851391089024371,0.09227085612610143,3.2575925561294907,0,True,0.0,1.0,4.333333333333333,0,0.0005826095734087905,0.0013338868439249077,0.0007512772705161172,0.0023422394839638042,0.0022149036519719923,0.3017578125,0.1187548930029152,0.015244593960233033,0.13399948696314823
diagonal,62002,cooperative_inventory,paired,0.008440609090116652,0.09187278753862131,3.2096779263056727,0,True,0.0,1.0,4.666666666666667,0,0.0008219750535810361,0.0006150617187340757,-0.00020691333484696036,0.002358980325749177,0.0019830204718643183,0.2978515625,0.09320924799976638,0.01480261304823216,0.10801186104799854
dense,62002,cooperative_inventory,diagonal,0.009392797924418536,0.09691644816241739,3.1035529810678035,0,True,0.0,1.0,5.0,0,6.478104318380617e-05,2.9111158784554803e-05,-3.566988439925137e-05,0.0013715669782893185,0.00014416874980245468,0.2451171875,0.08610162900731666,0.025034015990968328,0.11113564499828499
signed_intensity,62002,cooperative_inventory,diagonal,0.009444130649150126,0.0971809171038745,3.1612218341181055,0,True,0.0,1.0,5.0,0,0.0002441299150533158,0.00012152370488620779,-0.000122606210167108,0.0012725155711645648,0.0002569745965124796,0.21875,0.09570904199790675,0.016866423015017062,0.11257546501292381
zero,62002,cooperative_inventory,diagonal,0.07579933036173087,0.2753167818381779,0.0,0,False,1.0,0.3333333333333333,0.0,2,0.08180295905664939,0.08180295905664939,0.0,0.011872060358220492,0.0,0.9599609375,0.0015789799799676985,0.00025441400066483766,0.0018333939806325361
hold,62002,cooperative_inventory,diagonal,0.0476735279841532,0.21834268475072205,2.4508893827167384,0,False,1.0,0.3333333333333333,0.0,2,0.05543803222404665,0.05527741310936326,-0.00016061911468338852,0.00047119882240656666,0.0,0.0302734375,0.001758535967383068,0.000249457974859979,0.002007993942243047
paired,62002,cooperative_inventory,diagonal,0.009444130649150126,0.0971809171038745,3.1612218341181055,0,True,0.0,1.0,5.0,0,0.00024412991505331577,0.00012152370488620788,-0.00012260621016710788,0.001272515571164565,0.0002569745965124796,0.21875,0.11010013301711297,0.021272813035466243,0.1313729460525792
paired_lesion,62002,cooperative_inventory,diagonal,0.00964047242924537,0.09818590748801669,3.26335800672291,0,True,0.0,1.0,5.333333333333333,0,0.0003527228067559593,0.00029739954041479614,-5.532326634116318e-05,0.0010118335788201764,0.0007336079432532675,0.1923828125,0.10310949397535296,0.02598672398744384,0.1290962179627968
diagonal,62002,cooperative_inventory,diagonal,0.00939491535532127,0.09692737154860473,3.225937241798644,0,True,0.0,1.0,5.0,0,0.00043992518502687905,0.00022090503654061962,-0.00021902014848625942,0.0008890936918116244,0.00039026997743858314,0.1728515625,0.11342899100418435,0.017800852008804213,0.13122984301298857
shuffled,62002,cooperative_inventory,diagonal,0.009495169802789756,0.0974431619088264,3.1750349209859934,0,True,0.0,1.0,5.0,0,0.0003439460546024149,0.00016709823701467277,-0.00017684781758774213,0.0011964267980313873,0.0003248742350139052,0.2197265625,0.10205211001448333,0.017071817004762124,0.11912392701924546
signed_intensity,62002,cooperative_inventory,misaligned,0.010209018680422122,0.10103968863977225,3.201180509757565,0,True,0.0,1.0,4.666666666666667,0,0.00021319929550032022,8.833851667358524e-05,-0.00012486077882673498,0.0029787461681682567,0.001207127054961526,0.28125,0.0910607810219517,0.015094564034370705,0.1061553450563224
zero,62002,cooperative_inventory,misaligned,0.08225789433496729,0.286806370806102,0.0,0,False,1.0,0.3333333333333333,0.0,2,0.0905635464233349,0.0905635464233349,0.0,0.011872060358220492,0.0,0.9599609375,0.001623101023142226,0.0002692649868549779,0.001892366009997204
hold,62002,cooperative_inventory,misaligned,0.04493327011456959,0.2119746921558552,2.4508893827167384,0,False,1.0,0.3333333333333333,1.0,2,0.05265862942156509,0.050088870880430264,-0.002569758541134823,0.0007533790680451591,0.0,0.0654296875,0.0016548850398976356,0.00023937296646181494,0.0018942580063594505
paired,62002,cooperative_inventory,misaligned,0.010209018680422122,0.10103968863977225,3.201180509757565,0,True,0.0,1.0,4.666666666666667,0,0.0002131992955003202,8.833851667358463e-05,-0.00012486077882673555,0.0029787461681682567,0.0012071270549615261,0.28125,0.0940468590342789,0.016267361024802085,0.11031422005908098
paired_lesion,62002,cooperative_inventory,misaligned,0.010527964395918323,0.10260586920794698,3.257626002860304,0,True,0.0,1.0,4.666666666666667,0,0.00017141961508406345,0.0010307677492206431,0.0008593481341365797,0.003042925605924187,0.0012272596528465672,0.291015625,0.10283926599367987,0.01823093500570394,0.12107020099938381
diagonal,62002,cooperative_inventory,misaligned,0.010252623317365294,0.10125523846875921,3.205553471203296,0,True,0.0,1.0,4.666666666666667,0,0.0004071895952029818,0.0004919344742113779,8.474487900839611e-05,0.003050225393236336,0.0010086945606796374,0.2958984375,0.09666772901982768,0.016250336993834935,0.11291806601366261
shuffled,62002,cooperative_inventory,misaligned,0.010570274434479159,0.10281183995279512,3.0699958630805924,0,True,0.0,1.0,5.0,0,0.00013074500830540143,0.00042243000846808393,0.0002916850001626825,0.004000908535036023,0.000992440915246088,0.3193359375,0.08623383998201462,0.015798666048794985,0.1020325060308096
dense,62002,cooperative_inventory,misaligned,0.00979271322651818,0.09895813875835671,3.002885332935771,0,True,0.0,1.0,4.666666666666667,0,0.00011461524117631052,3.50175794249244e-05,-7.959766175138611e-05,0.0031733796372610977,0.00038777893013014204,0.2607421875,0.09693909294583136,0.019347089968505315,0.11628618291433668
shuffled,62003,dynamic_tracking,paired,0.0064920132121109335,0.08057303030239668,2.792035446570747,0,True,0.0,1.0,1.0,0,0.0019104083782285073,0.00227619048481818,0.0003657821065896727,,,,0.0677136359809083,0.02618698299920652,0.09390061898011481
dense,62003,dynamic_tracking,paired,0.0028404641052310977,0.05329600458975417,2.7092939354744523,0,True,0.0,1.0,1.6666666666666667,0,5.910188682331475e-05,7.812191716220676e-05,1.9020030338892007e-05,,,,0.07704031700995984,0.02716243697796017,0.10420275398792
signed_intensity,62003,dynamic_tracking,paired,0.007959197053583267,0.08921433210859826,2.768912323653142,0,True,0.0,1.0,3.6666666666666665,0,0.0003768476249481609,0.0024035973560143165,0.0020267497310661555,,,,0.06840995506354375,0.024770345968136098,0.09318030103167985
zero,62003,dynamic_tracking,paired,0.19617263182218547,0.4429137972813508,0.0,0,False,1.0,0.0,,3,0.17095991405837924,0.17459615413729032,0.003636240078911085,,,,0.0015950590095599182,0.0002484200304024853,0.0018434790399624035
hold,62003,dynamic_tracking,paired,0.08191894855720624,0.2862148643191095,2.3128407792618333,0,False,1.0,0.0,,3,0.07501253043382711,0.07698276879897467,0.001970238365147564,,,,0.0016099460553959943,0.00025088494294323027,0.0018608309983392246
paired,62003,dynamic_tracking,paired,0.007959197053583267,0.08921433210859826,2.768912323653142,0,True,0.0,1.0,3.6666666666666665,0,0.0003768476249481609,0.002403597356014317,0.002026749731066156,,,,0.0705804080425878,0.02419714001007378,0.09477754805266159
paired_lesion,62003,dynamic_tracking,paired,0.01720900122059734,0.13118308282929372,2.884757507104585,0,True,0.0,1.0,4.0,0,0.009136394902948874,0.006514451542643816,-0.002621943360305058,,,,0.0791770060241106,0.024937611946370453,0.10411461797048105
diagonal,62003,dynamic_tracking,paired,0.012039174837741072,0.10972317365871748,2.768351766735827,0,True,0.0,1.0,4.333333333333333,0,0.002425518269078276,0.004745481505977141,0.0023199632368988646,,,,0.06562632099667098,0.02302572401094949,0.08865204500762047
dense,62003,dynamic_tracking,diagonal,0.001662579073598587,0.040774735726900636,2.6893802811606595,0,True,0.0,1.0,1.3333333333333333,0,5.512303106611621e-05,6.493198816279427e-05,9.80895709667806e-06,,,,0.06589740690833423,0.02592179503699299,0.09181920194532722
signed_intensity,62003,dynamic_tracking,diagonal,0.0022035405313402144,0.04694188461640856,2.749555634869636,0,True,0.0,1.0,1.0,0,0.0002688324014916464,0.00036061136028675333,9.177895879510694e-05,,,,0.06805342496954836,0.025098397039982956,0.09315182200953132
zero,62003,dynamic_tracking,diagonal,0.15755010911914513,0.396925823195147,0.0,0,False,1.0,0.0,,3,0.1513320021309269,0.15452644052860737,0.0031944383976804658,,,,0.0018651180071174167,0.00025367795751662925,0.002118795964634046
hold,62003,dynamic_tracking,diagonal,0.07193321894696805,0.26820368928664656,2.3128407792618333,0,False,1.0,0.0,,3,0.0770319219721442,0.07932233682041717,0.0022904148482729703,,,,0.0017003129905788228,0.00023490102466894314,0.001935214015247766
paired,62003,dynamic_tracking,diagonal,0.0022035405313402144,0.04694188461640856,2.749555634869636,0,True,0.0,1.0,1.0,0,0.00026883240149164645,0.0003606113602867535,9.177895879510704e-05,,,,0.06560290398192592,0.024983094052004162,0.09058599803393008
paired_lesion,62003,dynamic_tracking,diagonal,0.004700199309630359,0.06855799960347705,2.8788345686764223,0,True,0.0,1.0,1.0,0,0.0040437136307143505,0.00048352652923071705,-0.0035601871014836334,,,,0.06696971297060372,0.026413392974063754,0.09338310594466748
diagonal,62003,dynamic_tracking,diagonal,0.0028352315897326183,0.05324689277068304,2.79644046780361,0,True,0.0,1.0,1.0,0,0.000572786680171961,0.0003787932512927312,-0.00019399342887922982,,,,0.06646781007293612,0.023726596002234146,0.09019440607517026
shuffled,62003,dynamic_tracking,diagonal,0.0021068388212406005,0.04590031395579556,2.753544564782696,0,True,0.0,1.0,0.6666666666666666,0,0.0002917192038082862,0.000307978780792559,1.6259576984272827e-05,,,,0.06462941101926845,0.024004210965358652,0.0886336219846271
signed_intensity,62003,dynamic_tracking,misaligned,0.006287220023094395,0.07929199217508913,2.77450138477078,0,True,0.0,1.0,2.0,0,0.002506190531851278,0.0014074452713970743,-0.0010987452604542037,,,,0.06556174398428993,0.023820266986149363,0.0893820109704393
zero,62003,dynamic_tracking,misaligned,0.1867582315186089,0.43215533262775885,0.0,0,False,1.0,0.0,,3,0.18533109445376036,0.18897781926740714,0.003646724813646779,,,,0.0016611599712632596,0.0002547020121710375,0.0019158619834342971
hold,62003,dynamic_tracking,misaligned,0.08076912806444064,0.2841990993378421,2.3128407792618333,0,False,1.0,0.0,,3,0.09899352269945028,0.100974247802495,0.001980725103044728,,,,0.00164764589862898,0.00023942797997733578,0.0018870738786063157
paired,62003,dynamic_tracking,misaligned,0.0062872200230943975,0.07929199217508914,2.77450138477078,0,True,0.0,1.0,2.0,0,0.0025061905318512793,0.001407445271397071,-0.0010987452604542083,,,,0.06491871803154936,0.023730576016532723,0.08864929404808208
paired_lesion,62003,dynamic_tracking,misaligned,0.011197059997221915,0.10581616132340993,2.8781430533363497,0,True,0.0,1.0,1.6666666666666667,0,0.009293491331768017,0.0038211406245815794,-0.005472350707186437,,,,0.07408967596711591,0.024847406035405584,0.09893708200252149
diagonal,62003,dynamic_tracking,misaligned,0.008686847961153984,0.09320326153710494,2.7929109385613575,0,True,0.0,1.0,1.6666666666666667,0,0.002251077971105483,0.002263649536403935,1.2571565298451996e-05,,,,0.06597823702759342,0.023195377994852606,0.08917361502244603
shuffled,62003,dynamic_tracking,misaligned,0.00687207988311572,0.08289800892129871,2.7906063172577067,0,True,0.0,1.0,1.6666666666666667,0,0.0017194059130555023,0.0019756567477684107,0.00025625083471290835,,,,0.06971306699415436,0.0252035709345364,0.09491663792869076
dense,62003,dynamic_tracking,misaligned,0.0037148559841173184,0.060949618408299475,2.7053911119726237,0,True,0.0,1.0,2.6666666666666665,0,5.0401648395940896e-05,5.88724825991265e-05,8.470834203185606e-06,,,,0.06805765799799701,0.026194889993348625,0.09425254799134564
dense,62003,cooperative_inventory,paired,0.009728890798422974,0.09863513977494519,2.871278986884436,0,True,0.0,1.0,4.333333333333333,0,0.00026570559475440667,2.458169747213622e-05,-0.00024112389728227045,0.002112980003998637,0.0009520602562846298,0.1953125,0.0726015840045875,0.01635885897121625,0.08896044297580374
signed_intensity,62003,cooperative_inventory,paired,0.009639652011622413,0.09818172952042764,2.9539209028473308,0,True,0.0,1.0,4.333333333333333,0,0.0006109910607763544,0.00011547497392729925,-0.0004955160868490552,0.00223618561335951,0.0012449305468247964,0.2744140625,0.08819329997641034,0.017476152017479762,0.1056694519938901
zero,62003,cooperative_inventory,paired,0.08323298416922859,0.2885012723875383,0.0,0,False,1.0,0.0,,3,0.09548006463822341,0.09548006463822341,0.0,0.012272665115863637,0.0,0.96875,0.0017313680218649097,0.00026622399309417233,0.001997592014959082
hold,62003,cooperative_inventory,paired,0.04140822626606056,0.20349011343566684,2.2404973113086313,0,False,1.0,0.3333333333333333,26.0,2,0.047042640522843175,0.04402624246794968,-0.003016398054893496,0.0005102867717220831,0.0,0.0390625,0.001798225988750346,0.0003763519925996661,0.002174577981350012
paired,62003,cooperative_inventory,paired,0.009639652011622413,0.09818172952042764,2.9539209028473308,0,True,0.0,1.0,4.333333333333333,0,0.0006109910607763543,0.00011547497392729915,-0.0004955160868490552,0.00223618561335951,0.0012449305468247964,0.2744140625,0.07602841492916923,0.015064510960655753,0.09109292588982498
paired_lesion,62003,cooperative_inventory,paired,0.010015520759821333,0.10007757371070371,3.1000529893447646,0,True,0.0,1.0,4.333333333333333,0,0.0007982937690834432,0.002203832263842182,0.0014055384947587385,0.0017954491614363094,0.0024143949453735293,0.310546875,0.09550684301939327,0.016221621001022868,0.11172846402041614
diagonal,62003,cooperative_inventory,paired,0.009890562866980358,0.09945130902597692,3.072541265962235,0,True,0.0,1.0,4.333333333333333,0,0.0012040837053289935,0.0006276534990045347,-0.0005764302063244588,0.0018004625534265742,0.0022030035386639613,0.291015625,0.09296989200083772,0.01756238598318305,0.11053227798402077
shuffled,62003,cooperative_inventory,paired,0.010314874373798173,0.10156216999354717,2.954441911414655,0,True,0.0,1.0,4.666666666666667,0,0.0004990997870370681,0.0004257382179813236,-7.336156905574456e-05,0.002087976418379816,0.001869526707992329,0.3310546875,0.08704833894444164,0.016049491976446006,0.10309783092088765
signed_intensity,62003,cooperative_inventory,diagonal,0.008238529739099982,0.09076634695249106,2.9840812752688057,0,True,0.0,1.0,4.0,0,0.0005912482155645796,0.00012320828750013403,-0.00046803992806444556,0.0011614898866785387,0.0006149800954020841,0.26171875,0.08978573801141465,0.01748534401122015,0.1072710820226348
zero,62003,cooperative_inventory,diagonal,0.07793449177312775,0.27916749770187743,0.0,0,False,1.0,0.0,,3,0.08861001430591893,0.08861001430591893,0.0,0.012272665115863637,0.0,0.96875,0.0016729339768062346,0.00028701903647743165,0.0019599530132836662
hold,62003,cooperative_inventory,diagonal,0.04576656711255021,0.2139312205185354,2.2404973113086313,0,False,1.0,0.3333333333333333,25.0,2,0.056130681616510025,0.05416990078377276,-0.0019607808327372633,0.0003682112740343217,0.0,0.02734375,0.0017315820296062157,0.0002566959956311621,0.0019882780252373777
paired,62003,cooperative_inventory,diagonal,0.008238529739099982,0.09076634695249106,2.9840812752688053,0,True,0.0,1.0,4.0,0,0.0005912482155645795,0.0001232082875001341,-0.00046803992806444534,0.0011614898866785387,0.000614980095402084,0.26171875,0.08761060697725043,0.01746656093018828,0.1050771679074387
paired_lesion,62003,cooperative_inventory,diagonal,0.00861638233008304,0.09282447053489204,3.123825295335906,0,True,0.0,1.0,4.333333333333333,0,0.0009826999697634653,0.0005267785785372229,-0.00045592139122624246,0.0006920519716469784,0.001187966697149588,0.201171875,0.10060901600809302,0.017461520015785936,0.11807053602387896
diagonal,62003,cooperative_inventory,diagonal,0.008300863390838324,0.0911090741410444,3.072360278771736,0,True,0.0,1.0,4.0,0,0.001078565575409218,0.00025754916699314944,-0.0008210164084160685,0.0006036139065216279,0.000830535020645704,0.1689453125,0.10035097400395898,0.02814589700574288,0.12849687100970186
shuffled,62003,cooperative_inventory,diagonal,0.008288338654287408,0.09104031334682129,3.0256269606024713,0,True,0.0,1.0,4.333333333333333,0,0.000559053499994493,7.43531814038891e-05,-0.0004847003185906039,0.0006686200132623688,0.0007976469387483445,0.185546875,0.08043561500380747,0.017889532042318024,0.0983251470461255
dense,62003,cooperative_inventory,diagonal,0.008140605398982934,0.09022530354054197,2.936318150671565,0,True,0.0,1.0,4.0,0,0.00024931974053192155,2.5927878757986684e-05,-0.00022339186177393488,0.0012139013427209609,0.0007196981256329218,0.2216796875,0.0725179980363464,0.017112381974584423,0.08963038001093082
zero,62003,cooperative_inventory,misaligned,0.08232186514244674,0.2869178717724756,0.0,0,False,1.0,0.0,,3,0.09280888298647759,0.09280888298647759,0.0,0.012272665115863637,0.0,0.96875,0.001564035985211376,0.0003245229963795282,0.0018885589815909043
hold,62003,cooperative_inventory,misaligned,0.040658410633638675,0.2016393082552077,2.2404973113086313,0,False,1.0,0.3333333333333333,26.0,2,0.04699763886492163,0.042847622572532884,-0.004150016292388745,0.0005079955078944818,0.0,0.0361328125,0.0016084319722722284,0.00022925296798348427,0.0018376849402557127
paired,62003,cooperative_inventory,misaligned,0.009273238324605169,0.09629765482401516,2.9864465091325023,0,True,0.0,1.0,4.666666666666667,0,0.00013104884312408458,4.911424672091054e-05,-8.193459640317404e-05,0.002295864348782209,0.0015470785534529153,0.349609375,0.07885604101466015,0.015562313034024555,0.0944183540486847
paired_lesion,62003,cooperative_inventory,misaligned,0.010303881148701729,0.10150803489725199,3.076690477476764,0,True,0.0,1.0,4.666666666666667,0,0.0014042997809545462,0.0011486867197607455,-0.0002556130611938007,0.0019215256202872008,0.0017365402216755932,0.3212890625,0.08703789002174744,0.014947655938158277,0.10198554595990572
diagonal,62003,cooperative_inventory,misaligned,0.009806405198934772,0.09902729522174566,3.048440372723895,0,True,0.0,1.0,5.0,0,0.001193907740184637,0.00043262524657096163,-0.0007612824936136754,0.001992124728109677,0.001778036827926611,0.3349609375,0.0777113489311887,0.014080597989959642,0.09179194692114834
shuffled,62003,cooperative_inventory,misaligned,0.009757543152993164,0.09878027714576004,3.0055213367922677,0,True,0.0,1.0,5.0,0,0.0004493740898591957,0.00042048992665435895,-2.888416320483676e-05,0.0020644217281292074,0.0017653757388101554,0.3154296875,0.07469652299914742,0.015385791004518978,0.0900823140036664
dense,62003,cooperative_inventory,misaligned,0.009050170117721284,0.0951323820668929,3.0079922426364347,0,True,0.0,1.0,4.333333333333333,0,0.00029907179753413935,2.3775309182428553e-05,-0.0002752964883517108,0.0020357950787288194,0.002139501125670837,0.2236328125,0.07710293302807258,0.017187957011628896,0.09429089003970148
signed_intensity,62003,cooperative_inventory,misaligned,0.009273238324605169,0.09629765482401516,2.9864465091325023,0,True,0.0,1.0,4.666666666666667,0,0.00013104884312408456,4.9114246720910484e-05,-8.193459640317407e-05,0.0022958643487822096,0.0015470785534529151,0.349609375,0.07607793901115656,0.014556121044734027,0.09063406005589059
dense,62004,dynamic_tracking,paired,0.002227750042212502,0.04719904704771593,2.795402854411741,0,True,0.0,1.0,1.0,0,8.775206653565449e-05,5.744347604375405e-05,-3.030859049190044e-05,,,,0.06503028496808838,0.024639067967655137,0.08966935293574352
signed_intensity,62004,dynamic_tracking,paired,0.00808514280121182,0.08991742212281122,2.8710267350613803,0,True,0.0,1.0,4.333333333333333,0,0.0006345558232980036,0.0036267385482477033,0.0029921827249496996,,,,0.06634017301985295,0.024576734016591217,0.09091690703644417
zero,62004,dynamic_tracking,paired,0.1939237406045743,0.4403677333826518,0.0,0,False,1.0,0.0,,3,0.16989710114828804,0.17097974693816365,0.0010826457898756026,,,,0.0017381110228598118,0.0002616019992274232,0.001999713022087235
hold,62004,dynamic_tracking,paired,0.08797420129645822,0.29660445259041246,2.463176629325867,0,False,1.0,0.0,,3,0.08534857410559515,0.08611056900936935,0.0007619949037741963,,,,0.0019032129712286405,0.0002665430147317238,0.0021697559859603643
paired,62004,dynamic_tracking,paired,0.008085142801211821,0.08991742212281122,2.87102673506138,0,True,0.0,1.0,4.333333333333333,0,0.0006345558232980036,0.0036267385482477103,0.0029921827249497065,,,,0.06831478497042553,0.02562234699871624,0.09393713196914177
paired_lesion,62004,dynamic_tracking,paired,0.014336661850731517,0.11973580020499933,2.94981081977535,0,True,0.0,1.0,3.3333333333333335,0,0.009693789764004188,0.0071539718978244765,-0.002539817866179711,,,,0.06927683799585793,0.024579307071689982,0.09385614506754791
diagonal,62004,dynamic_tracking,paired,0.010251393826718483,0.1012491670420971,2.8791068648553724,0,True,0.0,1.0,4.0,0,0.003079409354142305,0.004940030747076849,0.001860621392934544,,,,0.07591149197833147,0.02384500804328127,0.09975650002161274
shuffled,62004,dynamic_tracking,paired,0.006254259985333417,0.07908387942769005,2.8992656476210437,0,True,0.0,1.0,1.0,0,0.0018431987275676816,0.0020909989099575713,0.0002478001823898897,,,,0.0669968199727009,0.02612651600065874,0.09312333597335964
signed_intensity,62004,dynamic_tracking,diagonal,0.0022082323121373365,0.046991832398166136,2.864181493968629,0,True,0.0,1.0,0.6666666666666666,0,0.00045912631753489044,0.00026021756472161526,-0.00019890875281327518,,,,0.06919853798171971,0.025251666047552135,0.09445020402927184
zero,62004,dynamic_tracking,diagonal,0.1575801691906309,0.3969636874962632,0.0,0,False,1.0,0.0,,3,0.15076187278708852,0.1513010620321783,0.0005391892450897773,,,,0.00171444899024209,0.0003267870342824608,0.002041236024524551
hold,62004,dynamic_tracking,diagonal,0.07885785512847616,0.2808164082251537,2.463176629325867,0,False,1.0,0.0,,3,0.08889003641445109,0.08988912728042367,0.0009990908659725795,,,,0.001780455029802397,0.00024259796919068322,0.00202305299899308
paired,62004,dynamic_tracking,diagonal,0.0022082323121373365,0.046991832398166136,2.864181493968629,0,True,0.0,1.0,0.6666666666666666,0,0.00045912631753489044,0.00026021756472161526,-0.00019890875281327518,,,,0.06732955897314241,0.025210193009115756,0.09253975198225817
paired_lesion,62004,dynamic_tracking,diagonal,0.004424679981882822,0.06651826803129214,3.0117050963668675,0,True,0.0,1.0,1.0,0,0.003989209801298079,0.00041561590982532677,-0.003573593891472752,,,,0.06848333500238368,0.025395935015694704,0.09387927001807839
diagonal,62004,dynamic_tracking,diagonal,0.002689819030016482,0.051863465271966565,2.916120134050702,0,True,0.0,1.0,0.6666666666666666,0,0.0008180223076543799,0.0003885051479422387,-0.0004295171597121412,,,,0.06661805503244977,0.023925540990603622,0.0905435960230534
shuffled,62004,dynamic_tracking,diagonal,0.001957060691196802,0.04423867867824267,2.8624323662141977,0,True,0.0,1.0,0.6666666666666666,0,0.0003126922182784276,0.00027386392907564503,-3.882828920278257e-05,,,,0.06625638002878986,0.0256184828831465,0.09187486291193636
dense,62004,dynamic_tracking,diagonal,0.0013907252940628377,0.03729242944704512,2.784745010441916,0,True,0.0,1.0,0.6666666666666666,0,9.220255885225834e-05,4.580755791306079e-05,-4.639500093919755e-05,,,,0.08290494299581042,0.026080697978613898,0.10898564097442431
zero,62004,dynamic_tracking,misaligned,0.18831472379025127,0.4339524441574805,0.0,0,False,1.0,0.0,,3,0.1873034199783737,0.18860399344533368,0.0013005734669599978,,,,0.0015818799583939835,0.0002289090771228075,0.001810789035516791
hold,62004,dynamic_tracking,misaligned,0.09115384351153674,0.3019169480362716,2.463176629325867,0,False,1.0,0.0,,3,0.1187969147964908,0.11977684094293692,0.000979926146446125,,,,0.0016628849552944303,0.00024218809994636104,0.0019050730552407913
paired,62004,dynamic_tracking,misaligned,0.0077806503855686136,0.08820799502068173,2.9028107479850123,0,True,0.0,1.0,1.0,0,0.004575300342125831,0.0018683956500388952,-0.002706904692086936,,,,0.06707117801124696,0.026415658991027158,0.09348683700227411
paired_lesion,62004,dynamic_tracking,misaligned,0.010797890010893586,0.10391289626843045,2.985414105213432,0,True,0.0,1.0,1.3333333333333333,0,0.008981287317904872,0.003080085309710625,-0.005901202008194247,,,,0.09087006493791705,0.031161006969341543,0.12203107190725859
diagonal,62004,dynamic_tracking,misaligned,0.009348510201226744,0.0966876941561166,2.9288274766329843,0,True,0.0,1.0,1.3333333333333333,0,0.002930231332148551,0.0021794092913224564,-0.0007508220408260946,,,,0.08176758195622824,0.025652527023339644,0.10742010897956789
shuffled,62004,dynamic_tracking,misaligned,0.00830498442773017,0.09113168728675099,2.9146319582975444,0,True,0.0,1.0,2.0,0,0.0017212122358825706,0.001679054786791389,-4.215744909118169e-05,,,,0.06803840499196667,0.02532918100769166,0.09336758599965833
dense,62004,dynamic_tracking,misaligned,0.0023859606159874177,0.048846295826678786,2.7934058432559032,0,True,0.0,1.0,1.0,0,0.00010158960392301534,6.360699686246771e-05,-3.7982607060547626e-05,,,,0.07384847701177932,0.03229197394102812,0.10614045095280744
signed_intensity,62004,dynamic_tracking,misaligned,0.0077806503855686136,0.08820799502068173,2.9028107479850123,0,True,0.0,1.0,1.0,0,0.004575300342125831,0.0018683956500388952,-0.002706904692086936,,,,0.08031805303471629,0.02940269398095552,0.1097207470156718
signed_intensity,62004,cooperative_inventory,paired,0.008939966961286929,0.09455139851576458,3.081131528508773,0,True,0.0,1.0,4.333333333333333,0,0.0005030816076640756,0.00010063396305828003,-0.00040244764460579556,0.0022625389550659934,0.0017294118344055314,0.275390625,0.09730559800664196,0.019477927016851027,0.11678352502349298
zero,62004,cooperative_inventory,paired,0.09038427774345768,0.3006397807068414,0.0,0,False,1.0,0.0,,3,0.09500897771371192,0.09500897771371192,0.0,0.010856145380406784,0.0,0.9619140625,0.001679076005530078,0.00028941598429810256,0.0019684919898281805
hold,62004,cooperative_inventory,paired,0.043771021496421696,0.2092152515865459,2.4607253104448064,0,False,1.0,0.0,,3,0.043836380169543436,0.04283478369023189,-0.0010015964793115492,0.0004818047074069289,0.0,0.02734375,0.0017169409547932446,0.0002352529627387412,0.0019521939175319858
paired,62004,cooperative_inventory,paired,0.008939966961286929,0.09455139851576458,3.081131528508773,0,True,0.0,1.0,4.333333333333333,0,0.0005030816076640756,0.00010063396305827994,-0.0004024476446057956,0.002262538955065993,0.0017294118344055314,0.275390625,0.09795692695479374,0.01899702495575184,0.11695395191054558
paired_lesion,62004,cooperative_inventory,paired,0.009200541366388166,0.09591945249212053,3.2454147327388965,0,True,0.0,1.0,4.333333333333333,0,0.00027161705472819104,0.0007440276682604981,0.0004724106135323071,0.00204380305240717,0.003284832713007105,0.30859375,0.11523119206685806,0.016356223000911996,0.13158741506777005
diagonal,62004,cooperative_inventory,paired,0.008946031421847755,0.09458346272920946,3.2119405259028166,0,True,0.0,1.0,4.333333333333333,0,0.000369422855285685,0.00040207573351050017,3.2652878224815175e-05,0.0019477756867540862,0.0028423640339704462,0.31640625,0.10450821399717825,0.01694766301807249,0.12145587701525073
shuffled,62004,cooperative_inventory,paired,0.008997235631206222,0.09485375918331451,3.1155309609877606,0,True,0.0,1.0,4.333333333333333,0,0.00018939945054283663,0.0003107776942866655,0.00012137824374382889,0.0021092299837822412,0.0022972912237235505,0.3466796875,0.10492660501040518,0.016300613948260434,0.12122721895866562
dense,62004,cooperative_inventory,paired,0.0089780949778025,0.09475280986758387,2.9321547821405014,0,True,0.0,1.0,4.333333333333333,0,5.995131628178039e-05,2.524158046094e-05,-3.470973582084039e-05,0.002392958867227037,0.000851966969162149,0.24609375,0.08018597399495775,0.016265184960502665,0.09645115895546041
zero,62004,cooperative_inventory,diagonal,0.08400472857034841,0.28983569236784557,0.0,0,False,1.0,0.0,,3,0.09456690465527326,0.09456690465527326,0.0,0.010856145380406784,0.0,0.9619140625,0.0016156489728018641,0.0003176060417899862,0.0019332550145918503
hold,62004,cooperative_inventory,diagonal,0.04940188444945691,0.22226534693797168,2.4607253104448064,0,False,1.0,0.3333333333333333,0.0,2,0.05823452291662354,0.05926465825454273,0.001030135337919194,0.00034080335835956764,0.0,0.02734375,0.0016168150104931556,0.00023301097098737955,0.0018498259814805351
paired,62004,cooperative_inventory,diagonal,0.009851356947894237,0.0992540021757019,3.08151227460588,0,True,0.0,1.0,5.0,0,0.00032822599834580796,0.00011937923749528034,-0.0002088467608505276,0.0013439337638049787,0.0006661568053063754,0.21484375,0.08478826102509629,0.016671472003508825,0.10145973302860511
paired_lesion,62004,cooperative_inventory,diagonal,0.010110790309724643,0.10055242567797479,3.222077640943789,0,True,0.0,1.0,5.0,0,0.0006187308129718507,0.0002097698571985781,-0.0004089609557732726,0.0009472443970135608,0.001388608011897247,0.21875,0.10728155093238456,0.016656820982461795,0.12393837191484636
diagonal,62004,cooperative_inventory,diagonal,0.010048279913494346,0.10024110889996353,3.1423245036499328,0,True,0.0,1.0,5.0,0,0.0005366746244428995,0.0002233275980327494,-0.0003133470264101501,0.0007989589957750253,0.0005001631878774665,0.162109375,0.09719472496362869,0.0169457579831942,0.11414048294682289
shuffled,62004,cooperative_inventory,diagonal,0.010003468703123745,0.10001734201189184,3.088982414164006,0,True,0.0,1.0,5.0,0,0.0003006864162459039,0.00013166252611049512,-0.00016902389013540877,0.001018146223633941,0.0004743517244160708,0.1748046875,0.0873521160101518,0.017618454032344744,0.10497057004249655
dense,62004,cooperative_inventory,diagonal,0.009625132862410854,0.09810776147895157,3.02510654730637,0,True,0.0,1.0,5.0,0,5.5800272090004e-05,4.374547284725188e-05,-1.2054799242752117e-05,0.0012038409529192043,0.000511252687401662,0.2158203125,0.08689991892606486,0.01807215802546125,0.1049720769515261
signed_intensity,62004,cooperative_inventory,diagonal,0.009851356947894237,0.0992540021757019,3.08151227460588,0,True,0.0,1.0,5.0,0,0.00032822599834580785,0.00011937923749528017,-0.00020884676085052768,0.0013439337638049792,0.0006661568053063758,0.21484375,0.0917106459455681,0.017756575958628673,0.10946722190419678
hold,62004,cooperative_inventory,misaligned,0.04455617654297186,0.21108334027812772,2.4607253104448064,0,False,1.0,0.0,,3,0.04898835732468389,0.04747490900560406,-0.0015134483190798256,0.0004818047074069289,0.0,0.02734375,0.001726235990645364,0.00025224193814210594,0.00197847792878747
paired,62004,cooperative_inventory,misaligned,0.010547728643188687,0.1027021355337302,3.1177827711816573,0,True,0.0,1.0,4.666666666666667,0,0.0006289381553948371,0.00016755891166644936,-0.0004613792437283877,0.0023661042521421574,0.0014319701747735247,0.3212890625,0.08743087999027921,0.016173873977095354,0.10360475396737456
paired_lesion,62004,cooperative_inventory,misaligned,0.011098736050135186,0.10535053891715593,3.1898218040789375,0,True,0.0,1.0,4.666666666666667,0,0.0008389207757350978,0.0010926358438256346,0.00025371506809053674,0.0023317337003150125,0.0016432118639613793,0.3349609375,0.09554130502510816,0.01508520601055352,0.11062651103566168
diagonal,62004,cooperative_inventory,misaligned,0.010679048694806594,0.10333948274888255,3.11011294513386,0,True,0.0,1.0,5.0,0,0.0010331172401046697,0.0003953568383291355,-0.0006377604017755342,0.0022656022636952594,0.0010377936059020232,0.298828125,0.08945880801911699,0.01489038001454901,0.104349188033666
shuffled,62004,cooperative_inventory,misaligned,0.01075728536122936,0.10371733394775129,3.0971270146459666,0,True,0.0,1.0,4.666666666666667,0,0.00016377506677575212,0.00043062170790036567,0.0002668466411246135,0.0019187851639306246,0.0010899227433163383,0.263671875,0.092245298983471,0.027300201916659717,0.11954550090013072
dense,62004,cooperative_inventory,misaligned,0.01003637318067423,0.10018170082741773,3.0426429158368733,0,True,0.0,1.0,4.666666666666667,0,9.525329602731589e-05,6.359007304755027e-05,-3.166322297976562e-05,0.0014615016799026772,0.0003760961095370412,0.1982421875,0.08774844298022799,0.01687802396918414,0.10462646694941213
signed_intensity,62004,cooperative_inventory,misaligned,0.010547728643188689,0.10270213553373021,3.1177827711816573,0,True,0.0,1.0,4.666666666666667,0,0.000628938155394837,0.00016755891166644893,-0.00046137924372838805,0.0023661042521421574,0.001431970174773524,0.3212890625,0.0917185030048131,0.017264626956603024,0.10898312996141613
zero,62004,cooperative_inventory,misaligned,0.0896835266406608,0.2994720799017177,0.0,0,False,1.0,0.0,,3,0.09949658970655806,0.09949658970655806,0.0,0.010856145380406784,0.0,0.9619140625,0.0016817999712657183,0.0002576510378275998,0.0019394510090933181
signed_intensity,62005,dynamic_tracking,paired,0.00921931789449695,0.09601727914545877,2.7179933796863818,0,True,0.0,1.0,4.666666666666667,0,0.00042505345705609436,0.001993589943189213,0.0015685364861331187,,,,0.06937915698654251,0.026156858024478424,0.09553601501102094
zero,62005,dynamic_tracking,paired,0.2047062785959874,0.4524447796096087,0.0,0,False,1.0,0.0,,3,0.1871198164891352,0.18571082697872093,-0.0014089895104142658,,,,0.0017044790074578486,0.00025450899556744844,0.001958988003025297
hold,62005,dynamic_tracking,paired,0.0910908690977679,0.30181263906232936,2.3452266547564906,0,False,1.0,0.0,,3,0.09577568493519995,0.09489811010780924,-0.0008775748273907036,,,,0.0017093670321628451,0.00030435097141889855,0.0020137180035817437
paired,62005,dynamic_tracking,paired,0.00921931789449695,0.09601727914545877,2.7179933796863818,0,True,0.0,1.0,4.666666666666667,0,0.00042505345705609436,0.001993589943189213,0.0015685364861331187,,,,0.06598096100060502,0.02480268394720042,0.09078364494780544
paired_lesion,62005,dynamic_tracking,paired,0.016465677644052074,0.1283186566484082,2.8610141943395533,0,True,0.0,1.0,4.333333333333333,0,0.011264831767990934,0.006367914495045265,-0.004896917272945669,,,,0.0677491180395009,0.02472709993890021,0.09247621797840111
diagonal,62005,dynamic_tracking,paired,0.011628102235751923,0.10783367857841039,2.742048856194841,0,True,0.0,1.0,5.333333333333333,0,0.0032867680636743707,0.004205110054104877,0.0009183419904305059,,,,0.07268441699125106,0.026417555985972285,0.09910197297722334
shuffled,62005,dynamic_tracking,paired,0.006415611801803695,0.08009751432974493,2.7415024868133244,0,True,0.0,1.0,1.0,0,0.002837747903589908,0.0020825228303362007,-0.0007552250732537073,,,,0.07554083297873149,0.028239624931302387,0.10378045791003387
dense,62005,dynamic_tracking,paired,0.0024685880875228213,0.04968488791899224,2.6452729878177195,0,True,0.0,1.0,1.0,0,5.167928021408902e-05,8.84267561045245e-05,3.674747589043548e-05,,,,0.07203094998112647,0.027945331035880372,0.09997628101700684
zero,62005,dynamic_tracking,diagonal,0.16763261144748298,0.40942961720848065,0.0,0,False,1.0,0.0,,3,0.16827932441481191,0.1668546781061621,-0.0014246463086498018,,,,0.0017332949937554076,0.00023189101193565875,0.0019651860056910664
hold,62005,dynamic_tracking,diagonal,0.0783516480986415,0.27991364400229135,2.3452266547564906,0,False,1.0,0.0,,3,0.0892913547610373,0.08834431971173641,-0.0009470350493008955,,,,0.0016096819817903452,0.0002280009866808541,0.0018376829684711993
paired,62005,dynamic_tracking,diagonal,0.002395781433327229,0.048946720353127124,2.6848208490359564,0,True,0.0,1.0,1.0,0,0.0002546080109856799,0.00039595105230941674,0.00014134304132373685,,,,0.0758060709995334,0.02697099504439393,0.10277706604392733
paired_lesion,62005,dynamic_tracking,diagonal,0.005389381011121585,0.07341240365988287,2.830304297493485,0,True,0.0,1.0,1.0,0,0.00535689147975746,0.00035761732086911824,-0.004999274158888342,,,,0.06645199901686283,0.026286563057510648,0.09273856207437348
diagonal,62005,dynamic_tracking,diagonal,0.0032239484744191233,0.05677982453670602,2.741201216219686,0,True,0.0,1.0,1.0,0,0.0007214939468150349,0.00026584628952057193,-0.000455647657294463,,,,0.06532490300742211,0.02560807206464233,0.09093297507206444
shuffled,62005,dynamic_tracking,diagonal,0.0020958701006315835,0.04578067387699294,2.690236312742873,0,True,0.0,1.0,1.0,0,0.0003301623426494138,0.00022050171350473265,-0.00010966062914468113,,,,0.07242102397140115,0.0345576959734899,0.10697871994489105
dense,62005,dynamic_tracking,diagonal,0.0013561448172565611,0.036825871574975126,2.6173331979328003,0,True,0.0,1.0,0.6666666666666666,0,5.3394950654157016e-05,4.2570547243270096e-05,-1.082440341088692e-05,,,,0.07410164899920346,0.042293704973417334,0.1163953539726208
signed_intensity,62005,dynamic_tracking,diagonal,0.0023957814333272287,0.048946720353127124,2.684820849035957,0,True,0.0,1.0,1.0,0,0.00025460801098567984,0.0003959510523094164,0.00014134304132373658,,,,0.09787375297310064,0.039314485002250876,0.1371882379753515
hold,62005,dynamic_tracking,misaligned,0.09052248942611425,0.30086955549891425,2.3452266547564906,0,False,1.0,0.0,,3,0.11814355912410918,0.11713650457173022,-0.0010070545523789554,,,,0.0018243099912069738,0.00024913697416195646,0.0020734469653689303
paired,62005,dynamic_tracking,misaligned,0.007168560004490896,0.08466734910513554,2.7221220029285753,0,True,0.0,1.0,1.0,0,0.0031695498326176127,0.0017234409891304964,-0.0014461088434871163,,,,0.06780543897912139,0.026647784005035646,0.09445322298415704
paired_lesion,62005,dynamic_tracking,misaligned,0.011841700629807533,0.10881957833867734,2.8565599488606614,0,True,0.0,1.0,1.3333333333333333,0,0.011232783461499285,0.004027244991208366,-0.007205538470290918,,,,0.08241653798904736,0.026721389032900333,0.10913792702194769
diagonal,62005,dynamic_tracking,misaligned,0.009110550558648955,0.09544920407551315,2.7651979584923314,0,True,0.0,1.0,1.3333333333333333,0,0.002983991879239957,0.0028249337954760266,-0.00015905808376393037,,,,0.07384236894722562,0.025646633992437273,0.0994890029396629
shuffled,62005,dynamic_tracking,misaligned,0.007418988383699428,0.08613354969870583,2.743346311649196,0,True,0.0,1.0,1.6666666666666667,0,0.0023893213421988632,0.0025961726142890397,0.00020685127209017643,,,,0.0771988740307279,0.032328036017133854,0.10952691004786175
dense,62005,dynamic_tracking,misaligned,0.0025147874582063337,0.050147656557473684,2.633374064344765,0,True,0.0,1.0,1.0,0,4.5897272029765275e-05,6.060711815533008e-05,1.4709846125564806e-05,,,,0.07595910101372283,0.029111494979588315,0.10507059599331114
signed_intensity,62005,dynamic_tracking,misaligned,0.007168560004490897,0.08466734910513554,2.7221220029285753,0,True,0.0,1.0,1.0,0,0.0031695498326176122,0.0017234409891304988,-0.0014461088434871135,,,,0.0746282630279893,0.02848096597881522,0.10310922900680453
zero,62005,dynamic_tracking,misaligned,0.1964104304252211,0.44318216392948523,0.0,0,False,1.0,0.0,,3,0.19785955072681397,0.19632107884997413,-0.0015384718768398364,,,,0.001688809963525273,0.000278511994110886,0.001967321957636159
zero,62005,cooperative_inventory,paired,0.09462815266416037,0.30761689268335113,0.0,0,False,1.0,0.0,,3,0.09929889602892468,0.09929889602892468,0.0,0.01157757805107668,0.0,0.9658203125,0.001860630938608665,0.00023672296083532274,0.0020973538994439878
hold,62005,cooperative_inventory,paired,0.050240489366874,0.2241439032560868,2.4405221721954002,0,False,1.0,0.3333333333333333,0.0,2,0.05562754839899142,0.04752766467259783,-0.008099883726393593,0.0005949016026036713,0.0,0.05078125,0.0024679799389559776,0.00027698396297637373,0.0027449639019323513
paired,62005,cooperative_inventory,paired,0.010917256841841961,0.10448567768762358,3.1447721013668137,0,True,0.0,1.0,5.0,0,0.0005057715081133211,7.317784662714463e-05,-0.00043259366148617643,0.002228558770383236,0.0009084215349278349,0.2470703125,0.10552531100984197,0.01734832899819594,0.12287364000803791
paired_lesion,62005,cooperative_inventory,paired,0.011486066635203279,0.10717306860962449,3.2671569202122424,0,True,0.0,1.0,5.0,0,0.000489773002525299,0.0014450830073383697,0.0009553100048130707,0.0019689019912611937,0.0016322367517642967,0.244140625,0.12408291597967036,0.01861961998656625,0.1427025359662366
diagonal,62005,cooperative_inventory,paired,0.011135201697231558,0.10552346514984977,3.2360410792597225,0,True,0.0,1.0,5.0,0,0.0005802310003704082,0.0007508941599045067,0.00017066315953409854,0.0019224084405597684,0.001348741345268858,0.2333984375,0.11120319100882625,0.018319386981602293,0.12952257799042854
shuffled,62005,cooperative_inventory,paired,0.011471430293821624,0.10710476317055943,3.176331396211425,0,True,0.0,1.0,5.0,0,0.0004226956830454231,0.0004912336194163276,6.853793637090445e-05,0.0019499465831956126,0.0011423980335077107,0.2724609375,0.10344630102190422,0.017211532998771872,0.12065783402067609
dense,62005,cooperative_inventory,paired,0.010912328722472055,0.1044620922750069,3.062858336055249,0,True,0.0,1.0,5.0,0,9.622722251667717e-05,8.969111430234365e-06,-8.72581110864428e-05,0.0021822439857164646,0.0003898129588100272,0.25,0.09447336300945608,0.01742779200139921,0.11190115501085529
signed_intensity,62005,cooperative_inventory,paired,0.010917256841841961,0.10448567768762358,3.1447721013668133,0,True,0.0,1.0,5.0,0,0.0005057715081133226,7.317784662714455e-05,-0.00043259366148617806,0.002228558770383236,0.0009084215349278351,0.2470703125,0.1139824240017333,0.01792462898447411,0.13190705298620742
hold,62005,cooperative_inventory,diagonal,0.05604852260968107,0.23674569185030817,2.4405221721954002,0,False,1.0,0.3333333333333333,0.0,2,0.06868267464238541,0.061555395817351935,-0.007127278825033473,0.00043624896219690454,0.0,0.03515625,0.0016339489302481525,0.0002928249887190759,0.0019267739189672284
paired,62005,cooperative_inventory,diagonal,0.009695688204978459,0.09846668576213205,3.1533395316712167,0,True,0.0,1.0,4.666666666666667,0,0.0003783279044965404,5.402249831785095e-05,-0.00032430540617868947,0.0015689199578243997,0.00044111005821881696,0.2255859375,0.10990140293142758,0.020731606040499173,0.13063300897192676
paired_lesion,62005,cooperative_inventory,diagonal,0.010116285664350452,0.10057974778428534,3.2610348740586907,0,True,0.0,1.0,5.0,0,0.00044644245123940047,0.00024457883945455867,-0.0002018636117848418,0.0010213088078642701,0.0006449944074087767,0.1669921875,0.11020451204240089,0.01841852498910157,0.12862303703150246
diagonal,62005,cooperative_inventory,diagonal,0.00965229463450383,0.09824609220983718,3.237935558875889,0,True,0.0,1.0,4.666666666666667,0,0.0004915498491322645,0.0001856550186832441,-0.0003058948304490204,0.0009372714532884662,0.0005766069985014839,0.1640625,0.10460547386173857,0.01747019699541852,0.12207567085715709
shuffled,62005,cooperative_inventory,diagonal,0.00975549183935,0.09876989338533276,3.207261260795876,0,True,0.0,1.0,4.666666666666667,0,0.00034360548626967955,8.006300263588524e-05,-0.0002635424836337943,0.0010559904271236942,0.0004915677319169295,0.205078125,0.10669212896027602,0.01874223698541755,0.12543436594569357
dense,62005,cooperative_inventory,diagonal,0.009608244501995048,0.09802165323026871,3.109440909092566,0,True,0.0,1.0,4.666666666666667,0,0.00014448709367586513,1.6249880347456923e-05,-0.0001282372133284082,0.001527508360216586,0.00030346434412181414,0.2490234375,0.09094293204543646,0.01854521701898193,0.1094881490644184
signed_intensity,62005,cooperative_inventory,diagonal,0.00969568820497846,0.09846668576213206,3.1533395316712167,0,True,0.0,1.0,4.666666666666667,0,0.00037832790449654025,5.4022498317850944e-05,-0.0003243054061786893,0.0015689199578243997,0.00044111005821881707,0.2255859375,0.1212938239768846,0.02191476002917625,0.14320858400606085
zero,62005,cooperative_inventory,diagonal,0.08605842297785982,0.293357159411288,0.0,0,False,1.0,0.0,,3,0.08962756737006021,0.08962756737006021,0.0,0.01157757805107668,0.0,0.9658203125,0.002143516030628234,0.0002718750183703378,0.002415391048998572
paired,62005,cooperative_inventory,misaligned,0.010715846206999328,0.10351737152284793,3.147303965232692,0,True,0.0,1.0,4.666666666666667,0,0.00024605174313039517,7.171851934383666e-05,-0.0001743332237865585,0.002641354946052229,0.0005504302439417255,0.28125,0.09972554500564002,0.016447656009404454,0.11617320101504447
paired_lesion,62005,cooperative_inventory,misaligned,0.011260569455673275,0.10611583037263231,3.231819124135103,0,True,0.0,1.0,5.0,0,0.00036353448962769136,0.0008739462934216245,0.0005104118037939331,0.0024369158849842994,0.0007725554680388384,0.2255859375,0.1066947429717402,0.017937747987161856,0.12463249095890205
diagonal,62005,cooperative_inventory,misaligned,0.01076064978926874,0.10373355189748754,3.20186018670793,0,True,0.0,1.0,4.666666666666667,0,0.0004976916259519404,0.0004434006526883037,-5.4290973263636754e-05,0.0024401130368573182,0.0007849903798306562,0.25,0.10634837902034633,0.0179068709621788,0.12425524998252513
shuffled,62005,cooperative_inventory,misaligned,0.010719027280557937,0.10353273530897335,3.1901299446862055,0,True,0.0,1.0,4.666666666666667,0,0.0003320538019640244,0.0004255515179960567,9.349771603203233e-05,0.00228143219076222,0.0007905660724272948,0.2890625,0.09201576498890063,0.025944649016309995,0.11796041400521062
dense,62005,cooperative_inventory,misaligned,0.010412928808604671,0.10204375928298932,3.1555868038607082,0,True,0.0,1.0,4.666666666666667,0,0.00025595692221062145,1.8540486808271708e-05,-0.00023741643540234976,0.0019041478064867167,0.00044805578229203366,0.2421875,0.10276762903959025,0.018387582022114657,0.1211552110617049
signed_intensity,62005,cooperative_inventory,misaligned,0.010715846206999328,0.10351737152284793,3.147303965232692,0,True,0.0,1.0,4.666666666666667,0,0.00024605174313039517,7.171851934383666e-05,-0.0001743332237865585,0.002641354946052229,0.0005504302439417255,0.28125,0.09908365602314007,0.017235298990271986,0.11631895501341205
zero,62005,cooperative_inventory,misaligned,0.09357141660533666,0.3058944533745858,0.0,0,False,1.0,0.0,,3,0.10029929537671903,0.10029929537671903,0.0,0.01157757805107668,0.0,0.9658203125,0.0016944449962466024,0.00026893899485003203,0.0019633839910966344
hold,62005,cooperative_inventory,misaligned,0.050222653335010345,0.22410411271328856,2.4405221721954002,0,False,1.0,0.3333333333333333,0.0,2,0.058610908720654456,0.049958087935476014,-0.008652820785178442,0.0005949016026036713,0.0,0.05078125,0.0018975169950863346,0.0002522360227885656,0.0021497530178749003
zero,62006,dynamic_tracking,paired,0.18704494222030177,0.43248692722474485,0.0,0,False,1.0,0.0,,3,0.17126437867315408,0.16864170462445932,-0.002622674048694762,,,,0.0016257359966402873,0.00022938901383895427,0.0018551250104792416
hold,62006,dynamic_tracking,paired,0.08241281726032718,0.2870763265410911,2.332378516173204,0,False,1.0,0.0,,3,0.08202875804890529,0.08111064856920082,-0.0009181094797044709,,,,0.0018883650118368678,0.00030471493664663285,0.0021930799484835006
paired,62006,dynamic_tracking,paired,0.009123488239819568,0.09551695263051249,2.7725997016939923,0,True,0.0,1.0,4.666666666666667,0,0.00035732110863278085,0.001764563688722616,0.0014072425800898353,,,,0.06882860897894716,0.027003066956240218,0.09583167593518738
paired_lesion,62006,dynamic_tracking,paired,0.014863219186229008,0.12191480298236555,2.8716623962584147,0,True,0.0,1.0,4.0,0,0.010446533237224173,0.005500850365667805,-0.004945682871556369,,,,0.06893767500878312,0.02717859303811565,0.09611626804689877
diagonal,62006,dynamic_tracking,paired,0.010753302736775215,0.1036981327545256,2.769501492593964,0,True,0.0,1.0,4.333333333333333,0,0.0028937846509220783,0.0030636769473982033,0.00016989229647612495,,,,0.06858818002365297,0.02440404695516918,0.09299222697882215
shuffled,62006,dynamic_tracking,paired,0.006380969568082981,0.07988097125150007,2.7712755672871734,0,True,0.0,1.0,1.0,0,0.0028152475541022917,0.0017395402984625395,-0.0010757072556397522,,,,0.07409872399875894,0.03938960300729377,0.11348832700605271
dense,62006,dynamic_tracking,paired,0.0023085500815899795,0.048047373305832024,2.681496190053055,0,True,0.0,1.0,1.0,0,6.808126232916868e-05,0.00011548152571093567,4.7400263381766985e-05,,,,0.06967108695243951,0.027704883061232977,0.09737597001367249
signed_intensity,62006,dynamic_tracking,paired,0.009123488239819568,0.09551695263051249,2.7725997016939923,0,True,0.0,1.0,4.666666666666667,0,0.0003573211086327809,0.001764563688722616,0.001407242580089835,,,,0.08887036407395499,0.02739931199903367,0.11626967607298866
hold,62006,dynamic_tracking,diagonal,0.07325899442363662,0.27066398804354563,2.332378516173204,0,False,1.0,0.0,,3,0.08293276717371315,0.08186437351703407,-0.001068393656679073,,,,0.0016940909772529267,0.00023710200184723362,0.0019311929791001603
paired,62006,dynamic_tracking,diagonal,0.0023090713076910872,0.04805279708498858,2.751135212751251,0,True,0.0,1.0,0.6666666666666666,0,0.0003142909857544862,0.0003360062776753431,2.1715291920856904e-05,,,,0.06746363802085398,0.025391292954736855,0.09285493097559083
paired_lesion,62006,dynamic_tracking,diagonal,0.004774895187457796,0.06910061640432592,2.8836950887033166,0,True,0.0,1.0,1.0,0,0.004689750899788492,0.0003465005904175621,-0.00434325030937093,,,,0.06809795300796395,0.027923535024456214,0.09602148803242017
diagonal,62006,dynamic_tracking,diagonal,0.0028309281429202654,0.05320646711557032,2.7989000423417485,0,True,0.0,1.0,0.6666666666666666,0,0.0006150422276043851,0.00020230985657319496,-0.0004127323710311901,,,,0.06690231202810537,0.02531590603030054,0.09221821805840591
shuffled,62006,dynamic_tracking,diagonal,0.002041236485224001,0.045180045210513026,2.7422353441772063,0,True,0.0,1.0,0.6666666666666666,0,0.0002569689168992579,0.0001671457469486274,-8.98231699506305e-05,,,,0.06720224001037423,0.02486853204027284,0.09207077205064707
dense,62006,dynamic_tracking,diagonal,0.00132490872162402,0.036399295619888306,2.6634012195111425,0,True,0.0,1.0,0.6666666666666666,0,6.207891364507279e-05,8.108758135122113e-05,1.900866770614834e-05,,,,0.07822754701192025,0.02734662300645141,0.10557417001837166
signed_intensity,62006,dynamic_tracking,diagonal,0.0023090713076910872,0.04805279708498858,2.751135212751251,0,True,0.0,1.0,0.6666666666666666,0,0.0003142909857544862,0.0003360062776753431,2.1715291920856904e-05,,,,0.06585721202282002,0.026586906096781604,0.09244411811960163
zero,62006,dynamic_tracking,diagonal,0.15057720198583976,0.38804278370540507,0.0,0,False,1.0,0.0,,3,0.1526446804172279,0.15014340204822452,-0.002501278369003379,,,,0.001644645024498459,0.00026959305978380144,0.0019142380842822604
paired,62006,dynamic_tracking,misaligned,0.007537746854139504,0.08682019842259923,2.789783855805906,0,True,0.0,1.0,2.6666666666666665,0,0.0031011543472069455,0.0015971830251800272,-0.0015039713220269184,,,,0.06627359506092034,0.024637823946250137,0.09091141900717048
paired_lesion,62006,dynamic_tracking,misaligned,0.010275686688962199,0.10136906179383431,2.851346124986459,0,True,0.0,1.0,1.3333333333333333,0,0.010160887134927,0.0033432488402547274,-0.0068176382946722736,,,,0.06781146203866228,0.03544387403962901,0.1032553360782913
diagonal,62006,dynamic_tracking,misaligned,0.00829596771620537,0.09108220307066234,2.7835571331102837,0,True,0.0,1.0,1.3333333333333333,0,0.0029499947597290306,0.0025272582218314413,-0.00042273653789758926,,,,0.06795805593719706,0.025943872053176165,0.09390192799037322
shuffled,62006,dynamic_tracking,misaligned,0.007411293440419388,0.08608886943397147,2.7707043784671006,0,True,0.0,1.0,1.6666666666666667,0,0.0025298795368936524,0.0023956610537827607,-0.00013421848311089175,,,,0.06606761002331041,0.025371019015437923,0.09143862903874833
dense,62006,dynamic_tracking,misaligned,0.0030817905962269177,0.05551387751028492,2.67759262248609,0,True,0.0,1.0,1.6666666666666667,0,7.159797800195656e-05,0.00011490238937539684,4.330441137344028e-05,,,,0.07934264401410474,0.028519777086330578,0.10786242110043531
signed_intensity,62006,dynamic_tracking,misaligned,0.007537746854139504,0.08682019842259923,2.789783855805906,0,True,0.0,1.0,2.6666666666666665,0,0.0031011543472069455,0.001597183025180027,-0.0015039713220269186,,,,0.0686308239819482,0.027797627037216444,0.09642845101916464
zero,62006,dynamic_tracking,misaligned,0.17852374293742973,0.422520701193953,0.0,0,False,1.0,0.0,,3,0.18363686041224864,0.18124712762271095,-0.0023897327895376907,,,,0.0016545729886274785,0.00033774289477150887,0.0019923158833989874
hold,62006,dynamic_tracking,misaligned,0.08585744857838094,0.2930144170145574,2.332378516173204,0,False,1.0,0.0,,3,0.1116917012469868,0.11100653646834042,-0.0006851647786463716,,,,0.001755461998982355,0.000498063032864593,0.002253525031846948
hold,62006,cooperative_inventory,paired,0.05711682005067339,0.23899125517615366,2.2358446437715545,0,False,1.0,0.0,,3,0.06117744309721609,0.05552713253514996,-0.005650310562066128,0.00038615721845738915,0.0,0.025390625,0.0017435220070183277,0.00023803694784874097,0.0019815589548670687
paired,62006,cooperative_inventory,paired,0.01194410587733844,0.10928909313073487,2.9011205007548746,0,True,0.0,1.0,5.666666666666667,0,0.0005117933531971156,0.0001809954978121598,-0.0003307978553849558,0.0020666732702681917,0.0008781885806796296,0.2412109375,0.08650881899666274,0.01826277400687104,0.10477159300353378
paired_lesion,62006,cooperative_inventory,paired,0.012539514381043906,0.11197997312485794,3.0571386931679623,0,True,0.0,1.0,5.333333333333333,0,0.0011412950066331837,0.0019554999453822975,0.0008142049387491138,0.001512303650854377,0.001673359229084668,0.234375,0.08755657401343342,0.01764903496223269,0.10520560897566611
diagonal,62006,cooperative_inventory,paired,0.012271230063599751,0.11077558423948732,3.027678079699829,0,True,0.0,1.0,5.333333333333333,0,0.0012881246172180309,0.000945991627862913,-0.0003421329893551179,0.0015319915058063034,0.001554986867681133,0.2451171875,0.08344709999801125,0.016740224011300597,0.10018732400931185
shuffled,62006,cooperative_inventory,paired,0.012201653560972924,0.11046109523706944,2.949328700959188,0,True,0.0,1.0,5.333333333333333,0,0.0004244949817391821,0.00048722455930173467,6.272957756255255e-05,0.0018028040109540218,0.0012260432574495426,0.298828125,0.0797545879977406,0.015437172958627343,0.09519176095636794
dense,62006,cooperative_inventory,paired,0.011755270306897452,0.10842172433095432,2.8648055711768836,0,True,0.0,1.0,5.333333333333333,0,8.368809530745045e-05,1.3634086168515811e-05,-7.005400913893464e-05,0.0018067119367960493,0.00039538617259275336,0.24609375,0.07921117998921545,0.017450520957936533,0.09666170094715199
signed_intensity,62006,cooperative_inventory,paired,0.01194410587733844,0.10928909313073487,2.9011205007548746,0,True,0.0,1.0,5.666666666666667,0,0.0005117933531971154,0.0001809954978121609,-0.0003307978553849545,0.0020666732702681917,0.0008781885806796296,0.2412109375,0.09144413101603277,0.030154842002957594,0.12159897301899036
zero,62006,cooperative_inventory,paired,0.10625721051585288,0.3259711804989099,0.0,0,False,1.0,0.0,,3,0.11422708827743386,0.11422708827743386,0.0,0.011602601696417908,0.0,0.9677734375,0.001624862925382331,0.00026609800988808274,0.0018909609352704138
paired,62006,cooperative_inventory,diagonal,0.01082857546831202,0.10406044141897544,2.9295966844228127,0,True,0.0,1.0,5.0,0,0.000511062149045542,0.0001082132166089116,-0.00040284893243663043,0.0008337603741213498,0.00032850487174598635,0.212890625,0.08587275996251265,0.018263007928908337,0.10413576789142098
paired_lesion,62006,cooperative_inventory,diagonal,0.011721338876532605,0.10826513232122614,3.0311298672674534,0,True,0.0,1.0,5.333333333333333,0,0.0010319924979920114,0.0003443428012721338,-0.0006876496967198776,0.0005069179903069445,0.0005772901632565114,0.13671875,0.11087088894419139,0.021364202970289625,0.13223509191448102
diagonal,62006,cooperative_inventory,diagonal,0.010984617407073306,0.10480752552690721,2.9934502148045667,0,True,0.0,1.0,5.0,0,0.0009555036792596039,0.00023395284303189367,-0.0007215508362277102,0.0004583543287290552,0.00042933969171258347,0.1416015625,0.09704284903273219,0.019680722019984387,0.11672357105271658
shuffled,62006,cooperative_inventory,diagonal,0.010716796646555688,0.10352196214598952,2.954594406946284,0,True,0.0,1.0,5.0,0,0.00040011574456886646,8.452722114849586e-05,-0.0003155885234203706,0.0006084158571910802,0.0003326164390704261,0.1845703125,0.0869412569591077,0.01952188296854729,0.10646313992765499
dense,62006,cooperative_inventory,diagonal,0.010499059383165758,0.10246491781661544,2.8936691655276046,0,True,0.0,1.0,5.0,0,0.00014628603266442062,3.279331568929586e-05,-0.00011349271697512475,0.0007151926624107928,0.00014665430301243808,0.1572265625,0.09007426203606883,0.024474202022247482,0.11454846405831631
signed_intensity,62006,cooperative_inventory,diagonal,0.010828575468312018,0.10406044141897543,2.9295966844228127,0,True,0.0,1.0,5.0,0,0.0005110621490455419,0.0001082132166089116,-0.0004028489324366303,0.0008337603741213498,0.00032850487174598624,0.212890625,0.0832271600374952,0.017872313052066602,0.1010994730895618
zero,62006,cooperative_inventory,diagonal,0.09905969205623003,0.3147374970610112,0.0,0,False,1.0,0.0,,3,0.11141372367004766,0.11141372367004766,0.0,0.011602601696417908,0.0,0.9677734375,0.0017462790201534517,0.0002593409808469005,0.002005620001000352
hold,62006,cooperative_inventory,diagonal,0.06266916123145337,0.25033809384800665,2.2358446437715545,0,False,1.0,0.3333333333333333,0.0,2,0.07722253416715161,0.07343745710149535,-0.003785077065656256,0.00028148855707632223,0.0,0.02734375,0.0017642349703237414,0.0003071549945161678,0.0020713899648399092
paired_lesion,62006,cooperative_inventory,misaligned,0.012472066129965991,0.11167840494010466,2.960408463389211,0,True,0.0,1.0,5.333333333333333,0,0.0017624867066960222,0.0010782487235153806,-0.0006842379831806416,0.0016859519386777213,0.0006652193914021043,0.248046875,0.0976282410119893,0.020492969008046202,0.1181212100200355
diagonal,62006,cooperative_inventory,misaligned,0.011456370818026168,0.10703443753309572,2.925466812068792,0,True,0.0,1.0,5.0,0,0.0011731913488433284,0.0005241354182292967,-0.0006490559306140317,0.0017030028569442759,0.0006434211820852637,0.251953125,0.07905820200539893,0.017598423975869082,0.09665662598126801
shuffled,62006,cooperative_inventory,misaligned,0.0113834805782191,0.1066933951949187,2.9141651078134156,0,True,0.0,1.0,5.0,0,0.00038602453329071357,0.0005748334304651614,0.00018880889717444785,0.0014623904942160067,0.0005876719837639803,0.2490234375,0.08430664399202215,0.019325866967847105,0.10363251095986925
dense,62006,cooperative_inventory,misaligned,0.010552681407186456,0.10272624497754435,2.8570997332016677,0,True,0.0,1.0,5.0,0,0.00010958524681486918,5.1475593211116016e-05,-5.810965360375316e-05,0.0011633511038354547,0.00026927852214683013,0.185546875,0.07816828100476414,0.017847272058133967,0.0960155530628981
signed_intensity,62006,cooperative_inventory,misaligned,0.01093069103179697,0.10454994515444267,2.8860705311563004,0,True,0.0,1.0,5.0,0,0.0001854233412951194,6.313792462463784e-05,-0.00012228541667048156,0.0017872877273235846,0.0006753417490091662,0.2607421875,0.076988210043055,0.016971491982985754,0.09395970202604076
zero,62006,cooperative_inventory,misaligned,0.10166667952366533,0.3188521279898651,0.0,0,False,1.0,0.0,,3,0.11258650334415907,0.11258650334415907,0.0,0.011602601696417908,0.0,0.9677734375,0.0015775969513924792,0.00026378400798421353,0.0018413809593766928
hold,62006,cooperative_inventory,misaligned,0.05445649660951821,0.23335915797225146,2.2358446437715545,0,False,1.0,0.0,,3,0.062579241757118,0.05657213774397826,-0.0060071040131397385,0.00038615721845738915,0.0,0.025390625,0.0015966470309649594,0.00023284398048417643,0.0018294910114491358
paired,62006,cooperative_inventory,misaligned,0.01093069103179697,0.10454994515444267,2.8860705311563004,0,True,0.0,1.0,5.0,0,0.00018542334129511943,6.313792462463782e-05,-0.00012228541667048162,0.0017872877273235844,0.0006753417490091663,0.2607421875,0.07806674602034036,0.016648436998366378,0.09471518301870674
hold,62007,dynamic_tracking,paired,0.09866442532676142,0.31410893862919825,2.3596482612659795,0,False,1.0,0.0,,3,0.10029769010253231,0.09893550857738417,-0.0013621815251481373,,,,0.0017104279468185268,0.00023509807215305045,0.0019455260189715773
paired,62007,dynamic_tracking,paired,0.00809148797863641,0.08995269856228,2.817854261149722,0,True,0.0,1.0,3.3333333333333335,0,0.000595200469101032,0.002589320298327833,0.001994119829226801,,,,0.07712454799911939,0.03910773696406977,0.11623228496318916
paired_lesion,62007,dynamic_tracking,paired,0.017054716011001572,0.1305937058628844,2.950071555641019,0,True,0.0,1.0,3.0,0,0.01002646852827167,0.008981075927121098,-0.0010453926011505712,,,,0.07323653501225635,0.02597157101263292,0.09920810602488928
diagonal,62007,dynamic_tracking,paired,0.01201104927545531,0.10959493270884066,2.8233957809770187,0,True,0.0,1.0,4.333333333333333,0,0.0030867917097181273,0.005784556043134131,0.002697764333416004,,,,0.0781906080301269,0.030278070022177417,0.10846867805230431
shuffled,62007,dynamic_tracking,paired,0.007065147868263224,0.08405443395956709,2.866240208303669,0,True,0.0,1.0,1.0,0,0.002713839336068053,0.002339674532916757,-0.0003741648031512961,,,,0.06860006901115412,0.036895886951242574,0.10549595596239669
dense,62007,dynamic_tracking,paired,0.002537741779259846,0.0503760040024995,2.752367483799376,0,True,0.0,1.0,1.0,0,9.418962663214009e-05,6.948681933170389e-05,-2.47028073004362e-05,,,,0.06901935602218146,0.02693554602592485,0.0959549020481063
signed_intensity,62007,dynamic_tracking,paired,0.008091487978636411,0.08995269856228,2.817854261149722,0,True,0.0,1.0,3.3333333333333335,0,0.0005952004691010323,0.002589320298327833,0.001994119829226801,,,,0.0675946099581779,0.02482517400494544,0.09241978396312334
zero,62007,dynamic_tracking,paired,0.22893944586798734,0.4784761706375641,0.0,0,False,1.0,0.0,,3,0.20538063848108434,0.20213772542838115,-0.003242913052703189,,,,0.0015950540400808677,0.0002391670277575031,0.0018342210678383708
paired,62007,dynamic_tracking,diagonal,0.0027506614762162693,0.05244674895754997,2.795603827204206,0,True,0.0,1.0,1.0,0,0.0004626427801677385,0.0007120412099825942,0.0002493984298148557,,,,0.06644017500366317,0.031216544026392512,0.09765671903005568
paired_lesion,62007,dynamic_tracking,diagonal,0.005594912041787397,0.07479914465946383,2.9236841066642842,0,True,0.0,1.0,1.0,0,0.004742935016657035,0.0003909854196905585,-0.004351949596966477,,,,0.06455320000532083,0.025006254996696953,0.08955945500201778
diagonal,62007,dynamic_tracking,diagonal,0.0034409249882685245,0.05865939812398798,2.8452700345586015,0,True,0.0,1.0,1.0,0,0.0010162649022731423,0.00042342467444147293,-0.0005928402278316694,,,,0.06534663293859921,0.02382357592432527,0.08917020886292448
shuffled,62007,dynamic_tracking,diagonal,0.0023938217244419803,0.04892669746101795,2.799326112036659,0,True,0.0,1.0,1.0,0,0.0006699036696413756,0.0002788206851428023,-0.0003910829844985733,,,,0.0660867179685738,0.024241339990112465,0.09032805795868626
dense,62007,dynamic_tracking,diagonal,0.0015010507663448128,0.038743396422420334,2.722207512895058,0,True,0.0,1.0,0.6666666666666666,0,8.289558078051321e-05,5.420229999226758e-05,-2.8693280788245632e-05,,,,0.07138861301791621,0.031513239970081486,0.1029018529879977
signed_intensity,62007,dynamic_tracking,diagonal,0.0027506614762162693,0.05244674895754997,2.795603827204206,0,True,0.0,1.0,1.0,0,0.0004626427801677384,0.0007120412099825942,0.0002493984298148558,,,,0.07408031197701348,0.02847069202834973,0.10255100400536321
zero,62007,dynamic_tracking,diagonal,0.18529987522945646,0.430464720075242,0.0,0,False,1.0,0.0,,3,0.18483223967886334,0.18239458216506996,-0.0024376575137933787,,,,0.00223791893949965,0.00031819099240237847,0.0025561099319020286
hold,62007,dynamic_tracking,diagonal,0.08506546050577478,0.29165983697755643,2.3596482612659795,0,False,1.0,0.0,,3,0.09698603272671488,0.09606157764066545,-0.000924455086049436,,,,0.0017023210020852275,0.00025729904155014083,0.0019596200436353683
paired_lesion,62007,dynamic_tracking,misaligned,0.01193594028022532,0.10925172895760195,2.937494449104936,0,True,0.0,1.0,1.3333333333333333,0,0.010302598772917025,0.004369396190906049,-0.005933202582010976,,,,0.07473802799358964,0.03165001698653214,0.10638804498012178
diagonal,62007,dynamic_tracking,misaligned,0.00881467481063834,0.09388649961862643,2.8332343465618957,0,True,0.0,1.0,1.3333333333333333,0,0.0027596932756303004,0.002794326553807301,3.463327817700059e-05,,,,0.06856040499405935,0.02487358497455716,0.09343398996861652
shuffled,62007,dynamic_tracking,misaligned,0.007520599092086512,0.0867213877430851,2.83655828824498,0,True,0.0,1.0,1.6666666666666667,0,0.0022303148791224837,0.0028091350303220126,0.0005788201511995289,,,,0.06756130797293736,0.025537854002323,0.09309916197526036
dense,62007,dynamic_tracking,misaligned,0.0023673372066810422,0.04865528960638342,2.7253252582684415,0,True,0.0,1.0,1.0,0,7.90850780153542e-05,5.357486359499314e-05,-2.551021442036107e-05,,,,0.06903117398178438,0.025599242995667737,0.09463041697745211
signed_intensity,62007,dynamic_tracking,misaligned,0.006599905107297509,0.08123980002004873,2.7872651164508566,0,True,0.0,1.0,1.0,0,0.002012878774738515,0.0019441726009463642,-6.8706173792151e-05,,,,0.07598476301791379,0.025117574012256227,0.10110233703017002
zero,62007,dynamic_tracking,misaligned,0.21363701594434137,0.4622088445111597,0.0,0,False,1.0,0.0,,3,0.21406751866312468,0.21104119949574587,-0.003026319167378805,,,,0.0016927709293668158,0.00038789994141552597,0.002080670870782342
hold,62007,dynamic_tracking,misaligned,0.0943653300476143,0.30718940419163926,2.3596482612659795,0,False,1.0,0.0,,3,0.12106929438096359,0.11992370834240795,-0.001145586038555635,,,,0.001768124995578546,0.0002595080004539341,0.00202763299603248
paired,62007,dynamic_tracking,misaligned,0.006599905107297509,0.08123980002004873,2.7872651164508566,0,True,0.0,1.0,1.0,0,0.002012878774738516,0.0019441726009463642,-6.870617379215187e-05,,,,0.08614835498883622,0.03172154200728983,0.11786989699612604
paired,62007,cooperative_inventory,paired,0.009527204008802836,0.09760739730575156,2.973106732476075,0,True,0.0,1.0,4.333333333333333,0,0.0006469579957649907,0.00019969521610402867,-0.00044726277966096207,0.0018601449497316553,0.0013578248098510726,0.19921875,0.09370211797795491,0.019023650012968574,0.11272576799092349
paired_lesion,62007,cooperative_inventory,paired,0.010092407443008562,0.10046097472655022,3.1174796833007026,0,True,0.0,1.0,4.333333333333333,0,0.0012746568663744144,0.00149446330852277,0.0002198064421483556,0.001987398045333628,0.0019358390894866147,0.248046875,0.10240400701150065,0.026420533969940152,0.1288245409814408
diagonal,62007,cooperative_inventory,paired,0.010018170708684934,0.10009081230904729,3.1061710556800817,0,True,0.0,1.0,4.666666666666667,0,0.0014092775862538831,0.0007033510113311726,-0.0007059265749227105,0.0019367316330064772,0.0018083076491269244,0.2333984375,0.09697773697553203,0.01702067100268323,0.11399840797821525
shuffled,62007,cooperative_inventory,paired,0.010342973930775235,0.10170041263817584,2.9715056586721436,0,True,0.0,1.0,4.666666666666667,0,0.0005812928196136801,0.0005395493008304159,-4.174351878326419e-05,0.0021316207236687394,0.0010657511412186782,0.2802734375,0.10452999501285376,0.01899439394037472,0.12352438895322848
dense,62007,cooperative_inventory,paired,0.009774876066536303,0.09886797290597346,2.9304068806049584,0,True,0.0,1.0,4.666666666666667,0,0.00018568427172003493,7.817937969740668e-05,-0.00010750489202262825,0.0016043597620086299,0.0005651760564653685,0.181640625,0.08568296201701742,0.01854724901204463,0.10423021102906205
signed_intensity,62007,cooperative_inventory,paired,0.009527204008802836,0.09760739730575156,2.973106732476075,0,True,0.0,1.0,4.333333333333333,0,0.000646957995764991,0.00019969521610402842,-0.00044726277966096256,0.001860144949731655,0.0013578248098510739,0.19921875,0.09192807802173775,0.017656905962212477,0.10958498398395022
zero,62007,cooperative_inventory,paired,0.09051735827540677,0.3008610281764768,0.0,0,False,1.0,0.0,,3,0.08931532700478696,0.08931532700478696,0.0,0.011779121331123668,0.0,0.9658203125,0.0016601999377598986,0.0002935479860752821,0.0019537479238351807
hold,62007,cooperative_inventory,paired,0.04531095349386613,0.21286369698439922,2.3132400114623537,0,False,1.0,0.0,,3,0.04090149729204356,0.0353987861567819,-0.0055027111352616564,0.000492943858248871,0.0,0.0419921875,0.0016270720079774037,0.0002349599963054061,0.0018620320042828098
paired_lesion,62007,cooperative_inventory,diagonal,0.009927180688386134,0.099635238186026,3.165315023861382,0,True,0.0,1.0,4.666666666666667,0,0.0008158442024156012,0.0002692017110117949,-0.0005466424914038063,0.0006964462214709313,0.0007488120978465095,0.1494140625,0.09859095401770901,0.018255434006277937,0.11684638802398695
diagonal,62007,cooperative_inventory,diagonal,0.00935770221921984,0.09673521705780082,3.1241045150179687,0,True,0.0,1.0,4.666666666666667,0,0.0005847033898052894,0.0001930359054210828,-0.00039166748438420663,0.0006341218344472758,0.0005534806236367423,0.1494140625,0.0914145629722043,0.018115159997250885,0.10952972296945518
shuffled,62007,cooperative_inventory,diagonal,0.009362820650337219,0.09676166932384547,3.0822109620537264,0,True,0.0,1.0,4.666666666666667,0,0.00038037440206011307,0.00010616014663945196,-0.00027421425542066113,0.0007061971196064789,0.0003841984303189069,0.1611328125,0.0940409099785029,0.0175652289763093,0.1116061389548122
dense,62007,cooperative_inventory,diagonal,0.009305990375017987,0.09646756125775123,3.0218228303954016,0,True,0.0,1.0,4.666666666666667,0,0.0001218220110353703,3.64756816361573e-05,-8.5346329399213e-05,0.000814204622483666,0.0001834435658747116,0.1767578125,0.09120907900069142,0.026106727003934793,0.11731580600462621
signed_intensity,62007,cooperative_inventory,diagonal,0.009289489059224406,0.09638199551381163,3.0811818816269194,0,True,0.0,1.0,4.666666666666667,0,0.00034031779886541504,6.508115048970755e-05,-0.0002752366483757075,0.0008496264505022126,0.00046676070482672344,0.1962890625,0.09087450702645583,0.01962748096411815,0.11050198799057398
zero,62007,cooperative_inventory,diagonal,0.0849268224204649,0.2914220692062715,0.0,0,False,1.0,0.0,,3,0.08443259532266179,0.08443259532266179,0.0,0.011779121331123668,0.0,0.9658203125,0.0018789249734254554,0.0002691429835977033,0.0021480679570231587
hold,62007,cooperative_inventory,diagonal,0.0538083707378056,0.23196631379966703,2.3132400114623537,0,False,1.0,0.3333333333333333,0.0,2,0.05509855305147797,0.05082852404222788,-0.004270029009250088,0.0003096058716995332,0.0,0.0263671875,0.0018402260247967206,0.0002535039384383708,0.0020937299632350914
paired,62007,cooperative_inventory,diagonal,0.009289489059224406,0.09638199551381163,3.0811818816269194,0,True,0.0,1.0,4.666666666666667,0,0.00034031779886541515,6.508115048970765e-05,-0.0002752366483757075,0.0008496264505022127,0.00046676070482672334,0.1962890625,0.09757697504392127,0.018315277993679047,0.11589225303760031
diagonal,62007,cooperative_inventory,misaligned,0.01104640875678049,0.1051018970179915,3.1194272828058422,0,True,0.0,1.0,5.0,0,0.0009269843132687309,0.0004982659852370164,-0.00042871832803171445,0.0023963476435952024,0.0011448478029178481,0.2724609375,0.089858134953829,0.015881513980275486,0.10573964893410448
shuffled,62007,cooperative_inventory,misaligned,0.011171522355394634,0.10569542258487183,3.119324976329289,0,True,0.0,1.0,5.0,0,0.00039911389518328827,0.0005999284915965274,0.00020081459641323911,0.0021931137218129783,0.001256074621501227,0.240234375,0.08703725505620241,0.01740860197605798,0.10444585703226039
dense,62007,cooperative_inventory,misaligned,0.010725498624951885,0.10356398324201269,3.0887836276060794,0,True,0.0,1.0,5.0,0,0.000177709296446392,4.766772889344528e-05,-0.0001300415675529467,0.0010651158644858396,0.0005010870352093625,0.1376953125,0.08657138502894668,0.018974594015162438,0.10554597904410912
signed_intensity,62007,cooperative_inventory,misaligned,0.010743462398882141,0.10365067485975256,3.139645300754736,0,True,0.0,1.0,4.666666666666667,0,0.00025247834662451944,4.661036924291359e-05,-0.00020586797738160586,0.0020455143847436137,0.0016389539033885233,0.271484375,0.08452875701914309,0.016244101992924698,0.10077285901206778
zero,62007,cooperative_inventory,misaligned,0.09288067391284008,0.30476330801597507,0.0,0,False,1.0,0.0,,3,0.09408400038456509,0.09408400038456509,0.0,0.011779121331123668,0.0,0.9658203125,0.0016435500510851853,0.00025178902433253825,0.0018953390754177235
hold,62007,cooperative_inventory,misaligned,0.0483646287641328,0.21991959613488926,2.3132400114623537,0,False,1.0,0.0,,3,0.04657288808791389,0.04020944133994968,-0.006363446747964213,0.0004911076795861529,0.0,0.041015625,0.0016967000265140086,0.00029384698427747935,0.001990547010791488
paired,62007,cooperative_inventory,misaligned,0.010743462398882141,0.10365067485975256,3.1396453007547356,0,True,0.0,1.0,4.666666666666667,0,0.00025247834662451944,4.661036924291356e-05,-0.0002058679773816059,0.0020455143847436133,0.0016389539033885223,0.271484375,0.08679986905917758,0.018382932015811093,0.10518280107498867
paired_lesion,62007,cooperative_inventory,misaligned,0.011502482585130673,0.10724962743585953,3.1513502998317726,0,True,0.0,1.0,5.0,0,0.0008311468781071965,0.0011698282430005428,0.0003386813648933463,0.002360389000547877,0.001090282634984611,0.2685546875,0.09737642903201049,0.016471770009957254,0.11384819904196775
paired,62008,dynamic_tracking,paired,0.008099413216904857,0.08999674003487491,2.675469256783519,0,True,0.0,1.0,4.0,0,0.0002988096261823184,0.0017212135285018667,0.0014224039023195483,,,,0.06553015499957837,0.024343563032743987,0.08987371803232236
paired_lesion,62008,dynamic_tracking,paired,0.014936252821679015,0.12221396328439323,2.7628253974586623,0,True,0.0,1.0,3.3333333333333335,0,0.00799095245108624,0.007312854119568002,-0.0006780983315182385,,,,0.07193724103126442,0.02542950700444635,0.09736674803571077
diagonal,62008,dynamic_tracking,paired,0.011440938010820897,0.10696232051905427,2.6687915437381102,0,True,0.0,1.0,4.333333333333333,0,0.0028615844322165225,0.005323571904262864,0.002461987472046342,,,,0.06777533791319001,0.023670603033679072,0.09144594094686909
shuffled,62008,dynamic_tracking,paired,0.006702030718836362,0.08186593136852693,2.685739082730364,0,True,0.0,1.0,1.0,0,0.0027393929752286177,0.0024640584753626254,-0.00027533449986599226,,,,0.06570819003536599,0.03340991998265963,0.09911811001802562
dense,62008,dynamic_tracking,paired,0.0027740350164445577,0.052669108749290205,2.6036479202236666,0,True,0.0,1.0,1.6666666666666667,0,5.175482467183284e-05,7.322139224958115e-05,2.1466567577748304e-05,,,,0.07046191104745958,0.028124496042437386,0.09858640708989697
signed_intensity,62008,dynamic_tracking,paired,0.008099413216904855,0.0899967400348749,2.6754692567835194,0,True,0.0,1.0,4.0,0,0.0002988096261823183,0.0017212135285018665,0.001422403902319548,,,,0.06573250601650216,0.023573985061375424,0.08930649107787758
zero,62008,dynamic_tracking,paired,0.19727350819464134,0.4441548245765674,0.0,0,False,1.0,0.0,,3,0.18413251128499672,0.18172353653797824,-0.002408974747018483,,,,0.0016514339731656946,0.0002585350157460198,0.0019099689889117144
hold,62008,dynamic_tracking,paired,0.08514397177198739,0.29179439982972155,2.3204442348353504,0,False,1.0,0.0,,3,0.08669158231840693,0.0861636538460094,-0.0005279284723975347,,,,0.0016175070268218406,0.00023670602240599692,0.0018542130492278375
paired_lesion,62008,dynamic_tracking,diagonal,0.004484591919685902,0.06696709579850317,2.7836414611596396,0,True,0.0,1.0,1.0,0,0.0031553734695485293,0.0004017352113576736,-0.002753638258190856,,,,0.07556384201598121,0.024489154042385053,0.10005299605836626
diagonal,62008,dynamic_tracking,diagonal,0.0029683171045885802,0.05448226412869219,2.7010383441154717,0,True,0.0,1.0,1.0,0,0.0004838097956857586,0.00045267039229700734,-3.1139403388751236e-05,,,,0.06538972703856416,0.022687835000397172,0.08807756203896133
shuffled,62008,dynamic_tracking,diagonal,0.0025111034140150226,0.050110911127368485,2.6652648964905685,0,True,0.0,1.0,0.6666666666666666,0,0.00028408331035070333,0.0003327036781111968,4.862036776049348e-05,,,,0.07116407302964944,0.02654970298317494,0.09771377601282438
dense,62008,dynamic_tracking,diagonal,0.001963943405617508,0.0443164010905388,2.608972121335002,0,True,0.0,1.0,0.6666666666666666,0,6.85071171939135e-05,4.784201128645469e-05,-2.0665105907458807e-05,,,,0.06916019099298865,0.026967838995915372,0.09612802998890402
signed_intensity,62008,dynamic_tracking,diagonal,0.002546729899961601,0.05046513548938119,2.6607927910742606,0,True,0.0,1.0,0.6666666666666666,0,0.00021418790229606806,0.00043812748073463706,0.000223939578438569,,,,0.06867630600027042,0.0238684770592954,0.09254478305956582
zero,62008,dynamic_tracking,diagonal,0.16175303511242597,0.40218532433745763,0.0,0,False,1.0,0.0,,3,0.167364175500947,0.16526756244987043,-0.0020966130510765846,,,,0.0016650089892209508,0.00025396502314833924,0.00191897401236929
hold,62008,dynamic_tracking,diagonal,0.07258830850730569,0.2694221752330451,2.3204442348353504,0,False,1.0,0.0,,3,0.08231117085427653,0.08178691090488358,-0.0005242599493929523,,,,0.0016873960412340239,0.00024135001876857132,0.0019287460600025952
paired,62008,dynamic_tracking,diagonal,0.002546729899961601,0.05046513548938119,2.6607927910742606,0,True,0.0,1.0,0.6666666666666666,0,0.000214187902296068,0.00043812748073463717,0.00022393957843856916,,,,0.0767260260618059,0.030634455986728426,0.10736048204853432
diagonal,62008,dynamic_tracking,misaligned,0.008506449122213787,0.09223041321719093,2.6953743782626014,0,True,0.0,1.0,1.3333333333333333,0,0.002590648672852617,0.0024972973101395845,-9.335136271303255e-05,,,,0.07724591901933309,0.024220428014814388,0.10146634703414747
shuffled,62008,dynamic_tracking,misaligned,0.008116173248918123,0.09008980657609451,2.6961490581243117,0,True,0.0,1.0,1.6666666666666667,0,0.002532686907092688,0.0024301653623883517,-0.00010252154470433627,,,,0.07059226599085378,0.030279872997198254,0.10087213898805203
dense,62008,dynamic_tracking,misaligned,0.0029110659659763913,0.05395429515781289,2.611758766847261,0,True,0.0,1.0,1.6666666666666667,0,8.120526996385323e-05,6.0058373868854346e-05,-2.114689609499888e-05,,,,0.06824557898653438,0.02576225696975598,0.09400783595629036
signed_intensity,62008,dynamic_tracking,misaligned,0.007027427366231204,0.08382975227346914,2.6549675136413433,0,True,0.0,1.0,1.3333333333333333,0,0.0015017411898313694,0.001502091436554802,3.5024672343257277e-07,,,,0.06958070705150021,0.024653863983985502,0.09423457103548571
zero,62008,dynamic_tracking,misaligned,0.18978783695501789,0.4356464586737942,0.0,0,False,1.0,0.0,,3,0.19647393907553395,0.19437950866652154,-0.0020944304090124155,,,,0.00163989097927697,0.0002537849941290915,0.0018936759734060615
hold,62008,dynamic_tracking,misaligned,0.08163640970613696,0.28572085976725076,2.3204442348353504,0,False,1.0,0.0,,3,0.10464607840216253,0.10443269493537206,-0.00021338346679046494,,,,0.00158980798732955,0.00022860601166030392,0.001818413998989854
paired,62008,dynamic_tracking,misaligned,0.007027427366231204,0.08382975227346914,2.6549675136413433,0,True,0.0,1.0,1.3333333333333333,0,0.0015017411898313694,0.0015020914365548017,3.502467234323559e-07,,,,0.06906566503312206,0.025176142014970537,0.0942418070480926
paired_lesion,62008,dynamic_tracking,misaligned,0.010379384321511156,0.10187926345194667,2.7919511147884704,0,True,0.0,1.0,1.3333333333333333,0,0.00858599270276808,0.003634861420739448,-0.004951131282028632,,,,0.06864422997750808,0.02376488504523877,0.09240911502274685
paired_lesion,62008,cooperative_inventory,paired,0.009887915822173205,0.09943799989024922,3.080238771300894,0,True,0.0,1.0,4.666666666666667,0,0.0018080247984049668,0.0015195934243688145,-0.00028843137403615233,0.0022787704165605953,0.0016353544237137263,0.333984375,0.09140053699229611,0.01698824298364343,0.10838877997593954
diagonal,62008,cooperative_inventory,paired,0.00980184795475983,0.09900428250717153,3.0745362624077472,0,True,0.0,1.0,4.666666666666667,0,0.001265764273685254,0.0010504507310153603,-0.0002153135426698938,0.0021573666084069407,0.0016216970312934202,0.3154296875,0.09245682000619126,0.016055012987635564,0.10851183299382683
shuffled,62008,cooperative_inventory,paired,0.009746809993719355,0.0987259337444795,3.0052380433765777,0,True,0.0,1.0,5.0,0,0.0003158554540698919,0.0003684533437040146,5.25978896341227e-05,0.0021064221095045558,0.001016445615478168,0.3232421875,0.08237482398544671,0.015250120020937175,0.09762494400638388
dense,62008,cooperative_inventory,paired,0.009733470817632527,0.09865835401846378,2.88486120560609,0,True,0.0,1.0,4.666666666666667,0,6.878513072201584e-05,1.0321021081200828e-05,-5.846410964081501e-05,0.0017187573941062867,0.00022400973368763517,0.212890625,0.08446696600003634,0.017011857984471135,0.10147882398450747
signed_intensity,62008,cooperative_inventory,paired,0.009405951190143527,0.09698428321199021,3.022388178706383,0,True,0.0,1.0,4.666666666666667,0,0.0004400169235308813,0.0003132273329080474,-0.00012678959062283393,0.0016878660598532698,0.0010764220848308275,0.2607421875,0.09127190703293309,0.017300859006354585,0.10857276603928767
zero,62008,cooperative_inventory,paired,0.09082917456099038,0.30137878916902955,0.0,0,False,1.0,0.0,,3,0.08853806451146634,0.08853806451146634,0.0,0.012163009911247335,0.0,0.958984375,0.0016554019966861233,0.00024952504463726655,0.0019049270413233899
hold,62008,cooperative_inventory,paired,0.04575458521802829,0.21390321460424172,2.3682319040848414,0,False,1.0,0.3333333333333333,6.0,2,0.03496384019534529,0.03225759322384884,-0.0027062469714964482,0.0005650132028903746,0.0,0.0615234375,0.00171350304299267,0.0002379020443186164,0.0019514050873112865
paired,62008,cooperative_inventory,paired,0.009405951190143527,0.09698428321199021,3.022388178706383,0,True,0.0,1.0,4.666666666666667,0,0.0004400169235308813,0.00031322733290804837,-0.00012678959062283296,0.00168786605985327,0.0010764220848308293,0.2607421875,0.09277576601016335,0.018393238991848193,0.11116900500201155
diagonal,62008,cooperative_inventory,diagonal,0.008706934880241145,0.09331095798587187,3.130316358043591,0,True,0.0,1.0,4.333333333333333,0,0.000708102030384778,0.00028111104949355586,-0.0004269909808912221,0.0005770204242291283,9.73863337307707e-05,0.1318359375,0.09435537602985278,0.019196883040422108,0.11355225907027489
shuffled,62008,cooperative_inventory,diagonal,0.008583834901855018,0.09264898759217512,3.102072042968051,0,True,0.0,1.0,4.333333333333333,0,0.0002786197645626758,0.0001465986735617458,-0.00013202109100092998,0.0006029380195234079,5.432167768129907e-05,0.1357421875,0.09765888605761575,0.020452273973205592,0.11811116003082134
dense,62008,cooperative_inventory,diagonal,0.008447138292889775,0.09190831460150803,3.034801770035755,0,True,0.0,1.0,4.0,0,8.429872156292249e-05,2.1075647351434682e-05,-6.322307421148781e-05,0.0009609082714145665,1.1882600356728041e-05,0.171875,0.08739332301774994,0.018883775002905168,0.1062770980206551
signed_intensity,62008,cooperative_inventory,diagonal,0.008556196532088362,0.0924997109838099,3.070410038372373,0,True,0.0,1.0,4.0,0,0.00039188760621630746,7.568336158134974e-05,-0.00031620424463495774,0.0010278560076068595,8.800408467306352e-05,0.1904296875,0.09004449102212675,0.018395206992863677,0.10843969801499043
zero,62008,cooperative_inventory,diagonal,0.0782336664298377,0.27970281805844877,0.0,0,False,1.0,0.0,,3,0.09121089895958708,0.09121089895958708,0.0,0.012163009911247335,0.0,0.958984375,0.0016850790125317872,0.00030551505187759176,0.001990594064409379
hold,62008,cooperative_inventory,diagonal,0.04894237129620882,0.2212292279428937,2.3682319040848414,0,False,1.0,0.3333333333333333,0.0,2,0.05504052970487525,0.05401456618426775,-0.0010259635206075063,0.00027768298484289963,0.0,0.029296875,0.0016720099592930637,0.00024389997270191088,0.0019159099319949746
paired,62008,cooperative_inventory,diagonal,0.008556196532088362,0.0924997109838099,3.070410038372373,0,True,0.0,1.0,4.0,0,0.00039188760621630756,7.568336158134954e-05,-0.000316204244634958,0.0010278560076068598,8.800408467306297e-05,0.1904296875,0.09338866206235252,0.019014084005902987,0.11240274606825551
paired_lesion,62008,cooperative_inventory,diagonal,0.009204303694931446,0.09593906240385845,3.1585663305309453,0,True,0.0,1.0,4.666666666666667,0,0.0007804570530980726,0.00031005061810055796,-0.00047040643499751466,0.0005906635802437326,0.0001256982362112986,0.12109375,0.10321023305004928,0.01978160597354872,0.122991839023598
shuffled,62008,cooperative_inventory,misaligned,0.009519791735065192,0.097569420081628,3.0390799987695134,0,True,0.0,1.0,4.333333333333333,0,0.0004131757292561348,0.00044765356905202133,3.447783979588652e-05,0.0019848043593269442,0.0005132868141781324,0.2568359375,0.07732511300127953,0.018301327982044313,0.09562644098332385
dense,62008,cooperative_inventory,misaligned,0.00831698142460949,0.09119748584588004,3.000764985942975,0,True,0.0,1.0,4.0,0,0.00011298900366315718,5.551567895522453e-05,-5.747332470793265e-05,0.0012305334009881583,4.714772899832014e-05,0.138671875,0.07378905998484697,0.018852574983611703,0.09264163496845867
signed_intensity,62008,cooperative_inventory,misaligned,0.009358928258282238,0.09674155393770682,3.0339441743044846,0,True,0.0,1.0,4.333333333333333,0,0.00019322362554775882,0.00017184479976762573,-2.1378825780133087e-05,0.001942396006686495,0.0003907240593378914,0.2265625,0.088228321976203,0.018680507979297545,0.10690882995550055
zero,62008,cooperative_inventory,misaligned,0.08200526439038147,0.286365613142328,0.0,0,False,1.0,0.0,,3,0.09152089565289714,0.09152089565289714,0.0,0.012163009911247335,0.0,0.958984375,0.0016633790583000518,0.00025469202955719084,0.0019180710878572427
hold,62008,cooperative_inventory,misaligned,0.04017399501470909,0.20043451552741381,2.3682319040848414,0,False,1.0,0.3333333333333333,1.0,2,0.039317504503256724,0.03645226562321499,-0.002865238880041733,0.0005650132028903746,0.0,0.0615234375,0.0016238860043813474,0.0002661900580278598,0.0018900760624092072
paired,62008,cooperative_inventory,misaligned,0.009358928258282238,0.09674155393770682,3.0339441743044846,0,True,0.0,1.0,4.333333333333333,0,0.00019322362554775895,0.00017184479976762592,-2.1378825780133033e-05,0.001942396006686495,0.00039072405933789095,0.2265625,0.07864598100422882,0.016858409966516774,0.09550439097074559
paired_lesion,62008,cooperative_inventory,misaligned,0.00985668833729525,0.09928085584489715,3.0907451564098967,0,True,0.0,1.0,4.333333333333333,0,0.0011548414812715393,0.0010338128319988737,-0.0001210286492726656,0.0020179565324272885,0.0005980207817418728,0.251953125,0.09826303399313474,0.01709344099072041,0.11535647498385515
diagonal,62008,cooperative_inventory,misaligned,0.009551758119347293,0.09773309633561854,3.069367520401873,0,True,0.0,1.0,4.333333333333333,0,0.0010966417343245562,0.0004121232507607631,-0.0006845184835637931,0.0020821809457945884,0.0005714494778251509,0.2568359375,0.07964909302972956,0.026955612964229658,0.10660470599395921
paired_lesion,62009,dynamic_tracking,paired,0.017344011817703477,0.1316966659323746,2.7248772020163567,0,True,0.0,1.0,3.6666666666666665,0,0.009790496258397608,0.007249162435708377,-0.0025413338226892308,,,,0.06804203397769015,0.02361422796820989,0.09165626194590004
diagonal,62009,dynamic_tracking,paired,0.012120082771755056,0.11009124748023821,2.5745762971100206,0,True,0.0,1.0,4.666666666666667,0,0.0024412533396525717,0.005244031859574234,0.0028027785199216627,,,,0.06662440104264533,0.024642310956551228,0.09126671199919656
shuffled,62009,dynamic_tracking,paired,0.007182971621954743,0.08475241366447768,2.5937654163385293,0,True,0.0,1.0,1.0,0,0.0022643837281132104,0.0032783834261772156,0.0010139996980640053,,,,0.06731114903232083,0.024431526973785367,0.0917426760061062
dense,62009,dynamic_tracking,paired,0.0027475184943713407,0.052416776840734314,2.473178621941577,0,True,0.0,1.0,1.0,0,5.872657982583694e-05,0.00014004800759639903,8.132142777056209e-05,,,,0.06604231299570529,0.023614199984876905,0.08965651298058219
signed_intensity,62009,dynamic_tracking,paired,0.009429324399469901,0.09710470843100195,2.542374028662625,0,True,0.0,1.0,5.333333333333333,0,0.0004218493458871265,0.0023419505662064834,0.001920101220319357,,,,0.07523537996166851,0.026278749959601555,0.10151412992127007
zero,62009,dynamic_tracking,paired,0.19726745601065532,0.4441480113775759,0.0,0,False,1.0,0.0,,3,0.1766243082367826,0.17416590081873987,-0.002458407418042735,,,,0.0016290260682580993,0.0002519750487408601,0.0018810011169989593
hold,62009,dynamic_tracking,paired,0.0875194475599536,0.2958368597047258,2.1454489131568812,0,False,1.0,0.0,,3,0.08754501032000217,0.0859249819313381,-0.0016200283886640687,,,,0.0016401800385210663,0.0002338910344406031,0.0018740710729616694
paired,62009,dynamic_tracking,paired,0.009429324399469901,0.09710470843100195,2.542374028662625,0,True,0.0,1.0,5.333333333333333,0,0.0004218493458871265,0.002341950566206483,0.0019201012203193565,,,,0.06711177898250753,0.024427223062957637,0.09153900204546517
diagonal,62009,dynamic_tracking,diagonal,0.0029344378857532397,0.054170452146472245,2.549936294245007,0,True,0.0,1.0,1.0,0,0.0006603929822678524,0.0004844410671486834,-0.00017595191511916906,,,,0.06421806604339508,0.024158353051461745,0.08837641909485683
shuffled,62009,dynamic_tracking,diagonal,0.0021269240885739863,0.04611858723523506,2.5058182871128567,0,True,0.0,1.0,1.0,0,0.0002999138890704932,0.00030090841066554303,9.945215950498505e-07,,,,0.07210658898839029,0.025617269006033894,0.09772385799442418
dense,62009,dynamic_tracking,diagonal,0.0015390083702168961,0.03923019717280167,2.4492568772935166,0,True,0.0,1.0,1.0,0,5.3103106059258675e-05,6.922915912095607e-05,1.6126053061697398e-05,,,,0.06898855597682996,0.02487805805867538,0.09386661403550534
signed_intensity,62009,dynamic_tracking,diagonal,0.0024325469107880702,0.04932085675237272,2.510675256760713,0,True,0.0,1.0,1.0,0,0.0003085700980977674,0.00043816967182140783,0.00012959957372364042,,,,0.06741767698986223,0.0318058549601119,0.09922353194997413
zero,62009,dynamic_tracking,diagonal,0.15788291736590043,0.3973448343264329,0.0,0,False,1.0,0.0,,3,0.15672254952310066,0.15570436273241173,-0.0010181867906889353,,,,0.001959725981578231,0.00026478397921891883,0.0022245099607971497
hold,62009,dynamic_tracking,diagonal,0.07630497736289063,0.2762335558234926,2.1454489131568812,0,False,1.0,0.0,,3,0.08497254652242514,0.08409045353563396,-0.0008820929867911775,,,,0.001715285012323875,0.0002471850093570538,0.0019624700216809288
paired,62009,dynamic_tracking,diagonal,0.0024325469107880707,0.04932085675237273,2.510675256760713,0,True,0.0,1.0,1.0,0,0.00030857009809776785,0.0004381696718214075,0.00012959957372363966,,,,0.06553379698743811,0.02498301604646258,0.09051681303390069
paired_lesion,62009,dynamic_tracking,diagonal,0.004559271801528051,0.0675223800049143,2.6227287240091544,0,True,0.0,1.0,1.0,0,0.004229478679810468,0.0005422532290707939,-0.0036872254507396745,,,,0.06649094201566186,0.023376469973300118,0.08986741198896198
shuffled,62009,dynamic_tracking,misaligned,0.006835965888763732,0.08267990014969619,2.566999520012873,0,True,0.0,1.0,1.0,0,0.0020554549107558925,0.0027800398554009885,0.000724584944645096,,,,0.07503050303057535,0.02439842100284295,0.0994289240334183
dense,62009,dynamic_tracking,misaligned,0.002583912133180157,0.05083219583276092,2.4625930261576308,0,True,0.0,1.0,1.3333333333333333,0,5.426564459853255e-05,0.0001040200105971192,4.975436599858665e-05,,,,0.06631191704946104,0.02402167793479748,0.09033359498425853
signed_intensity,62009,dynamic_tracking,misaligned,0.006244448363018656,0.0790218220684556,2.5214899533501764,0,True,0.0,1.0,1.0,0,0.0017424840449915555,0.0017073358593872718,-3.5148185604283715e-05,,,,0.07016211703739827,0.02443001600477146,0.09459213304216973
zero,62009,dynamic_tracking,misaligned,0.1868440861148326,0.4322546542431124,0.0,0,False,1.0,0.0,,3,0.1906160298193213,0.18835575610674726,-0.0022602737125740346,,,,0.0017960499972105026,0.00025823900796240196,0.0020542890051729046
hold,62009,dynamic_tracking,misaligned,0.08695032864313623,0.2948734112176549,2.1454489131568812,0,False,1.0,0.0,,3,0.11085364202686172,0.10943174914456706,-0.001421892882294662,,,,0.0016563909739488736,0.0002430250242468901,0.0018994159981957637
paired,62009,dynamic_tracking,misaligned,0.006244448363018656,0.0790218220684556,2.5214899533501764,0,True,0.0,1.0,1.0,0,0.0017424840449915555,0.0017073358593872718,-3.5148185604283715e-05,,,,0.07312646603531903,0.02458696501707891,0.09771343105239794
paired_lesion,62009,dynamic_tracking,misaligned,0.011394618503950495,0.10674557838126361,2.6800415948017315,0,True,0.0,1.0,1.3333333333333333,0,0.009905357946106816,0.004615673579671151,-0.005289684366435665,,,,0.07087703494471498,0.02463941797032021,0.09551645291503519
diagonal,62009,dynamic_tracking,misaligned,0.008045765890606118,0.08969819335196288,2.556852781178769,0,True,0.0,1.0,1.3333333333333333,0,0.0024141744874932236,0.002824010437578635,0.00040983595008541127,,,,0.09336927002732409,0.030882772014592774,0.12425204204191687
diagonal,62009,cooperative_inventory,paired,0.009719840197998727,0.0985892499109245,2.9518503065642365,0,True,0.0,1.0,5.0,0,0.0011079196803739245,0.0008275983059599882,-0.0002803213744139363,0.0019140414552776233,0.0014377895251770664,0.2763671875,0.09339306197216501,0.02181825898878742,0.11521132096095243
shuffled,62009,cooperative_inventory,paired,0.009939415534046793,0.09969661746542254,2.8611737447265395,0,True,0.0,1.0,5.333333333333333,0,0.0003968816054504265,0.000526696423680455,0.00012981481823002845,0.001986736097753122,0.0009315244886547864,0.3017578125,0.07543749903561547,0.01540161400771467,0.09083911304333014
dense,62009,cooperative_inventory,paired,0.009569616262622201,0.09782441547293907,2.8400717811944096,0,True,0.0,1.0,5.0,0,2.725204546920942e-05,9.318673545125088e-06,-1.7933371924084333e-05,0.001520172787710879,0.0005229612184575747,0.1865234375,0.07498038595804246,0.017127047962276265,0.09210743392031873
signed_intensity,62009,cooperative_inventory,paired,0.009678382886519298,0.09837877254021468,2.894489249794522,0,True,0.0,1.0,5.0,0,0.0002911184959471768,0.00022898204562409513,-6.213645032308168e-05,0.0017995088158669656,0.0011524964438816706,0.220703125,0.08160809298715321,0.019041304010897875,0.10064939699805109
zero,62009,cooperative_inventory,paired,0.0819475613066485,0.28626484469219843,0.0,0,False,1.0,0.0,,3,0.07405476413336785,0.07405476413336785,0.0,0.011485787757492179,0.0,0.955078125,0.0015984310375642963,0.0002662139741005376,0.0018646450116648339
hold,62009,cooperative_inventory,paired,0.048128096643126984,0.21938116747598685,2.263619552010089,0,False,1.0,0.3333333333333333,0.0,2,0.039379860186233684,0.03573683890285885,-0.0036430212833748338,0.0006782600126532196,0.0,0.060546875,0.001805603962566238,0.00024314505571965128,0.002048749018285889
paired,62009,cooperative_inventory,paired,0.009678382886519298,0.09837877254021468,2.894489249794522,0,True,0.0,1.0,5.0,0,0.0002911184959471761,0.0002289820456240953,-6.213645032308082e-05,0.0017995088158669656,0.0011524964438816708,0.220703125,0.0819253539739293,0.01713882303738501,0.09906417701131431
paired_lesion,62009,cooperative_inventory,paired,0.010076500233475602,0.10038177241648806,3.0032377190934305,0,True,0.0,1.0,5.0,0,0.001300924149547971,0.0015171780622496613,0.00021625391270169029,0.001965348621568286,0.0016325121620995966,0.27734375,0.08571937002125196,0.016226146959525067,0.10194551698077703
shuffled,62009,cooperative_inventory,diagonal,0.0074696551684012265,0.08642716684238369,2.899419315433115,0,True,0.0,1.0,4.333333333333333,0,0.00015846867531518045,0.00011672429531285939,-4.174438000232106e-05,0.0006792605444298469,0.00017773328447527327,0.140625,0.07563709600071888,0.017161369003588334,0.09279846500430722
dense,62009,cooperative_inventory,diagonal,0.0072419378186625895,0.08509957590177868,2.819440241287335,0,True,0.0,1.0,4.0,0,1.9265078289643702e-05,9.064557675929175e-06,-1.0200520613714527e-05,0.0010354679451698803,0.00011612563607020054,0.1884765625,0.0712068959910539,0.02673376699385699,0.09794066298491089
signed_intensity,62009,cooperative_inventory,diagonal,0.007522252735857897,0.08673092145168237,2.8762003216632923,0,True,0.0,1.0,4.333333333333333,0,0.00022467347293178097,6.713694088841731e-05,-0.00015753653204336366,0.0009142566001815087,0.0001743370049032944,0.1904296875,0.07791890002408763,0.018132953038730193,0.09605185306281783
zero,62009,cooperative_inventory,diagonal,0.06212264905261906,0.24924415550343212,0.0,0,False,1.0,0.3333333333333333,0.0,2,0.06616165309468092,0.06616165309468092,0.0,0.011485787757492179,0.0,0.955078125,0.0018569670210126787,0.00029334005375858396,0.0021503070747712627
hold,62009,cooperative_inventory,diagonal,0.04562203447623087,0.21359315175405524,2.263619552010089,0,False,1.0,0.3333333333333333,0.0,2,0.05149144994164787,0.04881018764475169,-0.002681262296896185,0.0003573711550767818,0.0,0.0322265625,0.001714667014311999,0.00024806908913888037,0.0019627361034508795
paired,62009,cooperative_inventory,diagonal,0.007522252735857897,0.08673092145168237,2.8762003216632923,0,True,0.0,1.0,4.333333333333333,0,0.0002246734729317809,6.713694088841736e-05,-0.00015753653204336353,0.0009142566001815089,0.0001743370049032944,0.1904296875,0.07748938693111995,0.018465642984665465,0.09595502991578542
paired_lesion,62009,cooperative_inventory,diagonal,0.008440690628061517,0.09187323129215341,3.0019081833350607,0,True,0.0,1.0,4.666666666666667,0,0.0008374682276952351,0.00026027078805861733,-0.0005771974396366178,0.0005590019828310654,0.000506706505248751,0.1201171875,0.08542724800645374,0.01793813897529617,0.10336538698174991
diagonal,62009,cooperative_inventory,diagonal,0.007739478167717199,0.08797430401951015,2.94421681019791,0,True,0.0,1.0,4.333333333333333,0,0.0004933192829826425,0.00017701022152799738,-0.00031630906145464516,0.0005291171645426346,0.00021375051025763933,0.1005859375,0.08241113294934621,0.017858162995253224,0.10026929594459943
dense,62009,cooperative_inventory,misaligned,0.009057759022690702,0.09517225973302673,2.954885066398181,0,True,0.0,1.0,4.666666666666667,0,3.1959676351913024e-05,1.0910569365614588e-05,-2.1049106986298436e-05,0.0011071953840553087,0.00033670821363024063,0.142578125,0.08026248902024236,0.019521409027220216,0.09978389804746257
signed_intensity,62009,cooperative_inventory,misaligned,0.010038926653179054,0.10019444422311576,2.9328671907398376,0,True,0.0,1.0,5.0,0,0.00017632318534139928,0.00013746686892268986,-3.885631641870941e-05,0.00216022533073548,0.0005352219428836946,0.240234375,0.08179369597201003,0.01692986793932505,0.09872356391133508
zero,62009,cooperative_inventory,misaligned,0.07327762346670447,0.2706983994535329,0.0,0,False,1.0,0.0,,3,0.08236210038771986,0.08236210038771986,0.0,0.011485787757492179,0.0,0.955078125,0.0016426949950982817,0.00025476502923993394,0.0018974600243382156
hold,62009,cooperative_inventory,misaligned,0.041439627504770926,0.20356725548272966,2.263619552010089,0,False,1.0,0.3333333333333333,0.0,2,0.04552480370361767,0.041755759238549336,-0.0037690444650683302,0.0006782600126532196,0.0,0.060546875,0.001896649002446793,0.0002687009546207264,0.0021653499570675194
paired,62009,cooperative_inventory,misaligned,0.010038926653179054,0.10019444422311576,2.9328671907398376,0,True,0.0,1.0,5.0,0,0.00017632318534139928,0.00013746686892268986,-3.885631641870941e-05,0.00216022533073548,0.0005352219428836947,0.240234375,0.08168041105091106,0.017901384017022792,0.09958179506793385
paired_lesion,62009,cooperative_inventory,misaligned,0.010716491584871077,0.10352048872020976,2.9933024148115317,0,True,0.0,1.0,5.333333333333333,0,0.0009819894592611469,0.0009080855198601748,-7.39039394009721e-05,0.0024076852189982324,0.0007244963615059709,0.2509765625,0.08927648801909527,0.017746327997883782,0.10702281601697905
diagonal,62009,cooperative_inventory,misaligned,0.010313388915934273,0.10155485668314575,2.9625583032034535,0,True,0.0,1.0,5.333333333333333,0,0.0009613173513615795,0.0005155755345615891,-0.0004457418167999904,0.002322566153779248,0.0005914316674129564,0.2451171875,0.08455887404124951,0.01668740194872953,0.10124627598997904
shuffled,62009,cooperative_inventory,misaligned,0.01078846166103958,0.10386751975973808,2.962720192673951,0,True,0.0,1.0,5.333333333333333,0,0.000325061036659327,0.0005103906617201925,0.0001853296250608655,0.0016309178248144899,0.0004701535709733607,0.2392578125,0.08338186395121738,0.016801919948193245,0.10018378389941063
diagonal,62010,dynamic_tracking,paired,0.01172980936888902,0.10830424446386679,2.9696021303410296,0,True,0.0,1.0,5.0,0,0.002988558662850291,0.005041908818237547,0.002053350155387256,,,,0.06683419199544005,0.02324448001309065,0.0900786720085307
shuffled,62010,dynamic_tracking,paired,0.007096918394367789,0.08424320978196277,2.994266414606377,0,True,0.0,1.0,1.0,0,0.002832654601752089,0.002317179608406504,-0.0005154749933455852,,,,0.06654684504610486,0.024006665036722552,0.09055351008282742
dense,62010,dynamic_tracking,paired,0.0024782818507654175,0.04978234476966124,2.9043451869754633,0,True,0.0,1.0,1.0,0,3.867133471615556e-05,7.918567719439494e-05,4.0514342478239384e-05,,,,0.07083422898722347,0.03757319696887862,0.10840742595610209
signed_intensity,62010,dynamic_tracking,paired,0.01064253856101021,0.10316268007865155,2.9872389003884767,0,True,0.0,1.0,5.666666666666667,0,0.00031338675228702946,0.0027468432138714046,0.0024334564615843754,,,,0.0708926489969599,0.026199326981441118,0.09709197597840102
zero,62010,dynamic_tracking,paired,0.22311021552085228,0.47234544088077346,0.0,0,False,1.0,0.0,,3,0.21373254998491542,0.21086353635171268,-0.002869013633202744,,,,0.001678039989201352,0.00024952903913799673,0.0019275690283393487
hold,62010,dynamic_tracking,paired,0.09319585376245039,0.30527995964761656,2.5322624743455613,0,False,1.0,0.0,,3,0.0974800792504629,0.09648101912714241,-0.0009990601233204888,,,,0.0015839580664760433,0.00028733898216160014,0.0018712970486376435
paired,62010,dynamic_tracking,paired,0.010642538561010212,0.10316268007865156,2.9872389003884767,0,True,0.0,1.0,5.666666666666667,0,0.00031338675228702946,0.0027468432138714046,0.0024334564615843754,,,,0.06867191803030437,0.02493085803143913,0.0936027760617435
paired_lesion,62010,dynamic_tracking,paired,0.014398472438701307,0.11999363499244994,3.075792417649039,0,True,0.0,1.0,4.666666666666667,0,0.0076263462351476045,0.007171956693936024,-0.00045438954121158025,,,,0.0759777369821677,0.025170507011353038,0.10114824399352074
shuffled,62010,dynamic_tracking,diagonal,0.0023388118499672993,0.04836126394096105,2.9678728128566236,0,True,0.0,1.0,1.0,0,0.000380662808022817,0.00022137015915195917,-0.00015929264887085782,,,,0.07472615897859214,0.024665115008247085,0.09939127398683922
dense,62010,dynamic_tracking,diagonal,0.0016705845312433149,0.0408727847258211,2.9052954314437875,0,True,0.0,1.0,0.6666666666666666,0,6.124935241429396e-05,4.4217537961075447e-05,-1.7031814453218518e-05,,,,0.06940394998673582,0.027473685004224535,0.09687763499096036
signed_intensity,62010,dynamic_tracking,diagonal,0.002707286076219315,0.05203158729290617,2.975795406532267,0,True,0.0,1.0,0.6666666666666666,0,0.00024262078902823918,0.00036162430452537416,0.00011900351549713498,,,,0.07545565198961413,0.029087127972161397,0.10454277996177552
zero,62010,dynamic_tracking,diagonal,0.17933058662612145,0.4234744226350884,0.0,0,False,1.0,0.0,,3,0.1966205868650046,0.19442037331095807,-0.0022002135540465373,,,,0.0017133419678430073,0.0003025370533578098,0.002015879021200817
hold,62010,dynamic_tracking,diagonal,0.07921805716604415,0.2814570254338025,2.5322624743455613,0,False,1.0,0.0,,3,0.09363278895334337,0.09247303704625477,-0.0011597519070885992,,,,0.00201515596563695,0.0002645880595082417,0.0022797440251451917
paired,62010,dynamic_tracking,diagonal,0.002707286076219315,0.05203158729290617,2.975795406532267,0,True,0.0,1.0,0.6666666666666666,0,0.00024262078902823918,0.00036162430452537416,0.00011900351549713498,,,,0.07839739595510764,0.030783484980929643,0.10918088093603728
paired_lesion,62010,dynamic_tracking,diagonal,0.005172628764223068,0.0719209897333391,3.1037514312303527,0,True,0.0,1.0,0.6666666666666666,0,0.004403872560381515,0.00030280922156383994,-0.004101063338817676,,,,0.07264514498092467,0.02956200304470258,0.10220714802562725
diagonal,62010,dynamic_tracking,diagonal,0.0031539759714403295,0.05616027040034912,3.0135917008266526,0,True,0.0,1.0,0.6666666666666666,0,0.0006203439857591909,0.00027904734437982515,-0.0003412966413793658,,,,0.08477913605020149,0.034568899012811016,0.1193480350630125
dense,62010,dynamic_tracking,misaligned,0.004217898950747322,0.06494535357319507,2.934916061834888,0,True,0.0,1.0,2.3333333333333335,0,9.049746331305468e-05,7.13231733510523e-05,-1.9174289962002383e-05,,,,0.06733487099700142,0.02585755998006789,0.09319243097706931
signed_intensity,62010,dynamic_tracking,misaligned,0.00725367421605114,0.08516850483630167,2.9968994187779323,0,True,0.0,1.0,1.0,0,0.0024970641626708796,0.0018223126319291824,-0.0006747515307416972,,,,0.07532035795156844,0.027924691981752403,0.10324504993332084
zero,62010,dynamic_tracking,misaligned,0.21037003236004362,0.4586611302040359,0.0,0,False,1.0,0.0,,3,0.2290381108956447,0.22620542004705804,-0.002832690848586644,,,,0.001785706052032765,0.0003146230010315776,0.0021003290530643426
hold,62010,dynamic_tracking,misaligned,0.08876616967167464,0.29793651953339767,2.5322624743455613,0,False,1.0,0.0,,3,0.12037223375247819,0.11940949817225395,-0.000962735580224236,,,,0.0017079509852919728,0.0002429620290058665,0.0019509130142978393
paired,62010,dynamic_tracking,misaligned,0.007253674216051139,0.08516850483630166,2.996899418777932,0,True,0.0,1.0,1.0,0,0.0024970641626708787,0.0018223126319291821,-0.0006747515307416966,,,,0.07841293997626053,0.02748297593643656,0.10589591591269709
paired_lesion,62010,dynamic_tracking,misaligned,0.010168393428581309,0.1008384521330098,3.081838923948154,0,True,0.0,1.0,1.3333333333333333,0,0.008146440158835285,0.003098902438770207,-0.005047537720065078,,,,0.07943663303012727,0.02440631697390927,0.10384295000403654
diagonal,62010,dynamic_tracking,misaligned,0.008952462646689547,0.09461745423910721,3.0086466160237597,0,True,0.0,1.0,1.3333333333333333,0,0.002663197072100828,0.0027724427444604056,0.00010924567235957774,,,,0.06994638594915159,0.024824289983371273,0.09477067593252286
shuffled,62010,dynamic_tracking,misaligned,0.00863364092040916,0.09291738761076508,3.0128830976743233,0,True,0.0,1.0,1.6666666666666667,0,0.002473478449424107,0.002877120668063486,0.0004036422186393788,,,,0.06886730399128282,0.026623420999385417,0.09549072499066824
shuffled,62010,cooperative_inventory,paired,0.01015492287633433,0.10077163726135609,3.1077279570356744,0,True,0.0,1.0,5.0,0,0.0004346954165674197,0.0005109166922143857,7.622127564696599e-05,0.0018046913726654456,0.0010858334357183423,0.2734375,0.11493864900694462,0.03253486299945507,0.1474735120063997
dense,62010,cooperative_inventory,paired,0.009651800934520317,0.09824357960966364,3.015675363619226,0,True,0.0,1.0,4.666666666666667,0,8.709406197896726e-05,3.110413415943575e-05,-5.598992781953151e-05,0.001600976904646497,0.0004424243536088145,0.18359375,0.09746035397984087,0.019281364999187645,0.11674171897902852
signed_intensity,62010,cooperative_inventory,paired,0.009818242976997335,0.09908704747340762,3.0764406060666634,0,True,0.0,1.0,5.0,0,0.0005117514653705758,0.00013875676323102043,-0.00037299470213955535,0.0018444006270074127,0.0009277023211873799,0.2275390625,0.09490406405529939,0.016624874995613936,0.11152893905091332
zero,62010,cooperative_inventory,paired,0.08087181253496231,0.2843796978248664,0.0,0,False,1.0,0.0,,3,0.08725346250565781,0.08725346250565781,0.0,0.011650310337192953,0.0,0.9580078125,0.001953165978193283,0.00026628603518474847,0.0022194520133780316
hold,62010,cooperative_inventory,paired,0.04523062651343719,0.21267493155855768,2.333740637902551,0,False,1.0,0.3333333333333333,0.0,2,0.04584244418916582,0.0433331246686314,-0.002509319520534417,0.00036112561346074917,0.0,0.033203125,0.002108826032781508,0.00035122400731779635,0.002460050040099304
paired,62010,cooperative_inventory,paired,0.009818242976997335,0.09908704747340762,3.0764406060666634,0,True,0.0,1.0,5.0,0,0.0005117514653705758,0.00013875676323102035,-0.00037299470213955545,0.0018444006270074125,0.0009277023211873797,0.2275390625,0.1134938090108335,0.020738442995934747,0.13423225200676825
paired_lesion,62010,cooperative_inventory,paired,0.010477173062447989,0.10235806300652621,3.174442989293839,0,True,0.0,1.0,5.0,0,0.0008336496857679569,0.0026163341141261457,0.0017826844283581889,0.0016512684844391795,0.0015359267532414722,0.232421875,0.11203983007726492,0.019882348999090027,0.13192217907635495
diagonal,62010,cooperative_inventory,paired,0.010027186132513341,0.10013583840220913,3.180347468250555,0,True,0.0,1.0,5.0,0,0.0008173473197946553,0.0010437951560106106,0.00022644783621595527,0.001729970887726961,0.0015817341127009178,0.2314453125,0.11807674499141285,0.020121977038797922,0.13819872203021077
dense,62010,cooperative_inventory,diagonal,0.009058071045965437,0.09517389897427465,3.0399882396705324,0,True,0.0,1.0,4.666666666666667,0,5.122426180421483e-05,4.4498204909283e-05,-6.72605689493183e-06,0.00092651305307419,7.056924820771754e-05,0.169921875,0.0837158740250743,0.018399499997030944,0.10211537402210524
signed_intensity,62010,cooperative_inventory,diagonal,0.009080491823348932,0.0952916146539082,3.091938769094605,0,True,0.0,1.0,5.0,0,0.0002476980253804047,0.000134405905657358,-0.00011329211972304672,0.0009162501505560874,0.00021310585989845203,0.19921875,0.09775894697668264,0.017604099979507737,0.11536304695619037
zero,62010,cooperative_inventory,diagonal,0.07260439887172332,0.2694520344546007,0.0,0,False,1.0,0.0,,3,0.0815808064741425,0.0815808064741425,0.0,0.011650310337192953,0.0,0.9580078125,0.001689435972366482,0.00028237904916750267,0.0019718150215339847
hold,62010,cooperative_inventory,diagonal,0.04836753355571814,0.21992620024844275,2.333740637902551,0,False,1.0,0.3333333333333333,0.0,2,0.05458187850992099,0.054086923749781704,-0.0004949547601392837,0.00018127120275979988,0.0,0.021484375,0.0018595409346744418,0.00025729197659529746,0.0021168329112697393
paired,62010,cooperative_inventory,diagonal,0.009080491823348934,0.09529161465390822,3.0919387690946056,0,True,0.0,1.0,5.0,0,0.0002476980253804049,0.0001344059056573579,-0.00011329211972304699,0.0009162501505560874,0.00021310585989845214,0.19921875,0.09747652702935738,0.018311899031687062,0.11578842606104445
paired_lesion,62010,cooperative_inventory,diagonal,0.010008173767745772,0.1000408604908303,3.151651791862169,0,True,0.0,1.0,5.0,0,0.0005483176857438757,0.0004988589958105908,-4.945868993328493e-05,0.000667588992955274,0.00022319373933629504,0.1484375,0.10491814497072482,0.01909971296117874,0.12401785793190356
diagonal,62010,cooperative_inventory,diagonal,0.009183580180149989,0.09583099801290806,3.1370974854658416,0,True,0.0,1.0,4.666666666666667,0,0.00038717695805484925,0.0003376789487044074,-4.949800935044184e-05,0.0005828537857267833,0.0002466805465085936,0.1416015625,0.11613640701398253,0.032057107040600386,0.14819351405458292
shuffled,62010,cooperative_inventory,diagonal,0.009239240473455096,0.09612096791780186,3.1082074152311776,0,True,0.0,1.0,5.0,0,0.00014291687393126884,0.00018936789709679552,4.6451023165526686e-05,0.0006406612620104455,0.00014775233313213778,0.154296875,0.09754458903626073,0.018902970987255685,0.11644756002351642
signed_intensity,62010,cooperative_inventory,misaligned,0.009463373756656117,0.0972798733379938,3.1138016901549634,0,True,0.0,1.0,4.333333333333333,0,0.0001078787780034363,9.066994639127014e-05,-1.7208831612166163e-05,0.002088167728681767,0.0006938919556550897,0.26171875,0.11166899099771399,0.020812504975765478,0.13248149597347947
zero,62010,cooperative_inventory,misaligned,0.07772049911329969,0.278783964950102,0.0,0,False,1.0,0.0,,3,0.08620481013769789,0.08620481013769789,0.0,0.011650310337192953,0.0,0.9580078125,0.001844994978455361,0.00027277899789623916,0.0021177739763516
hold,62010,cooperative_inventory,misaligned,0.04281638473963437,0.20692120418080492,2.333740637902551,0,False,1.0,0.3333333333333333,1.0,2,0.04783582083903161,0.044694871233254836,-0.003140949605776773,0.00036112561346074917,0.0,0.033203125,0.0019413670015637763,0.00029083902336424217,0.0022322060249280185
paired,62010,cooperative_inventory,misaligned,0.009463373756656117,0.0972798733379938,3.113801690154964,0,True,0.0,1.0,4.333333333333333,0,0.0001078787780034363,9.066994639127013e-05,-1.7208831612166176e-05,0.002088167728681767,0.0006938919556550897,0.26171875,0.10947117098112358,0.018333551022806205,0.12780472200392978
paired_lesion,62010,cooperative_inventory,misaligned,0.01018108713296395,0.10090137329572849,3.1403193385034713,0,True,0.0,1.0,5.0,0,0.0003045144990441066,0.001279976170256258,0.0009754616712121515,0.0022033158013120167,0.0006681443541791095,0.2548828125,0.11383867401309544,0.018113131023710594,0.13195180503680604
diagonal,62010,cooperative_inventory,misaligned,0.009679478268056024,0.09838433954677962,3.1360577870661066,0,True,0.0,1.0,4.666666666666667,0,0.00042193788587929185,0.0005864325027351866,0.00016449461685589476,0.0021686918896999764,0.0007543083039669549,0.2587890625,0.10109119401022326,0.016374184007872827,0.11746537801809609
shuffled,62010,cooperative_inventory,misaligned,0.009966892880559228,0.09983432716535544,3.1311886375840943,0,True,0.0,1.0,5.0,0,0.00017708451179415172,0.0006736492009271341,0.0004965646891329824,0.001743196782589847,0.0004631625671260182,0.2392578125,0.09235381500184303,0.016451965995656792,0.10880578099749982
dense,62010,cooperative_inventory,misaligned,0.009314999318385957,0.09651424412171479,3.0841063822010133,0,True,0.0,1.0,4.333333333333333,0,5.474437262143475e-05,0.00011786177338728493,6.311740076585018e-05,0.0012735558264436665,7.758348174611521e-05,0.1240234375,0.09195329701469745,0.020238599987351336,0.11219189700204879
shuffled,62011,dynamic_tracking,paired,0.006590023745946158,0.0811789612273165,2.9190601734093287,0,True,0.0,1.0,1.0,0,0.002390522906695265,0.0027068010839025203,0.0003162781772072555,,,,0.0653123160082032,0.02553465797973331,0.09084697398793651
dense,62011,dynamic_tracking,paired,0.0022958561865106383,0.04791509351457678,2.8345510170032773,0,True,0.0,1.0,1.0,0,6.0692369437001154e-05,7.958501160473274e-05,1.8892642167731583e-05,,,,0.06597248100297293,0.027246280034887604,0.09321876103786053
signed_intensity,62011,dynamic_tracking,paired,0.008287903711412721,0.09103792457768752,2.9000856915471482,0,True,0.0,1.0,4.333333333333333,0,0.0004992980874842832,0.002063041220740291,0.0015637431332560076,,,,0.07876625303470064,0.025056242069695145,0.10382249510439578
zero,62011,dynamic_tracking,paired,0.2271094703895068,0.47656003859902774,0.0,0,False,1.0,0.0,,3,0.2098102879972953,0.2113898275060869,0.0015795395087915831,,,,0.0015963750338414684,0.0002503690411685966,0.001846744075010065
hold,62011,dynamic_tracking,paired,0.0943442722194022,0.3071551272881542,2.4806829361583755,0,False,1.0,0.0,,3,0.09087046162674782,0.09155255776445323,0.0006820961377054097,,,,0.0015932379974401556,0.00023442698147846386,0.0018276649789186195
paired,62011,dynamic_tracking,paired,0.00828790371141272,0.09103792457768752,2.9000856915471482,0,True,0.0,1.0,4.333333333333333,0,0.0004992980874842831,0.002063041220740291,0.0015637431332560078,,,,0.0652508499842952,0.025364424982399214,0.09061527496669441
paired_lesion,62011,dynamic_tracking,paired,0.015745578977063968,0.12548138896690603,2.9933181986598787,0,True,0.0,1.0,3.3333333333333335,0,0.009943376302118051,0.008311094726813878,-0.0016322815753041734,,,,0.0665759619732853,0.024794918957923073,0.09137088093120838
diagonal,62011,dynamic_tracking,paired,0.011627729945328503,0.10783195233940866,2.883006049482126,0,True,0.0,1.0,4.333333333333333,0,0.002479323927387889,0.00546183443568408,0.0029825105082961906,,,,0.07572064997657435,0.02510995202464983,0.10083060200122418
dense,62011,dynamic_tracking,diagonal,0.001286392532396025,0.035866314731179516,2.8108251624725265,0,True,0.0,1.0,0.3333333333333333,0,7.123491513243374e-05,4.5279975089139855e-05,-2.5954940043293887e-05,,,,0.06620901703718118,0.025673274001746904,0.09188229103892809
signed_intensity,62011,dynamic_tracking,diagonal,0.0020784789676374597,0.04559033853392032,2.875166385392683,0,True,0.0,1.0,0.6666666666666666,0,0.0003745809063026418,0.000399193165420171,2.461225911752922e-05,,,,0.07932071198592894,0.030367724015377462,0.1096884360013064
zero,62011,dynamic_tracking,diagonal,0.1786373942109465,0.4226551717546427,0.0,0,False,1.0,0.0,,3,0.18720642915935565,0.18940817132393906,0.002201742164583409,,,,0.0017012830503517762,0.00025514901062706485,0.001956432060978841
hold,62011,dynamic_tracking,diagonal,0.08008962050318198,0.2830010962932511,2.4806829361583755,0,False,1.0,0.0,,3,0.09073321904439072,0.09167900091045503,0.0009457818660643103,,,,0.001620336959604174,0.00023915496421977878,0.0018594919238239527
paired,62011,dynamic_tracking,diagonal,0.00207847896763746,0.04559033853392032,2.875166385392683,0,True,0.0,1.0,0.6666666666666666,0,0.0003745809063026419,0.00039919316542017094,2.4612259117529056e-05,,,,0.06614371200703317,0.030720006994670257,0.09686371900170343
paired_lesion,62011,dynamic_tracking,diagonal,0.00438774328177972,0.06624004288781613,3.010336704656749,0,True,0.0,1.0,1.0,0,0.004417879392287333,0.00047113493620939853,-0.003946744456077934,,,,0.07057433000591118,0.027111082985356916,0.0976854129912681
diagonal,62011,dynamic_tracking,diagonal,0.0026016446038185526,0.05100631925378024,2.9169057229448723,0,True,0.0,1.0,0.6666666666666666,0,0.0006129967081439749,0.0004058664603776058,-0.00020713024776636908,,,,0.07583713003259618,0.028918653006257955,0.10475578303885413
shuffled,62011,dynamic_tracking,diagonal,0.001983803281045923,0.04453990661245175,2.8734410837429247,0,True,0.0,1.0,0.6666666666666666,0,0.0003694194638694064,0.0002969058805429903,-7.25135833264161e-05,,,,0.08407676305796485,0.03145030997256981,0.11552707303053467
signed_intensity,62011,dynamic_tracking,misaligned,0.006849141083512736,0.082759537719303,2.894111716977752,0,True,0.0,1.0,1.3333333333333333,0,0.002595720371630931,0.001858858766168629,-0.0007368616054623019,,,,0.11092451798322145,0.029547557001933455,0.1404720749851549
zero,62011,dynamic_tracking,misaligned,0.2108583368792638,0.45919313679459955,0.0,0,False,1.0,0.0,,3,0.22377200635958622,0.2251702597882128,0.0013982534286265946,,,,0.0018465630273567513,0.00025887197989504784,0.002105435007251799
hold,62011,dynamic_tracking,misaligned,0.08828330909603824,0.29712507315276887,2.4806829361583755,0,False,1.0,0.0,,3,0.11558760811985963,0.11608841996445202,0.0005008118445923859,,,,0.0019058870238950476,0.0003207849877071567,0.0022266720116022043
paired,62011,dynamic_tracking,misaligned,0.006849141083512736,0.082759537719303,2.894111716977752,0,True,0.0,1.0,1.3333333333333333,0,0.002595720371630931,0.001858858766168629,-0.0007368616054623019,,,,0.0703129989997251,0.025827630030107684,0.09614062902983278
paired_lesion,62011,dynamic_tracking,misaligned,0.010943844857848571,0.10461283314129567,3.0138699790698533,0,True,0.0,1.0,1.3333333333333333,0,0.010466951343752877,0.004307563187832602,-0.006159388155920275,,,,0.06753448701056186,0.02529353299178183,0.09282802000234369
diagonal,62011,dynamic_tracking,misaligned,0.008455409959664883,0.09195330314711311,2.91987284378831,0,True,0.0,1.0,1.3333333333333333,0,0.0023075198185315412,0.002502871500746997,0.00019535168221545586,,,,0.07224269105063286,0.026168355005211197,0.09841104605584405
shuffled,62011,dynamic_tracking,misaligned,0.007432853052626254,0.0862139956887874,2.9167198818273605,0,True,0.0,1.0,1.6666666666666667,0,0.0020999608423960285,0.002511903178162524,0.00041194233576649555,,,,0.06662103399139596,0.025600678018236067,0.09222171200963203
dense,62011,dynamic_tracking,misaligned,0.0022543334359296195,0.047479821355283336,2.814679911407887,0,True,0.0,1.0,1.3333333333333333,0,6.702723073641101e-05,8.009662909315947e-05,1.306939835674846e-05,,,,0.07596093605388887,0.034001406012976076,0.10996234206686495
dense,62011,cooperative_inventory,paired,0.009155158683524636,0.09568259341972622,2.8747495483557053,0,True,0.0,1.0,4.0,0,0.0001652293571103365,1.8415036410413813e-05,-0.0001468143206999227,0.0017128481931428063,0.0015232981079309983,0.18359375,0.08425629395060241,0.03921590803656727,0.12347220198716968
signed_intensity,62011,cooperative_inventory,paired,0.009180024885838344,0.09581244640357715,2.9414530805622516,0,True,0.0,1.0,4.0,0,0.0005651403733757267,7.98223175936621e-05,-0.0004853180557820646,0.0018037476924642696,0.0017481775309258598,0.2353515625,0.08404151903960155,0.018223045946797356,0.10226456498639891
zero,62011,cooperative_inventory,paired,0.08519988908392886,0.29189020039036745,0.0,0,False,1.0,0.0,,3,0.0921529190933241,0.0921529190933241,0.0,0.011563165939986497,0.0,0.9501953125,0.0019844569978886284,0.0002924700529547408,0.002276927050843369
hold,62011,cooperative_inventory,paired,0.04774516908579153,0.21850667972808413,2.312844683194459,0,False,1.0,0.0,,3,0.05787472533757146,0.053028654085926996,-0.004846071251644463,0.0005897851391911288,0.0,0.0400390625,0.0019027820017072372,0.0002530730271246284,0.0021558550288318656
paired,62011,cooperative_inventory,paired,0.009180024885838344,0.09581244640357715,2.9414530805622516,0,True,0.0,1.0,4.0,0,0.0005651403733757267,7.98223175936621e-05,-0.0004853180557820646,0.0018037476924642696,0.0017481775309258598,0.2353515625,0.08562702399649424,0.0222165039886022,0.10784352798509644
paired_lesion,62011,cooperative_inventory,paired,0.00966451772694746,0.09830827903563087,3.033315360981825,0,True,0.0,1.0,4.0,0,0.0019648102142576633,0.00159221886628798,-0.00037259134796968326,0.0018705265312680935,0.0022438072852086757,0.279296875,0.09343839396024123,0.017480447961133905,0.11091884192137513
diagonal,62011,cooperative_inventory,paired,0.009341204224271168,0.09664990545402084,2.9610144909992124,0,True,0.0,1.0,4.0,0,0.0013714242593618402,0.0006182888980569715,-0.0007531353613048687,0.0019660499234708116,0.001896894245688629,0.265625,0.0867296069918666,0.018092929021804594,0.1048225360136712
shuffled,62011,cooperative_inventory,paired,0.00938411949109923,0.09687166505794784,2.9288369177919886,0,True,0.0,1.0,4.333333333333333,0,0.0006161350424723252,0.0005437585545694604,-7.237648790286478e-05,0.002209841248579021,0.0022051339259075097,0.33203125,0.07675714490324026,0.016370728953916114,0.09312787385715637
signed_intensity,62011,cooperative_inventory,diagonal,0.009167325235029295,0.0957461499749692,2.9541046901822443,0,True,0.0,1.0,4.666666666666667,0,0.0004823050493158005,0.00010844682924942897,-0.0003738582200663715,0.0009404986133864815,0.00045749028411319777,0.1787109375,0.08328333900863072,0.01947192799707409,0.10275526700570481
zero,62011,cooperative_inventory,diagonal,0.07879036239384093,0.2806962101522586,0.0,0,False,1.0,0.0,,3,0.08840240153583367,0.08840240153583367,0.0,0.011563165939986497,0.0,0.9501953125,0.001697390980552882,0.0002524029914638959,0.0019497939720167778
hold,62011,cooperative_inventory,diagonal,0.055095600347856405,0.23472452012488257,2.312844683194459,0,False,1.0,0.3333333333333333,0.0,2,0.07191268350300725,0.06832079563366286,-0.00359188786934439,0.00038909837177617944,0.0,0.0263671875,0.0016193699921132065,0.0002340909995837137,0.0018534609916969202
paired,62011,cooperative_inventory,diagonal,0.009167325235029295,0.0957461499749692,2.9541046901822443,0,True,0.0,1.0,4.666666666666667,0,0.0004823050493158009,0.0001084468292494291,-0.0003738582200663718,0.0009404986133864817,0.00045749028411319777,0.1787109375,0.07856230401375797,0.01776345298276283,0.0963257569965208
paired_lesion,62011,cooperative_inventory,diagonal,0.01009922438829805,0.10049489732468038,3.0809941826962746,0,True,0.0,1.0,4.666666666666667,0,0.0014230444611594817,0.0003518217654581388,-0.001071222695701343,0.0005924067150046861,0.0008243585881825841,0.1279296875,0.08911053899646504,0.019162831929861568,0.1082733709263266
diagonal,62011,cooperative_inventory,diagonal,0.009291212977073407,0.0963909382518575,3.0211922931912873,0,True,0.0,1.0,4.666666666666667,0,0.0007484192343935748,0.0001654477116861241,-0.0005829715227074507,0.0005807934947463393,0.000603001387488714,0.1162109375,0.08363685899530537,0.017974271009734366,0.10161113000503974
shuffled,62011,cooperative_inventory,diagonal,0.009173279439626383,0.09577723863020056,2.9775731951359945,0,True,0.0,1.0,4.666666666666667,0,0.0003767446987618257,0.00011766594848647985,-0.0002590787502753458,0.0006641338285338529,0.0004522638880086018,0.1494140625,0.07801221297268057,0.019586579015594907,0.09759879198827548
dense,62011,cooperative_inventory,diagonal,0.009000749740439119,0.09487228120183007,2.907030132164592,0,True,0.0,1.0,4.333333333333333,0,0.0001450396647124889,1.542657793758839e-05,-0.00012961308677490052,0.0008272709783242467,0.00021438306163056,0.16796875,0.0752849689888535,0.018261903991515283,0.09354687298036879
zero,62011,cooperative_inventory,misaligned,0.08643670546618777,0.2940011997699801,0.0,0,False,1.0,0.0,,3,0.09952243381419609,0.09952243381419609,0.0,0.011563165939986497,0.0,0.9501953125,0.001522742946690414,0.00024776498321443796,0.001770507929904852
hold,62011,cooperative_inventory,misaligned,0.05013816374383223,0.22391552814361096,2.312844683194459,0,False,1.0,0.0,,3,0.06529903563539476,0.05990305635428086,-0.005395979281113898,0.0005897851391911288,0.0,0.0400390625,0.0016235260336543433,0.00023753194545861334,0.0018610579791129567
paired,62011,cooperative_inventory,misaligned,0.010418226050260292,0.10206971171831677,3.0867954134581206,0,True,0.0,1.0,4.666666666666667,0,0.00029999291126111904,0.00021015069823850145,-8.984221302261758e-05,0.0020696104324033943,0.002001657569080982,0.2841796875,0.08123291400988819,0.016314700995280873,0.09754761500516906
paired_lesion,62011,cooperative_inventory,misaligned,0.011431413460207731,0.10691778832452405,3.064104390262904,0,True,0.0,1.0,5.0,0,0.0016011265720674624,0.0012958704705946184,-0.0003052561014728441,0.0021790739349248794,0.001400330180718293,0.302734375,0.09527256897854386,0.01677520200610161,0.11204777098464547
diagonal,62011,cooperative_inventory,misaligned,0.010698509376530899,0.10343359887643327,3.026956788328855,0,True,0.0,1.0,5.0,0,0.0012231340122221654,0.0004933102689171375,-0.0007298237433050279,0.0022901867145779875,0.001430718872971005,0.2919921875,0.0817382879613433,0.016237015028309543,0.09797530298965285
shuffled,62011,cooperative_inventory,misaligned,0.010717821008017676,0.10352690958401915,2.974270989647615,0,True,0.0,1.0,5.0,0,0.000754562128783,0.0004638068504458373,-0.00029075527833716263,0.0018673693417541643,0.0011499398406943605,0.2802734375,0.07430975403258344,0.016028079960960895,0.09033783399354434
dense,62011,cooperative_inventory,misaligned,0.00976634667222591,0.09882482821753807,2.982567858975276,0,True,0.0,1.0,4.666666666666667,0,0.00017765126695146264,4.474015514276335e-05,-0.00013291111180869928,0.001543524130308008,0.0013628913949354548,0.17578125,0.08513151399529306,0.019648036985017825,0.10477955098031089
signed_intensity,62011,cooperative_inventory,misaligned,0.010418226050260292,0.10206971171831677,3.0867954134581215,0,True,0.0,1.0,4.666666666666667,0,0.0002999929112611191,0.00021015069823850132,-8.984221302261777e-05,0.0020696104324033943,0.0020016575690809824,0.2841796875,0.0860140349905123,0.01711403796070954,0.10312807295122184
dense,62012,dynamic_tracking,paired,0.0031376443177683314,0.05601467948465234,2.7474991095599277,0,True,0.0,1.0,1.0,0,8.484959665547454e-05,8.94975294055464e-05,4.647932750071867e-06,,,,0.068901688013284,0.026438877044711262,0.09534056505799526
signed_intensity,62012,dynamic_tracking,paired,0.011286308690484331,0.10623704010600225,2.8055869977298427,0,True,0.0,1.0,6.0,0,0.0004872804682019607,0.004605172069730739,0.0041178916015287784,,,,0.06821709001087584,0.025999053978011943,0.09421614398888778
zero,62012,dynamic_tracking,paired,0.23204321686506754,0.4817086431288809,0.0,0,False,1.0,0.0,,3,0.18909306944509358,0.19069044128675566,0.0015973718416620875,,,,0.00221162802336039,0.0003974119827034883,0.0026090400060638785
hold,62012,dynamic_tracking,paired,0.09801836244037906,0.3130788438083593,2.348123882461409,0,False,1.0,0.0,,3,0.09237502691293234,0.09252341157969088,0.00014838466675853867,,,,0.0018025970057351515,0.0002956570460810326,0.002098254051816184
paired,62012,dynamic_tracking,paired,0.011286308690484331,0.10623704010600225,2.8055869977298427,0,True,0.0,1.0,6.0,0,0.0004872804682019607,0.004605172069730739,0.0041178916015287784,,,,0.06891247202293016,0.027453081966086756,0.09636555398901692
paired_lesion,62012,dynamic_tracking,paired,0.017906877368455473,0.1338165810669794,2.8935432468203857,0,True,0.0,1.0,6.333333333333333,0,0.012248002432441615,0.008427383601354166,-0.0038206188310874484,,,,0.06818307800131151,0.025574546023563016,0.09375762402487453
diagonal,62012,dynamic_tracking,paired,0.013146455090840557,0.11465799183153591,2.805268266462769,0,True,0.0,1.0,5.0,0,0.0033909839910123635,0.005832535996839809,0.0024415520058274458,,,,0.06947929604211822,0.025772004955797456,0.09525130099791568
shuffled,62012,dynamic_tracking,paired,0.007350754317933804,0.08573654015607234,2.8078441990013085,0,True,0.0,1.0,1.0,0,0.0031229716337671824,0.003323251467962662,0.00020027983419547944,,,,0.06429767506051576,0.024875783987226896,0.08917345904774265
signed_intensity,62012,dynamic_tracking,diagonal,0.0030139768012558,0.05489969764266284,2.7914450613337483,0,True,0.0,1.0,1.0,0,0.0003120951361379481,0.0007146900525377342,0.00040259491639978607,,,,0.06638397306960542,0.025854132021777332,0.09223810509138275
zero,62012,dynamic_tracking,diagonal,0.18118586573097828,0.4256593306048609,0.0,0,False,1.0,0.0,,3,0.16578777744011444,0.16749650271838643,0.001708725278271983,,,,0.0016141609521582723,0.00025025498325703666,0.001864415935415309
hold,62012,dynamic_tracking,diagonal,0.08134647550999163,0.28521303530868225,2.348123882461409,0,False,1.0,0.0,,3,0.08642674893317961,0.08699606188762006,0.0005693129544404457,,,,0.0016254711226793006,0.0002485790537321009,0.0018740501764114015
paired,62012,dynamic_tracking,diagonal,0.0030139768012558,0.05489969764266284,2.7914450613337483,0,True,0.0,1.0,1.0,0,0.0003120951361379481,0.000714690052537734,0.00040259491639978585,,,,0.06693751696730033,0.026193392084678635,0.09313090905197896
paired_lesion,62012,dynamic_tracking,diagonal,0.006319166484272897,0.07949318514358886,2.948821760606016,0,True,0.0,1.0,1.0,0,0.006194321299412272,0.0006014761961744388,-0.005592845103237833,,,,0.06971972904284485,0.025269609061069787,0.09498933810391463
diagonal,62012,dynamic_tracking,diagonal,0.003520825701656204,0.059336546088024064,2.8411431253898227,0,True,0.0,1.0,1.0,0,0.0008130874649972092,0.0005369078902727456,-0.00027617957472446364,,,,0.06775062897941098,0.025240869013941847,0.09299149799335282
shuffled,62012,dynamic_tracking,diagonal,0.0023115837629777694,0.048078932631431925,2.7939461013628355,0,True,0.0,1.0,1.0,0,0.00041917549224256245,0.0004026771866511056,-1.649830559145686e-05,,,,0.06685496300633531,0.026245370987453498,0.09310033399378881
dense,62012,dynamic_tracking,diagonal,0.001682815319908987,0.041022132074149766,2.729965573062192,0,True,0.0,1.0,1.0,0,8.162610875816023e-05,5.840313617233643e-05,-2.3222972585823797e-05,,,,0.07821726099064108,0.027835502944071777,0.10605276393471286
zero,62012,dynamic_tracking,misaligned,0.2137112557822236,0.46228914737664306,0.0,0,False,1.0,0.0,,3,0.19899545984298322,0.20067703040062634,0.0016815705576431195,,,,0.0016888079771888442,0.0002530169949750416,0.0019418249721638858
hold,62012,dynamic_tracking,misaligned,0.09167676572776222,0.3027817130009047,2.348123882461409,0,False,1.0,0.0,,3,0.1151248141168629,0.11535740010312505,0.00023258598626214877,,,,0.0017524729992146604,0.00024601203040219843,0.001998485029616859
paired,62012,dynamic_tracking,misaligned,0.008670943926181876,0.09311790336010511,2.830379664387657,0,True,0.0,1.0,2.3333333333333335,0,0.003000490092843795,0.0032302036009255897,0.00022971350808179483,,,,0.08044133497605799,0.03905876797216479,0.11950010294822278
paired_lesion,62012,dynamic_tracking,misaligned,0.012018793860586022,0.10963025978527106,2.922247399142319,0,True,0.0,1.0,1.6666666666666667,0,0.011368499865211648,0.003983648423858099,-0.007384851441353549,,,,0.0720737830051803,0.02620720201957738,0.09828098502475768
diagonal,62012,dynamic_tracking,misaligned,0.009864447572007011,0.09931992535240354,2.856212804032684,0,True,0.0,1.0,1.6666666666666667,0,0.0031605349388210916,0.0030117766840815716,-0.00014875825473951998,,,,0.07389910699566826,0.04612577099032933,0.12002487798599759
shuffled,62012,dynamic_tracking,misaligned,0.008922380951223658,0.09445835564535124,2.847738384987726,0,True,0.0,1.0,1.6666666666666667,0,0.002746894584991751,0.003127529341544026,0.0003806347565522752,,,,0.0697670280278544,0.028726536969770677,0.09849356499762507
dense,62012,dynamic_tracking,misaligned,0.002894207911257094,0.0537978429981825,2.752220626115464,0,True,0.0,1.0,1.0,0,8.6636475211583e-05,8.998451791359074e-05,3.3480427020077377e-06,,,,0.07262655095837545,0.028679854985966813,0.10130640594434226
signed_intensity,62012,dynamic_tracking,misaligned,0.008670943926181878,0.09311790336010513,2.830379664387657,0,True,0.0,1.0,2.3333333333333335,0,0.003000490092843796,0.00323020360092559,0.00022971350808179396,,,,0.07908462701016106,0.027922188965021633,0.10700681597518269
signed_intensity,62012,cooperative_inventory,paired,0.009613534752015639,0.09804863462596325,2.9171621327478157,0,True,0.0,1.0,4.666666666666667,0,0.00024194129878676694,4.844473921209335e-05,-0.00019349655957467358,0.001960758735367219,0.0010475435614003574,0.2392578125,0.08222206707432633,0.017134472989710048,0.09935654006403638
zero,62012,cooperative_inventory,paired,0.10561829360631111,0.3249896823074713,0.0,0,False,1.0,0.0,,3,0.11671897415913911,0.11671897415913911,0.0,0.010036219529929124,0.0,0.9384765625,0.0017320899496553466,0.0002570819779066369,0.0019891719275619835
hold,62012,cooperative_inventory,paired,0.050820707640558,0.22543448636035704,2.320477865947237,0,False,1.0,0.0,,3,0.04810928440283956,0.042524868834981716,-0.005584415567857846,0.0005495651010430602,0.0,0.0283203125,0.0018729089642874897,0.000248863005253952,0.0021217719695414416
paired,62012,cooperative_inventory,paired,0.009613534752015637,0.09804863462596324,2.9171621327478157,0,True,0.0,1.0,4.666666666666667,0,0.00024194129878676678,4.844473921209326e-05,-0.00019349655957467352,0.001960758735367219,0.0010475435614003567,0.2392578125,0.08406475200899877,0.018211564994999208,0.10227631700399797
paired_lesion,62012,cooperative_inventory,paired,0.010199302095727603,0.10099159418351412,3.1363527928523043,0,True,0.0,1.0,4.666666666666667,0,0.0013703033910771845,0.001546110897811248,0.0001758075067340634,0.001701465811406452,0.0023550647717432436,0.271484375,0.09523813699343009,0.01726149803289445,0.11249963502632454
diagonal,62012,cooperative_inventory,paired,0.009771260154105945,0.09884968464343194,3.077174396275872,0,True,0.0,1.0,4.666666666666667,0,0.0010194961177382828,0.0007768375907277724,-0.0002426585270105104,0.0017219651368807153,0.002001783737846601,0.29296875,0.09473911399982171,0.019365889944310766,0.11410500394413248
shuffled,62012,cooperative_inventory,paired,0.00990283957650516,0.0995130120964347,2.984044817715919,0,True,0.0,1.0,5.0,0,0.00040864079242390334,0.00037110785050780857,-3.753294191609477e-05,0.0017961152084242727,0.0014069040568472798,0.30078125,0.08568506498704664,0.017965116014238447,0.10365018100128509
dense,62012,cooperative_inventory,paired,0.009727544402985969,0.09862831440811491,2.8223540985436744,0,True,0.0,1.0,4.666666666666667,0,6.038825206168174e-05,3.3194403051509846e-05,-2.7193849010171894e-05,0.0020072039377618746,0.000393316517256502,0.2060546875,0.08830830199440243,0.02102714999637101,0.10933545199077344
zero,62012,cooperative_inventory,diagonal,0.09787805011128073,0.3128546789026508,0.0,0,False,1.0,0.0,,3,0.11380923081036952,0.11380923081036952,0.0,0.010036219529929124,0.0,0.9384765625,0.0015320740203605965,0.00023222999880090356,0.0017643040191615
hold,62012,cooperative_inventory,diagonal,0.05621098798847617,0.23708856570589013,2.320477865947237,0,False,1.0,0.0,,3,0.061281164564755006,0.056620523581811674,-0.0046606409829433315,0.0004341141615931902,0.0,0.0263671875,0.0015964549893396907,0.0002321860083611682,0.0018286409977008589
paired,62012,cooperative_inventory,diagonal,0.010546916129633262,0.10269817977760493,2.954624707239416,0,True,0.0,1.0,5.333333333333333,0,0.0002311522189962202,7.718652143069946e-05,-0.00015396569756552075,0.0010801341111420731,0.0002810981663826997,0.1953125,0.08587743601674447,0.01913447003607871,0.10501190605282318
paired_lesion,62012,cooperative_inventory,diagonal,0.010794441552932351,0.10389630192135017,3.090482128747298,0,True,0.0,1.0,5.333333333333333,0,0.0008410185647473975,0.0003181101624030202,-0.0005229084023443773,0.0006310937866371763,0.0007062540391306481,0.1640625,0.08856451896281214,0.017189277001307346,0.10575379596411949
diagonal,62012,cooperative_inventory,diagonal,0.01063292817231691,0.10311609075365935,3.0424284038820435,0,True,0.0,1.0,5.333333333333333,0,0.0005037881399635252,0.0001980460837619898,-0.00030574205620153536,0.0006352522361012206,0.000507478193815307,0.1669921875,0.08069716895261081,0.016785813022579532,0.09748298197519034
shuffled,62012,cooperative_inventory,diagonal,0.010603034629980213,0.10297103782122531,2.983179901163343,0,True,0.0,1.0,5.333333333333333,0,0.0002159703600990502,9.195822812722309e-05,-0.0001240121319718271,0.0007629841472277084,0.000278992889438609,0.1513671875,0.07964239097054815,0.029620099972817115,0.10926249094336526
dense,62012,cooperative_inventory,diagonal,0.010414173431838208,0.10204985757872574,2.8912967625027517,0,True,0.0,1.0,5.0,0,5.179877693717545e-05,2.2425378495495873e-05,-2.9373398441679578e-05,0.0010496480207769533,9.211151646174612e-05,0.169921875,0.07364935506484471,0.018421008026052732,0.09207036309089744
signed_intensity,62012,cooperative_inventory,diagonal,0.010546916129633262,0.10269817977760493,2.9546247072394163,0,True,0.0,1.0,5.333333333333333,0,0.00023115221899622026,7.718652143069942e-05,-0.00015396569756552086,0.0010801341111420731,0.0002810981663826997,0.1953125,0.08461900801194133,0.017947082036698703,0.10256609004864004
hold,62012,cooperative_inventory,misaligned,0.04944703723882933,0.2223668978036734,2.320477865947237,0,False,1.0,0.0,,3,0.050913176178810644,0.044972884012632254,-0.00594029216617839,0.0005495651010430602,0.0,0.0283203125,0.0018445570531184785,0.00026426403201185167,0.00210882108513033
paired,62012,cooperative_inventory,misaligned,0.010678164104134734,0.10333520263750749,3.042419051761952,0,True,0.0,1.0,4.666666666666667,0,9.021698437591886e-05,3.772492172054298e-05,-5.249206265537588e-05,0.0020459694845112535,0.0008343704483505033,0.2998046875,0.08316633600043133,0.017170246988825966,0.1003365829892573
paired_lesion,62012,cooperative_inventory,misaligned,0.011225759063786995,0.10595168268501919,3.0754712030864217,0,True,0.0,1.0,5.0,0,0.0013779546143198817,0.001192493442574006,-0.0001854611717458756,0.002100626437635574,0.0007482072993707084,0.302734375,0.09099745405546855,0.015229521035507787,0.10622697509097634
diagonal,62012,cooperative_inventory,misaligned,0.010805966473962694,0.10395175070176882,3.045859526863916,0,True,0.0,1.0,4.666666666666667,0,0.0010585430801224975,0.000557052432208543,-0.0005014906479139545,0.0022048803340374962,0.0007646185891808227,0.296875,0.0813107030116953,0.015922980033792555,0.09723368304548785
shuffled,62012,cooperative_inventory,misaligned,0.010975080206843133,0.10476201700446175,3.038929188269937,0,True,0.0,1.0,5.333333333333333,0,0.0005287211369085258,0.0005880159829991679,5.929484609064209e-05,0.0017025775654326242,0.0005039421428016395,0.2734375,0.08388365101563977,0.017628909976338036,0.10151256099197781
dense,62012,cooperative_inventory,misaligned,0.010241988549366424,0.1012027101878523,3.0056311765236927,0,True,0.0,1.0,4.666666666666667,0,6.671835649438542e-05,3.1726467005119445e-05,-3.499188948926598e-05,0.001215547375239505,0.00012749110756029523,0.1416015625,0.09538463501667138,0.031458932055102196,0.12684356707177358
signed_intensity,62012,cooperative_inventory,misaligned,0.010678164104134732,0.10333520263750748,3.042419051761952,0,True,0.0,1.0,4.666666666666667,0,9.02169843759189e-05,3.7724921720542996e-05,-5.249206265537591e-05,0.002045969484511254,0.0008343704483505042,0.2998046875,0.08206919399526669,0.016302882024319842,0.09837207601958653
zero,62012,cooperative_inventory,misaligned,0.10422455923558713,0.3228382865082565,0.0,0,False,1.0,0.0,,3,0.11758297081897448,0.11758297081897448,0.0,0.010036219529929124,0.0,0.9384765625,0.0017190709986607544,0.00025598399952286854,0.001975054998183623
signed_intensity,62013,dynamic_tracking,paired,0.009131503021302202,0.09555889817961592,2.5376239423645623,0,True,0.0,1.0,4.666666666666667,0,0.0005159799107986903,0.0022685134311010028,0.0017525335203023124,,,,0.0658168439695146,0.026567140004772227,0.09238398397428682
zero,62013,dynamic_tracking,paired,0.19314007789985066,0.4394770504814224,0.0,0,False,1.0,0.0,,3,0.16937607086132767,0.169844959104611,0.00046888824328333856,,,,0.0016130799776874483,0.00026639102725312114,0.0018794710049405694
hold,62013,dynamic_tracking,paired,0.08395624249371436,0.2897520362201349,2.1817749839155076,0,False,1.0,0.0,,3,0.08527865496431078,0.08430802681407291,-0.000970628150237865,,,,0.0016890230035642162,0.00024210601259255782,0.001931129016156774
paired,62013,dynamic_tracking,paired,0.009131503021302204,0.09555889817961592,2.5376239423645623,0,True,0.0,1.0,4.666666666666667,0,0.0005159799107986906,0.0022685134311010028,0.0017525335203023122,,,,0.07013973801076645,0.02434074503253214,0.09448048304329859
paired_lesion,62013,dynamic_tracking,paired,0.01488016473062114,0.12198428067017955,2.6177941535299407,0,True,0.0,1.0,4.333333333333333,0,0.007480788627675598,0.007046151150573517,-0.0004346374771020808,,,,0.06375715100148227,0.024718026972550433,0.0884751779740327
diagonal,62013,dynamic_tracking,paired,0.011139954412111032,0.10554598245367292,2.5461985963798757,0,True,0.0,1.0,4.666666666666667,0,0.0025208400452324947,0.004538978039150593,0.0020181379939180986,,,,0.06461870000202907,0.02455869998811977,0.08917739999014884
shuffled,62013,dynamic_tracking,paired,0.006075918802789781,0.07794818024039933,2.5630939034105245,0,True,0.0,1.0,1.0,0,0.0023815324922323413,0.001971574206833933,-0.00040995828539840823,,,,0.06690145798347658,0.025641584004915785,0.09254304198839236
dense,62013,dynamic_tracking,paired,0.002673386567102793,0.051704802166750365,2.4726760446257865,0,True,0.0,1.0,2.3333333333333335,0,7.048139656673285e-05,0.00010503274933701236,3.45513527702795e-05,,,,0.06561894897458842,0.025274687039200217,0.09089363601378864
zero,62013,dynamic_tracking,diagonal,0.1554829440779078,0.3943132562797094,0.0,0,False,1.0,0.0,,3,0.1528985964856488,0.15425500441393328,0.001356407928284481,,,,0.0016282920478261076,0.00029012606682954356,0.0019184181146556512
hold,62013,dynamic_tracking,diagonal,0.07143722005867334,0.2672774215280321,2.1817749839155076,0,False,1.0,0.0,,3,0.08100043335603307,0.08106646427179984,6.603091576676268e-05,,,,0.0016618589870631695,0.00022989600984146819,0.0018917549969046377
paired,62013,dynamic_tracking,diagonal,0.002031026990055933,0.045066916802194636,2.505698560141571,0,True,0.0,1.0,1.0,0,0.0003496151485348518,0.0005127381154445886,0.00016312296690973677,,,,0.06778423997457139,0.02707416093471693,0.09485840090928832
paired_lesion,62013,dynamic_tracking,diagonal,0.00439012108081077,0.06625798880746962,2.639034190224943,0,True,0.0,1.0,1.0,0,0.004195625081128617,0.0004749518038245763,-0.003720673277304041,,,,0.06564717602304881,0.02411325092543848,0.08976042694848729
diagonal,62013,dynamic_tracking,diagonal,0.0026375548122225174,0.05135713010111174,2.553743968378308,0,True,0.0,1.0,1.0,0,0.0007553082754646959,0.0003323724903071487,-0.00042293578515754715,,,,0.06573062200914137,0.024704386058147065,0.09043500806728844
shuffled,62013,dynamic_tracking,diagonal,0.0018933336283758144,0.04351245371587098,2.510883333024714,0,True,0.0,1.0,0.6666666666666666,0,0.000408717887365964,0.0002291396027626458,-0.0001795782846033182,,,,0.06574906206515152,0.02430157995695481,0.09005064202210633
dense,62013,dynamic_tracking,diagonal,0.001585400855261714,0.03981709250135818,2.4496478090872063,0,True,0.0,1.0,0.6666666666666666,0,6.146303149436005e-05,5.15401789500628e-05,-9.922852544297248e-06,,,,0.06639702701068018,0.0260605939256493,0.09245762093632948
signed_intensity,62013,dynamic_tracking,diagonal,0.002031026990055933,0.045066916802194636,2.505698560141571,0,True,0.0,1.0,1.0,0,0.0003496151485348518,0.0005127381154445886,0.00016312296690973677,,,,0.06555968095199205,0.03310354800487403,0.09866322895686608
hold,62013,dynamic_tracking,misaligned,0.08272957058038999,0.28762748578741565,2.1817749839155076,0,False,1.0,0.0,,3,0.11245433792099391,0.11214847556385557,-0.00030586235713833676,,,,0.0018054389511235058,0.00025724302395246923,0.002062681975075975
paired,62013,dynamic_tracking,misaligned,0.008129605965757486,0.09016432756782189,2.527674562477783,0,True,0.0,1.0,2.3333333333333335,0,0.0028839482056756552,0.002091982804991886,-0.0007919654006837691,,,,0.06736191595700802,0.025313337981060613,0.09267525393806864
paired_lesion,62013,dynamic_tracking,misaligned,0.01068945030752004,0.1033897978889602,2.631151418527076,0,True,0.0,1.0,1.3333333333333333,0,0.008131298434688749,0.00323818487090988,-0.004893113563778868,,,,0.06745316596061457,0.025860283021756914,0.09331344898237148
diagonal,62013,dynamic_tracking,misaligned,0.00968884092095566,0.0984319100747093,2.5627903720766514,0,True,0.0,1.0,1.6666666666666667,0,0.0024480668012464286,0.0026979935474923432,0.0002499267462459146,,,,0.06619078303629067,0.03328200195392128,0.09947278499021195
shuffled,62013,dynamic_tracking,misaligned,0.008138789761331755,0.09021524129176707,2.5510119506084625,0,True,0.0,1.0,1.6666666666666667,0,0.0020491139194806956,0.002728910091352928,0.0006797961718722325,,,,0.06458742300310405,0.025134412993793376,0.08972183599689743
dense,62013,dynamic_tracking,misaligned,0.00276561622962235,0.05258912653412633,2.448053626240007,0,True,0.0,1.0,1.0,0,6.048951950338131e-05,8.458563649057824e-05,2.409611698719693e-05,,,,0.06764723396190675,0.02650246405391954,0.09414969801582629
signed_intensity,62013,dynamic_tracking,misaligned,0.008129605965757486,0.09016432756782189,2.527674562477783,0,True,0.0,1.0,2.3333333333333335,0,0.0028839482056756552,0.0020919828049918857,-0.0007919654006837695,,,,0.06786305197601905,0.024523997046344448,0.0923870490223635
zero,62013,dynamic_tracking,misaligned,0.18716060901215026,0.4326206294343235,0.0,0,False,1.0,0.0,,3,0.1844086166263973,0.18554226827262965,0.0011336516462323587,,,,0.0016510089844814502,0.0003086850338149816,0.0019596940182964318
zero,62013,cooperative_inventory,paired,0.09264254573211067,0.30437238004147266,0.0,0,False,1.0,0.0,,3,0.09366085856495303,0.09366085856495303,0.0,0.011644736230806038,0.0,0.96484375,0.0016108089766930789,0.00024029702763073146,0.0018511060043238103
hold,62013,cooperative_inventory,paired,0.05054797909910002,0.22482877729307701,2.3792795461779006,0,False,1.0,0.3333333333333333,4.0,2,0.05237197534787884,0.05135684476971071,-0.0010151305781681275,0.0005237383988720471,0.0,0.048828125,0.0016025280274334364,0.0002473370550433174,0.0018498650824767537
paired,62013,cooperative_inventory,paired,0.010262852265442778,0.10130573658704022,3.095449319317602,0,True,0.0,1.0,5.0,0,0.00031159056767901896,6.47714181927385e-05,-0.00024681914948628046,0.0017668172809044028,0.0013208017999472778,0.2744140625,0.09382417394954246,0.015901289974863175,0.10972546392440563
paired_lesion,62013,cooperative_inventory,paired,0.010449029830953995,0.1022204961392479,3.1652231067952523,0,True,0.0,1.0,4.666666666666667,0,0.0006218203763046841,0.002284724668860362,0.0016629042925556782,0.001910069842267311,0.0016927875732594476,0.2978515625,0.1015439379698364,0.016270813976007048,0.11781475194584345
diagonal,62013,cooperative_inventory,paired,0.010595087806138617,0.10293244292320385,3.1695452121611227,0,True,0.0,1.0,5.0,0,0.000748849485890363,0.0009561247961580783,0.0002072753102677153,0.0019073197635065635,0.0016533327894831071,0.296875,0.11731597500329372,0.01808421495661605,0.13540018995990977
shuffled,62013,cooperative_inventory,paired,0.011026671772486254,0.10500796051960182,3.0907408951881585,0,True,0.0,1.0,5.0,0,0.00026549194087825776,0.0007264233476324262,0.00046093140675416847,0.002103160211240842,0.0012299628239549106,0.3515625,0.0989020929846447,0.01449991997651523,0.11340201296115993
dense,62013,cooperative_inventory,paired,0.010415591102598218,0.10205680331363617,2.9984935614447714,0,True,0.0,1.0,5.0,0,8.997087877585903e-05,1.197182156782931e-05,-7.799905720802972e-05,0.0014648284086262475,0.0004246309144587041,0.216796875,0.09529633303463925,0.018490636990463827,0.11378697002510307
signed_intensity,62013,cooperative_inventory,paired,0.010262852265442778,0.10130573658704022,3.095449319317602,0,True,0.0,1.0,5.0,0,0.00031159056767901885,6.477141819273852e-05,-0.00024681914948628035,0.001766817280904403,0.001320801799947278,0.2744140625,0.101107643051364,0.015619912977854256,0.11672755602921825
hold,62013,cooperative_inventory,diagonal,0.05283877062060749,0.22986685411474073,2.3792795461779006,0,False,1.0,0.3333333333333333,0.0,2,0.0599380959100786,0.06171897645146725,0.0017808805413886478,0.0002864067542406162,0.0,0.0283203125,0.00178660404344555,0.00023964707361301407,0.002026251117058564
paired,62013,cooperative_inventory,diagonal,0.009158763599362955,0.09570142945308056,3.079699523790514,0,True,0.0,1.0,4.333333333333333,0,0.00035395867559347594,7.545153159250822e-05,-0.0002785071440009677,0.0009943245529023498,0.0005849280605694598,0.232421875,0.10594865700841183,0.019843598987790756,0.12579225599620258
paired_lesion,62013,cooperative_inventory,diagonal,0.009203277386048644,0.09593371350077429,3.1624399210582834,0,True,0.0,1.0,4.333333333333333,0,0.00039702061233996713,0.0002623648488645771,-0.00013465576347539002,0.0008236314630639841,0.0008923174463521495,0.1767578125,0.10303733397449832,0.01681197802827228,0.1198493120027706
diagonal,62013,cooperative_inventory,diagonal,0.009134583817412518,0.09557501670108418,3.130981828772569,0,True,0.0,1.0,4.333333333333333,0,0.0006264066324217267,0.0001990966921888762,-0.00042730994023285046,0.0007474446462666105,0.0006459400112614352,0.169921875,0.10125084799801698,0.01865515798999695,0.11990600598801393
shuffled,62013,cooperative_inventory,diagonal,0.009190994714111299,0.09586967567542565,3.076557754641108,0,True,0.0,1.0,4.333333333333333,0,0.0003631698216312448,0.00012383809693653806,-0.00023933172469470674,0.0008566797917232929,0.0004029741234757371,0.201171875,0.10610215399356093,0.016499706034664996,0.12260186002822593
dense,62013,cooperative_inventory,diagonal,0.009160845940138421,0.09571230819564651,2.9890948171660874,0,True,0.0,1.0,4.333333333333333,0,5.6135417151654586e-05,1.863715650576842e-05,-3.749826064588617e-05,0.0010153733941413814,0.00018133786660228874,0.2021484375,0.1139327020428027,0.020677391017670743,0.13461009306047345
signed_intensity,62013,cooperative_inventory,diagonal,0.009158763599362955,0.09570142945308056,3.079699523790514,0,True,0.0,1.0,4.333333333333333,0,0.000353958675593476,7.545153159250816e-05,-0.00027850714400096783,0.00099432455290235,0.0005849280605694591,0.232421875,0.10398467902268749,0.0164357220128295,0.12042040103551699
zero,62013,cooperative_inventory,diagonal,0.0798345926962044,0.282550159611005,0.0,0,False,1.0,0.0,,3,0.08553643634345608,0.08553643634345608,0.0,0.011644736230806038,0.0,0.96484375,0.0017398760246578604,0.00027998598670819774,0.002019862011366058
paired,62013,cooperative_inventory,misaligned,0.010381409736960738,0.10188920324038626,3.0883209314867175,0,True,0.0,1.0,4.333333333333333,0,0.0002701647001936732,0.00010327544162332195,-0.00016688925857035125,0.0022821864239214243,0.0012918548540699908,0.2783203125,0.09040894400823163,0.023318469015066512,0.11372741302329814
paired_lesion,62013,cooperative_inventory,misaligned,0.010526640451387907,0.1025994174027704,3.132119632287781,0,True,0.0,1.0,4.333333333333333,0,0.00108622510826056,0.0010522258344828799,-3.399927377768005e-05,0.002487066732671431,0.0012683226714774141,0.2861328125,0.10343218802154297,0.016118129977257922,0.11955031799880089
diagonal,62013,cooperative_inventory,misaligned,0.010474772357828397,0.10234633534146886,3.1137743920222043,0,True,0.0,1.0,4.333333333333333,0,0.001131851753779562,0.0005566093809031953,-0.0005752423728763666,0.0024353630011340133,0.0012251982034904687,0.279296875,0.09340363198134582,0.014824969963228796,0.10822860194457462
shuffled,62013,cooperative_inventory,misaligned,0.010570029992647558,0.10281065116342547,3.0165423080693516,0,True,0.0,1.0,4.666666666666667,0,0.00039743694873221625,0.00046847131790608463,7.103436917386838e-05,0.0025829757777786327,0.0010420639581539205,0.3125,0.07932811198406853,0.015229339063807856,0.09455745104787638
dense,62013,cooperative_inventory,misaligned,0.00972586100097877,0.09861977996821313,2.974103612640949,0,True,0.0,1.0,4.666666666666667,0,6.459358974724992e-05,7.885118492210535e-05,1.4257595174855427e-05,0.0017042305995884372,0.00047761010502118614,0.189453125,0.07820212098158663,0.0183052680149558,0.09650738899654243
signed_intensity,62013,cooperative_inventory,misaligned,0.010381409736960737,0.10188920324038625,3.0883209314867175,0,True,0.0,1.0,4.333333333333333,0,0.00027016470019367326,0.00010327544162332195,-0.0001668892585703513,0.0022821864239214243,0.0012918548540699912,0.2783203125,0.08802951099642087,0.014944527007173747,0.10297403800359461
zero,62013,cooperative_inventory,misaligned,0.08524464129136064,0.2919668496445455,0.0,0,False,1.0,0.0,,3,0.09086849976821264,0.09086849976821264,0.0,0.011644736230806038,0.0,0.96484375,0.001697223007795401,0.0002540650748414919,0.0019512880826368928
hold,62013,cooperative_inventory,misaligned,0.04536650069979881,0.21299413301731768,2.3792795461779006,0,False,1.0,0.3333333333333333,0.0,2,0.05142177262856501,0.05008905140195234,-0.0013327212266126681,0.0005237383988720471,0.0,0.048828125,0.0017634139949223027,0.00024078199203358963,0.0020041959869558923
zero,62014,dynamic_tracking,paired,0.21655525781299345,0.46535498043213575,0.0,0,False,1.0,0.0,,3,0.20702078218812062,0.20360868773871504,-0.0034120944494055727,,,,0.0015395919544971548,0.00031376701372209936,0.0018533589682192542
hold,62014,dynamic_tracking,paired,0.09194299779048909,0.30322103784284016,2.34483601927038,0,False,1.0,0.0,,3,0.09214538441239803,0.0888717822799222,-0.0032736021324758224,,,,0.0016858689778018743,0.0002324009983567521,0.0019182699761586264
paired,62014,dynamic_tracking,paired,0.010370262656437364,0.1018344865771776,2.811275193972315,0,True,0.0,1.0,4.666666666666667,0,0.00044033985233745787,0.0026238204932732398,0.0021834806409357817,,,,0.06979394305380993,0.02571539995551575,0.09550934300932568
paired_lesion,62014,dynamic_tracking,paired,0.017310537545831485,0.13156951602035893,2.871566101372159,0,True,0.0,1.0,5.333333333333333,0,0.010651365909000593,0.008050530249662964,-0.002600835659337629,,,,0.07400901996879838,0.025875173043459654,0.09988419301225804
diagonal,62014,dynamic_tracking,paired,0.012471167581059518,0.11167438193721745,2.785481151688293,0,True,0.0,1.0,4.0,0,0.002859539633304619,0.00536752085275756,0.0025079812194529405,,,,0.06992957599868532,0.026474591002624948,0.09640416700131027
shuffled,62014,dynamic_tracking,paired,0.007249797831022377,0.08514574464424149,2.80881704727965,0,True,0.0,1.0,1.0,0,0.0026325207301510275,0.0022721982336805753,-0.00036032249647045215,,,,0.06746237001789268,0.02444466299493797,0.09190703301283065
dense,62014,dynamic_tracking,paired,0.0030001985078339094,0.054774067840848824,2.735309008318017,0,True,0.0,1.0,1.0,0,4.9759910723291054e-05,6.766995032127552e-05,1.7910039597984467e-05,,,,0.06976160203339532,0.03580971898918506,0.10557132102258038
signed_intensity,62014,dynamic_tracking,paired,0.010370262656437363,0.10183448657717759,2.811275193972315,0,True,0.0,1.0,4.666666666666667,0,0.00044033985233745814,0.0026238204932732398,0.0021834806409357817,,,,0.0681165239730035,0.024455869024677668,0.09257239299768116
hold,62014,dynamic_tracking,diagonal,0.07970309167546873,0.28231735985494893,2.34483601927038,0,False,1.0,0.0,,3,0.09159591900022898,0.08875878574338569,-0.0028371332568432883,,,,0.0019576409977162257,0.00036469097540248185,0.0023223319731187075
paired,62014,dynamic_tracking,diagonal,0.002947794063257775,0.05429359136452271,2.79281617620105,0,True,0.0,1.0,1.0,0,0.0003087912367353195,0.000380688778037604,7.189754130228448e-05,,,,0.06769013502344023,0.026566561973595526,0.09425669699703576
paired_lesion,62014,dynamic_tracking,diagonal,0.005942041667761688,0.07708463963567377,2.9309470769162767,0,True,0.0,1.0,1.0,0,0.0062814113944735525,0.00041533036615460555,-0.005866081028318947,,,,0.06796664202556713,0.037597263923089486,0.10556390594865661
diagonal,62014,dynamic_tracking,diagonal,0.003252249842893656,0.057028500268669666,2.8373286589431035,0,True,0.0,1.0,1.0,0,0.0007244349779466255,0.00023291475725960298,-0.0004915202206870225,,,,0.06622598599642515,0.024714538973057643,0.0909405249694828
shuffled,62014,dynamic_tracking,diagonal,0.0023257360232498245,0.048225885406592846,2.784402726896936,0,True,0.0,1.0,0.6666666666666666,0,0.0003943929905768201,0.00012848492856992868,-0.0002659080620068914,,,,0.06868659296742408,0.026017507050710265,0.09470410001813434
dense,62014,dynamic_tracking,diagonal,0.0017637504856033088,0.041997029485468476,2.711541044501389,0,True,0.0,1.0,0.3333333333333333,0,5.299424833838981e-05,5.25422897671612e-05,-4.519585712286115e-07,,,,0.07220870388118783,0.027747469997848384,0.09995617387903621
signed_intensity,62014,dynamic_tracking,diagonal,0.002947794063257775,0.05429359136452271,2.7928161762010504,0,True,0.0,1.0,1.0,0,0.00030879123673531944,0.000380688778037604,7.189754130228454e-05,,,,0.06717499200021848,0.025814542022999376,0.09298953402321786
zero,62014,dynamic_tracking,diagonal,0.17545820625288272,0.4188773164697305,0.0,0,False,1.0,0.0,,3,0.18698131930660147,0.18462922978108742,-0.0023520895255140506,,,,0.001640550086449366,0.0002957569813588634,0.0019363070678082295
paired,62014,dynamic_tracking,misaligned,0.008070915717181788,0.08983827534621192,2.827073977705386,0,True,0.0,1.0,1.0,0,0.002563932164063443,0.0016440406672835362,-0.0009198914967799069,,,,0.06946233199414564,0.02502455397916492,0.09448688597331056
paired_lesion,62014,dynamic_tracking,misaligned,0.01284587672536932,0.11333965204362205,2.9087018966330485,0,True,0.0,1.0,2.3333333333333335,0,0.011820725996142326,0.0036129098002682736,-0.008207816195874053,,,,0.07279985395871336,0.027123736967041623,0.09992359092575498
diagonal,62014,dynamic_tracking,misaligned,0.009845119901663448,0.09922257758022339,2.841431051929447,0,True,0.0,1.0,1.3333333333333333,0,0.002909315290958156,0.002922024040742258,1.2708749784102157e-05,,,,0.0748766480392078,0.042246435026754625,0.11712308306596242
shuffled,62014,dynamic_tracking,misaligned,0.008176693651342555,0.09042507202840679,2.8293843882669476,0,True,0.0,1.0,1.6666666666666667,0,0.0022891383547433315,0.002707312879748634,0.0004181745250053026,,,,0.066853023985459,0.024614257003122475,0.09146728098858148
dense,62014,dynamic_tracking,misaligned,0.002797021755330989,0.05288687696707935,2.741402573371383,0,True,0.0,1.0,1.0,0,5.98791474955445e-05,7.24110100195297e-05,1.2531862523985203e-05,,,,0.0694903190160403,0.02647475399862742,0.09596507301466772
signed_intensity,62014,dynamic_tracking,misaligned,0.008070915717181786,0.0898382753462119,2.8270739777053855,0,True,0.0,1.0,1.0,0,0.0025639321640634418,0.0016440406672835358,-0.000919891496779906,,,,0.06606824696791591,0.023797868969268166,0.08986611593718408
zero,62014,dynamic_tracking,misaligned,0.20721528367340064,0.4552090549114776,0.0,0,False,1.0,0.0,,3,0.22207087527180835,0.218696414122742,-0.0033744611490663656,,,,0.0016031840423238464,0.00024895798560464755,0.001852142027928494
hold,62014,dynamic_tracking,misaligned,0.08875706692171861,0.29792124281715565,2.34483601927038,0,False,1.0,0.0,,3,0.11497779180392098,0.111741824320285,-0.0032359674836359847,,,,0.0015928430220810696,0.0002346420005778782,0.0018274850226589479
hold,62014,cooperative_inventory,paired,0.04441316043525875,0.21074430107421352,2.3310274830080826,0,False,1.0,0.3333333333333333,0.0,2,0.03805195700208114,0.03580516232247999,-0.0022467946796011495,0.00055889305951164,0.0,0.03515625,0.0016160269806277938,0.0002663969717104919,0.0018824239523382857
paired,62014,cooperative_inventory,paired,0.009905627271990425,0.09952701779914047,3.0519636911471615,0,True,0.0,1.0,5.0,0,0.0005227639837962028,0.00023168823421545646,-0.00029107574958074634,0.0024147581031843295,0.00021152842009917767,0.205078125,0.0819333720501163,0.01814107801328646,0.10007445006340276
paired_lesion,62014,cooperative_inventory,paired,0.009808681939180813,0.09903879007328802,3.1589517234269344,0,True,0.0,1.0,4.333333333333333,0,0.0006775724695370171,0.0016114850764266221,0.000933912606889605,0.0023865054025496765,0.001201480531450209,0.27734375,0.09121072902053129,0.016411373027949594,0.10762210204848088
diagonal,62014,cooperative_inventory,paired,0.009809758883544045,0.09904422690669076,3.1294808768570643,0,True,0.0,1.0,4.333333333333333,0,0.0007631800644238513,0.000991895761001461,0.00022871569657760982,0.002311734768785454,0.0009599896354223682,0.2626953125,0.08589230704092188,0.025755856950127054,0.11164816399104893
shuffled,62014,cooperative_inventory,paired,0.009822660382951565,0.09910933549848655,3.071739547102311,0,True,0.0,1.0,4.333333333333333,0,0.0003973435376515825,0.00035363880351792844,-4.370473413365408e-05,0.0025014498767893315,0.0006052561863503262,0.296875,0.0803483800336835,0.015589147988066543,0.09593752802175004
dense,62014,cooperative_inventory,paired,0.009514760244565207,0.0975436325167625,3.0058445883036344,0,True,0.0,1.0,4.666666666666667,0,6.96732455838686e-05,1.2314850258166531e-05,-5.735839532570207e-05,0.002245257330020958,0.00011984411040812082,0.2509765625,0.0779182599944761,0.01811456200084649,0.09603282199532259
signed_intensity,62014,cooperative_inventory,paired,0.009905627271990425,0.09952701779914047,3.0519636911471615,0,True,0.0,1.0,5.0,0,0.0005227639837962028,0.00023168823421545646,-0.00029107574958074634,0.0024147581031843295,0.00021152842009917767,0.205078125,0.08019892499578418,0.017105518003518227,0.09730444299930241
zero,62014,cooperative_inventory,paired,0.08337645242719416,0.2887498093976759,0.0,0,False,1.0,0.0,,3,0.08274438886896776,0.08274438886896776,0.0,0.011090814264857031,0.0,0.95703125,0.0017629620124353096,0.00025819898291956633,0.002021160995354876
paired,62014,cooperative_inventory,diagonal,0.007977632066274208,0.08931759102368474,3.044502888157944,0,True,0.0,1.0,4.0,0,0.00032625620264942884,5.04795828670959e-05,-0.0002757766197823329,0.001205494201455562,3.282718354213356e-05,0.1904296875,0.08065010504651582,0.01691589095571544,0.09756599600223126
paired_lesion,62014,cooperative_inventory,diagonal,0.009155519051816581,0.09568447654565802,3.1472623676442284,0,True,0.0,1.0,4.333333333333333,0,0.0007402825544192029,0.0001510030411651419,-0.0005892795132540611,0.0006691387298330671,2.6585812016655932e-05,0.0947265625,0.09750233200611547,0.02176451400737278,0.11926684601348825
diagonal,62014,cooperative_inventory,diagonal,0.008217349591996652,0.09064959785899027,3.120257847220759,0,True,0.0,1.0,4.0,0,0.0005353152230403695,0.00011240678421413288,-0.0004229084388262366,0.0006256703001279877,4.713936424656528e-05,0.1123046875,0.09311889400851214,0.017872116004582494,0.11099101001309464
shuffled,62014,cooperative_inventory,diagonal,0.007871420201686494,0.08872102457527468,3.0763521550920263,0,True,0.0,1.0,4.0,0,0.00026480593682320604,3.5871676937698316e-05,-0.00022893425988550773,0.0008814017737077228,3.512395272000507e-05,0.142578125,0.08714618598605739,0.02826330102107022,0.11540948700712761
dense,62014,cooperative_inventory,diagonal,0.007645677713860179,0.08743956606628477,3.043591463613324,0,True,0.0,1.0,3.6666666666666665,0,7.475859766882588e-05,1.9430807583591467e-05,-5.532779008523441e-05,0.0009212885741941605,2.7324235639677812e-05,0.1845703125,0.08021590100543108,0.018330518978473265,0.09854641998390434
signed_intensity,62014,cooperative_inventory,diagonal,0.007977632066274208,0.08931759102368474,3.0445028881579437,0,True,0.0,1.0,4.0,0,0.00032625620264942884,5.047958286709585e-05,-0.00027577661978233297,0.001205494201455562,3.282718354213356e-05,0.1904296875,0.08369883598788874,0.018275026079209056,0.1019738620670978
zero,62014,cooperative_inventory,diagonal,0.06658604805768412,0.2580427252562725,0.0,0,False,1.0,0.0,,3,0.07775532077976312,0.07775532077976312,0.0,0.011090814264857031,0.0,0.95703125,0.0017605379616725259,0.00028163001843495294,0.002042167980107479
hold,62014,cooperative_inventory,diagonal,0.04323678162315738,0.2079345609155856,2.3310274830080826,0,False,1.0,0.3333333333333333,0.0,2,0.04786869184623531,0.046500818706635305,-0.0013678731396000038,0.00041462200105823874,0.0,0.03125,0.0016610789825790562,0.00023776702437317,0.0018988460069522262
paired_lesion,62014,cooperative_inventory,misaligned,0.010930714678611375,0.10455005824298413,3.098647758161439,0,True,0.0,1.0,4.666666666666667,0,0.0008700808452538616,0.0007898157109922135,-8.026513426164807e-05,0.002750857348891666,0.00025032736342734925,0.2177734375,0.0920365819692961,0.018259132048115134,0.11029571401741123
diagonal,62014,cooperative_inventory,misaligned,0.009939064597460533,0.09969485742735447,3.074025443438654,0,True,0.0,1.0,4.333333333333333,0,0.0009666706955612743,0.0004315501244694369,-0.0005351205710918374,0.0027341938343665327,0.00026484467867681253,0.2275390625,0.0949924520609784,0.017202545997861307,0.1121949980588397
shuffled,62014,cooperative_inventory,misaligned,0.009408741808258316,0.09699866910560329,3.0679605108287067,0,True,0.0,1.0,4.0,0,0.00032811304009172524,0.0003586479988905191,3.053495879879386e-05,0.002529522347979018,0.0003085078412204104,0.24609375,0.08868708399677416,0.017165981022117194,0.10585306501889136
dense,62014,cooperative_inventory,misaligned,0.009004661245695643,0.09489289354685967,3.022052584636939,0,True,0.0,1.0,4.0,0,0.00020690032086155593,2.6547294655016764e-05,-0.00018035302620653918,0.002227083305440611,7.951042161840412e-05,0.234375,0.09153757095191395,0.017078359043807723,0.10861592999572167
signed_intensity,62014,cooperative_inventory,misaligned,0.009514223172984435,0.09754087949667276,3.043309172858957,0,True,0.0,1.0,4.0,0,0.0006055503893205068,0.00010318717494884464,-0.0005023632143716622,0.002890543658739838,0.00028659453625806794,0.2490234375,0.084733784024138,0.018110125995008275,0.10284391001914628
zero,62014,cooperative_inventory,misaligned,0.07754239859878362,0.2784643578607209,0.0,0,False,1.0,0.0,,3,0.09314867700634984,0.09314867700634984,0.0,0.011090814264857031,0.0,0.95703125,0.0016368560245609842,0.00031318399851443246,0.0019500400230754167
hold,62014,cooperative_inventory,misaligned,0.04152165885376832,0.2037686405062573,2.3310274830080826,0,False,1.0,0.3333333333333333,1.0,2,0.0463194086913555,0.04361056720803842,-0.0027088414833170774,0.00055889305951164,0.0,0.03515625,0.001608375008800067,0.0002359460122534074,0.0018443210210534744
paired,62014,cooperative_inventory,misaligned,0.009514223172984435,0.09754087949667276,3.043309172858957,0,True,0.0,1.0,4.0,0,0.0006055503893205069,0.00010318717494884446,-0.0005023632143716624,0.0028905436587398385,0.00028659453625806794,0.2490234375,0.08606548803072656,0.018482380954083055,0.10454786898480961
hold,62015,dynamic_tracking,paired,0.10067608816856226,0.31729495452742745,2.1276968714000275,0,False,1.0,0.0,,3,0.10678716792983878,0.10618911826915753,-0.0005980496606812491,,,,0.0016550539949093945,0.0002484050201019272,0.0019034590150113218
paired,62015,dynamic_tracking,paired,0.009350845171548742,0.09669976820835065,2.4896635043906725,0,True,0.0,1.0,5.0,0,0.0005628189284097144,0.0025271596324250517,0.0019643407040153375,,,,0.07749143696855754,0.029313573038962204,0.10680501000751974
paired_lesion,62015,dynamic_tracking,paired,0.018254266253499386,0.1351083500509846,2.5830360584941134,0,True,0.0,1.0,5.0,0,0.008789971266249943,0.007488608046080142,-0.0013013632201698006,,,,0.06786884304892737,0.02421725695603527,0.09208610000496265
diagonal,62015,dynamic_tracking,paired,0.013343228813678073,0.11551289457752356,2.484991602027935,0,True,0.0,1.0,5.333333333333333,0,0.003277282271765352,0.005252205234614958,0.001974922962849606,,,,0.06793292899237713,0.02492702401650604,0.09285995300888317
shuffled,62015,dynamic_tracking,paired,0.007171506274589607,0.0846847464103755,2.499753129860972,0,True,0.0,1.0,1.0,0,0.002870338781223051,0.0027134965427059727,-0.0001568422385170784,,,,0.0682983090300695,0.025031338045664597,0.0933296470757341
dense,62015,dynamic_tracking,paired,0.0025156092769558318,0.05015584987771448,2.426015548761569,0,True,0.0,1.0,1.0,0,8.252930153214999e-05,0.00010110536839142625,1.857606685927626e-05,,,,0.0749499979428947,0.02733258902298985,0.10228258696588455
signed_intensity,62015,dynamic_tracking,paired,0.009350845171548742,0.09669976820835065,2.4896635043906725,0,True,0.0,1.0,5.0,0,0.0005628189284097144,0.0025271596324250517,0.0019643407040153375,,,,0.06899599892494734,0.02621894600451924,0.09521494492946658
zero,62015,dynamic_tracking,paired,0.2277875593221275,0.4772709495895675,0.0,0,False,1.0,0.0,,3,0.21045489577585652,0.21191037980368435,0.0014554840278278303,,,,0.0017514379287604243,0.0002765149838523939,0.002027952912612818
paired,62015,dynamic_tracking,diagonal,0.0027894866270077247,0.052815590756969906,2.465217119213408,0,True,0.0,1.0,1.0,0,0.00046146862126089525,0.0006343368601694752,0.00017286823890858,,,,0.06544205197133124,0.025078744962229393,0.09052079693356063
paired_lesion,62015,dynamic_tracking,diagonal,0.005314203325438267,0.07289858246521853,2.5853004996876026,0,True,0.0,1.0,1.0,0,0.004251914919546304,0.00040074950334404954,-0.003851165416202255,,,,0.06499327395431465,0.03321369398327079,0.09820696793758543
diagonal,62015,dynamic_tracking,diagonal,0.0034284800858924557,0.058553224385105004,2.514901320391457,0,True,0.0,1.0,1.0,0,0.0009213884943506825,0.0003919471980741,-0.0005294412962765825,,,,0.07152749399392633,0.026256120974721853,0.09778361496864818
shuffled,62015,dynamic_tracking,diagonal,0.002277149872969493,0.047719491541397346,2.466458273144725,0,True,0.0,1.0,1.0,0,0.00038462146336091634,0.0003171024083874232,-6.751905497349314e-05,,,,0.06799573997705011,0.02449571200850187,0.09249145198555198
dense,62015,dynamic_tracking,diagonal,0.0015753943354100467,0.039691237514217756,2.400449956610451,0,True,0.0,1.0,1.0,0,7.53033092952886e-05,3.9770682702247714e-05,-3.553262659304088e-05,,,,0.06978402299137088,0.02818445398588665,0.09796847697725752
signed_intensity,62015,dynamic_tracking,diagonal,0.0027894866270077247,0.052815590756969906,2.465217119213408,0,True,0.0,1.0,1.0,0,0.00046146862126089525,0.0006343368601694751,0.0001728682389085799,,,,0.07116357695485931,0.02585815899510635,0.09702173594996566
zero,62015,dynamic_tracking,diagonal,0.1899479790844255,0.4358302181864235,0.0,0,False,1.0,0.0,,3,0.19388449725793167,0.19549907592697274,0.001614578669041078,,,,0.0023922830223455094,0.00039654099236940965,0.002788824014714919
hold,62015,dynamic_tracking,diagonal,0.08831625212473665,0.29718050428104575,2.1276968714000275,0,False,1.0,0.0,,3,0.10343789323543293,0.10294469909615814,-0.0004931941392747885,,,,0.0023590640194015577,0.0003915129927918315,0.0027505770121933892
paired_lesion,62015,dynamic_tracking,misaligned,0.011732708507572187,0.1083176278708696,2.567047915213559,0,True,0.0,1.0,1.3333333333333333,0,0.009197204536183315,0.0035815516827434135,-0.005615652853439902,,,,0.06857772599323653,0.026727274016593583,0.09530500000983011
diagonal,62015,dynamic_tracking,misaligned,0.010192002087191177,0.10095544605018185,2.5032080066610654,0,True,0.0,1.0,1.3333333333333333,0,0.003299884648535854,0.0029684695148361204,-0.0003314151336997334,,,,0.06570160903356737,0.025910790980560705,0.09161240001412807
shuffled,62015,dynamic_tracking,misaligned,0.00948648438994101,0.0973985851536921,2.5037791739114823,0,True,0.0,1.0,2.0,0,0.0024607474375359585,0.003106159639170208,0.0006454122016342494,,,,0.07595526599470759,0.028559809012222104,0.10451507500692969
dense,62015,dynamic_tracking,misaligned,0.0029538185140993035,0.05434904335955973,2.420538088606852,0,True,0.0,1.0,1.0,0,8.419058459603525e-05,5.200221128993887e-05,-3.218837330609639e-05,,,,0.07464190394239267,0.028831005009124056,0.10347290895151673
signed_intensity,62015,dynamic_tracking,misaligned,0.00868223950640787,0.09317853565284158,2.4862382945246306,0,True,0.0,1.0,1.6666666666666667,0,0.002945125092542561,0.002088141972159739,-0.0008569831203828222,,,,0.07817832592991181,0.03105275201232871,0.10923107794224052
zero,62015,dynamic_tracking,misaligned,0.22378197358375426,0.4730559941315132,0.0,0,False,1.0,0.0,,3,0.23242424639603865,0.2335014591629336,0.0010772127668949583,,,,0.0016111080039991066,0.00026709101075539365,0.0018781990147545002
hold,62015,dynamic_tracking,misaligned,0.1012911841830098,0.3182627596546756,2.1276968714000275,0,False,1.0,0.0,,3,0.13550240458705212,0.1345260851328018,-0.0009763194542503351,,,,0.0019261739653302357,0.0002488369937054813,0.002175010959035717
paired,62015,dynamic_tracking,misaligned,0.008682239506407872,0.0931785356528416,2.4862382945246306,0,True,0.0,1.0,1.6666666666666667,0,0.002945125092542559,0.0020881419721597433,-0.0008569831203828157,,,,0.06865144103358034,0.026114437030628324,0.09476587806420866
paired,62015,cooperative_inventory,paired,0.008937850663269499,0.0945402065962916,3.038396592037437,0,True,0.0,1.0,4.333333333333333,0,0.00044223348768113614,4.7218777538546156e-05,-0.00039501471014259,0.001969804120633426,0.0017120636403115982,0.2451171875,0.08797301503363997,0.01690943196445005,0.10488244699809002
paired_lesion,62015,cooperative_inventory,paired,0.009610773814706153,0.09803455418731781,3.11417217345521,0,True,0.0,1.0,4.333333333333333,0,0.0011329686106081238,0.0014594765854065604,0.0003265079747984366,0.001953082920404524,0.0016770736321954772,0.2626953125,0.10344717801490333,0.0178866089991061,0.12133378701400943
diagonal,62015,cooperative_inventory,paired,0.009336947734331528,0.09662788279959117,3.1096761298442215,0,True,0.0,1.0,4.333333333333333,0,0.0010856952921125772,0.0003896469605172222,-0.000696048331595355,0.002054627062187009,0.0017401906820043922,0.2685546875,0.09946344098716509,0.015571178009849973,0.11503461899701506
shuffled,62015,cooperative_inventory,paired,0.009355528789485888,0.09672398249392902,3.0400097999291438,0,True,0.0,1.0,4.666666666666667,0,0.00039800761977062374,0.000307324677371332,-9.068294239929171e-05,0.002170126389114445,0.001593336109368885,0.322265625,0.09299291499337414,0.015724496020993683,0.10871741101436783
dense,62015,cooperative_inventory,paired,0.008830163935760445,0.09396895197755717,3.035377765304178,0,True,0.0,1.0,4.0,0,0.00016590107656818236,2.6579240948930375e-05,-0.000139321835619252,0.00164047624123964,0.0015673584471515433,0.2119140625,0.08413673500763252,0.016430882991699036,0.10056761799933156
signed_intensity,62015,cooperative_inventory,paired,0.008937850663269499,0.0945402065962916,3.038396592037437,0,True,0.0,1.0,4.333333333333333,0,0.0004422334876811359,4.721877753854608e-05,-0.0003950147101425898,0.001969804120633426,0.0017120636403115984,0.2451171875,0.08947105402330635,0.01798610702098813,0.10745716104429448
zero,62015,cooperative_inventory,paired,0.07942971422225154,0.28183277705450005,0.0,0,False,1.0,0.0,,3,0.0856428682906464,0.0856428682906464,0.0,0.011479351191573377,0.0,0.974609375,0.0017362789512844756,0.00025184000696754083,0.0019881189582520165
hold,62015,cooperative_inventory,paired,0.03939445419042631,0.19848036222867568,2.3534668755043002,0,False,1.0,0.3333333333333333,0.0,2,0.04283541416044859,0.03928720179069993,-0.0035482123697486573,0.00046757806961647314,0.0,0.025390625,0.0017030689923558384,0.00023615801183041185,0.0019392270041862503
paired_lesion,62015,cooperative_inventory,diagonal,0.008594829723733592,0.09270830450252875,3.1238587299452645,0,True,0.0,1.0,4.333333333333333,0,0.0012202029169549166,0.00022299171850046731,-0.0009972111984544493,0.000678964510883206,0.0007400373343606137,0.166015625,0.08933511198847555,0.018166998022934422,0.10750211001140997
diagonal,62015,cooperative_inventory,diagonal,0.008129228361503297,0.09016223356540862,3.0780444842661026,0,True,0.0,1.0,4.0,0,0.0007869644743644492,0.0001759333695489089,-0.0006110311048155403,0.0006879813261893738,0.0005841025402561468,0.1796875,0.08634945498488378,0.01683665700693382,0.1031861119918176
shuffled,62015,cooperative_inventory,diagonal,0.008080256746183106,0.08989024833753162,3.047691926024096,0,True,0.0,1.0,4.0,0,0.00038788815152307043,8.536776501493081e-05,-0.00030252038650813965,0.0007501942029623604,0.0005542715399806794,0.2021484375,0.08645619302842533,0.01739566499600187,0.1038518580244272
dense,62015,cooperative_inventory,diagonal,0.008037837679835694,0.08965398864431907,2.965661667150145,0,True,0.0,1.0,4.0,0,0.00011911006759202217,1.4224667728968382e-05,-0.00010488539986305378,0.0009270465002732115,0.0002089418933276385,0.1953125,0.07849104596243706,0.016915314008656424,0.09540635997109348
signed_intensity,62015,cooperative_inventory,diagonal,0.008124564665944096,0.09013636705539055,2.9754669820272266,0,True,0.0,1.0,4.0,0,0.00035386763870199885,4.404827951417383e-05,-0.000309819359187825,0.0013822557285146553,0.000520275575103866,0.25,0.08245623310358496,0.017194649037264753,0.09965088214084972
zero,62015,cooperative_inventory,diagonal,0.07703537471736492,0.2775524720073034,0.0,0,False,1.0,0.0,,3,0.08082454709158048,0.08082454709158048,0.0,0.011479351191573377,0.0,0.974609375,0.0016894840082386509,0.0002697879826882854,0.0019592719909269363
hold,62015,cooperative_inventory,diagonal,0.04725056571932199,0.21737195246701446,2.3534668755043002,0,False,1.0,0.3333333333333333,0.0,2,0.056456910913608785,0.05435285364314142,-0.0021040572704673632,0.00032083752475404125,0.0,0.0283203125,0.001612197927897796,0.00023543096176581457,0.0018476288896636106
paired,62015,cooperative_inventory,diagonal,0.008124564665944096,0.09013636705539055,2.9754669820272266,0,True,0.0,1.0,4.0,0,0.000353867638701999,4.404827951417374e-05,-0.0003098193591878253,0.0013822557285146553,0.0005202755751038657,0.25,0.07863420396461152,0.015724371005489957,0.09435857497010147
diagonal,62015,cooperative_inventory,misaligned,0.009021766769965994,0.09498298147545167,3.101142221721103,0,True,0.0,1.0,4.333333333333333,0,0.0011637098406564461,0.0002874230753366561,-0.00087628676531979,0.0024168937882267983,0.0016893015137785393,0.330078125,0.082551646984939,0.015287220070604235,0.09783886705554323
shuffled,62015,cooperative_inventory,misaligned,0.0091750622435014,0.09578654521122161,3.100188434252625,0,True,0.0,1.0,4.333333333333333,0,0.00044193456116305266,0.00030908611102888365,-0.000132848450134169,0.0021494647032643203,0.0016637349958048002,0.32421875,0.08757704801246291,0.015919699988444336,0.10349674800090725
dense,62015,cooperative_inventory,misaligned,0.00855708714834242,0.09250452501549543,3.135363682711424,0,True,0.0,1.0,4.0,0,0.00028815927129627165,0.00012957446549436279,-0.00015858480580190887,0.0014626431777077574,0.0016858857737230282,0.19921875,0.08360017301311018,0.017739069975505117,0.1013392429886153
signed_intensity,62015,cooperative_inventory,misaligned,0.008957176846714026,0.09464236285466475,3.1399650322561614,0,True,0.0,1.0,4.0,0,0.00028002144089551463,0.00016099015130871427,-0.00011903128958680036,0.002109616867956856,0.002110667572229062,0.28125,0.09591937200457323,0.01674885999818798,0.11266823200276121
zero,62015,cooperative_inventory,misaligned,0.0802876745839433,0.2833507977471447,0.0,0,False,1.0,0.0,,3,0.08141466321399772,0.08141466321399772,0.0,0.011479351191573377,0.0,0.974609375,0.002501633993233554,0.0003628379854490049,0.002864471978682559
hold,62015,cooperative_inventory,misaligned,0.03919211606902417,0.19796998779871702,2.3534668755043002,0,False,1.0,0.3333333333333333,0.0,2,0.04225762227739202,0.03795069744388784,-0.004306924833504179,0.00046757806961647314,0.0,0.025390625,0.0022235880387597717,0.00030168896046234295,0.0025252769992221147
paired,62015,cooperative_inventory,misaligned,0.008957176846714026,0.09464236285466475,3.1399650322561614,0,True,0.0,1.0,4.0,0,0.00028002144089551425,0.00016099015130871397,-0.00011903128958680028,0.002109616867956856,0.002110667572229062,0.28125,0.1067655310180271,0.019104651059024036,0.12587018207705114
paired_lesion,62015,cooperative_inventory,misaligned,0.009805959039362995,0.09902504248604489,3.150726938467524,0,True,0.0,1.0,4.666666666666667,0,0.0017343221813845328,0.0008351026325703901,-0.0008992195488141427,0.002401841171941533,0.001735024346382911,0.3125,0.09189933300513076,0.015266089983924758,0.10716542298905551
paired,62016,dynamic_tracking,paired,0.011443191400972129,0.10697285357029665,2.8622930035366254,0,True,0.0,1.0,6.333333333333333,0,0.00045018812807241305,0.0024111405740186677,0.0019609524459462545,,,,0.07909310200193431,0.026572709997708444,0.10566581199964276
paired_lesion,62016,dynamic_tracking,paired,0.017510690134957287,0.13232796429688354,2.986458930308393,0,True,0.0,1.0,6.0,0,0.009960170577000743,0.008049344679897144,-0.0019108258971035994,,,,0.0687043009820627,0.024649840015626978,0.09335414099768968
diagonal,62016,dynamic_tracking,paired,0.014170562808838851,0.11904017308807498,2.8698745284499863,0,True,0.0,1.0,6.333333333333333,0,0.003555452725312009,0.006550568841874939,0.0029951161165629302,,,,0.06870222301222384,0.024113089006277733,0.09281531201850157
shuffled,62016,dynamic_tracking,paired,0.007911344752504303,0.08894574049668878,2.887351892312331,0,True,0.0,1.0,3.0,0,0.003441076075261568,0.002862701857998447,-0.0005783742172631211,,,,0.06766082601825474,0.02504675700038206,0.0927075830186368
dense,62016,dynamic_tracking,paired,0.0045826125675052995,0.06769499662091209,2.785071375309397,0,True,0.0,1.0,3.3333333333333335,0,7.777999341960306e-05,0.00011371956594598365,3.593957252638059e-05,,,,0.07317472501745215,0.026985119002347346,0.1001598440197995
signed_intensity,62016,dynamic_tracking,paired,0.011443191400972129,0.10697285357029665,2.8622930035366254,0,True,0.0,1.0,6.333333333333333,0,0.0004501881280724134,0.0024111405740186677,0.001960952445946254,,,,0.07181833201320842,0.026733289028925356,0.09855162104213377
zero,62016,dynamic_tracking,paired,0.22911533517708205,0.4786599368832554,0.0,0,False,1.0,0.0,,3,0.2104274646348127,0.2106467080537819,0.00021924341896920052,,,,0.0017240789748029783,0.00025766193721210584,0.001981740912015084
hold,62016,dynamic_tracking,paired,0.10171078997317619,0.31892129118824314,2.4671683136544464,0,False,1.0,0.0,,3,0.10480277302514768,0.10452815904347149,-0.00027461398167619167,,,,0.0019856899525620975,0.00024729498545639217,0.0022329849380184896
paired_lesion,62016,dynamic_tracking,diagonal,0.005839415006333299,0.07641606510631975,2.9778202093966275,0,True,0.0,1.0,1.0,0,0.004946255765376064,0.0004481733381167278,-0.004498082427259336,,,,0.07632005100458628,0.03036238099593902,0.1066824320005253
diagonal,62016,dynamic_tracking,diagonal,0.0038928154026202687,0.06239243065164451,2.8831795391285997,0,True,0.0,1.0,1.0,0,0.0007333578666962781,0.0004564313780940039,-0.00027692648860227424,,,,0.07009836398356128,0.026192847057245672,0.09629121104080696
shuffled,62016,dynamic_tracking,diagonal,0.003995419423978435,0.06320933019719822,2.849422393672846,0,True,0.0,1.0,3.3333333333333335,0,0.0002894689165636835,0.0003373551132165426,4.788619665285911e-05,,,,0.0758251950101112,0.029667587994481437,0.10549278300459264
dense,62016,dynamic_tracking,diagonal,0.00336369911629197,0.057997406116928794,2.7680963638316953,0,True,0.0,1.0,3.3333333333333335,0,6.186257180993493e-05,7.283891536306186e-05,1.097634355312693e-05,,,,0.07068277903454145,0.02876674300932791,0.09944952204386937
signed_intensity,62016,dynamic_tracking,diagonal,0.0031242296537847005,0.055894808826801624,2.8278517493779227,0,True,0.0,1.0,1.0,0,0.0003149881018804733,0.0003940405072516448,7.90524053711715e-05,,,,0.08325084103125846,0.02498644198931288,0.10823728302057134
zero,62016,dynamic_tracking,diagonal,0.18576036718850947,0.43099926587931614,0.0,0,False,1.0,0.0,,3,0.19255735414777342,0.19247639531939637,-8.095882837705348e-05,,,,0.0030845429428154603,0.0005220900202402845,0.0036066329630557448
hold,62016,dynamic_tracking,diagonal,0.08631010976002468,0.2937858229391348,2.4671683136544464,0,False,1.0,0.0,,3,0.09999459367408983,0.09954915407673845,-0.0004454395973513825,,,,0.0024849210094544105,0.0003485810084384866,0.002833502017892897
paired,62016,dynamic_tracking,diagonal,0.003124229653784701,0.055894808826801624,2.827851749377923,0,True,0.0,1.0,1.0,0,0.00031498810188047334,0.00039404050725164505,7.905240537117172e-05,,,,0.06585110305604758,0.025128598033916205,0.09097970108996378
diagonal,62016,dynamic_tracking,misaligned,0.009742299834085115,0.0987030892833913,2.884788574775516,0,True,0.0,1.0,1.6666666666666667,0,0.0033955870803928836,0.0032446453281370965,-0.0001509417522557871,,,,0.06579519098886522,0.022587037994526327,0.08838222898339154
shuffled,62016,dynamic_tracking,misaligned,0.0080090313980243,0.08949319190879439,2.8658044981538264,0,True,0.0,1.0,1.6666666666666667,0,0.002866471709530762,0.0032832994145303544,0.0004168277049995924,,,,0.0726476689815172,0.035466576962789986,0.10811424594430719
dense,62016,dynamic_tracking,misaligned,0.005206921037845006,0.07215899831514436,2.788016449435715,0,True,0.0,1.0,3.3333333333333335,0,6.58640285871669e-05,0.00011118627382255819,4.532224523539129e-05,,,,0.06547884501196677,0.024298451011418365,0.08977729602338513
signed_intensity,62016,dynamic_tracking,misaligned,0.009124189219057093,0.09552062195702608,2.855097390893504,0,True,0.0,1.0,4.333333333333333,0,0.0025279555727631443,0.001847257717060193,-0.0006806978557029513,,,,0.06888344102480914,0.025131024020083714,0.09401446504489286
zero,62016,dynamic_tracking,misaligned,0.21545952004035918,0.46417617349489104,0.0,0,False,1.0,0.0,,3,0.22189425176697214,0.22213806212044654,0.0002438103534743996,,,,0.0016565679688937962,0.00025549598649377003,0.0019120639553875662
hold,62016,dynamic_tracking,misaligned,0.0956976628246694,0.3093503884346509,2.4671683136544464,0,False,1.0,0.0,,3,0.12799417625642243,0.12774413090566777,-0.00025004535075465184,,,,0.0016241750345216133,0.00022971300495555624,0.0018538880394771695
paired,62016,dynamic_tracking,misaligned,0.009124189219057095,0.0955206219570261,2.855097390893504,0,True,0.0,1.0,4.333333333333333,0,0.0025279555727631448,0.001847257717060193,-0.0006806978557029517,,,,0.06587298397789709,0.023908594048407394,0.08978157802630449
paired_lesion,62016,dynamic_tracking,misaligned,0.011859761827698488,0.10890253361468909,2.9869658187400576,0,True,0.0,1.0,1.6666666666666667,0,0.010954606726043032,0.004159184149539535,-0.006795422576503497,,,,0.06792172301356914,0.024013198002649006,0.09193492101621814
paired_lesion,62016,cooperative_inventory,paired,0.010248915828586122,0.10123692917402287,3.1491457222690142,0,True,0.0,1.0,4.666666666666667,0,0.0012302259956862805,0.0009859648292971882,-0.00024426116638909235,0.0013141806388188427,0.0022560735153561466,0.25390625,0.09416051598964259,0.01917431601032149,0.11333483199996408
diagonal,62016,cooperative_inventory,paired,0.00991467475042108,0.09957245979898799,3.1564160304041047,0,True,0.0,1.0,4.666666666666667,0,0.0009643369839833233,0.000489479972164324,-0.0004748570118189993,0.0013508865241156926,0.002416112133059947,0.2578125,0.08795511494827224,0.01676174798194552,0.10471686293021776
shuffled,62016,cooperative_inventory,paired,0.010082862903567826,0.10041345977292002,3.091326176757418,0,True,0.0,1.0,4.666666666666667,0,0.0003667355013536024,0.00034827736835037486,-1.8458133003227523e-05,0.0014380185238679578,0.0022837380874085604,0.2685546875,0.09049486200819956,0.017550074982864317,0.10804493699106388
dense,62016,cooperative_inventory,paired,0.009806926652859163,0.09902992806651514,2.9915773671337114,0,True,0.0,1.0,4.666666666666667,0,5.6378958453805134e-05,2.0327967406434132e-05,-3.6050991047371e-05,0.0014344950019618916,0.0015194953967473182,0.2001953125,0.07658253807312576,0.017822239984525368,0.09440477805765113
signed_intensity,62016,cooperative_inventory,paired,0.009645817854817332,0.09821312465662281,3.0564254453341793,0,True,0.0,1.0,4.666666666666667,0,0.0003204637864177585,9.248444976716885e-05,-0.00022797933665058963,0.0014561794626791436,0.0017742406250317966,0.20703125,0.09753947705758037,0.024049407023994718,0.12158888408157509
zero,62016,cooperative_inventory,paired,0.1042003649714859,0.322800813151835,0.0,0,False,1.0,0.0,,3,0.09795614187994106,0.09795614187994106,0.0,0.010732594770326204,0.0,0.96484375,0.0016861079930095002,0.00028661997203016654,0.0019727279650396667
hold,62016,cooperative_inventory,paired,0.05238367607877196,0.22887480437735377,2.2586100423085353,0,False,1.0,0.0,,3,0.045636604279918995,0.04457628041198371,-0.001060323867935288,0.00032365461330346524,0.0,0.0234375,0.001771891002135817,0.0002399020449956879,0.002011793047131505
paired,62016,cooperative_inventory,paired,0.009645817854817332,0.09821312465662281,3.0564254453341793,0,True,0.0,1.0,4.666666666666667,0,0.0003204637864177585,9.248444976716884e-05,-0.00022797933665058966,0.0014561794626791436,0.0017742406250317968,0.20703125,0.09427317099471111,0.023207134021504316,0.11748030501621542
diagonal,62016,cooperative_inventory,diagonal,0.009941000246617811,0.0997045648233711,3.1105898327395938,0,True,0.0,1.0,5.333333333333333,0,0.0005164240185650124,0.00021735477825540267,-0.00029906924030960973,0.0005129033137281438,0.0007171698440398383,0.150390625,0.09328749701671768,0.01781845102959778,0.11110594804631546
shuffled,62016,cooperative_inventory,diagonal,0.00990828485755438,0.09954036797980194,3.065807740052677,0,True,0.0,1.0,5.333333333333333,0,0.00025085374438374756,0.00010726885953271744,-0.0001435848848510301,0.0006329962822312934,0.0006075401511292642,0.1826171875,0.08511486203497043,0.018013986940786708,0.10312884897575714
dense,62016,cooperative_inventory,diagonal,0.009829245472479877,0.09914255127078321,2.9626922243093805,0,True,0.0,1.0,5.0,0,6.180620532709388e-05,3.017145645968697e-05,-3.163474886740691e-05,0.0010175445805424553,0.00022247353986193597,0.212890625,0.07922927796607837,0.03166940697701648,0.11089868494309485
signed_intensity,62016,cooperative_inventory,diagonal,0.009789593763753593,0.09894237597588605,3.062888559878852,0,True,0.0,1.0,5.0,0,0.0002765010888773441,8.902479052982196e-05,-0.00018747629834752212,0.0008351822803328289,0.0006690222395251644,0.2197265625,0.08343934299045941,0.01742687698424561,0.10086621997470502
zero,62016,cooperative_inventory,diagonal,0.09377936762881717,0.306234171229824,0.0,0,False,1.0,0.0,,3,0.09596686862969037,0.09596686862969037,0.0,0.010732594770326204,0.0,0.96484375,0.0016749669521232136,0.000307471003907267,0.0019824379560304806
hold,62016,cooperative_inventory,diagonal,0.05622599530974706,0.23712021278192852,2.2586100423085353,0,False,1.0,0.3333333333333333,0.0,2,0.06256754008347296,0.06391604635831577,0.0013485062748428145,0.00020343638853435528,0.0,0.0234375,0.0017887259964481927,0.0002482730051269755,0.0020369990015751682
paired,62016,cooperative_inventory,diagonal,0.00978959376375359,0.09894237597588604,3.062888559878852,0,True,0.0,1.0,5.0,0,0.00027650108887734403,8.90247905298221e-05,-0.00018747629834752193,0.0008351822803328289,0.0006690222395251651,0.2197265625,0.08728849299950525,0.01987729501706781,0.10716578801657306
paired_lesion,62016,cooperative_inventory,diagonal,0.010324893275061128,0.10161148200405862,3.1421061125342393,0,True,0.0,1.0,5.333333333333333,0,0.0007093471233634845,0.00022309743118828918,-0.0004862496921751953,0.0005312832291962399,0.0007780553442880268,0.146484375,0.08873246403527446,0.017941471945960075,0.10667393598123454
shuffled,62016,cooperative_inventory,misaligned,0.009857976686570381,0.09928734404026719,3.124261228056034,0,True,0.0,1.0,4.666666666666667,0,0.0003720100729906556,0.0003479543758089797,-2.405569718167593e-05,0.0015312457900088098,0.0014219857931497867,0.236328125,0.08680278301471844,0.017395807954017073,0.10419859096873552
dense,62016,cooperative_inventory,misaligned,0.009382430102865828,0.0968629449421492,3.078219795294431,0,True,0.0,1.0,4.666666666666667,0,6.273504280675048e-05,7.238348845223165e-05,9.64844564548117e-06,0.0011118676329205067,0.0010957786997351946,0.1435546875,0.08341252296668245,0.01779904502473073,0.10121156799141318
signed_intensity,62016,cooperative_inventory,misaligned,0.009450186360314208,0.09721206900541829,3.120722322785495,0,True,0.0,1.0,4.666666666666667,0,0.0002770552599750033,0.00011666041756942616,-0.0001603948424055771,0.0019347746935328212,0.001652723754853755,0.255859375,0.08240580098936334,0.016392692989029456,0.0987984939783928
zero,62016,cooperative_inventory,misaligned,0.09950782137966382,0.31544860338835523,0.0,0,False,1.0,0.0,,3,0.10128028755673377,0.10128028755673377,0.0,0.010732594770326204,0.0,0.96484375,0.0016346659904229455,0.0002628240326885134,0.0018974900231114589
hold,62016,cooperative_inventory,misaligned,0.048412689569453986,0.2200288380405032,2.2586100423085353,0,False,1.0,0.0,,3,0.04942600728989336,0.04824367002959569,-0.0011823372602976709,0.00032365461330346524,0.0,0.0234375,0.002822829999786336,0.00040288698801305145,0.0032257169877993874
paired,62016,cooperative_inventory,misaligned,0.009450186360314208,0.09721206900541829,3.1207223227854954,0,True,0.0,1.0,4.666666666666667,0,0.0002770552599750033,0.00011666041756942626,-0.00016039484240557703,0.0019347746935328212,0.0016527237548537553,0.255859375,0.08943482695758576,0.019089660927420482,0.10852448788500624
paired_lesion,62016,cooperative_inventory,misaligned,0.010267600852518197,0.10132917078767692,3.1580045181210705,0,True,0.0,1.0,5.0,0,0.0009625714082905117,0.0006162076836095621,-0.0003463637246809496,0.0018431013826933666,0.0013507669149492468,0.2607421875,0.09872347203054233,0.01880765000532847,0.1175311220358708
diagonal,62016,cooperative_inventory,misaligned,0.009866463307025019,0.09933007252098942,3.1010251747243363,0,True,0.0,1.0,4.666666666666667,0,0.0009172371288268264,0.0003264013498298125,-0.0005908357789970139,0.00184547966751582,0.0012266546349378052,0.255859375,0.09285446103604045,0.019790037964412477,0.11264449900045292
paired_lesion,62017,dynamic_tracking,paired,0.016440223110144214,0.1282194334340322,2.859466587124164,0,True,0.0,1.0,4.333333333333333,0,0.011664713166635357,0.006588062701120143,-0.0050766504655152134,,,,0.08127125599276042,0.03098806596972281,0.11225932196248323
diagonal,62017,dynamic_tracking,paired,0.011082297034661553,0.10527248944839081,2.734366639137178,0,True,0.0,1.0,3.6666666666666665,0,0.0029377444124417174,0.003953896875886794,0.0010161524634450764,,,,0.07051057602075161,0.02679624598385999,0.0973068220046116
shuffled,62017,dynamic_tracking,paired,0.0065174720525998635,0.08073086183486378,2.7485373385089327,0,True,0.0,1.0,1.0,0,0.002709224538577807,0.0018777772288022664,-0.0008314473097755406,,,,0.07025133795832517,0.027552174993616063,0.09780351295194123
dense,62017,dynamic_tracking,paired,0.0025649793787850617,0.05064562546543444,2.662815257663805,0,True,0.0,1.0,1.0,0,6.323984611690955e-05,4.092515745434801e-05,-2.2314688662561544e-05,,,,0.08591635900666006,0.02840467697387794,0.114321035980538
signed_intensity,62017,dynamic_tracking,paired,0.007753060300420235,0.08805146393115923,2.7309993949277205,0,True,0.0,1.0,3.3333333333333335,0,0.000452127218648481,0.0019317393927943433,0.0014796121741458622,,,,0.07400421502825338,0.028947637947567273,0.10295185297582066
zero,62017,dynamic_tracking,paired,0.20778263218264392,0.4558318025134314,0.0,0,False,1.0,0.0,,3,0.18870107359124633,0.18674445013825336,-0.001956623452992967,,,,0.0016159360093297437,0.0002700629993341863,0.00188599900866393
hold,62017,dynamic_tracking,paired,0.08840504733481164,0.29732986283723944,2.2980586997599177,0,False,1.0,0.0,,3,0.08648217834109369,0.08575500776154477,-0.000727170579548922,,,,0.0016676299565006047,0.0002485829754732549,0.0019162129319738597
paired,62017,dynamic_tracking,paired,0.007753060300420233,0.08805146393115922,2.7309993949277205,0,True,0.0,1.0,3.3333333333333335,0,0.00045212721864848113,0.0019317393927943435,0.0014796121741458624,,,,0.06521876599435927,0.02652416798810009,0.09174293398245936
diagonal,62017,dynamic_tracking,diagonal,0.0027677832001793304,0.0526097253383757,2.7614898329469257,0,True,0.0,1.0,0.6666666666666666,0,0.000767975805996006,0.00025974483318071215,-0.0005082309728152938,,,,0.06884865795291262,0.02653535793797346,0.09538401589088608
shuffled,62017,dynamic_tracking,diagonal,0.0021323935868616008,0.04617784736062954,2.7123096779824207,0,True,0.0,1.0,0.6666666666666666,0,0.0003844999083677819,0.0002420800344803936,-0.00014241987388738828,,,,0.06732929599820636,0.026419753034133464,0.09374904903233983
dense,62017,dynamic_tracking,diagonal,0.0015562025962688113,0.03944873377269303,2.6442900229383426,0,True,0.0,1.0,0.6666666666666666,0,6.631471878342849e-05,3.727023793680301e-05,-2.904448084662548e-05,,,,0.08301314799609827,0.031026942007883918,0.11404009000398219
signed_intensity,62017,dynamic_tracking,diagonal,0.002308142178734247,0.04804312831960724,2.706418021117309,0,True,0.0,1.0,0.6666666666666666,0,0.00037265408902863607,0.000293805495477374,-7.884859355126208e-05,,,,0.07113859496894293,0.0272008299943991,0.09833942496334203
zero,62017,dynamic_tracking,diagonal,0.16494492499225025,0.4061341219255657,0.0,0,False,1.0,0.0,,3,0.16958228717114968,0.16719302476479855,-0.0023892624063511225,,,,0.0017998919865931384,0.00025708401517476887,0.0020569760017679073
hold,62017,dynamic_tracking,diagonal,0.07691675892500216,0.2773387079457214,2.2980586997599177,0,False,1.0,0.0,,3,0.08664714163333759,0.0854465478276531,-0.0012005938056844911,,,,0.0015796880034031346,0.00024925402976805344,0.001828942033171188
paired,62017,dynamic_tracking,diagonal,0.0023081421787342466,0.048043128319607234,2.706418021117309,0,True,0.0,1.0,0.6666666666666666,0,0.0003726540890286363,0.000293805495477374,-7.88485935512623e-05,,,,0.07200379899586551,0.02732301403011661,0.09932681302598212
paired_lesion,62017,dynamic_tracking,diagonal,0.00510791880834973,0.0714697055286345,2.859727817467071,0,True,0.0,1.0,1.3333333333333333,0,0.006025099159975008,0.0004073667575309527,-0.005617732402444055,,,,0.06884007803455461,0.02606867402937496,0.09490875206392957
shuffled,62017,dynamic_tracking,misaligned,0.008169625045873537,0.09038597814856869,2.7530755579839097,0,True,0.0,1.0,1.6666666666666667,0,0.0024537553305403626,0.002127565268294839,-0.0003261900622455235,,,,0.06762972200522199,0.030124329976388253,0.09775405198161025
dense,62017,dynamic_tracking,misaligned,0.002548717720936745,0.05048482664065258,2.651078308325162,0,True,0.0,1.0,1.3333333333333333,0,6.769570012605955e-05,4.823190352074567e-05,-1.9463796605313885e-05,,,,0.07923393297824077,0.026363852004578803,0.10559778498281958
signed_intensity,62017,dynamic_tracking,misaligned,0.007245418594433107,0.0851200246383488,2.738940159456363,0,True,0.0,1.0,1.3333333333333333,0,0.0028039713707404177,0.0016212989042326646,-0.001182672466507753,,,,0.0654596080785268,0.02579490303469356,0.09125451111322036
zero,62017,dynamic_tracking,misaligned,0.19674612041412862,0.44356072911623795,0.0,0,False,1.0,0.0,,3,0.20293888643945157,0.2010788570847072,-0.001860029354744358,,,,0.0016179630256374367,0.0002498350077075884,0.001867798033345025
hold,62017,dynamic_tracking,misaligned,0.0869417196345963,0.29485881305227474,2.2980586997599177,0,False,1.0,0.0,,3,0.11290729449716497,0.1122767208463937,-0.0006305736507712656,,,,0.0015989150633686222,0.00023102103295968845,0.0018299360963283107
paired,62017,dynamic_tracking,misaligned,0.007245418594433107,0.0851200246383488,2.7389401594563636,0,True,0.0,1.0,1.3333333333333333,0,0.0028039713707404177,0.0016212989042326646,-0.001182672466507753,,,,0.0646153979760129,0.02571557997725904,0.09033097795327194
paired_lesion,62017,dynamic_tracking,misaligned,0.0127018654764774,0.1127025531054084,2.867535473133146,0,True,0.0,1.0,1.6666666666666667,0,0.013242164305743343,0.004208600827845306,-0.009033563477898037,,,,0.07681773997319397,0.024957883928436786,0.10177562390163075
diagonal,62017,dynamic_tracking,misaligned,0.009450382832844408,0.09721307953585469,2.752342753629069,0,True,0.0,1.0,1.6666666666666667,0,0.0029786317439156815,0.0022366599795104053,-0.0007419717644052762,,,,0.07774655996763613,0.030991245999757666,0.1087378059673938
diagonal,62017,cooperative_inventory,paired,0.008928889840246663,0.09449280311349993,3.1008722953157006,0,True,0.0,1.0,4.666666666666667,0,0.0014572705723069274,0.0006256216318001335,-0.0008316489405067939,0.0020587419471426484,0.0014470348654997602,0.26171875,0.0922435720131034,0.016705866997654084,0.10894943901075749
shuffled,62017,cooperative_inventory,paired,0.009036518204002244,0.09506060279633327,2.99932865711408,0,True,0.0,1.0,4.666666666666667,0,0.0005857464588058519,0.0005182778030664387,-6.746865573941318e-05,0.002296287501752325,0.001001761958374225,0.3125,0.09718846798932645,0.01945013299700804,0.1166386009863345
dense,62017,cooperative_inventory,paired,0.008983928594510353,0.09478358821288817,2.9131266422640714,0,True,0.0,1.0,4.666666666666667,0,0.0001542528767334611,1.645509021783858e-05,-0.0001377977865156225,0.0017592547156669155,0.00038047649685766323,0.2763671875,0.09764803200232564,0.018438017039443366,0.116086049041769
signed_intensity,62017,cooperative_inventory,paired,0.008813642712952418,0.09388100293963852,3.0152850405060008,0,True,0.0,1.0,4.666666666666667,0,0.000594010459380948,9.037828136757435e-05,-0.0005036321780133736,0.0019554015573820666,0.0010982046082728166,0.255859375,0.10389251302694902,0.017620318954868708,0.12151283198181773
zero,62017,cooperative_inventory,paired,0.07793613575676989,0.2791704421258989,0.0,0,False,1.0,0.0,,3,0.07282859734393286,0.07282859734393286,0.0,0.012072222878871147,0.0,0.9619140625,0.0016572960375924595,0.00025688502500997856,0.001914181062602438
hold,62017,cooperative_inventory,paired,0.03982080340605374,0.19955150564717306,2.3551170937265757,0,False,1.0,0.3333333333333333,6.0,2,0.03793900503288698,0.037921439716863375,-1.7565316023607225e-05,0.0005639850927277646,0.0,0.056640625,0.0017500069734524004,0.0002466420119162649,0.0019966489853686653
paired,62017,cooperative_inventory,paired,0.008813642712952416,0.09388100293963851,3.0152850405060008,0,True,0.0,1.0,4.666666666666667,0,0.0005940104593809481,9.037828136757442e-05,-0.0005036321780133736,0.0019554015573820666,0.0010982046082728162,0.255859375,0.09976755400566617,0.019030965959245805,0.11879851996491197
paired_lesion,62017,cooperative_inventory,paired,0.009174892303101284,0.09578565812845515,3.091514569616765,0,True,0.0,1.0,4.666666666666667,0,0.0017672890764670495,0.0019237605867036172,0.00015647151023656766,0.0020047481936914116,0.001177646626954802,0.2578125,0.10512113394361222,0.016890687998966314,0.12201182194257854
shuffled,62017,cooperative_inventory,diagonal,0.007739033342136454,0.08797177582688924,3.044678289495314,0,True,0.0,1.0,4.333333333333333,0,0.0003271642671804548,0.00014395002042669018,-0.00018321424675376462,0.0008998442380523169,0.00025968168508055326,0.208984375,0.09676363999460591,0.02027440705569461,0.11703804705030052
dense,62017,cooperative_inventory,diagonal,0.007684758858535287,0.08766275639366633,2.9635951407909595,0,True,0.0,1.0,4.333333333333333,0,9.913470519696199e-05,2.3199620819214148e-05,-7.593508437774784e-05,0.0012577904477061217,0.00013506209727157982,0.236328125,0.0950510629627388,0.024844603009114508,0.1198956659718533
signed_intensity,62017,cooperative_inventory,diagonal,0.0077652368520385,0.08812058131922701,3.0208198907981862,0,True,0.0,1.0,4.333333333333333,0,0.0003776866212119437,5.113402376272694e-05,-0.00032655259744921675,0.0011385068106611323,0.0002687792053860723,0.22265625,0.10206507403199794,0.019551007040718105,0.12161608107271604
zero,62017,cooperative_inventory,diagonal,0.06737930036706466,0.2595752306501232,0.0,0,False,1.0,0.0,,3,0.0694063431034052,0.0694063431034052,0.0,0.012072222878871147,0.0,0.9619140625,0.0018210459747933783,0.0002548960183048621,0.0020759419930982403
hold,62017,cooperative_inventory,diagonal,0.04196219517394031,0.20484676022319784,2.3551170937265757,0,False,1.0,0.3333333333333333,0.0,2,0.04657848581356302,0.048821775170698085,0.002243289357135067,0.00029653459428921267,0.0,0.0361328125,0.0016582149983150885,0.0002931629787781276,0.001951377977093216
paired,62017,cooperative_inventory,diagonal,0.0077652368520385,0.08812058131922701,3.0208198907981862,0,True,0.0,1.0,4.333333333333333,0,0.00037768662121194366,5.1134023762726774e-05,-0.00032655259744921686,0.0011385068106611318,0.00026877920538607265,0.22265625,0.09195866103982553,0.017948102002264932,0.10990676304209046
paired_lesion,62017,cooperative_inventory,diagonal,0.008261042778782417,0.090890278791422,3.1346263610985123,0,True,0.0,1.0,4.666666666666667,0,0.0009455526082318013,0.00029000841948472454,-0.0006555441887470768,0.0007403563546569214,0.0005331770924546919,0.1630859375,0.10293105106393341,0.0186002550253761,0.12153130608930951
diagonal,62017,cooperative_inventory,diagonal,0.007757381841141256,0.0880760003698014,3.0909006814959046,0,True,0.0,1.0,4.333333333333333,0,0.0007614252734957517,0.0001499614315178767,-0.000611463841977875,0.0007179606983745296,0.00036805120388404397,0.15234375,0.09579115000087768,0.02912005691905506,0.12491120691993274
dense,62017,cooperative_inventory,misaligned,0.009239460218310598,0.09612211097510602,3.027726471296119,0,True,0.0,1.0,4.666666666666667,0,0.0001504419083411285,5.2134692279917215e-05,-9.830721606121127e-05,0.0016714754496611884,0.00028281893214148374,0.232421875,0.07886762500857003,0.01740410297497874,0.09627172798354877
signed_intensity,62017,cooperative_inventory,misaligned,0.009762923680606094,0.09880750821980126,3.1507910938934605,0,True,0.0,1.0,4.666666666666667,0,0.0002652349246831856,8.828691160547759e-05,-0.00017694801307770798,0.002177561995846633,0.0014324175271585742,0.2666015625,0.09799151898914715,0.017516725005407352,0.1155082439945545
zero,62017,cooperative_inventory,misaligned,0.0766846036543361,0.2769198505964065,0.0,0,False,1.0,0.0,,3,0.08270438903121494,0.08270438903121494,0.0,0.012072222878871147,0.0,0.9619140625,0.0016348570643458515,0.0002589900468592532,0.0018938471112051047
hold,62017,cooperative_inventory,misaligned,0.03910904807889859,0.19776007706030707,2.3551170937265757,0,False,1.0,0.3333333333333333,2.0,2,0.04763273223314984,0.04668895190121622,-0.0009437803319336177,0.0005639850927277646,0.0,0.056640625,0.001879165014543105,0.0002477740199537948,0.0021269390344968997
paired,62017,cooperative_inventory,misaligned,0.009762923680606094,0.09880750821980126,3.150791093893461,0,True,0.0,1.0,4.666666666666667,0,0.00026523492468318553,8.828691160547745e-05,-0.0001769480130777081,0.002177561995846633,0.0014324175271585738,0.2666015625,0.10820533904188778,0.019065477994445246,0.12727081703633303
paired_lesion,62017,cooperative_inventory,misaligned,0.010482544730227208,0.10238429923688108,3.139319630548356,0,True,0.0,1.0,4.666666666666667,0,0.0010408002459029652,0.000985881533758323,-5.491871214464224e-05,0.0023983491755593033,0.0008687804303698892,0.25,0.09899275995849166,0.017012445990985725,0.11600520594947739
diagonal,62017,cooperative_inventory,misaligned,0.009814083132224967,0.09906605438910428,3.122382334233415,0,True,0.0,1.0,4.333333333333333,0,0.0011156235952245349,0.0005583229959042803,-0.0005573005993202546,0.0023745005535013327,0.0009340898344430416,0.265625,0.09692156303935917,0.01675762997911079,0.11367919301846996
shuffled,62017,cooperative_inventory,misaligned,0.009921145487961924,0.09960494710586379,3.111165176754398,0,True,0.0,1.0,5.0,0,0.0004844382410316298,0.00059526004062717,0.00011082179959554027,0.002302820966573548,0.0008296084701934159,0.3037109375,0.09263968701270642,0.016553306035348214,0.10919299304805463
diagonal,62018,dynamic_tracking,paired,0.01166711423409767,0.10801441678821244,2.730613939312989,0,True,0.0,1.0,4.333333333333333,0,0.003108919476139625,0.005491017809281031,0.002382098333141406,,,,0.07129697100754129,0.02864266000688076,0.09993963101442205
shuffled,62018,dynamic_tracking,paired,0.006424136181266435,0.08015070917506865,2.741803068342807,0,True,0.0,1.0,1.0,0,0.0022140154259380077,0.0027241889543682387,0.000510173528430231,,,,0.0712407129976782,0.026026670006103814,0.09726738300378202
dense,62018,dynamic_tracking,paired,0.0023257080043198905,0.04822559490892663,2.64110191290332,0,True,0.0,1.0,1.0,0,6.595378879394945e-05,8.896181312511881e-05,2.3008024331169357e-05,,,,0.06822549094067654,0.025954362012271304,0.09417985295294784
signed_intensity,62018,dynamic_tracking,paired,0.008054116890318812,0.08974473182487544,2.720354075841346,0,True,0.0,1.0,4.333333333333333,0,0.0005256394928611938,0.002727442587799664,0.0022018030949384703,,,,0.07843366595625412,0.026519848019233905,0.10495351397548802
zero,62018,dynamic_tracking,paired,0.2139010721502838,0.46249440229075617,0.0,0,False,1.0,0.0,,3,0.1977139731892985,0.19637941814074836,-0.0013345550485501512,,,,0.0016272330249194056,0.00029028903372818604,0.0019175220586475916
hold,62018,dynamic_tracking,paired,0.09059269431173836,0.3009862028594307,2.2484832580204848,0,False,1.0,0.0,,3,0.08856433589065563,0.08959293807057454,0.0010286021799189166,,,,0.0016203449995373376,0.0002424740232527256,0.0018628190227900632
paired,62018,dynamic_tracking,paired,0.008054116890318812,0.08974473182487544,2.720354075841346,0,True,0.0,1.0,4.333333333333333,0,0.0005256394928611938,0.002727442587799664,0.0022018030949384703,,,,0.07021313999575796,0.025433020004129503,0.09564615999988746
paired_lesion,62018,dynamic_tracking,paired,0.016974954619652934,0.13028796805404916,2.845558053370543,0,True,0.0,1.0,2.6666666666666665,0,0.01173062824510601,0.007645665992377917,-0.004084962252728093,,,,0.0674342710262863,0.025491768967185635,0.09292603999347193
shuffled,62018,dynamic_tracking,diagonal,0.00207634269130451,0.04556690346407697,2.6969292732407952,0,True,0.0,1.0,0.6666666666666666,0,0.0002780126427058339,0.0003212710759465856,4.3258433240751717e-05,,,,0.07339543600392062,0.02458740700240014,0.09798284300632076
dense,62018,dynamic_tracking,diagonal,0.0014042621516339381,0.03747348598187708,2.623010195719475,0,True,0.0,1.0,0.6666666666666666,0,6.368470494793016e-05,6.455808570679863e-05,8.733807588684754e-07,,,,0.06763191999925766,0.027224739991652314,0.09485665999090998
signed_intensity,62018,dynamic_tracking,diagonal,0.002365813269903737,0.04863962653951752,2.6881860840200034,0,True,0.0,1.0,1.0,0,0.00037734597341188854,0.0004577059548339957,8.035998142210716e-05,,,,0.06629877807426965,0.027350357988325413,0.09364913606259506
zero,62018,dynamic_tracking,diagonal,0.17369953332474725,0.4167727598161224,0.0,0,False,1.0,0.0,,3,0.1771119413186526,0.1757511968119177,-0.001360744506734901,,,,0.00178919800237054,0.000256824008829426,0.002046022011199966
hold,62018,dynamic_tracking,diagonal,0.08042237305308549,0.2835883866682229,2.2484832580204848,0,False,1.0,0.0,,3,0.0884790522563559,0.08919291396050752,0.0007138617041516221,,,,0.0016672759447828867,0.0002614049590192735,0.0019286809038021602
paired,62018,dynamic_tracking,diagonal,0.002365813269903737,0.04863962653951752,2.6881860840200034,0,True,0.0,1.0,1.0,0,0.0003773459734118885,0.0004577059548339957,8.035998142210722e-05,,,,0.07475154902931536,0.025747951047378592,0.10049950007669395
paired_lesion,62018,dynamic_tracking,diagonal,0.004722027955273796,0.06871701357941712,2.8349743186096203,0,True,0.0,1.0,1.0,0,0.0046166920585024775,0.0005439807577258211,-0.004072711300776657,,,,0.0702633240216528,0.030896581018168945,0.10115990503982175
diagonal,62018,dynamic_tracking,diagonal,0.0028761892633800395,0.05363011526539953,2.7408434392144576,0,True,0.0,1.0,1.0,0,0.0006602983041405515,0.0004435591812655793,-0.00021673912287497221,,,,0.06377527800941607,0.024421367037575692,0.08819664504699176
dense,62018,dynamic_tracking,misaligned,0.002170412611712446,0.04658768734024523,2.632260086986896,0,True,0.0,1.0,1.3333333333333333,0,6.816284061480799e-05,9.75484041239885e-05,2.938556350918051e-05,,,,0.06584229604777647,0.025397880977834575,0.09124017702561105
signed_intensity,62018,dynamic_tracking,misaligned,0.00562966480841905,0.07503109227792869,2.6853307092252265,0,True,0.0,1.0,1.0,0,0.0018704657378270494,0.0015428721398576535,-0.00032759359796939594,,,,0.06722321300185286,0.02518973600672325,0.0924129490085761
zero,62018,dynamic_tracking,misaligned,0.2020139240060348,0.4494595910713607,0.0,0,False,1.0,0.0,,3,0.20724635566057797,0.2060079240925673,-0.0012384315680106783,,,,0.0017020419691107236,0.0003253080212743953,0.002027349990385119
hold,62018,dynamic_tracking,misaligned,0.08797166752042798,0.2966001812548805,2.2484832580204848,0,False,1.0,0.0,,3,0.10757226902049485,0.10869699638939315,0.0011247273688982928,,,,0.0017382349542458542,0.00025425003696000203,0.001992484991205856
paired,62018,dynamic_tracking,misaligned,0.005629664808419051,0.07503109227792869,2.6853307092252265,0,True,0.0,1.0,1.0,0,0.0018704657378270486,0.0015428721398576509,-0.0003275935979693977,,,,0.06674572604242712,0.02510191498004133,0.09184764102246845
paired_lesion,62018,dynamic_tracking,misaligned,0.012744040028881645,0.11288950362580945,2.8285792032268398,0,True,0.0,1.0,1.6666666666666667,0,0.012487146605363018,0.005136759241536743,-0.0073503873638262746,,,,0.06577400399692124,0.02467327002523234,0.09044727402215358
diagonal,62018,dynamic_tracking,misaligned,0.008773822164116133,0.09366868294214525,2.7254353413606283,0,True,0.0,1.0,1.3333333333333333,0,0.0029971845197934686,0.0028682276861753467,-0.00012895683361812196,,,,0.07385976602381561,0.026918424940959085,0.1007781909647747
shuffled,62018,dynamic_tracking,misaligned,0.007384606587434853,0.0859337336989081,2.7285763675616588,0,True,0.0,1.0,1.6666666666666667,0,0.0021271596198776327,0.002474646454241543,0.00034748683436391014,,,,0.06764063897571759,0.02509535104763927,0.09273599002335686
shuffled,62018,cooperative_inventory,paired,0.009396575101041551,0.0969359329714299,2.95876454134042,0,True,0.0,1.0,4.666666666666667,0,0.0010115039249949736,0.00027074837160582187,-0.0007407555533891517,0.0022848102315545394,0.0014633452694970397,0.3154296875,0.08205543297663098,0.01588103602261981,0.09793646899925079
dense,62018,cooperative_inventory,paired,0.00894102906316203,0.09455701488076933,2.94580087211056,0,True,0.0,1.0,4.333333333333333,0,0.00011096747038404116,6.203864010893118e-06,-0.00010476360637314805,0.001898349065819435,0.0017533667276842901,0.2734375,0.0847706679996918,0.03226610901765525,0.11703677701734705
signed_intensity,62018,cooperative_inventory,paired,0.009112922722771895,0.09546162958368087,3.019023998037478,0,True,0.0,1.0,4.333333333333333,0,0.0008494358835441057,0.00022869638188920905,-0.0006207395016548966,0.0017476927885853484,0.0019109265114596067,0.228515625,0.08146777198999189,0.016050551952503156,0.09751832394249504
zero,62018,cooperative_inventory,paired,0.07918442772732058,0.28139727739855724,0.0,0,False,1.0,0.0,,3,0.07066633686309103,0.07066633686309103,0.0,0.01138814476917772,0.0,0.962890625,0.0016402370092691854,0.00029233596433186904,0.0019325729736010544
hold,62018,cooperative_inventory,paired,0.042587166654599336,0.20636658318293524,2.354028178786713,0,False,1.0,0.3333333333333333,1.0,2,0.038645121523145594,0.0355608084949448,-0.003084313028200794,0.0005169442030331401,0.0,0.0419921875,0.0017701559772831388,0.00024380200920859352,0.0020139579864917323
paired,62018,cooperative_inventory,paired,0.009112922722771895,0.09546162958368087,3.019023998037478,0,True,0.0,1.0,4.333333333333333,0,0.0008494358835441057,0.00022869638188920927,-0.0006207395016548964,0.0017476927885853484,0.0019109265114596063,0.228515625,0.0881798910049838,0.017633585957810283,0.10581347696279408
paired_lesion,62018,cooperative_inventory,paired,0.00959291224460174,0.09794341348248865,3.077772210199562,0,True,0.0,1.0,4.333333333333333,0,0.0016240237734124019,0.0011256535070421595,-0.0004983702663702424,0.002032798801844286,0.002040832279291127,0.291015625,0.08985127200867282,0.029277916000864934,0.11912918800953776
diagonal,62018,cooperative_inventory,paired,0.009374939068428295,0.09682426900539087,3.04327813814757,0,True,0.0,1.0,4.333333333333333,0,0.0015832263882633061,0.0005843080990314015,-0.0009989182892319046,0.0020510917707925523,0.001861403987055575,0.287109375,0.08063036894600373,0.01478965301066637,0.0954200219566701
dense,62018,cooperative_inventory,diagonal,0.007848229396169411,0.0885902330743599,2.890521009798133,0,True,0.0,1.0,4.333333333333333,0,6.365119920806198e-05,4.8680325858494645e-06,-5.878316662221252e-05,0.0011047169188955655,0.0001949678515766859,0.212890625,0.07345734398404602,0.016088540956843644,0.08954588494088966
signed_intensity,62018,cooperative_inventory,diagonal,0.008059934086013736,0.08977713565275813,2.977340016916344,0,True,0.0,1.0,4.333333333333333,0,0.0005764562994406686,8.807541567812529e-05,-0.0004883808837625432,0.0010439265584754206,0.0006052654398827167,0.2158203125,0.09526441100024385,0.01831115202367073,0.11357556302391458
zero,62018,cooperative_inventory,diagonal,0.06624150464339565,0.2573742501560629,0.0,0,False,1.0,0.0,,3,0.06619632423791064,0.06619632423791064,0.0,0.01138814476917772,0.0,0.962890625,0.0016399039668613113,0.0002695279836189002,0.0019094319504802115
hold,62018,cooperative_inventory,diagonal,0.04442372881300152,0.21076937351759986,2.354028178786713,0,False,1.0,0.3333333333333333,0.0,2,0.05470933300214444,0.05202728005395814,-0.0026820529481863045,0.00036866803747567453,0.0,0.0283203125,0.0017072279879357666,0.00024002297868719324,0.0019472509666229598
paired,62018,cooperative_inventory,diagonal,0.008059934086013736,0.08977713565275813,2.9773400169163446,0,True,0.0,1.0,4.333333333333333,0,0.0005764562994406686,8.807541567812529e-05,-0.0004883808837625432,0.0010439265584754206,0.0006052654398827171,0.2158203125,0.08523174301080871,0.01736990700737806,0.10260165001818677
paired_lesion,62018,cooperative_inventory,diagonal,0.0087864637151395,0.09373613878936714,3.1007957855558366,0,True,0.0,1.0,4.666666666666667,0,0.0014397335287717175,0.00027096298583671784,-0.0011687705429349997,0.000591836598734444,0.0007622641200124397,0.123046875,0.08993610702600563,0.01854683594137896,0.10848294296738459
diagonal,62018,cooperative_inventory,diagonal,0.008060935414842037,0.08978271222703198,3.0304172939110625,0,True,0.0,1.0,4.333333333333333,0,0.0008968438654410978,0.00020150214621245045,-0.0006953417192286474,0.0005738849773630385,0.0005664543286282438,0.134765625,0.08440036806860007,0.017407270999683533,0.1018076390682836
shuffled,62018,cooperative_inventory,diagonal,0.007971671556769675,0.0892842178482271,2.996019111978705,0,True,0.0,1.0,4.333333333333333,0,0.0005133971488006521,9.05972627980308e-05,-0.0004227998860026213,0.0007474604299328267,0.0005433819720450338,0.1826171875,0.0807568200834794,0.0176642129663378,0.0984210330498172
signed_intensity,62018,cooperative_inventory,misaligned,0.008605883236724426,0.09276789981844165,3.0084241451419693,0,True,0.0,1.0,4.0,0,0.0007029234990703545,0.0002148724068108392,-0.00048805109225951533,0.002225422620045987,0.0012420077926250397,0.2451171875,0.08420919000491267,0.01743888897181023,0.1016480789767229
zero,62018,cooperative_inventory,misaligned,0.07151211289692104,0.2674174880162497,0.0,0,False,1.0,0.0,,3,0.07058339270114164,0.07058339270114164,0.0,0.01138814476917772,0.0,0.962890625,0.0016514490198460408,0.00027188596868654713,0.0019233349885325879
hold,62018,cooperative_inventory,misaligned,0.03793173259281861,0.19476070597740863,2.354028178786713,0,False,1.0,0.3333333333333333,0.0,2,0.04102193199115939,0.03805597605315855,-0.002965955938000836,0.0005169442030331401,0.0,0.0419921875,0.0016087730473373085,0.00024135295097948983,0.0018501259983167984
paired,62018,cooperative_inventory,misaligned,0.008605883236724426,0.09276789981844165,3.0084241451419693,0,True,0.0,1.0,4.0,0,0.0007029234990703541,0.00021487240681083915,-0.00048805109225951495,0.002225422620045987,0.0012420077926250394,0.2451171875,0.0834130550865666,0.01719768402108457,0.10061073910765117
paired_lesion,62018,cooperative_inventory,misaligned,0.00940254026666918,0.0969666966884465,3.046447315365131,0,True,0.0,1.0,4.0,0,0.0020558840897587265,0.0007397479460447235,-0.001316136143714003,0.002177215111463022,0.0010353030119822854,0.263671875,0.08494832002179464,0.016610191043582745,0.10155851106537739
diagonal,62018,cooperative_inventory,misaligned,0.008584852787197526,0.09265448066444237,3.004867986203356,0,True,0.0,1.0,3.6666666666666665,0,0.0015889405643707694,0.0003619117276702122,-0.0012270288367005572,0.0021941111155532825,0.0009807080900833768,0.2607421875,0.08333939201111207,0.020696892999694683,0.10403628501080675
shuffled,62018,cooperative_inventory,misaligned,0.008514110993389154,0.09227194044447724,2.918736759918586,0,True,0.0,1.0,4.666666666666667,0,0.0008682945140665794,0.0003147742085103551,-0.0005535203055562243,0.0026517790249080933,0.0010317791881584665,0.2958984375,0.07794059297884814,0.015963602003466804,0.09390419498231495
dense,62018,cooperative_inventory,misaligned,0.007767041494194245,0.08813082034222901,2.910964295164002,0,True,0.0,1.0,4.0,0,0.00011484982004606343,0.0001579458472098428,4.309602716377937e-05,0.0023007960590278546,0.0011971868331415465,0.205078125,0.07450058004178572,0.029892936945543624,0.10439351698732935
shuffled,62019,dynamic_tracking,paired,0.0061058739736217955,0.07814009197346644,2.7781782432493616,0,True,0.0,1.0,1.0,0,0.002578223306967588,0.002012933043171035,-0.0005652902637965532,,,,0.07976764705381356,0.029067688024952076,0.10883533507876564
dense,62019,dynamic_tracking,paired,0.0024779599788895845,0.04977911187325046,2.692169397810805,0,True,0.0,1.0,1.0,0,6.328669668624681e-05,9.525235674533321e-05,3.1965660059086405e-05,,,,0.07354028199915774,0.03001291796681471,0.10355319996597245
signed_intensity,62019,dynamic_tracking,paired,0.00709409254143486,0.08422643611975317,2.7606602015867683,0,True,0.0,1.0,3.3333333333333335,0,0.0004726253110421136,0.0014526644891555938,0.0009800391781134802,,,,0.0709604209769168,0.02559582701360341,0.0965562479905202
zero,62019,dynamic_tracking,paired,0.19748469219232978,0.44439249790284463,0.0,0,False,1.0,0.0,,3,0.17693837096334075,0.17610999616621953,-0.000828374797121223,,,,0.00190992999705486,0.0002630939707159996,0.0021730239677708596
hold,62019,dynamic_tracking,paired,0.08777894169513296,0.29627511150134256,2.31000238055636,0,False,1.0,0.0,,3,0.0874406063307254,0.08922527616042951,0.0017846698297041136,,,,0.0017033239928423427,0.00023361696366919205,0.0019369409565115348
paired,62019,dynamic_tracking,paired,0.00709409254143486,0.08422643611975317,2.7606602015867683,0,True,0.0,1.0,3.3333333333333335,0,0.00047262531104211335,0.001452664489155594,0.0009800391781134808,,,,0.07155228603369324,0.026820920924365055,0.09837320695805829
paired_lesion,62019,dynamic_tracking,paired,0.01487254645948939,0.12195305022626285,2.886287140594242,0,True,0.0,1.0,3.6666666666666665,0,0.007841419825796817,0.005630587150830892,-0.0022108326749659245,,,,0.07480935903731734,0.027583606955886353,0.10239296599320369
diagonal,62019,dynamic_tracking,paired,0.010456463946446882,0.10225685280922195,2.7735283033050715,0,True,0.0,1.0,3.6666666666666665,0,0.0027239836865447778,0.004284662064754042,0.0015606783782092645,,,,0.08003184798872098,0.02521640203485731,0.1052482500235783
dense,62019,dynamic_tracking,diagonal,0.0014628532499506722,0.038247264607428756,2.67126628490065,0,True,0.0,1.0,0.6666666666666666,0,6.274228511728616e-05,5.4914927954394664e-05,-7.827357162891498e-06,,,,0.07376162603031844,0.026822275933227502,0.10058390196354594
signed_intensity,62019,dynamic_tracking,diagonal,0.0022887071193887125,0.04784043393813138,2.731664826243059,0,True,0.0,1.0,1.0,0,0.0002779746911432693,0.0004998661386925016,0.00022189144754923226,,,,0.0708268439702806,0.025460571043367963,0.09628741501364857
zero,62019,dynamic_tracking,diagonal,0.16401808264234485,0.4049914599622378,0.0,0,False,1.0,0.0,,3,0.1628087642395686,0.16162156858199264,-0.001187195657575968,,,,0.001772765041096136,0.0002792949744616635,0.0020520600155577995
hold,62019,dynamic_tracking,diagonal,0.07607900652025482,0.2758242312057714,2.31000238055636,0,False,1.0,0.0,,3,0.08272536370184702,0.08420881115407976,0.0014834474522327362,,,,0.0017017419813782908,0.0002415950148133561,0.001943336996191647
paired,62019,dynamic_tracking,diagonal,0.0022887071193887143,0.047840433938131394,2.731664826243059,0,True,0.0,1.0,1.0,0,0.0002779746911432693,0.0004998661386925028,0.00022189144754923345,,,,0.07498852200660622,0.02607676099432865,0.10106528300093487
paired_lesion,62019,dynamic_tracking,diagonal,0.0048569246516926914,0.06969163975465559,2.880391477988711,0,True,0.0,1.0,1.0,0,0.004061679819671121,0.0004365013298216774,-0.0036251784898494437,,,,0.073858279036358,0.0256519619942992,0.0995102410306572
diagonal,62019,dynamic_tracking,diagonal,0.0029187393242515397,0.05402535815940085,2.7859438465527573,0,True,0.0,1.0,1.0,0,0.0005906087184904849,0.00039184315505456414,-0.0001987655634359208,,,,0.06595899305102648,0.02371121600299375,0.08967020905402023
shuffled,62019,dynamic_tracking,diagonal,0.0020649407929765524,0.04544161961216339,2.7413765206064604,0,True,0.0,1.0,1.0,0,0.00032833225668940527,0.00027002663620335674,-5.830562048604853e-05,,,,0.07914684202114586,0.0357271599714295,0.11487400199257536
signed_intensity,62019,dynamic_tracking,misaligned,0.0061757071543713845,0.07858566761421185,2.747116664527396,0,True,0.0,1.0,1.0,0,0.0019720922308054294,0.0016225014387581068,-0.0003495907920473226,,,,0.08926895399781642,0.02786867396935122,0.11713762796716765
zero,62019,dynamic_tracking,misaligned,0.19048242466032533,0.4364429225687196,0.0,0,False,1.0,0.0,,3,0.18791397799707196,0.1875924316030259,-0.0003215463940460517,,,,0.0018992729965248145,0.00025881805777316913,0.0021580910542979836
hold,62019,dynamic_tracking,misaligned,0.08538412339896637,0.2922056183562636,2.31000238055636,0,False,1.0,0.0,,3,0.10734591720101627,0.1096374169754245,0.0022914997744082344,,,,0.0017110370317823254,0.00024039099662331864,0.001951428028405644
paired,62019,dynamic_tracking,misaligned,0.0061757071543713845,0.07858566761421185,2.747116664527396,0,True,0.0,1.0,1.0,0,0.0019720922308054294,0.0016225014387581073,-0.00034959079204732214,,,,0.06900928405229934,0.028229925002960954,0.09723920905526029
paired_lesion,62019,dynamic_tracking,misaligned,0.01053057457368709,0.10261858785662123,2.8767981991588316,0,True,0.0,1.0,1.3333333333333333,0,0.008872060273969582,0.0029742146697224305,-0.005897845604247152,,,,0.07550773007096723,0.027579698027693667,0.1030874280986609
diagonal,62019,dynamic_tracking,misaligned,0.008532012531662721,0.092368893744933,2.7806356852663616,0,True,0.0,1.0,1.3333333333333333,0,0.002819184058330035,0.0023655450148083205,-0.0004536390435217145,,,,0.07704495495272567,0.0290288439791766,0.10607379893190227
shuffled,62019,dynamic_tracking,misaligned,0.006951980875487168,0.08337853965791898,2.77955773365793,0,True,0.0,1.0,1.3333333333333333,0,0.002270905502318942,0.00242470776094027,0.0001538022586213281,,,,0.07449467799597187,0.02613207697868347,0.10062675497465534
dense,62019,dynamic_tracking,misaligned,0.002834750431115937,0.05324237439404761,2.6809393791568628,0,True,0.0,1.0,1.6666666666666667,0,5.520058552489327e-05,8.325599171435717e-05,2.805540618946391e-05,,,,0.06742522103741067,0.026776846934808418,0.09420206797221908
dense,62019,cooperative_inventory,paired,0.008834598096010752,0.09399254276808747,2.8551020618216043,0,True,0.0,1.0,4.666666666666667,0,0.00012826813664115836,5.885436864376967e-06,-0.0001223826997767814,0.0013661239008628855,0.0007725310181712381,0.25390625,0.10304098200140288,0.018979422027769033,0.12202040402917191
signed_intensity,62019,cooperative_inventory,paired,0.008539015507227273,0.09240679362053027,2.984481754482843,0,True,0.0,1.0,4.0,0,0.0007966599923211454,5.3587493850909155e-05,-0.0007430724984702362,0.0015056009996099306,0.0018616790040016217,0.267578125,0.089827981981216,0.017489756050053984,0.10731773803126998
zero,62019,cooperative_inventory,paired,0.08251604739948926,0.28725606590547265,0.0,0,False,1.0,0.0,,3,0.08905711632959372,0.08905711632959372,0.0,0.011962018798499115,0.0,0.9697265625,0.0016032049315981567,0.00027263599622529,0.0018758409278234467
hold,62019,cooperative_inventory,paired,0.041534700857825714,0.20380063998384723,2.2866452322232824,0,False,1.0,0.0,,3,0.04492239720461828,0.037797284998327546,-0.007125112206290737,0.0004801579321367822,0.0,0.05078125,0.0016060399721027352,0.0002299220286658965,0.0018359620007686317
paired,62019,cooperative_inventory,paired,0.008539015507227275,0.09240679362053028,2.984481754482843,0,True,0.0,1.0,4.0,0,0.0007966599923211455,5.358749385090906e-05,-0.0007430724984702364,0.0015056009996099308,0.0018616790040016226,0.267578125,0.08796420394355664,0.01654124398919521,0.10450544793275185
paired_lesion,62019,cooperative_inventory,paired,0.009354164097902351,0.09671692766988801,3.022682840504141,0,True,0.0,1.0,4.0,0,0.0016062253866154686,0.001446804894944193,-0.00015942049167127549,0.0018197752177383391,0.0020599134783951673,0.2919921875,0.0958802960376488,0.016242944984696805,0.11212324102234561
diagonal,62019,cooperative_inventory,paired,0.008966072414290812,0.09468934688913433,3.018211173866184,0,True,0.0,1.0,4.333333333333333,0,0.0015872158778420867,0.0005637074257989553,-0.0010235084520431315,0.0018295115923101211,0.002038495347799751,0.3203125,0.0900252290230128,0.023475564034015406,0.1135007930570282
shuffled,62019,cooperative_inventory,paired,0.008821889090525236,0.09392491198039653,2.9312208852965966,0,True,0.0,1.0,4.333333333333333,0,0.00015489826087385382,0.0003816807299482827,0.0002267824690744289,0.0021010957795268496,0.0016928452178529981,0.3623046875,0.08713478098070482,0.015972546956618316,0.10310732793732313
signed_intensity,62019,cooperative_inventory,diagonal,0.008904246082812407,0.09436231283098358,2.983729272457988,0,True,0.0,1.0,4.666666666666667,0,0.0005159860570256464,8.773170686194405e-05,-0.0004282543501637024,0.000878255732699965,0.00041295892716754147,0.22265625,0.08624640998459654,0.018075507010507863,0.1043219169951044
zero,62019,cooperative_inventory,diagonal,0.07773841305871591,0.27881609182168077,0.0,0,False,1.0,0.0,,3,0.08743256731974929,0.08743256731974929,0.0,0.011962018798499115,0.0,0.9697265625,0.0016662249618093483,0.00034201197559013963,0.002008236937399488
hold,62019,cooperative_inventory,diagonal,0.04839264886626746,0.21998329224345076,2.2866452322232824,0,False,1.0,0.3333333333333333,0.0,2,0.058315001364115,0.052474589935810376,-0.005840411428304625,0.00026345841068640974,0.0,0.029296875,0.0016169279697351158,0.0002462629563524388,0.0018631909260875545
paired,62019,cooperative_inventory,diagonal,0.008904246082812407,0.09436231283098358,2.983729272457988,0,True,0.0,1.0,4.666666666666667,0,0.0005159860570256466,8.773170686194406e-05,-0.0004282543501637026,0.0008782557326999649,0.00041295892716754163,0.22265625,0.094252820010297,0.018116153980372474,0.11236897399066947
paired_lesion,62019,cooperative_inventory,diagonal,0.009219191380318313,0.09601662033376468,3.093724435986571,0,True,0.0,1.0,4.666666666666667,0,0.0013610593292994401,0.0003021308253198817,-0.0010589285039795584,0.0005314179988988819,0.0007280072950746888,0.181640625,0.1037907409699983,0.01846594796370482,0.12225668893370312
diagonal,62019,cooperative_inventory,diagonal,0.008956253660752034,0.09463748549466028,3.0423924126150452,0,True,0.0,1.0,4.666666666666667,0,0.0008570287957438552,0.0001982798428741465,-0.0006587489528697087,0.0004897551215165109,0.0005016456572407796,0.1552734375,0.09094370497768978,0.01832230400032131,0.10926600897801109
shuffled,62019,cooperative_inventory,diagonal,0.008897690759378536,0.09432757157575157,3.0027142346624065,0,True,0.0,1.0,4.666666666666667,0,0.0002849915341263328,0.00012186806684390928,-0.00016312346728242352,0.0006372098009778801,0.0004407482883228356,0.189453125,0.08423594600753859,0.01770609596860595,0.10194204197614454
dense,62019,cooperative_inventory,diagonal,0.008559446517872802,0.09251727686152895,2.920979858845515,0,True,0.0,1.0,4.666666666666667,0,0.00012438373881986156,1.984644098793852e-05,-0.00010453729783192304,0.0008722054732909327,0.00017417670076065486,0.216796875,0.08385899697896093,0.018450556010066066,0.102309552989027
zero,62019,cooperative_inventory,misaligned,0.08093590844714826,0.28449236975206954,0.0,0,False,1.0,0.0,,3,0.0879915351673621,0.0879915351673621,0.0,0.011962018798499115,0.0,0.9697265625,0.0018300760420970619,0.00023759002942824736,0.0020676660715253092
hold,62019,cooperative_inventory,misaligned,0.041904700069234205,0.20470637525302968,2.2866452322232824,0,False,1.0,0.0,,3,0.04642024702127681,0.039133797331619855,-0.007286449689656957,0.0004801579321367822,0.0,0.05078125,0.001828635977290105,0.00023497196525568143,0.0020636079425457865
paired,62019,cooperative_inventory,misaligned,0.009947790870899776,0.09973861273799518,2.9824475318001573,0,True,0.0,1.0,4.666666666666667,0,0.001103276515236889,0.0003023106698719369,-0.0008009658453649521,0.0021965855244948556,0.0011852618634456834,0.3125,0.08969769199757138,0.018078187051287387,0.10777587904885877
paired_lesion,62019,cooperative_inventory,misaligned,0.010583064311710374,0.10287402155894546,3.0002304837376883,0,True,0.0,1.0,4.333333333333333,0,0.0031930690218983544,0.0013415770017428602,-0.0018514920201554942,0.0022476740454908176,0.0009584708962631068,0.302734375,0.08781231102329912,0.016476791999593843,0.10428910302289296
diagonal,62019,cooperative_inventory,misaligned,0.010118693033641688,0.10059171453773759,2.9633641689023635,0,True,0.0,1.0,4.333333333333333,0,0.0023322159631768186,0.0005580808623565964,-0.0017741351008202222,0.002356460557604359,0.0009687690751875914,0.3154296875,0.08173660297325114,0.015633396986231674,0.09736999995948281
shuffled,62019,cooperative_inventory,misaligned,0.010223030846422723,0.10110900477416798,2.955523357689685,0,True,0.0,1.0,5.0,0,0.0002684884433876467,0.0005527442799769383,0.0002842558365892916,0.0021300833083671014,0.0008031673415351351,0.3056640625,0.0805571239834535,0.016818623997096438,0.09737574798054993
dense,62019,cooperative_inventory,misaligned,0.009172744969528109,0.095774448416726,2.956481762262951,0,True,0.0,1.0,4.666666666666667,0,9.717783334634987e-05,4.806345123096447e-05,-4.9114382115385406e-05,0.0012803063862055542,0.0004074974020677521,0.2021484375,0.08843152302142698,0.01728685599664459,0.10571837901807157
signed_intensity,62019,cooperative_inventory,misaligned,0.009947790870899776,0.09973861273799518,2.9824475318001573,0,True,0.0,1.0,4.666666666666667,0,0.001103276515236889,0.00030231066987193686,-0.0008009658453649521,0.0021965855244948556,0.0011852618634456843,0.3125,0.08647846199892228,0.025853884995740373,0.11233234699466266
dense,62020,dynamic_tracking,paired,0.0034185460026770293,0.05846833333247177,2.6207296766372625,0,True,0.0,1.0,1.6666666666666667,0,7.58203931525139e-05,5.063351169890036e-05,-2.5186881453613535e-05,,,,0.06609765502071241,0.02459649902448291,0.09069415404519532
signed_intensity,62020,dynamic_tracking,paired,0.009316955963506953,0.09652438015085595,2.69551772993836,0,True,0.0,1.0,4.0,0,0.0005989578361584226,0.001190090606771669,0.0005911327706132464,,,,0.0664183700864669,0.023375999968266115,0.08979437005473301
zero,62020,dynamic_tracking,paired,0.21983367734228454,0.4688642419104751,0.0,0,False,1.0,0.0,,3,0.18828442885812574,0.18753934789408355,-0.0007450809640421885,,,,0.0016235010116361082,0.0002497410314390436,0.0018732420430751517
hold,62020,dynamic_tracking,paired,0.09685548964348378,0.3112161461805666,2.2150597019088774,0,False,1.0,0.0,,3,0.09560016532635124,0.09577802700071897,0.0001778616743677297,,,,0.0016899209804250859,0.00024804497661534697,0.0019379659570404328
paired,62020,dynamic_tracking,paired,0.009316955963506951,0.09652438015085593,2.69551772993836,0,True,0.0,1.0,4.0,0,0.0005989578361584222,0.001190090606771669,0.0005911327706132467,,,,0.067445700042299,0.024700439993466716,0.09214614003576571
paired_lesion,62020,dynamic_tracking,paired,0.018399553887413694,0.1356449552597283,2.795910225824584,0,True,0.0,0.6666666666666666,5.0,1,0.012211351791477754,0.00636331080439143,-0.005848040987086324,,,,0.07382064793637255,0.02413297497696476,0.09795362291333731
diagonal,62020,dynamic_tracking,paired,0.01274919810468414,0.11291234699838694,2.682590107515397,0,True,0.0,1.0,3.6666666666666665,0,0.003222893673556469,0.0036643625498499442,0.00044146887629347526,,,,0.0713564770121593,0.023524049953266513,0.09488052696542582
shuffled,62020,dynamic_tracking,paired,0.007975025940521949,0.08930300073638035,2.7013525536441003,0,True,0.0,1.0,1.0,0,0.0032054915463750624,0.002057155296472421,-0.0011483362499026414,,,,0.06519226198724937,0.024706587973923888,0.08989884996117325
signed_intensity,62020,dynamic_tracking,diagonal,0.0027282096368489548,0.052232266242706285,2.662671990511685,0,True,0.0,1.0,0.6666666666666666,0,0.00048223459393737905,0.0002723940660100336,-0.00020984052792734543,,,,0.06532932299887761,0.024063928009127267,0.08939325100800488
zero,62020,dynamic_tracking,diagonal,0.18140300652346664,0.42591431828886267,0.0,0,False,1.0,0.0,,3,0.16937895217343696,0.16822702042996873,-0.0011519317434682264,,,,0.0017056529977708124,0.00025005800125654787,0.0019557109990273602
hold,62020,dynamic_tracking,diagonal,0.08448035773729463,0.2906550493923934,2.2150597019088774,0,False,1.0,0.0,,3,0.08992474528218788,0.0899119198642424,-1.2825417945477868e-05,,,,0.0016550380605622195,0.00023302702902583405,0.0018880650895880535
paired,62020,dynamic_tracking,diagonal,0.0027282096368489548,0.052232266242706285,2.662671990511685,0,True,0.0,1.0,0.6666666666666666,0,0.00048223459393737905,0.00027239406601003367,-0.00020984052792734538,,,,0.06342631499865092,0.024530982998840045,0.08795729799749097
paired_lesion,62020,dynamic_tracking,diagonal,0.004986308293626573,0.07061379676540962,2.7864402318523043,0,True,0.0,1.0,1.0,0,0.004201989827047243,0.00042809565777673345,-0.0037738941692705094,,,,0.06614615302532911,0.023504055054218043,0.08965020807954716
diagonal,62020,dynamic_tracking,diagonal,0.0032725050188810037,0.05720581280675071,2.7034429878242765,0,True,0.0,1.0,0.6666666666666666,0,0.0009139727778636972,0.0002741358153340238,-0.0006398369625296733,,,,0.06535230195731856,0.023997944030270446,0.089350245987589
shuffled,62020,dynamic_tracking,diagonal,0.002602126690617895,0.05101104479049508,2.66270069732535,0,True,0.0,1.0,0.6666666666666666,0,0.00045234285634239034,0.00016115085957492877,-0.00029119199676746154,,,,0.06315007000375772,0.023896776016044896,0.08704684601980262
dense,62020,dynamic_tracking,diagonal,0.0018141319398908148,0.04259262776456525,2.5907729325240383,0,True,0.0,1.0,0.6666666666666666,0,7.419087823847789e-05,4.144830944265862e-05,-3.2742568795819275e-05,,,,0.06444789899978787,0.025034026009961963,0.08948192500974983
zero,62020,dynamic_tracking,misaligned,0.21184845271591865,0.46026997807365044,0.0,0,False,1.0,0.0,,3,0.20080800312110367,0.2004152047232266,-0.0003927983978770644,,,,0.0016034639702411368,0.00023583897564094514,0.001839302945882082
hold,62020,dynamic_tracking,misaligned,0.09764295837059345,0.31247873266927056,2.2150597019088774,0,False,1.0,0.0,,3,0.12121213389090625,0.12174228024651124,0.0005301463556049851,,,,0.0019589169387472793,0.00024433794897049665,0.002203254887717776
paired,62020,dynamic_tracking,misaligned,0.007398902285127838,0.08601687209569898,2.6858301738407424,0,True,0.0,1.0,1.6666666666666667,0,0.0018616531945593422,0.001204733881238012,-0.0006569193133213302,,,,0.06992865102074575,0.026148156000999734,0.09607680702174548
paired_lesion,62020,dynamic_tracking,misaligned,0.013293512660068871,0.11529749633044453,2.820242155819007,0,True,0.0,1.0,1.6666666666666667,0,0.012020421107849955,0.0038786863944151343,-0.00814173471343482,,,,0.06781521402444923,0.024057358990830835,0.09187257301528007
diagonal,62020,dynamic_tracking,misaligned,0.009665810563214092,0.09831485423482096,2.705749123681435,0,True,0.0,1.0,1.6666666666666667,0,0.0033565422144864487,0.002741259063115364,-0.0006152831513710848,,,,0.06617945099424105,0.022826520958915353,0.0890059719531564
shuffled,62020,dynamic_tracking,misaligned,0.008257522766795316,0.09087091265523482,2.6907974916597786,0,True,0.0,1.0,1.6666666666666667,0,0.003065722681869725,0.002469863174377378,-0.000595859507492347,,,,0.06915535099687986,0.03366787203412969,0.10282322303100955
dense,62020,dynamic_tracking,misaligned,0.003128274768884938,0.05593098219131269,2.6159399666381677,0,True,0.0,1.0,1.6666666666666667,0,8.161087808540502e-05,4.6363549517953585e-05,-3.5247328567451434e-05,,,,0.068067628024437,0.025473638997937087,0.09354126702237409
signed_intensity,62020,dynamic_tracking,misaligned,0.007398902285127837,0.08601687209569897,2.685830173840742,0,True,0.0,1.0,1.6666666666666667,0,0.0018616531945593417,0.0012047338812380117,-0.00065691931332133,,,,0.06818257002305472,0.024778377985057887,0.09296094800811261
signed_intensity,62020,cooperative_inventory,paired,0.009812617686592938,0.09905865780734634,3.105908795043561,0,True,0.0,1.0,4.666666666666667,0,0.00042774208420684055,5.4152352129471414e-05,-0.0003735897320773691,0.0017394670625700277,0.0016013905202354,0.224609375,0.08375176494882908,0.017433641987736337,0.10118540693656541
zero,62020,cooperative_inventory,paired,0.08702461336637052,0.29499934468803574,0.0,0,False,1.0,0.0,,3,0.08566115527714663,0.08566115527714663,0.0,0.01228376642366763,0.0,0.9609375,0.0016582840034971014,0.00025652300973888487,0.0019148070132359862
hold,62020,cooperative_inventory,paired,0.05123181157631758,0.22634445338094233,2.2456451565412294,0,False,1.0,0.0,,3,0.05445561361189994,0.05199017271358035,-0.0024654408983195916,0.0006411230555193976,0.0,0.048828125,0.0019338640267960727,0.0002394989860476926,0.0021733630128437653
paired,62020,cooperative_inventory,paired,0.009812617686592938,0.09905865780734634,3.105908795043561,0,True,0.0,1.0,4.666666666666667,0,0.0004277420842068406,5.4152352129471394e-05,-0.00037358973207736923,0.0017394670625700275,0.0016013905202354,0.224609375,0.08370071100944187,0.01835013698291732,0.1020508479923592
paired_lesion,62020,cooperative_inventory,paired,0.010120707127740252,0.10060172527218533,3.130989349144475,0,True,0.0,1.0,4.666666666666667,0,0.0016684854469975734,0.0023345263673913257,0.0006660409203937522,0.001861011924569856,0.0015826834995357872,0.25,0.09169199203461176,0.017200884016347118,0.10889287605095888
diagonal,62020,cooperative_inventory,paired,0.009804859853447735,0.09901949229039571,3.1480532441640703,0,True,0.0,1.0,4.666666666666667,0,0.0015119278553401548,0.0012557131061031914,-0.0002562147492369633,0.001881959907328043,0.0017306127326323561,0.255859375,0.08597894301783526,0.017127262020949274,0.10310620503878454
shuffled,62020,cooperative_inventory,paired,0.009815557431613435,0.09907349510143182,3.110038642239905,0,True,0.0,1.0,4.666666666666667,0,0.0005094311161564659,0.0008175142122862269,0.00030808309612976096,0.001982690527444951,0.0016391056085295257,0.3056640625,0.08159006800269708,0.016916896995098796,0.09850696499779588
dense,62020,cooperative_inventory,paired,0.009849500287525109,0.09924464865938672,3.0323335844869272,0,True,0.0,1.0,5.0,0,9.497348977119093e-05,2.2747939037520445e-05,-7.222555073367048e-05,0.0015545707465583615,0.0010098105498918238,0.193359375,0.08449140303127933,0.020320782052294817,0.10481218508357415
zero,62020,cooperative_inventory,diagonal,0.06876154975760057,0.262224235641179,0.0,0,False,1.0,0.0,,3,0.07630137963502326,0.07630137963502326,0.0,0.01228376642366763,0.0,0.9609375,0.0016704110530554317,0.00025812097010202706,0.0019285320231574588
hold,62020,cooperative_inventory,diagonal,0.04939227010449723,0.22224371780659455,2.2456451565412294,0,False,1.0,0.3333333333333333,0.0,2,0.05978046171156842,0.05964128303178513,-0.0001391786797832889,0.0004138992629795454,0.0,0.03515625,0.0028992529623792507,0.0004375339995021932,0.003336786961881444
paired,62020,cooperative_inventory,diagonal,0.008314219621890506,0.09118234270893957,3.000148704080779,0,True,0.0,1.0,4.0,0,0.0004340295181321572,7.282713945247375e-05,-0.00036120237867968345,0.0011510106916001808,1.1311426166001645e-05,0.16015625,0.11016623805335257,0.02285255799506558,0.13301879604841815
paired_lesion,62020,cooperative_inventory,diagonal,0.008974032039251359,0.09473136776829183,3.097966273090799,0,True,0.0,1.0,4.666666666666667,0,0.0007623317507762838,0.00030298927204048674,-0.00045934247873579705,0.0006556148117563049,7.690998882838902e-05,0.091796875,0.09815297302702675,0.01989798701106338,0.11805096003809012
diagonal,62020,cooperative_inventory,diagonal,0.008527183379719024,0.09234274947021572,3.072891923061002,0,True,0.0,1.0,4.666666666666667,0,0.0006848154939690416,0.0001889070873086749,-0.0004959084066603667,0.0006405373193388285,3.873483511160824e-05,0.0908203125,0.08946371296042344,0.021417342992208432,0.11088105595263187
shuffled,62020,cooperative_inventory,diagonal,0.008287284560855349,0.09103452400521106,3.03490107832057,0,True,0.0,1.0,4.333333333333333,0,0.0003637809758165004,8.814471063438507e-05,-0.0002756362651821153,0.0007802949411931367,1.603834419133316e-05,0.1328125,0.08429696499661077,0.01899957396381069,0.10329653896042146
dense,62020,cooperative_inventory,diagonal,0.008061551856415267,0.08978614512504292,2.989112034735947,0,True,0.0,1.0,4.0,0,0.0001236827940803961,2.940236901606775e-05,-9.428042506432835e-05,0.0009351989414935438,1.858132791199155e-05,0.17578125,0.08941380096803186,0.01943140094226692,0.10884520191029878
signed_intensity,62020,cooperative_inventory,diagonal,0.008314219621890506,0.09118234270893957,3.000148704080779,0,True,0.0,1.0,4.0,0,0.00043402951813215713,7.282713945247372e-05,-0.0003612023786796834,0.0011510106916001806,1.1311426166001645e-05,0.16015625,0.08722891199431615,0.018007125014264602,0.10523603700858075
hold,62020,cooperative_inventory,misaligned,0.04357774629511475,0.2087528354181441,2.2456451565412294,0,False,1.0,0.3333333333333333,2.0,2,0.054328605549216674,0.05174983514690197,-0.0025787704023147034,0.0006411230555193976,0.0,0.048828125,0.0016182410108740442,0.0002303419605595991,0.0018485829714336433
paired,62020,cooperative_inventory,misaligned,0.009743043113263138,0.09870685443910741,3.0726497504191985,0,True,0.0,1.0,4.0,0,0.0001508657672364502,0.0002466122728987003,9.574650566225007e-05,0.0020013487501439184,0.00040278017096944996,0.232421875,0.08426286300527863,0.017688946027192287,0.10195180903247092
paired_lesion,62020,cooperative_inventory,misaligned,0.0099020465087041,0.09950902727242439,3.0668627246226103,0,True,0.0,1.0,4.333333333333333,0,0.001314537020217089,0.0014650292510130706,0.00015049223079598162,0.0022726405738140204,0.0002325712037518703,0.2236328125,0.09559428803913761,0.02754094806005014,0.12313523609918775
diagonal,62020,cooperative_inventory,misaligned,0.009639272144623762,0.09817979499175868,3.05654034028494,0,True,0.0,1.0,4.0,0,0.0014842924613087138,0.0009163154147390237,-0.00056797704656969,0.0023047310290142714,0.00028932187333431225,0.2373046875,0.08566352396155708,0.01740489503572462,0.1030684189972817
shuffled,62020,cooperative_inventory,misaligned,0.010022928102300963,0.10011457487449549,3.074611254095319,0,True,0.0,1.0,4.666666666666667,0,0.0004724135336173561,0.0009300172633289533,0.00045760372971159714,0.002038881850724223,0.0004303303715558514,0.224609375,0.09207081500790082,0.021471659958478995,0.11354247496637981
dense,62020,cooperative_inventory,misaligned,0.009143416395143598,0.09562121310223792,3.1110559005203697,0,True,0.0,1.0,4.333333333333333,0,0.00011847883220264854,9.85948236866657e-05,-1.988400851598283e-05,0.0012593058429896933,0.00046329153092598726,0.12109375,0.0806303339995793,0.01927655799954664,0.09990689199912595
signed_intensity,62020,cooperative_inventory,misaligned,0.009743043113263138,0.09870685443910741,3.072649750419198,0,True,0.0,1.0,4.0,0,0.00015086576723645045,0.00024661227289870185,9.57465056622514e-05,0.0020013487501439184,0.00040278017096944985,0.232421875,0.08232297698123148,0.017196769986185245,0.09951974696741672
zero,62020,cooperative_inventory,misaligned,0.07486748413960842,0.2736192320353385,0.0,0,False,1.0,0.0,,3,0.08219485958344626,0.08219485958344626,0.0,0.01228376642366763,0.0,0.9609375,0.0016442590349470265,0.0002474409557180479,0.0018916999906650744
signed_intensity,62021,dynamic_tracking,paired,0.008945244621663382,0.09457930334731475,2.692632012956804,0,True,0.0,1.0,4.333333333333333,0,0.00032234546436412715,0.001841822804339719,0.001519477339975592,,,,0.06747117706254357,0.02608295497338986,0.09355413203593343
zero,62021,dynamic_tracking,paired,0.1941609343445462,0.440636964342015,0.0,0,False,1.0,0.0,,3,0.15903186827743343,0.158896692378169,-0.00013517589926442808,,,,0.0017188659694511443,0.00026807995163835585,0.0019869459210895
hold,62021,dynamic_tracking,paired,0.08763595490107487,0.2960337056841245,2.2160640196103927,0,False,1.0,0.0,,3,0.08575991739007205,0.08544569121293963,-0.0003142261771324206,,,,0.0017295359502895735,0.00024107295757858083,0.0019706089078681543
paired,62021,dynamic_tracking,paired,0.008945244621663382,0.09457930334731475,2.692632012956804,0,True,0.0,1.0,4.333333333333333,0,0.00032234546436412704,0.0018418228043397193,0.0015194773399755924,,,,0.06659651696827495,0.023588026990182698,0.09018454395845765
paired_lesion,62021,dynamic_tracking,paired,0.016496514117072432,0.1284387562890284,2.7649785958645285,0,True,0.0,1.0,3.6666666666666665,0,0.010410800679197568,0.0072315779495171545,-0.003179222729680413,,,,0.06803458897047676,0.025682174993562512,0.09371676396403927
diagonal,62021,dynamic_tracking,paired,0.011379526201538882,0.10667486208821121,2.6990597119985833,0,True,0.0,1.0,3.6666666666666665,0,0.0038510621487999595,0.0045616021262522444,0.000710539977452285,,,,0.07444120600848692,0.025933239929145202,0.10037444593763212
shuffled,62021,dynamic_tracking,paired,0.00627203682553392,0.07919619198884452,2.7039348426021244,0,True,0.0,1.0,1.0,0,0.0025671198670643002,0.002087395177704097,-0.0004797246893602034,,,,0.0703971660186653,0.02506688699213555,0.09546405301080085
dense,62021,dynamic_tracking,paired,0.0025908394097360447,0.050900288896390804,2.6103679422227666,0,True,0.0,1.0,1.0,0,4.6606965705813595e-05,4.761559085575204e-05,1.0086251499384427e-06,,,,0.07838125700072851,0.044045278016710654,0.12242653501743916
zero,62021,dynamic_tracking,diagonal,0.16014924541502276,0.4001865132847717,0.0,0,False,1.0,0.0,,3,0.14330657487610876,0.14314787528319406,-0.0001586995929147017,,,,0.0017913109841174446,0.0002723590223467909,0.0020636700064642355
hold,62021,dynamic_tracking,diagonal,0.07870731950174334,0.2805482480817575,2.2160640196103927,0,False,1.0,0.0,,3,0.08627492400154266,0.08615912522410851,-0.00011579877743414513,,,,0.001775601012923289,0.00024229897098848596,0.002017899983911775
paired,62021,dynamic_tracking,diagonal,0.002579246605398627,0.05078628363444826,2.6903017290194375,0,True,0.0,1.0,1.0,0,0.0002798929122754951,0.00024760400389947526,-3.228890837601986e-05,,,,0.07595424500323134,0.026211176977085415,0.10216542198031675
paired_lesion,62021,dynamic_tracking,diagonal,0.0047699891888917005,0.06906510833186104,2.805189083642918,0,True,0.0,1.0,1.0,0,0.00323421991790247,0.0003301544083279357,-0.0029040655095745344,,,,0.074992199006374,0.025531856997986324,0.10052405600436032
diagonal,62021,dynamic_tracking,diagonal,0.003207458233672877,0.05663442622356897,2.7394415535128713,0,True,0.0,1.0,1.0,0,0.0008577591223923478,0.0002552929317646967,-0.0006024661906276511,,,,0.09060697098902892,0.029771397952572443,0.12037836894160137
shuffled,62021,dynamic_tracking,diagonal,0.0021783866202075225,0.04667318952254627,2.69046369773549,0,True,0.0,1.0,1.0,0,0.0004008115443961368,0.00021884173224638609,-0.0001819698121497507,,,,0.06575548403634457,0.0237003900037962,0.08945587404014077
dense,62021,dynamic_tracking,diagonal,0.0013831356650250344,0.03719053192715902,2.6196246867073687,0,True,0.0,1.0,1.0,0,4.913103755580786e-05,3.7072402986446005e-05,-1.2058634569361852e-05,,,,0.06813972791860579,0.02490645803482039,0.09304618595342617
signed_intensity,62021,dynamic_tracking,diagonal,0.0025792466053986265,0.05078628363444825,2.6903017290194375,0,True,0.0,1.0,1.0,0,0.00027989291227549506,0.0002476040038994753,-3.228890837601975e-05,,,,0.06534807203570381,0.022713438025675714,0.08806151006137952
hold,62021,dynamic_tracking,misaligned,0.08832720390726306,0.29719892985551455,2.2160640196103927,0,False,1.0,0.0,,3,0.1093088522074046,0.1092412234934084,-6.762871399620951e-05,,,,0.0016777499913587235,0.00023034702462609857,0.001908097015984822
paired,62021,dynamic_tracking,misaligned,0.006868000235033457,0.0828733988384298,2.6939942351556505,0,True,0.0,1.0,1.0,0,0.0017606372916702953,0.001084559065780023,-0.0006760782258902723,,,,0.07018906002485892,0.025019821965543088,0.095208881990402
paired_lesion,62021,dynamic_tracking,misaligned,0.011426938620516764,0.10689685973178428,2.791047094920673,0,True,0.0,1.0,1.3333333333333333,0,0.010527158052642621,0.004513539182333288,-0.006013618870309333,,,,0.06486446704366244,0.022924408978724387,0.08778887602238683
diagonal,62021,dynamic_tracking,misaligned,0.008474666022936124,0.09205794926531942,2.729701187927623,0,True,0.0,1.0,1.0,0,0.003979210363184019,0.002896276235579179,-0.0010829341276048397,,,,0.06557867402443662,0.022405089963285718,0.08798376398772234
shuffled,62021,dynamic_tracking,misaligned,0.006440876336410162,0.08025507047165407,2.705314866750043,0,True,0.0,1.0,1.0,0,0.0024991618505335912,0.0018386221991346376,-0.0006605396513989536,,,,0.07580767500621732,0.025422665028600022,0.10123034003481735
dense,62021,dynamic_tracking,misaligned,0.0022247903328389985,0.04716768314046174,2.6122112590701256,0,True,0.0,1.0,1.0,0,5.8598741500140034e-05,4.314623877646945e-05,-1.545250272367058e-05,,,,0.06659879697690485,0.0243732789895148,0.09097207596641965
signed_intensity,62021,dynamic_tracking,misaligned,0.006868000235033457,0.0828733988384298,2.6939942351556505,0,True,0.0,1.0,1.0,0,0.0017606372916702953,0.001084559065780023,-0.0006760782258902723,,,,0.06915890098025557,0.02420396499655908,0.09336286597681465
zero,62021,dynamic_tracking,misaligned,0.1863467584924637,0.43167899936464793,0.0,0,False,1.0,0.0,,3,0.17224869330634798,0.1723601132803461,0.00011141997399810588,,,,0.0016144030232680961,0.000256047016591765,0.0018704500398598611
zero,62021,cooperative_inventory,paired,0.09010043841527593,0.30016735068170874,0.0,0,False,1.0,0.0,,3,0.10367000232106591,0.10367000232106591,0.0,0.01064241332547159,0.0,0.9541015625,0.0015342569749918766,0.0003107869197265245,0.0018450438947184011
hold,62021,cooperative_inventory,paired,0.0462639949892345,0.2150906669040628,2.309648002024664,0,False,1.0,0.3333333333333333,6.0,2,0.053764091007650436,0.0467501466262603,-0.007013944381390136,0.00037890232006898344,0.0,0.0341796875,0.001655622989346739,0.00023383903317153454,0.0018894620225182734
paired,62021,cooperative_inventory,paired,0.011446968975444916,0.10699050881010388,2.9473926112712636,0,True,0.0,1.0,5.333333333333333,0,0.0007739903059069863,0.0001153617855661645,-0.0006586285203408217,0.0013252209431302937,0.0012585648451376636,0.2294921875,0.09066442796756746,0.016668756084982306,0.10733318405254977
paired_lesion,62021,cooperative_inventory,paired,0.011886423593809644,0.10902487603207647,3.008899671086139,0,True,0.0,1.0,5.333333333333333,0,0.001315649799986226,0.0013446167757975931,2.89669758113671e-05,0.001632124476510031,0.0012257334457662621,0.2529296875,0.09128103395050857,0.016076106985565275,0.10735714093607385
diagonal,62021,cooperative_inventory,paired,0.011685788018204728,0.1081008233928157,2.9843754311063746,0,True,0.0,1.0,5.333333333333333,0,0.0014250933764677076,0.0006150893079902454,-0.0008100040684774622,0.0016109990201150308,0.0013591458896455803,0.2353515625,0.08228077997046057,0.015879153994319495,0.09815993396478007
shuffled,62021,cooperative_inventory,paired,0.012002813545464354,0.10955735276769128,2.8950584422975756,0,True,0.0,1.0,5.333333333333333,0,0.000687742978193998,0.00037258304879360886,-0.00031515992940038914,0.0018220565050200992,0.0009226999852204789,0.2763671875,0.08009338500414742,0.025106780041824095,0.10520016504597152
dense,62021,cooperative_inventory,paired,0.01152306744310163,0.10734555157574827,2.8546824853851263,0,True,0.0,1.0,5.333333333333333,0,0.00024289695242013515,1.2232273358767558e-05,-0.0002306646790613676,0.0011668288697292846,0.0002600251479117062,0.1796875,0.09322730496933218,0.021715133043471724,0.1149424380128039
signed_intensity,62021,cooperative_inventory,paired,0.011446968975444918,0.10699050881010388,2.9473926112712636,0,True,0.0,1.0,5.333333333333333,0,0.0007739903059069864,0.00011536178556616527,-0.0006586285203408211,0.0013252209431302937,0.0012585648451376636,0.2294921875,0.10090804496576311,0.02058724400558276,0.12149528897134587
hold,62021,cooperative_inventory,diagonal,0.05292215290720396,0.2300481534531498,2.309648002024664,0,False,1.0,0.3333333333333333,0.0,2,0.06704418370729004,0.06129841445962722,-0.005745769247662819,0.0002220416670619457,0.0,0.0224609375,0.0016539980206289329,0.00023932498879730701,0.0018933230094262399
paired,62021,cooperative_inventory,diagonal,0.01031821515758141,0.10157861565103853,2.9566571497619503,0,True,0.0,1.0,5.0,0,0.0007242602371376781,8.009319517233331e-05,-0.0006441670419653448,0.0007010671653378163,0.00047945576381337474,0.1884765625,0.07803583901841193,0.01808142695517745,0.09611726597358938
paired_lesion,62021,cooperative_inventory,diagonal,0.01095455293134715,0.10466400016886011,3.04403007831686,0,True,0.0,1.0,5.333333333333333,0,0.0014353372213962686,0.00024228141038922177,-0.0011930558110070468,0.0004925972250180466,0.00066291474174489,0.1220703125,0.09498626603453886,0.01946468804089818,0.11445095407543704
diagonal,62021,cooperative_inventory,diagonal,0.01042532408507753,0.10210447632242932,3.0179236620268783,0,True,0.0,1.0,5.0,0,0.0011406482798458413,0.00023431984038920173,-0.0009063284394566396,0.0004674397736665815,0.0006164225548510358,0.1279296875,0.08873251995828468,0.01798492597299628,0.10671744593128096
shuffled,62021,cooperative_inventory,diagonal,0.01029637976029808,0.10147107844256943,2.9715500860140476,0,True,0.0,1.0,5.0,0,0.0005613055566629805,0.00011373483716845616,-0.0004475707194945243,0.0005965026392352224,0.00047628021232979246,0.1748046875,0.08609787497698562,0.018229313966003247,0.10432718894298887
dense,62021,cooperative_inventory,diagonal,0.010224193334259033,0.1011147532967323,2.8680295692489755,0,True,0.0,1.0,5.0,0,0.00019765967688322806,2.436864296461395e-05,-0.0001732910339186141,0.0008624872194454574,0.0001464267537347536,0.1943359375,0.08254319696425227,0.027922429973841645,0.11046562693809392
signed_intensity,62021,cooperative_inventory,diagonal,0.01031821515758141,0.10157861565103853,2.9566571497619503,0,True,0.0,1.0,5.0,0,0.0007242602371376781,8.00931951723333e-05,-0.0006441670419653448,0.0007010671653378162,0.00047945576381337474,0.1884765625,0.08649574702576501,0.021183656972425524,0.10767940399819054
zero,62021,cooperative_inventory,diagonal,0.083302070210924,0.2886209801988137,0.0,0,False,1.0,0.0,,3,0.09502897067212948,0.09502897067212948,0.0,0.01064241332547159,0.0,0.9541015625,0.0018090430457959883,0.0002661160542629659,0.002075159100058954
paired,62021,cooperative_inventory,misaligned,0.010902109009945538,0.10441316492639009,3.016081366069499,0,True,0.0,1.0,4.666666666666667,0,0.0003212380869471674,0.00012285451033782545,-0.00019838357660934195,0.001644897218028592,0.0012953249303899897,0.2568359375,0.07963952806312591,0.017218883040186483,0.09685841110331239
paired_lesion,62021,cooperative_inventory,misaligned,0.011830314720692705,0.1087672502212532,3.0059934017588503,0,True,0.0,1.0,5.0,0,0.00174237014073111,0.0006144380087277127,-0.0011279321320033973,0.001927692158714595,0.0007916561640600524,0.25,0.10410894797678338,0.019722722012375016,0.1238316699891584
diagonal,62021,cooperative_inventory,misaligned,0.011075745057882107,0.10524136571653803,2.983654000668273,0,True,0.0,1.0,4.666666666666667,0,0.001241857703845252,0.000273970276671467,-0.0009678874271737849,0.0019195170917730058,0.0009383832330390005,0.25,0.07996934004768264,0.01564974000939401,0.09561908005707664
shuffled,62021,cooperative_inventory,misaligned,0.011331055589732363,0.10644743110912712,2.9957803714995777,0,True,0.0,1.0,5.0,0,0.00048305952601218545,0.00029124007281105456,-0.0001918194532011309,0.0014939843195344576,0.0009307844105338825,0.240234375,0.08670696802437305,0.018261091980093624,0.10496806000446668
dense,62021,cooperative_inventory,misaligned,0.0104046269471227,0.10200307322391174,3.0597257125166584,0,True,0.0,1.0,4.666666666666667,0,0.00021969917510214097,4.235504176449788e-05,-0.00017734413333764308,0.0010229103073478493,0.0012438220689531328,0.125,0.08140664700476918,0.01912038597947685,0.10052703298424603
signed_intensity,62021,cooperative_inventory,misaligned,0.010902109009945538,0.10441316492639009,3.016081366069499,0,True,0.0,1.0,4.666666666666667,0,0.0003212380869471674,0.00012285451033782513,-0.00019838357660934228,0.0016448972180285917,0.0012953249303899897,0.2568359375,0.08061431803071173,0.016274501031148247,0.09688881906185998
zero,62021,cooperative_inventory,misaligned,0.09005600956270741,0.30009333475221905,0.0,0,False,1.0,0.0,,3,0.10157222318740902,0.10157222318740902,0.0,0.01064241332547159,0.0,0.9541015625,0.001706932031083852,0.0002615650155348703,0.0019684970466187224
hold,62021,cooperative_inventory,misaligned,0.044839960386663054,0.21175448138507733,2.309648002024664,0,False,1.0,0.3333333333333333,2.0,2,0.05443430207237414,0.04682150153003112,-0.007612800542343021,0.00037890232006898344,0.0,0.0341796875,0.0017165280660265125,0.00024856504751369357,0.001965093113540206
zero,62022,dynamic_tracking,paired,0.23538526208336674,0.48516519051078544,0.0,0,False,1.0,0.0,,3,0.1923292187022429,0.1920583554747426,-0.00027086322750030645,,,,0.0015849560004426166,0.00023393298033624887,0.0018188889807788655
hold,62022,dynamic_tracking,paired,0.10274827949990294,0.3205437247863432,2.2236051293830794,0,False,1.0,0.0,,3,0.09320049318069615,0.09378358778394064,0.0005830946032444884,,,,0.0018398339307168499,0.00023880904336692765,0.0020786429740837775
paired,62022,dynamic_tracking,paired,0.008797484738527886,0.09379490784966893,2.6400331669022004,0,True,0.0,1.0,4.0,0,0.0004427632299531687,0.0028191459117073853,0.0023763826817542167,,,,0.07114169298438355,0.026003657992987428,0.09714535097737098
paired_lesion,62022,dynamic_tracking,paired,0.0192717055612402,0.13882256863075326,2.712882564199578,0,True,0.0,1.0,10.0,0,0.010555509888775499,0.006831214574015622,-0.003724295314759877,,,,0.08023031007905956,0.027017052030714694,0.10724736210977426
diagonal,62022,dynamic_tracking,paired,0.013362957561433346,0.11559825933565498,2.633833178209514,0,True,0.0,1.0,4.333333333333333,0,0.003425175121500784,0.005210846815099668,0.001785671693598884,,,,0.06918816400138894,0.024968518970126752,0.09415668297151569
shuffled,62022,dynamic_tracking,paired,0.007391863932347552,0.08597594973216377,2.6483798211586405,0,True,0.0,1.0,1.0,0,0.002942320758510468,0.002136005763162514,-0.000806314995347954,,,,0.06666589395172196,0.025556260006851517,0.09222215395857347
dense,62022,dynamic_tracking,paired,0.003400741729639105,0.058315878880791164,2.5873700284030603,0,True,0.0,1.0,1.0,0,0.00017145545958701817,6.108209446758144e-05,-0.00011037336511943673,,,,0.06941566405293997,0.02843528201628942,0.0978509460692294
signed_intensity,62022,dynamic_tracking,paired,0.008797484738527886,0.09379490784966893,2.6400331669022004,0,True,0.0,1.0,4.0,0,0.0004427632299531689,0.0028191459117073853,0.0023763826817542162,,,,0.08271733896253863,0.030384877987671643,0.11310221695021028
hold,62022,dynamic_tracking,diagonal,0.08946291232127498,0.2991035143913809,2.2236051293830794,0,False,1.0,0.0,,3,0.09058746784392406,0.09035397458224512,-0.0002334932616789437,,,,0.0019523249720805325,0.0002379580691922456,0.002190283041272778
paired,62022,dynamic_tracking,diagonal,0.003953409893364761,0.06287614725287134,2.6411748498619314,0,True,0.0,1.0,1.0,0,0.00035346154926935966,0.0006394635346323486,0.000286001985362989,,,,0.07313653403252829,0.02826604398433119,0.10140257801685948
paired_lesion,62022,dynamic_tracking,diagonal,0.007629583007196858,0.08734748426369736,2.7828477214095835,0,True,0.0,1.0,1.0,0,0.0056559810719753415,0.0004164190632992945,-0.005239562008676047,,,,0.07736520002799807,0.029361102009715978,0.10672630203771405
diagonal,62022,dynamic_tracking,diagonal,0.0046633274395995825,0.06828856009317799,2.696364649894324,0,True,0.0,1.0,1.0,0,0.0009292792691671567,0.0003476340996757121,-0.0005816451694914446,,,,0.07583397298731143,0.027353691999451257,0.10318766498676268
shuffled,62022,dynamic_tracking,diagonal,0.0032069554779563824,0.056629987444430735,2.6522041584727445,0,True,0.0,1.0,1.0,0,0.0005758155573384407,0.00028078755791796417,-0.00029502799942047656,,,,0.07139988096605521,0.026970410966896452,0.09837029193295166
dense,62022,dynamic_tracking,diagonal,0.002595005569801115,0.05094119717675582,2.58794234659054,0,True,0.0,1.0,1.0,0,0.00015219486163011543,3.2762173105358345e-05,-0.00011943268852475708,,,,0.07361347201367607,0.028603452985407785,0.10221692499908386
signed_intensity,62022,dynamic_tracking,diagonal,0.003953409893364761,0.06287614725287134,2.6411748498619314,0,True,0.0,1.0,1.0,0,0.0003534615492693588,0.0006394635346323484,0.00028600198536298964,,,,0.06676142996002454,0.026232245996652637,0.09299367595667718
zero,62022,dynamic_tracking,diagonal,0.19994795469340443,0.4471554032921937,0.0,0,False,1.0,0.0,,3,0.1788602158329185,0.17816328834463374,-0.0006969274882847598,,,,0.001744447014061734,0.00029820597410434857,0.0020426529881660827
paired,62022,dynamic_tracking,misaligned,0.007881679102971441,0.08877882125243296,2.645334811403873,0,True,0.0,1.0,1.0,0,0.001957508305204857,0.001990615597010541,3.3107291805683885e-05,,,,0.07159676904848311,0.026604487058648374,0.09820125610713148
paired_lesion,62022,dynamic_tracking,misaligned,0.013615379330560885,0.11668495760191579,2.7360647880040028,0,True,0.0,1.0,2.3333333333333335,0,0.010477277334136045,0.0035315435121186043,-0.006945733822017441,,,,0.06993850398430368,0.02493524302553851,0.09487374700984219
diagonal,62022,dynamic_tracking,misaligned,0.011055888973475425,0.10514698746742783,2.6787529500658627,0,True,0.0,1.0,1.3333333333333333,0,0.003229025182861014,0.0032241125840878717,-4.912598773142325e-06,,,,0.06633239803340985,0.02643837907089619,0.09277077710430603
shuffled,62022,dynamic_tracking,misaligned,0.008721341243511175,0.09338812153326126,2.672270621941371,0,True,0.0,1.0,1.6666666666666667,0,0.002728856733328612,0.0029756968105509774,0.00024684007722236556,,,,0.07035817996802507,0.025558273031492718,0.09591645299951779
dense,62022,dynamic_tracking,misaligned,0.003393883978856477,0.058257050893917355,2.5912008410485634,0,True,0.0,1.0,1.0,0,0.00019969445749709288,5.4857938999858656e-05,-0.0001448365184972342,,,,0.0683319460003986,0.02625644094950985,0.09458838694990845
signed_intensity,62022,dynamic_tracking,misaligned,0.007881679102971441,0.08877882125243296,2.645334811403873,0,True,0.0,1.0,1.0,0,0.001957508305204857,0.001990615597010541,3.3107291805683885e-05,,,,0.06774438294087304,0.025345569003548007,0.09308995194442105
zero,62022,dynamic_tracking,misaligned,0.22960751172786156,0.4791737803009067,0.0,0,False,1.0,0.0,,3,0.20957721239993246,0.20839669725713894,-0.00118051514279352,,,,0.0016228460226557218,0.0002501459821360186,0.0018729920047917403
hold,62022,dynamic_tracking,misaligned,0.09920413354487198,0.3149668769011624,2.2236051293830794,0,False,1.0,0.0,,3,0.11502496724179925,0.11469841090277995,-0.00032655633901930436,,,,0.001621232928300742,0.00023265300114871934,0.0018538859294494614
hold,62022,cooperative_inventory,paired,0.04433790280117509,0.21056567336860746,2.273349612282455,0,False,1.0,0.0,,3,0.046300196400745064,0.04138873414761218,-0.004911462253132881,0.00048407574924869297,0.0,0.048828125,0.0029234660178190097,0.00040476900176145136,0.003328235019580461
paired,62022,cooperative_inventory,paired,0.009217588762259737,0.09600827444683993,3.1649055820520413,0,True,0.0,1.0,4.333333333333333,0,0.0004337028970845141,4.8619411074619416e-05,-0.0003850834860098947,0.0018938798361984878,0.0021146820986852896,0.2900390625,0.1201169570122147,0.02472367302107159,0.1448406300332863
paired_lesion,62022,cooperative_inventory,paired,0.009797665213452796,0.09898315621080586,3.224563923107299,0,True,0.0,1.0,4.333333333333333,0,0.0007858362537982681,0.0019362181501229704,0.0011503818963247022,0.0020394327743938675,0.0024886792224038785,0.3232421875,0.10392480497102952,0.016312240019033197,0.12023704499006271
diagonal,62022,cooperative_inventory,paired,0.009490476365648037,0.09741907598436786,3.2019100403107994,0,True,0.0,1.0,4.333333333333333,0,0.0008247196391327652,0.000993994547742477,0.00016927490860971185,0.002111113822465787,0.0024196033317004013,0.3291015625,0.09884881697507808,0.01621745304146316,0.11506627001654124
shuffled,62022,cooperative_inventory,paired,0.009757020661543494,0.09877763239490757,3.0849248275360868,0,True,0.0,1.0,4.333333333333333,0,0.0001605432634832957,0.0008177489671248289,0.0006572057036415332,0.0023597725629216065,0.0016866197625231782,0.353515625,0.1031390629868838,0.015618464989529457,0.11875752797641326
dense,62022,cooperative_inventory,paired,0.009389420232217813,0.09689902080112994,3.0539800325685,0,True,0.0,1.0,4.666666666666667,0,0.0001030561655847506,1.8724947010668305e-05,-8.43312185740823e-05,0.001675134774269915,0.0012180812528287737,0.23828125,0.08658369194017723,0.017198718996951357,0.10378241093712859
signed_intensity,62022,cooperative_inventory,paired,0.009217588762259737,0.09600827444683993,3.1649055820520413,0,True,0.0,1.0,4.333333333333333,0,0.0004337028970845139,4.861941107461939e-05,-0.0003850834860098945,0.001893879836198488,0.0021146820986852896,0.2900390625,0.09546255299210316,0.016468403999169823,0.11193095699127298
zero,62022,cooperative_inventory,paired,0.08979213925225044,0.2996533651608979,0.0,0,False,1.0,0.0,,3,0.09084816897051268,0.09084816897051268,0.0,0.012088553788591236,0.0,0.9765625,0.001796547046978958,0.0002506000382709317,0.0020471470852498896
paired,62022,cooperative_inventory,diagonal,0.009265914660082116,0.09625962112995311,3.0904040548442495,0,True,0.0,1.0,4.666666666666667,0,0.0003502332916638898,8.086715730364636e-05,-0.00026936613436024347,0.001414498602807578,0.00020213150716839109,0.248046875,0.08989791002386482,0.023424976010574028,0.11332288603443885
paired_lesion,62022,cooperative_inventory,diagonal,0.010079040825504568,0.10039442626712186,3.1780547509719503,0,True,0.0,1.0,4.666666666666667,0,0.00040990262651632734,0.0002794262593446112,-0.00013047636717171613,0.0010152268969914947,0.0003327265934417007,0.17578125,0.10523927792382892,0.01832496398856165,0.12356424191239057
diagonal,62022,cooperative_inventory,diagonal,0.009521402017092284,0.09757767171383157,3.1595726182672164,0,True,0.0,1.0,4.666666666666667,0,0.00044041173559206424,0.00017907519575384863,-0.0002613365398382156,0.0009164656251338164,0.0002768514381108219,0.1650390625,0.10465320002549561,0.018602824027766474,0.12325602405326208
shuffled,62022,cooperative_inventory,diagonal,0.009279216715092398,0.09632869102760817,3.1324335557859935,0,True,0.0,1.0,4.666666666666667,0,0.00021315648933891736,9.451990279530213e-05,-0.00011863658654361523,0.0010171268205953598,0.00028146260349873087,0.21484375,0.09519785502925515,0.01811721896956442,0.11331507399881957
dense,62022,cooperative_inventory,diagonal,0.009136668134036602,0.09558592016629124,3.144683892737734,0,True,0.0,1.0,4.333333333333333,0,0.0001165663436598583,3.3030445809556406e-05,-8.35358978503019e-05,0.0010916827350496176,0.0005255942198042812,0.236328125,0.09277884998300578,0.01741501897777198,0.11019386896077776
signed_intensity,62022,cooperative_inventory,diagonal,0.009265914660082114,0.09625962112995311,3.0904040548442495,0,True,0.0,1.0,4.666666666666667,0,0.0003502332916638898,8.086715730364622e-05,-0.0002693661343602436,0.0014144986028075783,0.00020213150716839065,0.248046875,0.09134879599150736,0.01679659001820255,0.10814538600970991
zero,62022,cooperative_inventory,diagonal,0.08169771773322054,0.28582812621087617,0.0,0,False,1.0,0.0,,3,0.0901206158481218,0.0901206158481218,0.0,0.012088553788591236,0.0,0.9765625,0.0017519970133434981,0.00028298098186496645,0.0020349779952084646
hold,62022,cooperative_inventory,diagonal,0.050796887972147625,0.22538164959052817,2.273349612282455,0,False,1.0,0.3333333333333333,12.0,2,0.06086726401388663,0.05829731085804688,-0.0025699531558397506,0.00024709996108298617,0.0,0.0263671875,0.0016683369904058054,0.0002783699528663419,0.0019467069432721473
paired_lesion,62022,cooperative_inventory,misaligned,0.012031472365802263,0.1096880684751184,3.160773320427168,0,True,0.0,1.0,5.0,0,0.00046122801332091143,0.0015472470015621535,0.001086018988241242,0.0026809327979391844,0.0009580815288445783,0.2841796875,0.11043013600283302,0.017737129041051958,0.12816726504388498
diagonal,62022,cooperative_inventory,misaligned,0.01123291764954228,0.10598545961377098,3.134875384620543,0,True,0.0,1.0,4.666666666666667,0,0.0007754645800769688,0.0009070589792361873,0.00013159439915921855,0.002687361165964296,0.000988672748978327,0.2958984375,0.08983185801480431,0.015417720009281766,0.10524957802408608
shuffled,62022,cooperative_inventory,misaligned,0.010946265375093555,0.10462440143242663,3.1053669623908817,0,True,0.0,1.0,5.0,0,0.00036643091223298484,0.0009183922860178449,0.0005519613737848601,0.0028440576389685496,0.0010346234968187412,0.3095703125,0.0997658259657328,0.01622482299717376,0.11599064896290656
dense,62022,cooperative_inventory,misaligned,0.010151373132799209,0.10075402291124265,3.0998801005501293,0,True,0.0,1.0,4.333333333333333,0,0.00022210098438687437,0.00014932210612002804,-7.277887826684633e-05,0.0018386090147054744,0.0008491139930059007,0.21875,0.08811182992212707,0.017097652002121322,0.1052094819242484
signed_intensity,62022,cooperative_inventory,misaligned,0.010884618007236072,0.10432937269645626,3.123024698740747,0,True,0.0,1.0,5.0,0,0.000493954414604936,0.00011896775193035823,-0.00037498666267457776,0.002377697205072143,0.0009129562046666065,0.296875,0.09044839104171842,0.0305949709872948,0.12104336202901322
zero,62022,cooperative_inventory,misaligned,0.08749463666570875,0.29579492332646407,0.0,0,False,1.0,0.0,,3,0.09539961290564276,0.09539961290564276,0.0,0.012088553788591236,0.0,0.9765625,0.001832721995015163,0.0002868299852707423,0.0021195519802859053
hold,62022,cooperative_inventory,misaligned,0.04409121488570928,0.2099790820193985,2.273349612282455,0,False,1.0,0.0,,3,0.051086642010673575,0.04587332558878485,-0.005213316421888728,0.00048407574924869297,0.0,0.048828125,0.0016288689730572514,0.0002350839422433637,0.0018639529153006151
paired,62022,cooperative_inventory,misaligned,0.010884618007236072,0.10432937269645626,3.123024698740747,0,True,0.0,1.0,5.0,0,0.0004939544146049356,0.00011896775193035811,-0.00037498666267457743,0.002377697205072143,0.0009129562046666063,0.296875,0.09040912894852227,0.01643539896758739,0.10684452791610966
hold,62023,dynamic_tracking,paired,0.08744837392350943,0.2957167122830724,2.398971807945599,0,False,1.0,0.0,,3,0.0940909027832127,0.09352408269055096,-0.000566820092661735,,,,0.001883952965727076,0.00026219000574201345,0.0021461429714690894
paired,62023,dynamic_tracking,paired,0.0075340851055161655,0.08679910774608322,2.879676468418471,0,True,0.0,1.0,4.0,0,0.00030777989690023935,0.0019432762343234765,0.001635496337423237,,,,0.0680471459927503,0.026341889963077847,0.09438903595582815
paired_lesion,62023,dynamic_tracking,paired,0.013831625602597958,0.11760793171635134,2.9566199555541184,0,True,0.0,1.0,2.6666666666666665,0,0.008324801417787216,0.006693465298294331,-0.001631336119492885,,,,0.07668898597330553,0.02512719797960017,0.1018161839529057
diagonal,62023,dynamic_tracking,paired,0.010313217005137137,0.10155401028584315,2.872227758554729,0,True,0.0,1.0,3.6666666666666665,0,0.0024963108747494507,0.0043200259416666074,0.0018237150669171568,,,,0.07981381196441362,0.030252524993557017,0.11006633695797063
shuffled,62023,dynamic_tracking,paired,0.006111671461070967,0.07817717992528873,2.896534263561492,0,True,0.0,1.0,1.0,0,0.0024226053868566778,0.0026411537213212625,0.00021854833446458477,,,,0.07356351693306351,0.029886615986470133,0.10345013291953364
dense,62023,dynamic_tracking,paired,0.002434819979004401,0.04934389505302962,2.809651300319059,0,True,0.0,1.0,1.0,0,4.600613399759557e-05,0.00015361656618511743,0.00010761043218752186,,,,0.08649622795928735,0.03434017198742367,0.12083639994671103
signed_intensity,62023,dynamic_tracking,paired,0.007534085105516163,0.08679910774608321,2.8796764684184715,0,True,0.0,1.0,4.0,0,0.00030777989690023935,0.0019432762343234743,0.001635496337423235,,,,0.06835545298963552,0.025343179935589433,0.09369863292522496
zero,62023,dynamic_tracking,paired,0.19006998844471934,0.4359701692142701,0.0,0,False,1.0,0.0,,3,0.16915497040174576,0.16899084299940367,-0.00016412740234209022,,,,0.0018359170135227032,0.000280819003819488,0.002116736017342191
paired,62023,dynamic_tracking,diagonal,0.0021981653274543173,0.04688459584399035,2.8505349456601365,0,True,0.0,1.0,1.0,0,0.00034934980657993467,0.00046198811717240685,0.00011263831059247218,,,,0.0738793239579536,0.027770103959483095,0.1016494279174367
paired_lesion,62023,dynamic_tracking,diagonal,0.003926182202428381,0.06265925472289294,2.967234528093053,0,True,0.0,1.0,1.0,0,0.002847126473279006,0.00049415316136987,-0.002352973311909136,,,,0.06770801304810448,0.027072005017544143,0.09478001806564862
diagonal,62023,dynamic_tracking,diagonal,0.0026469908404085554,0.05144891486133168,2.8920563971792155,0,True,0.0,1.0,1.0,0,0.0006882028829781805,0.0004335374470967336,-0.00025466543588144693,,,,0.07404623296315549,0.026060626973048784,0.10010685993620427
shuffled,62023,dynamic_tracking,diagonal,0.002032767351974681,0.04508622130956065,2.8468143059038953,0,True,0.0,1.0,1.0,0,0.00025011808639814083,0.0002701270052166422,2.0008918818501388e-05,,,,0.06720185401354684,0.02604967402294278,0.09325152803648962
dense,62023,dynamic_tracking,diagonal,0.0014204079399502867,0.037688299775265624,2.782863926792315,0,True,0.0,1.0,0.3333333333333333,0,4.574454717123618e-05,7.338249057455037e-05,2.763794340331419e-05,,,,0.06672499399428489,0.02509020798606798,0.09181520198035287
signed_intensity,62023,dynamic_tracking,diagonal,0.0021981653274543173,0.04688459584399035,2.8505349456601365,0,True,0.0,1.0,1.0,0,0.00034934980657993467,0.00046198811717240674,0.00011263831059247207,,,,0.07948745402973145,0.026862113052629866,0.10634956708236132
zero,62023,dynamic_tracking,diagonal,0.1491975610387117,0.3862610011879425,0.0,0,False,1.0,0.0,,3,0.14724995335414018,0.1481952408261009,0.0009452874719607096,,,,0.0016398400111938827,0.0002677730008144863,0.001907613012008369
hold,62023,dynamic_tracking,diagonal,0.07426953731065891,0.2725243792959795,2.398971807945599,0,False,1.0,0.0,,3,0.08837510267698202,0.08860582254414212,0.00023071986716009796,,,,0.0016849050298333168,0.00025700295373098925,0.001941907983564306
paired_lesion,62023,dynamic_tracking,misaligned,0.009491006791646557,0.0974217983392144,2.9754579203259235,0,True,0.0,1.0,1.0,0,0.007310620147832184,0.003956888830152621,-0.0033537313176795636,,,,0.068712179963768,0.026334628026233986,0.09504680799000198
diagonal,62023,dynamic_tracking,misaligned,0.007540672303522749,0.08683704453470735,2.8754381956731487,0,True,0.0,1.0,1.0,0,0.002098318257185613,0.0027265492450019285,0.0006282309878163153,,,,0.07176177400833694,0.02735558800486615,0.09911736201320309
shuffled,62023,dynamic_tracking,misaligned,0.006653260327850458,0.08156752005455638,2.8709856997380516,0,True,0.0,1.0,1.0,0,0.0022497176772172875,0.0028183913727419727,0.0005686736955246852,,,,0.08582123797532404,0.026719557979959063,0.1125407959552831
dense,62023,dynamic_tracking,misaligned,0.0023464071186160168,0.04843972665711499,2.773331849150064,0,True,0.0,1.0,1.3333333333333333,0,4.930727283783381e-05,0.00011645695958857484,6.714968675074104e-05,,,,0.0718823259594501,0.027858259039931,0.0997405849993811
signed_intensity,62023,dynamic_tracking,misaligned,0.00620509664109169,0.07877243579509072,2.8411147280157705,0,True,0.0,1.0,1.3333333333333333,0,0.001461040806730502,0.0017174363957665145,0.00025639558903601243,,,,0.06851056397863431,0.02680648602108704,0.09531704999972135
zero,62023,dynamic_tracking,misaligned,0.17641597724684227,0.42001902010128334,0.0,0,False,1.0,0.0,,3,0.17771867107228567,0.17789575132371785,0.00017708025143217676,,,,0.001708094983769115,0.0002507549652364105,0.0019588499490055256
hold,62023,dynamic_tracking,misaligned,0.08715005525888454,0.2952118819744296,2.398971807945599,0,False,1.0,0.0,,3,0.11981483671745286,0.11958922689555494,-0.00022560982189791245,,,,0.0016106569819385186,0.00023054396297084168,0.0018412009449093603
paired,62023,dynamic_tracking,misaligned,0.00620509664109169,0.07877243579509072,2.8411147280157705,0,True,0.0,1.0,1.3333333333333333,0,0.0014610408067305019,0.001717436395766516,0.00025639558903601417,,,,0.0671590469792136,0.02489174799848115,0.09205079497769475
paired,62023,cooperative_inventory,paired,0.01138688545072033,0.10670935034344614,3.0957614273697773,0,True,0.0,1.0,5.0,0,0.0006351884248057316,0.00012278913028970675,-0.0005123992945160248,0.0019570348724010193,0.0007553185921003188,0.232421875,0.09143506104737753,0.01806961996771861,0.10950468101509614
paired_lesion,62023,cooperative_inventory,paired,0.011892096900361391,0.10905089133226464,3.175434295106087,0,True,0.0,1.0,5.0,0,0.0007382724059024428,0.002095687236230703,0.0013574148303282603,0.0018339932486162208,0.0008107714213158492,0.275390625,0.09467531495465664,0.016428057962912135,0.11110337291756878
diagonal,62023,cooperative_inventory,paired,0.011612308091162277,0.10776041987280059,3.1530380089295704,0,True,0.0,1.0,5.0,0,0.000717549581125018,0.0010671853421297603,0.00034963576100474235,0.001885635538266007,0.0008132791059502068,0.291015625,0.09648857801221311,0.016960515975370072,0.11344909398758318
shuffled,62023,cooperative_inventory,paired,0.011544486141189044,0.10744527044588349,3.0954696916709215,0,True,0.0,1.0,5.0,0,0.0002736311621858001,0.0005040379322963677,0.00023040677011056766,0.0019186695922758581,0.0003587885988691121,0.2734375,0.10110695497132838,0.016250922992185224,0.1173578779635136
dense,62023,cooperative_inventory,paired,0.010992468941198617,0.10484497575562989,2.9879036796511604,0,True,0.0,1.0,5.0,0,0.000170645948575375,2.996209839794412e-05,-0.00014068385017743088,0.0019000124255238522,8.917325421701523e-05,0.1826171875,0.08090499002719298,0.018818633987393696,0.09972362401458668
signed_intensity,62023,cooperative_inventory,paired,0.01138688545072033,0.10670935034344614,3.0957614273697773,0,True,0.0,1.0,5.0,0,0.0006351884248057315,0.00012278913028970675,-0.0005123992945160247,0.0019570348724010193,0.0007553185921003187,0.232421875,0.0846448609881918,0.017623023006308358,0.10226788399450015
zero,62023,cooperative_inventory,paired,0.08578463101205464,0.29289013471275305,0.0,0,False,1.0,0.0,,3,0.09842629335144079,0.09842629335144079,0.0,0.011435933220258283,0.0,0.9580078125,0.001611195992154535,0.00025113798619713634,0.0018623339783516712
hold,62023,cooperative_inventory,paired,0.04778051817111767,0.21858755264451282,2.398912577913357,0,False,1.0,0.3333333333333333,0.0,2,0.046673793099561114,0.04455056862375392,-0.002123224475807192,0.0005072347944819572,0.0,0.0341796875,0.0017596979669178836,0.0002538369662943296,0.0020135349332122132
paired_lesion,62023,cooperative_inventory,diagonal,0.009456202345446136,0.09724300666601242,3.124136061284317,0,True,0.0,1.0,4.666666666666667,0,0.000764334550807233,0.0002590943610516686,-0.0005052401897555645,0.0007993941685932606,6.592512309360729e-05,0.103515625,0.10314247699716361,0.020981215064239223,0.12412369206140283
diagonal,62023,cooperative_inventory,diagonal,0.00864550648864735,0.09298121578387405,3.1009469068548734,0,True,0.0,1.0,4.333333333333333,0,0.0005814071532417851,0.00021435424633324603,-0.000367052906908539,0.0006980660716002421,0.00010950354305499322,0.1025390625,0.09030215798702557,0.017505521973362193,0.10780767996038776
shuffled,62023,cooperative_inventory,diagonal,0.0085624424954497,0.09253346689414431,3.072459264353508,0,True,0.0,1.0,4.333333333333333,0,0.00031761598423797225,9.98987575734505e-05,-0.00021771722666452176,0.000783400444401651,7.629843969572772e-05,0.1337890625,0.09520557496580295,0.021118046992341988,0.11632362195814494
dense,62023,cooperative_inventory,diagonal,0.008288108516765627,0.09103904940609621,2.9725234637682707,0,True,0.0,1.0,4.333333333333333,0,0.00022747999216514471,4.491402652393402e-05,-0.0001825659656412107,0.0013065897263645678,6.625831884323792e-05,0.1875,0.08874189894413576,0.020017593036754988,0.10875949198089074
signed_intensity,62023,cooperative_inventory,diagonal,0.008492614334952558,0.09215538147581268,3.0241508138519104,0,True,0.0,1.0,4.333333333333333,0,0.0004868351409102606,0.00015079720953190673,-0.00033603793137835386,0.0012620950829430404,0.00011101515290525037,0.1806640625,0.09129249193938449,0.021135329028766137,0.11242782096815063
zero,62023,cooperative_inventory,diagonal,0.07110200355645441,0.26664958945487693,0.0,0,False,1.0,0.0,,3,0.08987097066035094,0.08987097066035094,0.0,0.011435933220258283,0.0,0.9580078125,0.0016112700250232592,0.0002893909259000793,0.0019006609509233385
hold,62023,cooperative_inventory,diagonal,0.04585816984504487,0.21414520738285242,2.398912577913357,0,False,1.0,0.3333333333333333,0.0,2,0.05707297422030842,0.05578864852242992,-0.0012843256978785009,0.0003610655862160472,0.0,0.0244140625,0.00203371696989052,0.0002571819568402134,0.0022908989267307334
paired,62023,cooperative_inventory,diagonal,0.008492614334952558,0.09215538147581268,3.024150813851911,0,True,0.0,1.0,4.333333333333333,0,0.0004868351409102606,0.00015079720953190665,-0.00033603793137835397,0.00126209508294304,0.00011101515290525037,0.1806640625,0.08571470698370831,0.01780699606752023,0.10352170305122854
diagonal,62023,cooperative_inventory,misaligned,0.009407714018024097,0.09699337100041475,3.0400863732533265,0,True,0.0,1.0,4.0,0,0.0013781064129427434,0.0005881216630348241,-0.0007899847499079193,0.002435495458355031,0.00027688839851558363,0.2216796875,0.08355582701187814,0.016708179013221525,0.10026400602509966
shuffled,62023,cooperative_inventory,misaligned,0.009212519171940412,0.09598186897503305,3.0531591441640313,0,True,0.0,1.0,4.0,0,0.00042033941827543755,0.0006202858297351599,0.0001999464114597223,0.0018618362026941084,0.00016605429943628843,0.197265625,0.08786818299995502,0.01888855404831702,0.10675673704827204
dense,62023,cooperative_inventory,misaligned,0.008996222054053364,0.09484841619159154,3.0684663801971475,0,True,0.0,1.0,4.0,0,0.0006113849872802107,0.00013087549560747273,-0.00048050949167273795,0.001214435240252886,1.539698816974361e-05,0.1201171875,0.0871153889602283,0.01822133104724344,0.10533672000747174
signed_intensity,62023,cooperative_inventory,misaligned,0.009434280478712849,0.09713022433163042,2.993615036322582,0,True,0.0,1.0,3.6666666666666665,0,0.0008205542851181247,0.00021170686806469167,-0.0006088474170534331,0.0026437674532358902,0.00030197671446857184,0.2255859375,0.0895037570153363,0.018491773967980407,0.10799553098331671
zero,62023,cooperative_inventory,misaligned,0.07519036967110362,0.2742086243558062,0.0,0,False,1.0,0.0,,3,0.09397162695324505,0.09397162695324505,0.0,0.011435933220258283,0.0,0.9580078125,0.0018290120060555637,0.00025711196940392256,0.0020861239754594862
hold,62023,cooperative_inventory,misaligned,0.04074988143715905,0.20186599871488772,2.398912577913357,0,False,1.0,0.3333333333333333,0.0,2,0.04681256510250747,0.044275583825284986,-0.0025369812772224817,0.0005072347944819572,0.0,0.0341796875,0.0016222080157604069,0.00024667800607858226,0.0018688860218389891
paired,62023,cooperative_inventory,misaligned,0.009434280478712847,0.0971302243316304,2.9936150363225824,0,True,0.0,1.0,3.6666666666666665,0,0.0008205542851181248,0.00021170686806469162,-0.0006088474170534332,0.0026437674532358902,0.0003019767144685716,0.2255859375,0.08833843599859392,0.02011169297475135,0.10845012897334527
paired_lesion,62023,cooperative_inventory,misaligned,0.010125388981499782,0.10062499183353896,3.0723881674529063,0,True,0.0,1.0,4.333333333333333,0,0.0013461951559099227,0.0011361379394020858,-0.00021005721650783687,0.002433933331636162,0.0001983565919422545,0.212890625,0.10358056201221189,0.021775056040496565,0.12535561805270845
paired,62024,dynamic_tracking,paired,0.0070291421074765836,0.08383997917149422,2.6970854240305413,0,True,0.0,1.0,3.3333333333333335,0,0.0005218796155513389,0.002701733696659746,0.002179854081108407,,,,0.06791163004527334,0.02697428993997164,0.09488591998524498
paired_lesion,62024,dynamic_tracking,paired,0.015660609584126232,0.12514235727413095,2.8664322593871674,0,True,0.0,1.0,1.3333333333333333,0,0.00876406383613023,0.00711515225882213,-0.0016489115773081,,,,0.07994292701914674,0.02594062596472213,0.10588355298386887
diagonal,62024,dynamic_tracking,paired,0.01094901019978077,0.10463751812701202,2.723596058273502,0,True,0.0,1.0,3.3333333333333335,0,0.0028682665912673566,0.004859776662702307,0.00199151007143495,,,,0.06622621197311673,0.02495618601096794,0.09118239798408467
shuffled,62024,dynamic_tracking,paired,0.006084778933901596,0.07800499300622747,2.735954047926323,0,True,0.0,1.0,1.0,0,0.0018497667412144905,0.0019792447758013696,0.00012947803458687908,,,,0.06750704200385371,0.0262430880611646,0.09375013006501831
dense,62024,dynamic_tracking,paired,0.0020553629766724116,0.04533611117721073,2.6337476429690154,0,True,0.0,1.0,1.0,0,6.878014228742731e-05,4.3130560042562566e-05,-2.5649582244864747e-05,,,,0.06813713201700011,0.02950134799903026,0.09763848001603037
signed_intensity,62024,dynamic_tracking,paired,0.0070291421074765836,0.08383997917149422,2.697085424030541,0,True,0.0,1.0,3.3333333333333335,0,0.000521879615551339,0.002701733696659746,0.002179854081108407,,,,0.07244439200439956,0.02603560702118557,0.09847999902558513
zero,62024,dynamic_tracking,paired,0.21246259450849983,0.4609366491270789,0.0,0,False,1.0,0.0,,3,0.20423982010540667,0.20358044077320164,-0.000659379332205029,,,,0.001686068055278156,0.0003157770188408904,0.0020018450741190463
hold,62024,dynamic_tracking,paired,0.08880942135258565,0.298009096090347,2.3355766994842733,0,False,1.0,0.0,,3,0.09101907782388782,0.09164605755024491,0.0006269797263570853,,,,0.001792000992281828,0.00025404596817679703,0.002046046960458625
paired_lesion,62024,dynamic_tracking,diagonal,0.0045651498990507645,0.06756589301600893,2.827804910802849,0,True,0.0,1.0,1.0,0,0.003683094842351538,0.0004560165204887857,-0.003227078321862752,,,,0.06865238296450116,0.026190065036644228,0.09484244800114539
diagonal,62024,dynamic_tracking,diagonal,0.0029217664304177866,0.054053366504018846,2.7374568633061895,0,True,0.0,1.0,1.0,0,0.0006878610591715427,0.00038818049983356366,-0.000299680559337979,,,,0.0689834220247576,0.025990809976065066,0.09497423200082267
shuffled,62024,dynamic_tracking,diagonal,0.002036033497424872,0.045122427876000556,2.6933772223205725,0,True,0.0,1.0,0.6666666666666666,0,0.00029452778299020153,0.0002970507766355096,2.522993645308043e-06,,,,0.07104153301770566,0.025989993024268188,0.09703152604197385
dense,62024,dynamic_tracking,diagonal,0.001337400743356661,0.03657049006175144,2.626928787687948,0,True,0.0,1.0,0.6666666666666666,0,7.777484149494339e-05,3.319063604579144e-05,-4.458420544915195e-05,,,,0.06771719996322645,0.026559333928162232,0.09427653389138868
signed_intensity,62024,dynamic_tracking,diagonal,0.002293884677037967,0.047894516147863594,2.6884740431039744,0,True,0.0,1.0,1.0,0,0.0004187505395628443,0.00042278262605117425,4.0320864883299575e-06,,,,0.07022281804529484,0.026001874008215964,0.09622469205351081
zero,62024,dynamic_tracking,diagonal,0.1807917036746437,0.42519607673947757,0.0,0,False,1.0,0.0,,3,0.19110427028739174,0.18983876589478157,-0.0012655043926101672,,,,0.0017820339926402085,0.0002492720086593181,0.0020313060012995265
hold,62024,dynamic_tracking,diagonal,0.08178592847738492,0.28598239190094366,2.3355766994842733,0,False,1.0,0.0,,3,0.09592596761703676,0.09626365185464072,0.00033768423760396904,,,,0.0016664349823258817,0.00025852202088572085,0.0019249570032116026
paired,62024,dynamic_tracking,diagonal,0.0022938846770379664,0.047894516147863594,2.6884740431039744,0,True,0.0,1.0,1.0,0,0.00041875053956284423,0.00042278262605117425,4.032086488330012e-06,,,,0.0701615940197371,0.02834299099049531,0.0985045850102324
diagonal,62024,dynamic_tracking,misaligned,0.008729909495310592,0.09343398469138835,2.7296150683499825,0,True,0.0,1.0,1.3333333333333333,0,0.002967492151625728,0.0024974821472492823,-0.0004700100043764457,,,,0.0790771660322207,0.031083137007954065,0.11016030304017477
shuffled,62024,dynamic_tracking,misaligned,0.006768645578877356,0.08227177875114501,2.7310517848586313,0,True,0.0,1.0,1.6666666666666667,0,0.0019529018017794032,0.0018571243503102903,-9.577745146911298e-05,,,,0.07051768502424238,0.02686937699036207,0.09738706201460445
dense,62024,dynamic_tracking,misaligned,0.002025468405409071,0.04500520420361484,2.62900566782636,0,True,0.0,1.0,1.0,0,8.727195294789743e-05,3.921496011398415e-05,-4.805699283391328e-05,,,,0.0670813100077794,0.025949620983737987,0.09303093099151738
signed_intensity,62024,dynamic_tracking,misaligned,0.006126734165258748,0.07827345760383111,2.6846542439904826,0,True,0.0,1.0,1.0,0,0.001795710111929962,0.0015326732107574625,-0.0002630369011724996,,,,0.06881147898820927,0.026033341011498123,0.0948448199997074
zero,62024,dynamic_tracking,misaligned,0.21015281102987637,0.4584242696780749,0.0,0,False,1.0,0.0,,3,0.22458138886721096,0.223825227338052,-0.0007561615291589718,,,,0.0016825540224090219,0.0002506340460968204,0.0019331880685058422
hold,62024,dynamic_tracking,misaligned,0.0904845593697257,0.300806514839233,2.3355766994842733,0,False,1.0,0.0,,3,0.11881645463318788,0.11934665363467534,0.000530199001487458,,,,0.0015874749587965198,0.00024237498291768134,0.0018298499417142011
paired,62024,dynamic_tracking,misaligned,0.006126734165258748,0.07827345760383111,2.6846542439904826,0,True,0.0,1.0,1.0,0,0.001795710111929962,0.0015326732107574623,-0.0002630369011724998,,,,0.07247088200529106,0.02695408196450444,0.0994249639697955
paired_lesion,62024,dynamic_tracking,misaligned,0.011501947374048947,0.10724713224160796,2.869755482383545,0,True,0.0,1.0,1.6666666666666667,0,0.00935057953216318,0.003760236392142703,-0.005590343140020476,,,,0.08260723397688707,0.028968761005671695,0.11157599498255877
paired_lesion,62024,cooperative_inventory,paired,0.0092164714017982,0.09600245518630343,3.2040476919360454,0,True,0.0,1.0,4.0,0,0.0007479564428109604,0.0017475284933460892,0.0009995720505351288,0.0022595241843541202,0.001417347419070751,0.294921875,0.10145308500796091,0.01834627301286673,0.11979935802082764
diagonal,62024,cooperative_inventory,paired,0.00908095773383762,0.09529405927883237,3.1838935303937737,0,True,0.0,1.0,4.333333333333333,0,0.0008537057476378869,0.0007221412592139491,-0.00013156448842393783,0.0022572394637385474,0.0013012424471948924,0.2939453125,0.08972073702170746,0.019985124992672354,0.10970586201437982
shuffled,62024,cooperative_inventory,paired,0.009403892654875231,0.09697366990516153,3.1053680353047097,0,True,0.0,1.0,4.666666666666667,0,0.0004956396962328526,0.0004529424496267372,-4.269724660611537e-05,0.0024290428885193156,0.0009717207143207856,0.3369140625,0.08662445904337801,0.017349993031530175,0.10397445207490819
dense,62024,cooperative_inventory,paired,0.008969630676072628,0.09470813416002148,3.018514908740333,0,True,0.0,1.0,4.333333333333333,0,5.774104260290066e-05,6.892582208054714e-06,-5.084846039484594e-05,0.0024173085745652968,0.0001781668058157777,0.2421875,0.07862926997040631,0.0172073269932298,0.09583659696363611
signed_intensity,62024,cooperative_inventory,paired,0.009144740666514186,0.0956281374205008,3.053110518949837,0,True,0.0,1.0,4.333333333333333,0,0.0004987463325304415,0.0002017527997367197,-0.00029699353279372185,0.0027019795085947355,0.00034493049956939753,0.240234375,0.09804789503687061,0.020359333961096127,0.11840722899796674
zero,62024,cooperative_inventory,paired,0.08293836734613788,0.28799022092101995,0.0,0,False,1.0,0.0,,3,0.08788990878328504,0.08788990878328504,0.0,0.01196511426858062,0.0,0.974609375,0.001702153982478194,0.00025992203154601157,0.0019620760140242055
hold,62024,cooperative_inventory,paired,0.044547316437837665,0.2110623520143696,2.443344018722324,0,False,1.0,0.3333333333333333,13.0,2,0.04774348025858604,0.04278314610696614,-0.004960334151619901,0.0005358778818110924,0.0,0.033203125,0.0019572179226088338,0.0002453469860483892,0.002202564908657223
paired,62024,cooperative_inventory,paired,0.009144740666514186,0.0956281374205008,3.053110518949837,0,True,0.0,1.0,4.333333333333333,0,0.0004987463325304414,0.00020175279973671978,-0.00029699353279372164,0.0027019795085947355,0.00034493049956939775,0.240234375,0.09152647000155412,0.01936777599621564,0.11089424599776976
diagonal,62024,cooperative_inventory,diagonal,0.00880292564700525,0.0938239076515429,3.2113242304194927,0,True,0.0,1.0,4.333333333333333,0,0.00029367771411657566,0.00017669446414980244,-0.00011698324996677322,0.0010863947570429046,0.00011764508557061742,0.1787109375,0.13036988498060964,0.02231514104641974,0.15268502602702938
shuffled,62024,cooperative_inventory,diagonal,0.008760551403799128,0.09359781730253718,3.1809661194018175,0,True,0.0,1.0,4.333333333333333,0,0.00023497688098613706,0.00012188400978598078,-0.00011309287120015628,0.0012099907753122577,3.33869585693393e-05,0.193359375,0.10710909100453136,0.022457534018030856,0.12956662502256222
dense,62024,cooperative_inventory,diagonal,0.008625393723625616,0.09287299781758752,3.151162099893959,0,True,0.0,1.0,4.0,0,0.00016437724346894165,2.334950936316576e-05,-0.0001410277341057759,0.0012461511543413568,9.88436996098626e-06,0.2255859375,0.09932456497335806,0.019958276025136,0.11928284099849407
signed_intensity,62024,cooperative_inventory,diagonal,0.008663011485220166,0.09307530008127916,3.1678372946812687,0,True,0.0,1.0,4.333333333333333,0,0.00027195292482684976,8.769601467583811e-05,-0.00018425691015101165,0.0013941507082399047,4.1199466449794706e-05,0.212890625,0.11332622701593209,0.019829157034109812,0.1331553840500419
zero,62024,cooperative_inventory,diagonal,0.07615002486149644,0.27595293957755995,0.0,0,False,1.0,0.3333333333333333,0.0,2,0.09065095508808199,0.09065095508808199,0.0,0.01196511426858062,0.0,0.974609375,0.0016626130163786002,0.00025244802236557007,0.0019150610387441702
hold,62024,cooperative_inventory,diagonal,0.048297020417552114,0.2197658308690232,2.443344018722324,0,False,1.0,0.3333333333333333,0.0,2,0.059956531903590043,0.05686962194869171,-0.003086909954898333,0.00040944496493923465,0.0,0.0283203125,0.0016391339740948752,0.0002345189786865376,0.0018736529527814128
paired,62024,cooperative_inventory,diagonal,0.008663011485220163,0.09307530008127915,3.1678372946812687,0,True,0.0,1.0,4.333333333333333,0,0.0002719529248268501,8.769601467583819e-05,-0.0001842569101510119,0.0013941507082399043,4.1199466449794815e-05,0.212890625,0.10398900199652417,0.018655084015335888,0.12264408601186005
paired_lesion,62024,cooperative_inventory,diagonal,0.009262226499151593,0.0962404618606519,3.2273512275532896,0,True,0.0,1.0,4.333333333333333,0,0.0003484366158948978,0.00022401787885733648,-0.0001244187370375613,0.0011862983414788466,0.0001831571689157568,0.1650390625,0.11317844895529561,0.018664941970200744,0.13184339092549635
shuffled,62024,cooperative_inventory,misaligned,0.010912642923510334,0.10446359616397635,3.153225385410413,0,True,0.0,1.0,4.666666666666667,0,0.0003030765563691619,0.00042326873331537015,0.00012019217694620826,0.0031343388045847343,0.00038506125828912703,0.28125,0.0922900370132993,0.027194863047043327,0.11948490006034262
dense,62024,cooperative_inventory,misaligned,0.009900425858458793,0.09950088370692389,3.063967176613861,0,True,0.0,1.0,4.333333333333333,0,0.00010967165947196617,6.071650749472349e-05,-4.895515197724268e-05,0.0031218347961723698,0.0001166237771941523,0.2705078125,0.0909133790191845,0.017622969004150946,0.10853634802333545
signed_intensity,62024,cooperative_inventory,misaligned,0.011038241994714109,0.10506303819476243,3.1108572668256524,0,True,0.0,1.0,4.333333333333333,0,0.00042073095866216464,0.00014726264583504067,-0.000273468312827124,0.0034807416497650372,0.0001430500841959956,0.2646484375,0.08841530804056674,0.01775563605770003,0.10617094409826677
zero,62024,cooperative_inventory,misaligned,0.08496560653696035,0.2914886044718736,0.0,0,False,1.0,0.0,,3,0.10229576739569124,0.10229576739569124,0.0,0.01196511426858062,0.0,0.974609375,0.0018625599695951678,0.00027060499996878207,0.00213316496956395
hold,62024,cooperative_inventory,misaligned,0.046594996579610456,0.21585874218944773,2.443344018722324,0,False,1.0,0.3333333333333333,0.0,2,0.05933234535785972,0.053768968026258336,-0.0055633773316013865,0.0005358778818110924,0.0,0.033203125,0.0016877570087672211,0.00024207300157286227,0.0019298300103400834
paired,62024,cooperative_inventory,misaligned,0.011038241994714109,0.10506303819476243,3.1108572668256524,0,True,0.0,1.0,4.333333333333333,0,0.00042073095866216443,0.0001472626458350395,-0.0002734683128271249,0.0034807416497650377,0.00014305008419599548,0.2646484375,0.09396096200362081,0.018488977024389897,0.1124499390280107
paired_lesion,62024,cooperative_inventory,misaligned,0.011499506241043306,0.10723575075991824,3.2016764464272187,0,True,0.0,1.0,4.666666666666667,0,0.0005189541256344721,0.0009497214782985941,0.00043076735266412206,0.0031042154160236066,0.00036991494411798566,0.2353515625,0.09788912101066671,0.017525073984870687,0.1154141949955374
diagonal,62024,cooperative_inventory,misaligned,0.011019859470075137,0.10497551843203794,3.178402631524021,0,True,0.0,1.0,4.666666666666667,0,0.0006459695405231218,0.0004790654330291025,-0.00016690410749401933,0.003129471206491796,0.00034829617869628005,0.2431640625,0.09650886699091643,0.018167864996939898,0.11467673198785633
paired_lesion,62025,dynamic_tracking,paired,0.015345103453847233,0.12387535450543515,3.0035383854785036,0,True,0.0,1.0,3.0,0,0.010004785386129544,0.006777331141248393,-0.0032274542448811503,,,,0.07044969997514272,0.025006821990245953,0.09545652196538867
diagonal,62025,dynamic_tracking,paired,0.011528164904543902,0.10736929218609902,2.939564842557492,0,True,0.0,1.0,4.333333333333333,0,0.003277713391150785,0.005562919300296365,0.0022852059091455802,,,,0.06807548600045266,0.025449041961110197,0.09352452796156285
shuffled,62025,dynamic_tracking,paired,0.00609023239506163,0.07803994102420651,2.959538653557721,0,True,0.0,1.0,1.0,0,0.002067863703892107,0.0026889069828733886,0.0006210432789812816,,,,0.06999157898826525,0.025436774994886946,0.09542835398315219
dense,62025,dynamic_tracking,paired,0.002414941220969316,0.049142051452593184,2.8705409164433884,0,True,0.0,1.0,1.0,0,4.363849988387236e-05,8.757042494402835e-05,4.393192506015599e-05,,,,0.0677052530227229,0.025272400060202926,0.09297765308292583
signed_intensity,62025,dynamic_tracking,paired,0.007985485434705775,0.08936154337692347,2.9518630107843347,0,True,0.0,1.0,4.666666666666667,0,0.0003358310564920705,0.0021416861556408182,0.0018058550991487477,,,,0.06853226901148446,0.03394384799321415,0.10247611700469861
zero,62025,dynamic_tracking,paired,0.21361997352328665,0.462190408298665,0.0,0,False,1.0,0.0,,3,0.19094487104484575,0.1925603400813088,0.0016154690364630353,,,,0.0016350939986295998,0.00026447491836734116,0.001899568916996941
hold,62025,dynamic_tracking,paired,0.09620180790427141,0.3101641628303815,2.467958227921536,0,False,1.0,0.0,,3,0.09287703788450344,0.0943837845870031,0.001506746702499659,,,,0.0016593279869994149,0.00023227097699418664,0.0018915989639936015
paired,62025,dynamic_tracking,paired,0.007985485434705775,0.08936154337692347,2.9518630107843347,0,True,0.0,1.0,4.666666666666667,0,0.00033583105649207033,0.002141686155640819,0.0018058550991487488,,,,0.06562773098266916,0.025097961981373373,0.09072569296404254
diagonal,62025,dynamic_tracking,diagonal,0.003252899957653691,0.057034199894919986,2.990974331418279,0,True,0.0,1.0,1.0,0,0.0007921211909241082,0.0004673711637531783,-0.00032475002717092995,,,,0.06937294198723976,0.0264450430040597,0.09581798499129945
shuffled,62025,dynamic_tracking,diagonal,0.002266853465287373,0.047611484594448146,2.9462229742562704,0,True,0.0,1.0,1.0,0,0.0003810550647777339,0.00035324387824713836,-2.781118653059553e-05,,,,0.07949187596386764,0.02739668998401612,0.10688856594788376
dense,62025,dynamic_tracking,diagonal,0.0014301715296738458,0.0378176087249557,2.865549678278274,0,True,0.0,1.0,1.0,0,4.51948086888001e-05,4.752767864598736e-05,2.332869957187259e-06,,,,0.08121887300512753,0.028908389955176972,0.1101272629603045
signed_intensity,62025,dynamic_tracking,diagonal,0.0026517726101795026,0.0514953649387933,2.942756476332404,0,True,0.0,1.0,1.0,0,0.0003901396808589175,0.00037655647296713237,-1.3583207891785121e-05,,,,0.07901975201821188,0.027251015017100144,0.10627076703531202
zero,62025,dynamic_tracking,diagonal,0.17095304370738346,0.41346468253937174,0.0,0,False,1.0,0.0,,3,0.16738268855845556,0.1692460538540314,0.0018633652955758473,,,,0.0017382900477969088,0.00027487696934258565,0.0020131670171394944
hold,62025,dynamic_tracking,diagonal,0.08246701908413517,0.28717071418258366,2.467958227921536,0,False,1.0,0.0,,3,0.09052469378604379,0.09231644510929041,0.0017917513232466181,,,,0.0023257649954757653,0.00027363903063815087,0.002599404026113916
paired,62025,dynamic_tracking,diagonal,0.0026517726101795034,0.05149536493879331,2.942756476332404,0,True,0.0,1.0,1.0,0,0.0003901396808589175,0.00037655647296713215,-1.3583207891785338e-05,,,,0.07903421103401342,0.028323547980107833,0.10735775901412126
paired_lesion,62025,dynamic_tracking,diagonal,0.0052677613862118534,0.0725793454518009,3.0887522838664156,0,True,0.0,1.0,1.0,0,0.005221709124579795,0.00036354555465936656,-0.004858163569920428,,,,0.06915031103562796,0.02487616905273171,0.09402648008835968
shuffled,62025,dynamic_tracking,misaligned,0.008874314411171725,0.09420357960911956,2.993226197609025,0,True,0.0,1.0,1.6666666666666667,0,0.002140729431564536,0.0023703331842633403,0.00022960375269880443,,,,0.06904481698438758,0.025866974028758705,0.09491179101314628
dense,62025,dynamic_tracking,misaligned,0.002626072024259561,0.05124521464741426,2.8808684599415235,0,True,0.0,1.0,1.0,0,5.5443678498523266e-05,5.790475897902089e-05,2.4610804804976212e-06,,,,0.07034464798198314,0.02616426499298541,0.09650891297496855
signed_intensity,62025,dynamic_tracking,misaligned,0.008401135906418323,0.09165771056718754,2.9827495101326758,0,True,0.0,1.0,1.3333333333333333,0,0.003045980757893735,0.0017578027360198555,-0.0012881780218738795,,,,0.07139783904131036,0.029130885981430765,0.10052872502274113
zero,62025,dynamic_tracking,misaligned,0.20306326421650217,0.45062541452574795,0.0,0,False,1.0,0.0,,3,0.20323426326033367,0.20522992332300347,0.0019956600626697962,,,,0.0016978670028038323,0.0002512509890948422,0.0019491179918986745
hold,62025,dynamic_tracking,misaligned,0.09482226288783996,0.30793223749364074,2.467958227921536,0,False,1.0,0.0,,3,0.12189633812549852,0.12378327901795072,0.001886940892452199,,,,0.0016336800181306899,0.00023517303634434938,0.0018688530544750392
paired,62025,dynamic_tracking,misaligned,0.008401135906418321,0.09165771056718754,2.9827495101326758,0,True,0.0,1.0,1.3333333333333333,0,0.0030459807578937332,0.001757802736019854,-0.0012881780218738793,,,,0.06661183197138598,0.026225886060274206,0.09283771803166019
paired_lesion,62025,dynamic_tracking,misaligned,0.012320632213421693,0.11099834329133788,3.0696367057586755,0,True,0.0,1.0,1.6666666666666667,0,0.010679798935248196,0.0035926347661236965,-0.007087164169124499,,,,0.07322450495848898,0.02462519292748766,0.09784969788597664
diagonal,62025,dynamic_tracking,misaligned,0.010423189878438863,0.10209402469507636,3.009552597440054,0,True,0.0,1.0,1.6666666666666667,0,0.0034940027720126274,0.002802113473393624,-0.0006918892986190034,,,,0.0737722819976625,0.027186342937056907,0.10095862493471941
diagonal,62025,cooperative_inventory,paired,0.008180416244242553,0.09044565353980562,3.153131157548711,0,True,0.0,1.0,4.0,0,0.0011935136869831793,0.0005795565664308522,-0.0006139571205523272,0.00176574167168587,0.00204497999455569,0.3271484375,0.09910704399953829,0.016177110002900008,0.1152841540024383
shuffled,62025,cooperative_inventory,paired,0.00818348445588148,0.0904626135808682,3.0732251988407837,0,True,0.0,1.0,4.0,0,0.00048572002913114463,0.00045549605380509444,-3.0223975326050187e-05,0.0019788121636620565,0.0018757469839718087,0.3447265625,0.09153658596187597,0.015961409982992336,0.10749799594486831
dense,62025,cooperative_inventory,paired,0.007981558028472831,0.08933956586234809,2.984918559368306,0,True,0.0,1.0,4.0,0,0.0001544889832205513,2.9351026839352627e-05,-0.00012513795638119867,0.0015261437779936346,0.000952922543398367,0.2109375,0.08724064497073414,0.02808990003541112,0.11533054500614526
signed_intensity,62025,cooperative_inventory,paired,0.007980686686987634,0.08933468915817436,3.1172012692372086,0,True,0.0,1.0,4.0,0,0.0005565703852035067,4.6098782515728096e-05,-0.0005104716026877787,0.001743565305446543,0.002144113408172677,0.2578125,0.08856093795475317,0.017515329978778027,0.1060762679335312
zero,62025,cooperative_inventory,paired,0.081960347163969,0.2862871760382728,0.0,0,False,1.0,0.0,,3,0.08382265243144746,0.08382265243144746,0.0,0.011225379182497688,0.0,0.9599609375,0.001584680016094353,0.0002515349624445662,0.0018362149785389192
hold,62025,cooperative_inventory,paired,0.03960064856186807,0.19899911698765918,2.380700917142224,0,False,1.0,0.3333333333333333,0.0,2,0.040328559954200024,0.03754542397940118,-0.002783135974798845,0.0005198807754130885,0.0,0.0263671875,0.0015988400045898743,0.00023581896675750613,0.0018346589713473804
paired,62025,cooperative_inventory,paired,0.007980686686987634,0.08933468915817436,3.1172012692372086,0,True,0.0,1.0,4.0,0,0.0005565703852035065,4.6098782515727974e-05,-0.0005104716026877786,0.0017435653054465427,0.002144113408172677,0.2578125,0.08695687205181457,0.016774569980043452,0.10373144203185802
paired_lesion,62025,cooperative_inventory,paired,0.008356370506621583,0.09141318562779432,3.2340392461200533,0,True,0.0,1.0,4.0,0,0.0007983106823081546,0.0011782303391816389,0.00037991965687348426,0.0018999185528104036,0.0026513258235715156,0.3251953125,0.10968294400663581,0.016764847059675958,0.12644779106631177
shuffled,62025,cooperative_inventory,diagonal,0.0073239066397360695,0.08557982612588126,3.069673232237611,0,True,0.0,1.0,4.0,0,0.000242370684303154,4.213398680637667e-05,-0.0002002366974967773,0.0008171419422055605,0.0006506462161817534,0.232421875,0.09650482702272711,0.018437235987221356,0.11494206300994847
dense,62025,cooperative_inventory,diagonal,0.0072969268422040075,0.08542205126431937,3.0508931866137505,0,True,0.0,1.0,4.0,0,0.0001619411319883211,2.1333953444375982e-05,-0.00014060717854394512,0.0007577223162307817,0.0006745453614263757,0.1884765625,0.08245672695193207,0.01683384697389556,0.09929057392582763
signed_intensity,62025,cooperative_inventory,diagonal,0.007384006196256619,0.08593024028976423,3.0684998467856217,0,True,0.0,1.0,4.0,0,0.0004309942039675132,6.370913411738087e-05,-0.00036728506985013237,0.0010334165033956762,0.0008151775093607214,0.244140625,0.08671108404814731,0.016752655035816133,0.10346373908396345
zero,62025,cooperative_inventory,diagonal,0.07485986689115684,0.27360531224951906,0.0,0,False,1.0,0.0,,3,0.07874092517964269,0.07874092517964269,0.0,0.011225379182497688,0.0,0.9599609375,0.001620790033484809,0.00025350297073600814,0.0018742930042208172
hold,62025,cooperative_inventory,diagonal,0.043596806123197905,0.20879848209026305,2.380700917142224,0,False,1.0,0.3333333333333333,0.0,2,0.0479783254536204,0.046740344249120415,-0.0012379812044999855,0.00036716562238615,0.0,0.02734375,0.0016644649949739687,0.00023376495664706454,0.0018982299516210333
paired,62025,cooperative_inventory,diagonal,0.007384006196256619,0.08593024028976423,3.0684998467856217,0,True,0.0,1.0,4.0,0,0.00043099420396751315,6.370913411738087e-05,-0.00036728506985013226,0.0010334165033956764,0.000815177509360722,0.244140625,0.08708808199298801,0.017217878936207853,0.10430596092919586
paired_lesion,62025,cooperative_inventory,diagonal,0.007590295097658677,0.08712229965777234,3.2324451576230833,0,True,0.0,1.0,4.0,0,0.0004511617887112949,0.00023020821314861443,-0.00022095357556268047,0.0007737120414264586,0.00179338497784264,0.2421875,0.10349673799646553,0.01745247196231503,0.12094920995878056
diagonal,62025,cooperative_inventory,diagonal,0.007436472789297745,0.08623498587752969,3.122027284077171,0,True,0.0,1.0,4.0,0,0.0005755971929784272,0.0001272562734300625,-0.00044834091954836473,0.0006876469619544265,0.0007937942808222546,0.2314453125,0.09294804205273977,0.016284535944578238,0.109232577997318
dense,62025,cooperative_inventory,misaligned,0.007668022181761729,0.08756724377163945,3.0211898670370094,0,True,0.0,1.0,4.0,0,0.00016374229006157706,4.607464056860872e-05,-0.00011766764949296834,0.0013975741888153743,0.0006614605662880883,0.205078125,0.07540584001981188,0.016420472027675714,0.09182631204748759
signed_intensity,62025,cooperative_inventory,misaligned,0.008629082455021503,0.0928928547038011,3.1143623015081485,0,True,0.0,1.0,4.333333333333333,0,0.0003767287614629527,8.382163226708147e-05,-0.00029290712919587125,0.002532887846816729,0.0018465379800097393,0.3232421875,0.08742049392458284,0.01664782891748473,0.10406832284206757
zero,62025,cooperative_inventory,misaligned,0.0788069038628903,0.28072567367964457,0.0,0,False,1.0,0.0,,3,0.0806249557107162,0.0806249557107162,0.0,0.011225379182497688,0.0,0.9599609375,0.001619367059902288,0.000257298001088202,0.00187666506099049
hold,62025,cooperative_inventory,misaligned,0.036813371061202006,0.19186810850477992,2.380700917142224,0,False,1.0,0.3333333333333333,0.0,2,0.03935776974268132,0.03616606798707397,-0.0031917017556073526,0.0005198807754130885,0.0,0.0263671875,0.0016120450382004492,0.00023345903173321858,0.0018455040699336678
paired,62025,cooperative_inventory,misaligned,0.008629082455021503,0.0928928547038011,3.114362301508148,0,True,0.0,1.0,4.333333333333333,0,0.0003767287614629531,8.382163226708147e-05,-0.0002929071291958716,0.002532887846816728,0.0018465379800097384,0.3232421875,0.08018999997148057,0.015011967007012572,0.09520196697849315
paired_lesion,62025,cooperative_inventory,misaligned,0.009113120930579498,0.09546266773236278,3.208557263980926,0,True,0.0,1.0,4.333333333333333,0,0.001402036433202795,0.0017587799412213797,0.00035674350801858474,0.0024181520288619903,0.0021364661908318486,0.365234375,0.09906950901495293,0.02332883296912769,0.12239834198408062
diagonal,62025,cooperative_inventory,misaligned,0.008691093675525875,0.09322603539530079,3.087649569267316,0,True,0.0,1.0,4.333333333333333,0,0.001334194006703798,0.00047668260974643355,-0.0008575113969573645,0.0022932569675503394,0.0012101687621795323,0.3564453125,0.08115802495740354,0.015861031046370044,0.09701905600377358
shuffled,62025,cooperative_inventory,misaligned,0.00877156113517821,0.09365661287478963,3.088193854786992,0,True,0.0,1.0,4.333333333333333,0,0.0005410133724080388,0.0005038910874339175,-3.7122284974121234e-05,0.0022592918609392037,0.0014607965374785195,0.33984375,0.08190306802862324,0.01598762903449824,0.09789069706312148
diagonal,62026,dynamic_tracking,paired,0.011568062293070435,0.10755492686562729,2.843372430894645,0,True,0.0,1.0,3.6666666666666665,0,0.0029584504816605266,0.005671398115770853,0.0027129476341103266,,,,0.08017574498808244,0.025379547012562398,0.10555529200064484
shuffled,62026,dynamic_tracking,paired,0.006604360486973538,0.08126721655731503,2.86269559152295,0,True,0.0,1.0,1.0,0,0.0025783455625695106,0.00243418324244788,-0.0001441623201216308,,,,0.06488448797608726,0.023580606022733264,0.08846509399882052
dense,62026,dynamic_tracking,paired,0.0024278846530382445,0.04927356951792963,2.7526921308854617,0,True,0.0,1.0,1.0,0,8.361513017580756e-05,8.770686378945818e-05,4.09173361365062e-06,,,,0.07220373803284019,0.028523729008156806,0.100727467040997
signed_intensity,62026,dynamic_tracking,paired,0.008110024932187293,0.09005567684597841,2.826768703485081,0,True,0.0,1.0,3.6666666666666665,0,0.00037247498927830795,0.0015081214740071,0.001135646484728792,,,,0.06493437297467608,0.02462730400293367,0.08956167697760975
zero,62026,dynamic_tracking,paired,0.22926860281450195,0.47882001087517423,0.0,0,False,1.0,0.0,,3,0.20709680457833776,0.2094875638670612,0.0023907592887234264,,,,0.0016649520257487893,0.0002539239649195224,0.0019188759906683117
hold,62026,dynamic_tracking,paired,0.09390474023995374,0.3064388034175074,2.386232376789618,0,False,1.0,0.0,,3,0.08524083179288633,0.08685646469313026,0.0016156329002439268,,,,0.0016682280183886178,0.00024228598340414464,0.0019105140017927624
paired,62026,dynamic_tracking,paired,0.008110024932187295,0.09005567684597843,2.826768703485081,0,True,0.0,1.0,3.6666666666666665,0,0.00037247498927830806,0.0015081214740070995,0.0011356464847287915,,,,0.06934219899994787,0.025949051057978068,0.09529125005792594
paired_lesion,62026,dynamic_tracking,paired,0.016876329616249106,0.12990892816219024,2.990382759576822,0,True,0.0,1.0,3.6666666666666665,0,0.011736587235412255,0.009008151715489856,-0.0027284355199224,,,,0.06837799103959696,0.023955275013577193,0.09233326605317416
shuffled,62026,dynamic_tracking,diagonal,0.002083285383007865,0.04564302118624341,2.8065370120906445,0,True,0.0,1.0,0.6666666666666666,0,0.0003096739006741298,0.00026247299386997745,-4.720090680415234e-05,,,,0.09086711699637817,0.03202925107325427,0.12289636806963244
dense,62026,dynamic_tracking,diagonal,0.0014068730906085815,0.0375083069547078,2.7316443008089513,0,True,0.0,1.0,0.6666666666666666,0,6.398395506730981e-05,5.675867287226784e-05,-7.225282195041971e-06,,,,0.07268229400506243,0.027361061023839284,0.10004335502890171
signed_intensity,62026,dynamic_tracking,diagonal,0.002363136347604081,0.04861210083512212,2.796963647572467,0,True,0.0,1.0,1.0,0,0.00025991739883611623,0.0002501467564019923,-9.770642434123948e-06,,,,0.07035238501703134,0.02678244399430696,0.0971348290113383
zero,62026,dynamic_tracking,diagonal,0.184131869634756,0.42910589559542994,0.0,0,False,1.0,0.0,,3,0.18939658171059776,0.1916156773829759,0.0022190956723781574,,,,0.0017474230189691298,0.00026308301312383264,0.0020105060320929624
hold,62026,dynamic_tracking,diagonal,0.0823124910026789,0.28690153537874086,2.386232376789618,0,False,1.0,0.0,,3,0.08993885826413808,0.09145202283267038,0.001513164568532302,,,,0.0016278870025416836,0.0002558650012360886,0.0018837520037777722
paired,62026,dynamic_tracking,diagonal,0.002363136347604081,0.04861210083512212,2.796963647572467,0,True,0.0,1.0,1.0,0,0.00025991739883611623,0.0002501467564019922,-9.770642434124056e-06,,,,0.0695329959562514,0.024229632974311244,0.09376262893056264
paired_lesion,62026,dynamic_tracking,diagonal,0.004983834207604759,0.07059627615961594,2.9529089511471263,0,True,0.0,1.0,1.0,0,0.0047794512006598955,0.0005605045564481961,-0.004218946644211699,,,,0.0779877939785365,0.02450906606100034,0.10249686003953684
diagonal,62026,dynamic_tracking,diagonal,0.002969948254924636,0.05449723162624535,2.84950443774249,0,True,0.0,1.0,1.0,0,0.0005709231027680038,0.0003486323298343057,-0.00022229077293369815,,,,0.06588903399097035,0.024864252030965872,0.09075328602193622
dense,62026,dynamic_tracking,misaligned,0.002070615069480076,0.04550401157568502,2.7376398140894835,0,True,0.0,1.0,1.0,0,6.704262201570903e-05,8.240096309789353e-05,1.5358341082184507e-05,,,,0.06815449199348222,0.02641235600458458,0.0945668479980668
signed_intensity,62026,dynamic_tracking,misaligned,0.006630513064071528,0.08142796242121945,2.7979374690926493,0,True,0.0,1.0,1.0,0,0.001885970500297868,0.0011301906750500557,-0.0007557798252478124,,,,0.0802637000233517,0.02708949700172525,0.10735319702507695
zero,62026,dynamic_tracking,misaligned,0.21211713437002194,0.4605617595611059,0.0,0,False,1.0,0.0,,3,0.21863474770423186,0.2213587431087191,0.002723995404487256,,,,0.0016740970022510737,0.0002527309916331433,0.001926827993884217
hold,62026,dynamic_tracking,misaligned,0.08542636134477642,0.29227788377634123,2.386232376789618,0,False,1.0,0.0,,3,0.10348595018996903,0.10543481985054898,0.0019488696605799438,,,,0.0016318069538101554,0.0002265809671371244,0.0018583879209472798
paired,62026,dynamic_tracking,misaligned,0.006630513064071528,0.08142796242121945,2.7979374690926493,0,True,0.0,1.0,1.0,0,0.001885970500297868,0.0011301906750500546,-0.0007557798252478135,,,,0.06758071696822299,0.025299971050117165,0.09288068801834015
paired_lesion,62026,dynamic_tracking,misaligned,0.013037125250768309,0.11418023143595528,2.9686213373778103,0,True,0.0,1.0,1.3333333333333333,0,0.013252854781751016,0.0057390209344248926,-0.0075138338473261235,,,,0.07290602204739116,0.026398059031635057,0.09930408107902622
diagonal,62026,dynamic_tracking,misaligned,0.008624116758458691,0.09286612277067828,2.8373578170416094,0,True,0.0,1.0,1.3333333333333333,0,0.0029547414972602858,0.0023459639408190346,-0.0006087775564412512,,,,0.08726051804114832,0.03261618997930782,0.11987670802045614
shuffled,62026,dynamic_tracking,misaligned,0.006982716170547031,0.0835626481781605,2.821955344411197,0,True,0.0,1.0,1.3333333333333333,0,0.002288452575332417,0.002091924133350967,-0.00019652844198144977,,,,0.06877218403678853,0.026640062002115883,0.09541224603890441
shuffled,62026,cooperative_inventory,paired,0.009945189664732233,0.0997255717693924,3.139868166132457,0,True,0.0,1.0,4.666666666666667,0,0.0007215655630193,0.00035011847834860645,-0.00037144708467069353,0.0018047021638908011,0.0015160654954030459,0.2705078125,0.10980829605978215,0.02056792202347424,0.1303762180832564
dense,62026,cooperative_inventory,paired,0.009391635104564835,0.09691044889259792,3.0236115081319848,0,True,0.0,1.0,4.666666666666667,0,0.00023160509236167122,2.1320948577191248e-05,-0.00021028414378447996,0.0016435793453995512,0.0005232850281002178,0.181640625,0.09428311300143832,0.020154490004642867,0.11443760300608119
signed_intensity,62026,cooperative_inventory,paired,0.00923887285747404,0.0961190556418135,3.1217414334900213,0,True,0.0,1.0,4.333333333333333,0,0.0007627617938331829,9.065089594605437e-05,-0.0006721108978871285,0.0017166655542772467,0.0014541581891997335,0.21484375,0.09772438200889155,0.01703055401594611,0.11475493602483766
zero,62026,cooperative_inventory,paired,0.08647253494924347,0.29406212770304757,0.0,0,False,1.0,0.0,,3,0.07966590221310438,0.07966590221310438,0.0,0.011836650254129388,0.0,0.9521484375,0.001734985016810242,0.0002648370136739686,0.0019998220304842107
hold,62026,cooperative_inventory,paired,0.047069699647728835,0.21695552458448444,2.357091649602331,0,False,1.0,0.3333333333333333,0.0,2,0.0459392874410708,0.042583972848684704,-0.0033553145923860966,0.00038477512918284467,0.0,0.0283203125,0.0016995909900288098,0.00023611700453329831,0.001935707994562108
paired,62026,cooperative_inventory,paired,0.00923887285747404,0.0961190556418135,3.1217414334900213,0,True,0.0,1.0,4.333333333333333,0,0.0007627617938331833,9.065089594605444e-05,-0.0006721108978871289,0.0017166655542772467,0.001454158189199733,0.21484375,0.1003252940136008,0.017612846051633824,0.11793814006523462
paired_lesion,62026,cooperative_inventory,paired,0.00991390331396431,0.09956858597953629,3.227743554645701,0,True,0.0,1.0,4.333333333333333,0,0.0013995390747675858,0.0020620533201321936,0.0006625142453646079,0.0017991377678228386,0.001877575526049641,0.2587890625,0.10711195206386037,0.017101034041843377,0.12421298610570375
diagonal,62026,cooperative_inventory,paired,0.009782883737227398,0.09890846140359984,3.2217508130881063,0,True,0.0,1.0,4.333333333333333,0,0.0012957695058228567,0.0007276713007899574,-0.0005680982050328992,0.0018199967337034697,0.0019472716386892766,0.2529296875,0.11443111498374492,0.029580646027170587,0.1440117610109155
dense,62026,cooperative_inventory,diagonal,0.007903711852776666,0.08890282252424085,3.04812766965719,0,True,0.0,1.0,4.333333333333333,0,0.00015560987716827255,4.008886028981085e-05,-0.0001155210168784617,0.0009150858717928474,0.00013371807602496097,0.17578125,0.08279021296038991,0.01932897898950614,0.10211919194989605
signed_intensity,62026,cooperative_inventory,diagonal,0.0084204134462841,0.09176281080200246,3.1036950945014308,0,True,0.0,1.0,4.666666666666667,0,0.0005895796076926952,7.70286304202808e-05,-0.0005125509772724144,0.0009349065520830959,0.0002586803895626271,0.1923828125,0.09218550601508468,0.01819475297088502,0.1103802589859697
zero,62026,cooperative_inventory,diagonal,0.07805734581697646,0.27938744749357736,0.0,0,False,1.0,0.0,,3,0.0746510637524132,0.0746510637524132,0.0,0.011836650254129388,0.0,0.9521484375,0.0016098790292744525,0.0002551419602241367,0.0018650209894985892
hold,62026,cooperative_inventory,diagonal,0.04931172996365117,0.22206244609039857,2.357091649602331,0,False,1.0,0.3333333333333333,0.0,2,0.05415210496056031,0.05135673238717231,-0.002795372573388001,0.00023587399459496406,0.0,0.021484375,0.0016092079968075268,0.00023436002084054053,0.0018435680176480673
paired,62026,cooperative_inventory,diagonal,0.008420413446284096,0.09176281080200244,3.1036950945014308,0,True,0.0,1.0,4.666666666666667,0,0.000589579607692695,7.702863042028075e-05,-0.0005125509772724142,0.0009349065520830957,0.0002586803895626267,0.1923828125,0.09393259702483192,0.017922319981153123,0.11185491700598504
paired_lesion,62026,cooperative_inventory,diagonal,0.009137113900176169,0.09558825189413273,3.2008059490322567,0,True,0.0,1.0,5.0,0,0.0009824899148384387,0.0003051528673219589,-0.0006773370475164799,0.0005681868843249772,0.00042231695339264245,0.1474609375,0.12025824797456153,0.022457657039922196,0.14271590501448372
diagonal,62026,cooperative_inventory,diagonal,0.008824459311128206,0.0939385932997094,3.1680804514134078,0,True,0.0,1.0,5.0,0,0.0009143153610323643,0.00024537315388893096,-0.0006689422071434333,0.0005331400346694803,0.00033633412177500315,0.150390625,0.09999098302068887,0.01780084104393609,0.11779182406462496
shuffled,62026,cooperative_inventory,diagonal,0.00860301360515669,0.09275243180184922,3.1315611413972317,0,True,0.0,1.0,5.0,0,0.0004970748166392367,0.00012060636976544289,-0.00037646844687379386,0.0006497813274131143,0.00021076783349969466,0.1533203125,0.09240564295760123,0.01672666893864516,0.10913231189624639
signed_intensity,62026,cooperative_inventory,misaligned,0.00990467393679712,0.09952222835526303,3.102020848217796,0,True,0.0,1.0,4.666666666666667,0,0.00048036563200167665,0.00014700043546583797,-0.0003333651965358387,0.0018633279263977492,0.0011202674419344518,0.2744140625,0.08530652801709948,0.017619309030123986,0.10292583704722347
zero,62026,cooperative_inventory,misaligned,0.08339622710065982,0.28878404924901896,0.0,0,False,1.0,0.0,,3,0.0778418443522368,0.0778418443522368,0.0,0.011836650254129388,0.0,0.9521484375,0.001680074965406675,0.000258331980148796,0.0019384069455554709
hold,62026,cooperative_inventory,misaligned,0.044554370240740215,0.2110790615876909,2.357091649602331,0,False,1.0,0.3333333333333333,0.0,2,0.04670830281760026,0.04195121100084789,-0.004757091816752365,0.00038477512918284467,0.0,0.0283203125,0.002113762056978885,0.00032020902290241793,0.002433971079881303
paired,62026,cooperative_inventory,misaligned,0.009904673936797122,0.09952222835526303,3.102020848217796,0,True,0.0,1.0,4.666666666666667,0,0.0004803656320016765,0.00014700043546583786,-0.0003333651965358386,0.0018633279263977492,0.001120267441934452,0.2744140625,0.08880383401992731,0.02055230397672858,0.10935613799665589
paired_lesion,62026,cooperative_inventory,misaligned,0.01088122690971608,0.10431311954742835,3.1553004697800215,0,True,0.0,1.0,5.333333333333333,0,0.0013738809224310652,0.0008910680997378519,-0.00048281282269321325,0.00190768359339279,0.000837340281621577,0.265625,0.09958085794642102,0.01781764699262567,0.11739850493904669
diagonal,62026,cooperative_inventory,misaligned,0.010321684191200303,0.10159568982589913,3.120773824068756,0,True,0.0,1.0,5.0,0,0.0014033815920991182,0.00042246373812800364,-0.0009809178539711145,0.002014427648683097,0.0009268267878100296,0.2861328125,0.0879168049650616,0.01544750199536793,0.10336430696042953
shuffled,62026,cooperative_inventory,misaligned,0.010250880880552326,0.10124663392208319,3.095731114613092,0,True,0.0,1.0,5.0,0,0.0007577112198964697,0.0004584864257218519,-0.00029922479417461784,0.0017278927715698297,0.000711438682401009,0.2412109375,0.08635942202818114,0.018056415021419525,0.10441583704960067
dense,62026,cooperative_inventory,misaligned,0.009858721002609002,0.09929109226214103,3.1314084926978953,0,True,0.0,1.0,5.0,0,0.00018510827580763966,6.7203491752627e-05,-0.00011790478405501266,0.0011695899996735737,0.0009660791180474808,0.125,0.09980083106347593,0.022593730987864546,0.12239456205134047
shuffled,62027,dynamic_tracking,paired,0.005807189871561909,0.07620492025822158,2.798947635627472,0,True,0.0,1.0,1.0,0,0.002054259245050232,0.0021561999453404623,0.00010194070029023033,,,,0.06399413300096057,0.03311734901217278,0.09711148201313335
dense,62027,dynamic_tracking,paired,0.002093254173382249,0.045752094743107104,2.7432624953502667,0,True,0.0,1.0,1.0,0,0.00014739072937708513,6.588056992102345e-05,-8.151015945606169e-05,,,,0.06702261097962037,0.025800939969485626,0.09282355094910599
signed_intensity,62027,dynamic_tracking,paired,0.0066466775603037705,0.08152715842161905,2.8119742837049606,0,True,0.0,1.0,3.0,0,0.00038626992019786665,0.0016267530287081495,0.001240483108510283,,,,0.0718185039513628,0.026623854981153272,0.09844235893251607
zero,62027,dynamic_tracking,paired,0.1970961810777278,0.4439551566067544,0.0,0,False,1.0,0.0,,3,0.18223336917277072,0.1844770370648801,0.002243667892109391,,,,0.0017191539736813866,0.0002530120182200335,0.00197216599190142
hold,62027,dynamic_tracking,paired,0.08965706983390798,0.299427904233904,2.2750810924111184,0,False,1.0,0.0,,3,0.09093047651069058,0.0933122618078974,0.002381785297206812,,,,0.0016151240197359584,0.0002533999504521489,0.0018685239701881073
paired,62027,dynamic_tracking,paired,0.0066466775603037705,0.08152715842161905,2.8119742837049606,0,True,0.0,1.0,3.0,0,0.00038626992019786654,0.001626753028708149,0.0012404831085102825,,,,0.06591587605362292,0.030889111003489234,0.09680498705711216
paired_lesion,62027,dynamic_tracking,paired,0.015796340567138977,0.12568349361447181,2.8768360583996424,0,True,0.0,1.0,1.3333333333333333,0,0.009767509100054625,0.0063208997704395,-0.003446609329615125,,,,0.06505048202961916,0.025164411010337062,0.09021489303995622
diagonal,62027,dynamic_tracking,paired,0.010301760406919658,0.1014975881827724,2.7892234177661974,0,True,0.0,1.0,3.0,0,0.0022243112048161897,0.0037777938308943357,0.001553482626078146,,,,0.0684000930050388,0.02482479299942497,0.09322488600446377
dense,62027,dynamic_tracking,diagonal,0.0013185695034626762,0.03631211235197804,2.7122373674448697,0,True,0.0,1.0,1.0,0,0.00011144499420237265,3.347459924599652e-05,-7.797039495637613e-05,,,,0.06501802097045584,0.02552629199635703,0.09054431296681287
signed_intensity,62027,dynamic_tracking,diagonal,0.002188499947543943,0.04678140600221356,2.7865908454330235,0,True,0.0,1.0,1.0,0,0.000344230282045838,0.00022536406238578478,-0.00011886621966005325,,,,0.06752709997817874,0.025182998011587188,0.09271009798976593
zero,62027,dynamic_tracking,diagonal,0.1647690830314845,0.4059175815747385,0.0,0,False,1.0,0.0,,3,0.16239653533671708,0.16488012838195015,0.0024835930452330734,,,,0.0017912799521582201,0.00026156201056437567,0.0020528419627225958
hold,62027,dynamic_tracking,diagonal,0.08112953715182564,0.28483247208109125,2.2750810924111184,0,False,1.0,0.0,,3,0.09180417470275717,0.09456147534423033,0.0027573006414731566,,,,0.0016387669747928157,0.00023400601639878005,0.0018727729911915958
paired,62027,dynamic_tracking,diagonal,0.0021884999475439426,0.04678140600221356,2.7865908454330235,0,True,0.0,1.0,1.0,0,0.000344230282045838,0.00022536406238578472,-0.0001188662196600533,,,,0.06739711396221537,0.0258288930344861,0.09322600699670147
paired_lesion,62027,dynamic_tracking,diagonal,0.0043030245538160355,0.06559744319572247,2.911347366332569,0,True,0.0,1.0,1.0,0,0.0038137890903530104,0.0003939984574558239,-0.0034197906328971867,,,,0.0653034280257998,0.024990419995447155,0.09029384802124696
diagonal,62027,dynamic_tracking,diagonal,0.00275364235455064,0.052475159404718724,2.8303068353544147,0,True,0.0,1.0,1.0,0,0.0006843575978061377,0.0002825447047231145,-0.0004018128930830232,,,,0.06561756793234963,0.024057542977971025,0.08967511091032065
shuffled,62027,dynamic_tracking,diagonal,0.0019292049339176601,0.043922715466119124,2.7798440826184474,0,True,0.0,1.0,1.0,0,0.0003417261264551474,0.00021580005553991545,-0.00012592607091523194,,,,0.07400225503079128,0.02784748201520415,0.10184973704599543
signed_intensity,62027,dynamic_tracking,misaligned,0.006521504231513193,0.08075583094435468,2.8215478027661134,0,True,0.0,1.0,1.0,0,0.0024352492966000453,0.0013662994966791592,-0.001068949799920886,,,,0.07168163605092559,0.026789393028593622,0.09847102907951921
zero,62027,dynamic_tracking,misaligned,0.19499662899233283,0.4415842263853328,0.0,0,False,1.0,0.0,,3,0.19894278450309566,0.2017619216865676,0.0028191371834719314,,,,0.0016540910146431997,0.0003731180404429324,0.002027209055086132
hold,62027,dynamic_tracking,misaligned,0.0956158878284322,0.30921818806213874,2.2750810924111184,0,False,1.0,0.0,,3,0.12457782805210149,0.12753508582728584,0.002957257775184352,,,,0.0017082649792428128,0.00024112097162287682,0.0019493859508656897
paired,62027,dynamic_tracking,misaligned,0.0065215042315131914,0.08075583094435466,2.8215478027661134,0,True,0.0,1.0,1.0,0,0.0024352492966000453,0.0013662994966791588,-0.0010689497999208865,,,,0.07283568706043297,0.026397453060781118,0.09923314012121409
paired_lesion,62027,dynamic_tracking,misaligned,0.011498367142404582,0.10723043943957603,2.8986785432742908,0,True,0.0,1.0,1.3333333333333333,0,0.009359657593268324,0.003816922555692768,-0.0055427350375755555,,,,0.08638888198765926,0.03250814805505797,0.11889703004271723
diagonal,62027,dynamic_tracking,misaligned,0.008939335995107331,0.0945480618262867,2.8191523743267615,0,True,0.0,1.0,1.3333333333333333,0,0.002354640266157763,0.0023419702413122654,-1.2670024845497403e-05,,,,0.08121069095795974,0.028396600995620247,0.10960729195357999
shuffled,62027,dynamic_tracking,misaligned,0.007229094183224165,0.08502408001986358,2.8044741105916233,0,True,0.0,1.0,1.3333333333333333,0,0.0018211123855993749,0.0021104704586627603,0.0002893580730633854,,,,0.06992026298394194,0.03605185994092608,0.10597212292486802
dense,62027,dynamic_tracking,misaligned,0.0022765995066340006,0.0477137245101868,2.730526587452969,0,True,0.0,1.0,1.0,0,0.00011683316609755796,5.673985753142499e-05,-6.009330856613297e-05,,,,0.0667704450461315,0.027270579936157446,0.09404102498228895
dense,62027,cooperative_inventory,paired,0.010233952231920859,0.10116299833398008,2.894653021739657,0,True,0.0,1.0,5.0,0,4.9582307971400674e-05,1.359999492744255e-05,-3.598231304395813e-05,0.0021123466552695216,0.0003112712408887139,0.248046875,0.07994941302604275,0.017428379971534014,0.09737779299757676
signed_intensity,62027,cooperative_inventory,paired,0.01039725332974207,0.10196692272370521,2.9446835175636603,0,True,0.0,1.0,5.0,0,0.00047681852571894527,0.00018510984574571075,-0.0002917086799732345,0.0020519015296319386,0.0005944363478527446,0.26171875,0.08009458402375458,0.015956035000272095,0.09605061902402667
zero,62027,cooperative_inventory,paired,0.0928341136032717,0.3046869107842864,0.0,0,False,1.0,0.0,,3,0.089012533110979,0.089012533110979,0.0,0.0110684656997652,0.0,0.9619140625,0.0016149360162671655,0.00026621395227266476,0.0018811499685398303
hold,62027,cooperative_inventory,paired,0.04874031054879853,0.22077207828164894,2.3511591879299147,0,False,1.0,0.3333333333333333,0.0,2,0.040816096461467145,0.03640840601351376,-0.0044076904479533885,0.000492802941123133,0.0,0.0244140625,0.0016331080114468932,0.0002527439937693998,0.001885852005216293
paired,62027,cooperative_inventory,paired,0.01039725332974207,0.10196692272370521,2.9446835175636608,0,True,0.0,1.0,5.0,0,0.00047681852571894527,0.00018510984574571075,-0.0002917086799732345,0.002051901529631939,0.0005944363478527447,0.26171875,0.07960136696055997,0.016772668015619274,0.09637403497617925
paired_lesion,62027,cooperative_inventory,paired,0.010562885094884233,0.10277589744139544,3.17334545344067,0,True,0.0,1.0,4.666666666666667,0,0.0008897708920767532,0.0015427799229027137,0.0006530090308259605,0.001726644775797054,0.0020428729935515087,0.2822265625,0.09708642101031728,0.016245735983829945,0.11333215699414723
diagonal,62027,cooperative_inventory,paired,0.010394546638116172,0.1019536494595273,3.084916920833412,0,True,0.0,1.0,4.666666666666667,0,0.0009951480596585662,0.0007373346495460437,-0.0002578134101125226,0.0017632052402719424,0.001408507146413459,0.3203125,0.08365786600916181,0.015607275025104173,0.09926514103426598
shuffled,62027,cooperative_inventory,paired,0.010630609217149471,0.10310484575008816,2.9860457624110364,0,True,0.0,1.0,5.333333333333333,0,0.0001469588334882612,0.00040105327733219417,0.00025409444384393297,0.0020404962767094255,0.0009822808875931308,0.3232421875,0.08211874095286475,0.0162075899716001,0.09832633092446486
signed_intensity,62027,cooperative_inventory,diagonal,0.009986994387572421,0.09993495078085755,2.991872490826407,0,True,0.0,1.0,5.333333333333333,0,0.000328112016614176,5.6077112728735226e-05,-0.00027203490388544077,0.001087655448561272,7.585506068950057e-05,0.166015625,0.10585192697180901,0.02148651706374949,0.1273384440355585
zero,62027,cooperative_inventory,diagonal,0.0798514463837891,0.2825799822772114,0.0,0,False,1.0,0.0,,3,0.0896803768863965,0.0896803768863965,0.0,0.0110684656997652,0.0,0.9619140625,0.001842085985117592,0.0002557230327511206,0.0020978090178687125
hold,62027,cooperative_inventory,diagonal,0.05075128561169664,0.2252804598976499,2.3511591879299147,0,False,1.0,0.3333333333333333,0.0,2,0.05921024933836824,0.05703052500113158,-0.002179724337236663,0.0003406622686106593,0.0,0.0263671875,0.0016015469955164008,0.00023963102285051718,0.001841178018366918
paired,62027,cooperative_inventory,diagonal,0.009986994387572421,0.09993495078085755,2.991872490826407,0,True,0.0,1.0,5.333333333333333,0,0.000328112016614176,5.6077112728735226e-05,-0.00027203490388544077,0.001087655448561272,7.585506068950057e-05,0.166015625,0.07829903704987373,0.01663165602076333,0.09493069307063706
paired_lesion,62027,cooperative_inventory,diagonal,0.010831182242909736,0.10407296595614894,3.1127816340772894,0,True,0.0,1.0,5.333333333333333,0,0.0008282540252981238,0.0001484567449004305,-0.0006797972803976933,0.0006284466332536131,0.00020678861601367303,0.109375,0.11860067600355251,0.02144185602082871,0.14004253202438122
diagonal,62027,cooperative_inventory,diagonal,0.010082906376538199,0.10041367624252286,3.0700058770891543,0,True,0.0,1.0,5.333333333333333,0,0.0006008172775518517,0.00014060247622044305,-0.0004602148013314087,0.0005624877268832127,0.00010128792809888868,0.1015625,0.0878792080184212,0.01913714002876077,0.10701634804718196
shuffled,62027,cooperative_inventory,diagonal,0.010017800493746542,0.10008896289674772,3.01225175317974,0,True,0.0,1.0,5.333333333333333,0,0.0002515993920796341,4.809982376991178e-05,-0.0002034995683097223,0.0009139202764866364,4.153280515277295e-05,0.123046875,0.08671835497079883,0.01860182094242191,0.10532017591322074
dense,62027,cooperative_inventory,diagonal,0.00982053638956689,0.09909861951393112,2.9272805841757705,0,True,0.0,1.0,5.0,0,6.367961884683234e-05,1.7750676048742437e-05,-4.59289427980899e-05,0.0013605828643435155,3.088890717609208e-05,0.181640625,0.08895962205860997,0.018246477971842978,0.10720610003045294
zero,62027,cooperative_inventory,misaligned,0.0863601310491712,0.2938709428459561,0.0,0,False,1.0,0.0,,3,0.09469620783711857,0.09469620783711857,0.0,0.0110684656997652,0.0,0.9619140625,0.001592085936863441,0.00025208297302015126,0.0018441689098835923
hold,62027,cooperative_inventory,misaligned,0.04431124093289844,0.21050235374669435,2.3511591879299147,0,False,1.0,0.3333333333333333,3.0,2,0.046579054576721915,0.04230182553040891,-0.0042772290463130025,0.000492802941123133,0.0,0.0244140625,0.0016263140132650733,0.0002582560045993887,0.001884570017864462
paired,62027,cooperative_inventory,misaligned,0.010961642148637525,0.10469786124194479,2.9751476848888183,0,True,0.0,1.0,5.0,0,0.0007294332936561637,0.0001509978856108264,-0.0005784354080453373,0.002549957574930046,0.00027347268429970487,0.240234375,0.08050354698934825,0.016172535018995404,0.09667608200834366
paired_lesion,62027,cooperative_inventory,misaligned,0.011869671078499103,0.10894802007608538,3.0837800625681653,0,True,0.0,1.0,5.333333333333333,0,0.0013097505282037409,0.0008390380541519431,-0.0004707124740517978,0.002410243181710489,0.00047644791431024895,0.240234375,0.08944151901232544,0.015839168991078623,0.10528068800340407
diagonal,62027,cooperative_inventory,misaligned,0.01124950460367902,0.10606368183161954,3.0401405853940675,0,True,0.0,1.0,5.333333333333333,0,0.0015282128716770443,0.00038158248693263857,-0.0011466303847444057,0.002451085729276771,0.0004085677127044767,0.2431640625,0.0836877960464335,0.027229427025304176,0.11091722307173768
shuffled,62027,cooperative_inventory,misaligned,0.01142381912854909,0.10688226760575904,2.996058817768913,0,True,0.0,1.0,5.666666666666667,0,0.00034891539801206893,0.00043656340074813043,8.76480027360615e-05,0.0024547340975484564,0.00021349845531549994,0.2333984375,0.09118425902124727,0.018727892995229922,0.1099121520164772
dense,62027,cooperative_inventory,misaligned,0.009767227831213398,0.09882928630326841,2.9572200696763726,0,True,0.0,1.0,4.666666666666667,0,9.324896513425061e-05,0.0001153782043807387,2.212923924648809e-05,0.002107422832517512,7.018108543527355e-05,0.1953125,0.08480227697145892,0.019329508948430885,0.10413178591988981
signed_intensity,62027,cooperative_inventory,misaligned,0.010961642148637527,0.1046978612419448,2.975147684888818,0,True,0.0,1.0,5.0,0,0.0007294332936561637,0.00015099788561082718,-0.0005784354080453364,0.0025499575749300465,0.00027347268429970455,0.240234375,0.08836986198730301,0.0193543189598131,0.10772418094711611
dense,62028,dynamic_tracking,paired,0.0033818775462622487,0.058153912561944174,2.7606815835071745,0,True,0.0,1.0,2.0,0,5.4501782360910715e-05,4.589622113136334e-05,-8.605561229547377e-06,,,,0.07014152793271933,0.02757412602659315,0.09771565395931248
signed_intensity,62028,dynamic_tracking,paired,0.009537412619594442,0.0976596775521732,2.827806792184872,0,True,0.0,1.0,4.666666666666667,0,0.0004147518883839959,0.0023164233483405155,0.0019016714599565197,,,,0.06753670700709336,0.025943651002307888,0.09348035800940124
zero,62028,dynamic_tracking,paired,0.19823332587011144,0.44523401248120237,0.0,0,False,1.0,0.0,,3,0.15693483834497546,0.15752310305820072,0.0005882647132252616,,,,0.001778961974196136,0.00026253201212966815,0.002041493986325804
hold,62028,dynamic_tracking,paired,0.09232023610736162,0.30384245277340954,2.3459535041286586,0,False,1.0,0.0,,3,0.08973536976230248,0.09291575134850297,0.003180381586200487,,,,0.0017551789642311633,0.00024727404525037855,0.002002453009481542
paired,62028,dynamic_tracking,paired,0.009537412619594442,0.0976596775521732,2.8278067921848717,0,True,0.0,1.0,4.666666666666667,0,0.0004147518883839958,0.0023164233483405155,0.0019016714599565197,,,,0.07764309603953734,0.027667207992635667,0.10531030403217301
paired_lesion,62028,dynamic_tracking,paired,0.016851197253256407,0.1298121614227897,2.8983054146251206,0,True,0.0,1.0,4.333333333333333,0,0.008464080177316178,0.006989781574024148,-0.0014742986032920298,,,,0.07397502300591441,0.02508166701591108,0.09905669002182549
diagonal,62028,dynamic_tracking,paired,0.01239908883306218,0.1113511959211134,2.8040244775985474,0,True,0.0,1.0,4.333333333333333,0,0.0033286877579656164,0.004697944782338588,0.0013692570243729715,,,,0.07086195597366896,0.02555429600761272,0.09641625198128168
shuffled,62028,dynamic_tracking,paired,0.006504013455942908,0.08064746403913088,2.830366966593847,0,True,0.0,1.0,2.0,0,0.001563983641546429,0.0017085678367890552,0.00014458419524262622,,,,0.06896616798621835,0.026012641996203456,0.09497880998242181
signed_intensity,62028,dynamic_tracking,diagonal,0.0030676355451747907,0.05538623967353977,2.8214920890165804,0,True,0.0,1.0,1.0,0,0.0003108577282599494,0.0005245865860673711,0.00021372885780742172,,,,0.06697850197087973,0.03368366103677545,0.10066216300765518
zero,62028,dynamic_tracking,diagonal,0.1686513231266766,0.41067179490035177,0.0,0,False,1.0,0.0,,3,0.14988328060657785,0.15005958787697513,0.00017630727039727456,,,,0.0016788449720479548,0.00025611501041566953,0.0019349599824636243
hold,62028,dynamic_tracking,diagonal,0.08253328930481234,0.2872860757238546,2.3459535041286586,0,False,1.0,0.0,,3,0.08803753416592583,0.09071521144314872,0.002677677277222887,,,,0.0016134420147864148,0.00022637799702351913,0.001839820011809934
paired,62028,dynamic_tracking,diagonal,0.0030676355451747907,0.05538623967353977,2.8214920890165804,0,True,0.0,1.0,1.0,0,0.0003108577282599494,0.0005245865860673711,0.00021372885780742172,,,,0.06674918696080567,0.025387202971614897,0.09213638993242057
paired_lesion,62028,dynamic_tracking,diagonal,0.0057136073529760155,0.07558840753036153,2.94841274536947,0,True,0.0,1.0,1.0,0,0.004408115294279319,0.00045636166459143437,-0.003951753629687884,,,,0.07657159196969587,0.027389096037950367,0.10396068800764624
diagonal,62028,dynamic_tracking,diagonal,0.0037482162088707327,0.06122267724357318,2.866298755546385,0,True,0.0,1.0,1.0,0,0.0006875398956029518,0.00034707099733455787,-0.0003404688982683939,,,,0.06884857801924227,0.03497632893413538,0.10382490695337765
shuffled,62028,dynamic_tracking,diagonal,0.0031519007123843234,0.05614179113979464,2.824359447123093,0,True,0.0,1.0,2.0,0,0.00026644204221967815,0.00024145803633310176,-2.4984005886576386e-05,,,,0.07055369699810399,0.029982612017192878,0.10053630901529687
dense,62028,dynamic_tracking,diagonal,0.002286087248482532,0.047813044752269565,2.754486319505952,0,True,0.0,1.0,2.0,0,5.277685999366458e-05,3.178323172582682e-05,-2.0993628267837766e-05,,,,0.07215354598884005,0.02854123401630204,0.10069478000514209
zero,62028,dynamic_tracking,misaligned,0.2001471478297696,0.44737808152587183,0.0,0,False,1.0,0.0,,3,0.18208722597968913,0.18293254213824814,0.0008453161585590119,,,,0.0016086309842648916,0.00023621202853973955,0.0018448430128046311
hold,62028,dynamic_tracking,misaligned,0.09566819294157994,0.309302752883934,2.3459535041286586,0,False,1.0,0.0,,3,0.12178221193660414,0.1252196468431272,0.003437434906523054,,,,0.0016185119820875116,0.00023440200311597437,0.001852913985203486
paired,62028,dynamic_tracking,misaligned,0.00844180263140206,0.09187928292821,2.8397567664308845,0,True,0.0,1.0,3.0,0,0.002380890596990864,0.0020006246749060663,-0.0003802659220847977,,,,0.07505756795580965,0.02630834697629325,0.1013659149321029
paired_lesion,62028,dynamic_tracking,misaligned,0.012160548005728246,0.11027487477085723,2.9389941608979537,0,True,0.0,1.0,1.6666666666666667,0,0.009593417955682058,0.0034669822207795574,-0.0061264357349025,,,,0.07051690504158614,0.0260959720108076,0.09661287705239374
diagonal,62028,dynamic_tracking,misaligned,0.010211171553420603,0.10105034167889093,2.8641935030322525,0,True,0.0,1.0,1.6666666666666667,0,0.0035279365899178526,0.002775262885767511,-0.0007526737041503415,,,,0.06958511098491726,0.025399708953045774,0.09498481993796304
shuffled,62028,dynamic_tracking,misaligned,0.008320071918979917,0.09121442823906707,2.8463110324275274,0,True,0.0,1.0,1.6666666666666667,0,0.0019029581732590449,0.002418756722746767,0.0005157985494877223,,,,0.06621922097110655,0.025967608984501567,0.09218682995560812
dense,62028,dynamic_tracking,misaligned,0.0034364117394028266,0.058620915545586856,2.763234043930574,0,True,0.0,1.0,2.0,0,8.411516546431386e-05,7.015455930789554e-05,-1.3960606156418321e-05,,,,0.06926820104126818,0.026781130000017583,0.09604933104128577
signed_intensity,62028,dynamic_tracking,misaligned,0.00844180263140206,0.09187928292821,2.8397567664308845,0,True,0.0,1.0,3.0,0,0.0023808905969908644,0.0020006246749060663,-0.00038026592208479813,,,,0.07198998597596074,0.027230146013607737,0.09922013198956847
signed_intensity,62028,cooperative_inventory,paired,0.009053699558510112,0.0951509304132656,3.0419631409649517,0,True,0.0,1.0,4.333333333333333,0,0.0005825602097019988,0.0001097299377736961,-0.0004728302719283027,0.0018354958924777392,0.0012811030364750552,0.2529296875,0.098612333953497,0.01870189997862326,0.11731423393212026
zero,62028,cooperative_inventory,paired,0.07768888513444286,0.2787272594032433,0.0,0,False,1.0,0.0,,3,0.08067313308575536,0.08067313308575536,0.0,0.01215141145506185,0.0,0.970703125,0.001697523010079749,0.0002583210152806714,0.0019558440253604203
hold,62028,cooperative_inventory,paired,0.04367263350791045,0.20897998351016886,2.33565177749898,0,False,1.0,0.3333333333333333,0.0,2,0.05095236662954785,0.04561632132453608,-0.00533604530501177,0.0005175962557905753,0.0,0.0478515625,0.0017097669842769392,0.0003286019418737851,0.0020383689261507243
paired,62028,cooperative_inventory,paired,0.009053699558510112,0.0951509304132656,3.0419631409649517,0,True,0.0,1.0,4.333333333333333,0,0.0005825602097019999,0.00010972993777369606,-0.0004728302719283038,0.0018354958924777396,0.0012811030364750554,0.2529296875,0.09155913702124963,0.01738517097692238,0.10894430799817201
paired_lesion,62028,cooperative_inventory,paired,0.009332383994396745,0.09660426488720229,3.1145344811496978,0,True,0.0,1.0,4.333333333333333,0,0.0007319069855760507,0.0018313335404099812,0.0010994265548339305,0.001976408255055854,0.001697017334726475,0.306640625,0.09327835192380007,0.01657895000244025,0.10985730192624032
diagonal,62028,cooperative_inventory,paired,0.009193979560884222,0.09588524162186912,3.1006478237451933,0,True,0.0,1.0,4.333333333333333,0,0.0009856691261430506,0.0006333752288596153,-0.0003522938972834353,0.0020038677793189756,0.0017045402773557964,0.2783203125,0.09365830400201958,0.017788179968192708,0.11144648397021228
shuffled,62028,cooperative_inventory,paired,0.009250705044073205,0.09618058558811755,3.0845171957479014,0,True,0.0,1.0,4.333333333333333,0,0.0004343171629725538,0.0005087673023545312,7.445013938197742e-05,0.00214300169664535,0.0019815260558887072,0.2998046875,0.0950626069898135,0.029752776004897896,0.1248153829947114
dense,62028,cooperative_inventory,paired,0.008920229397163408,0.09444696605589514,3.0057931112414744,0,True,0.0,1.0,4.333333333333333,0,6.807029056132483e-05,1.904427425632323e-05,-4.9026016305001594e-05,0.0017281462787243924,0.0013497574851941386,0.2177734375,0.08767887802969199,0.019205293923732825,0.10688417195342481
zero,62028,cooperative_inventory,diagonal,0.06959940125503683,0.2638169843945549,0.0,0,False,1.0,0.3333333333333333,0.0,2,0.07352980440823922,0.07352980440823922,0.0,0.01215141145506185,0.0,0.970703125,0.0015223330483422615,0.00022987199918134138,0.0017522050475236028
hold,62028,cooperative_inventory,diagonal,0.04936818056874724,0.22218951498382467,2.33565177749898,0,False,1.0,0.3333333333333333,0.0,2,0.0641572526695742,0.0597871222495651,-0.004370130420009097,0.00031669265363733353,0.0,0.0263671875,0.0017347330140182748,0.00026318997697671875,0.0019979229909949936
paired,62028,cooperative_inventory,diagonal,0.008035012611496946,0.08963823186284381,3.0109631356238484,0,True,0.0,1.0,4.0,0,0.0003763595590872363,9.747862013289018e-05,-0.00027888093895434615,0.0009051456001375075,0.0003687822557087037,0.2021484375,0.08741815397661412,0.018643320006958675,0.1060614739835728
paired_lesion,62028,cooperative_inventory,diagonal,0.00870977019781282,0.09332614959277394,3.1246731666002048,0,True,0.0,1.0,4.333333333333333,0,0.0011767134053400777,0.0002033712589546305,-0.0009733421463854473,0.0006611312012380658,0.0006943818769706599,0.1396484375,0.09842711400415283,0.01846608498453861,0.11689319898869144
diagonal,62028,cooperative_inventory,diagonal,0.008198603836841104,0.0905461420317901,3.073866506237281,0,True,0.0,1.0,4.333333333333333,0,0.0008026774178987366,0.00015599696852295708,-0.0006466804493757795,0.0006129715797703326,0.00046503051929678267,0.1298828125,0.09087634503521258,0.017452468986448366,0.10832881402166095
shuffled,62028,cooperative_inventory,diagonal,0.008141070799651953,0.09022788260649782,3.027911626146442,0,True,0.0,1.0,4.333333333333333,0,0.00033988502068709207,9.692687799135066e-05,-0.0002429581426957414,0.0007215457303576207,0.00033987096019453357,0.1796875,0.08290861600835342,0.01686860604240792,0.09977722205076134
dense,62028,cooperative_inventory,diagonal,0.00793956973570245,0.08910426328578476,2.951743021626906,0,True,0.0,1.0,4.0,0,6.50979763005593e-05,2.8403410800041674e-05,-3.669456550051762e-05,0.0009183566039961545,0.00015375103327284903,0.1953125,0.07956032104266342,0.018117482984962407,0.09767780402762583
signed_intensity,62028,cooperative_inventory,diagonal,0.008035012611496946,0.08963823186284381,3.0109631356238484,0,True,0.0,1.0,4.0,0,0.0003763595590872363,9.747862013289018e-05,-0.00027888093895434615,0.0009051456001375075,0.0003687822557087037,0.2021484375,0.09751316000620136,0.0172822529784753,0.11479541298467666
hold,62028,cooperative_inventory,misaligned,0.04285311458600785,0.20700993837496753,2.33565177749898,0,False,1.0,0.3333333333333333,0.0,2,0.054523182098142844,0.04806130675217417,-0.006461875345968676,0.0005175962557905753,0.0,0.0478515625,0.001675368010182865,0.00023771898850100115,0.0019130869986838661
paired,62028,cooperative_inventory,misaligned,0.009576736289885007,0.0978608005786025,3.032607771544739,0,True,0.0,1.0,4.333333333333333,0,0.0003549782685227747,0.00012416264341448343,-0.00023081562510829127,0.0024861366838226035,0.0009742687991671829,0.3037109375,0.08396204702876275,0.017126916973211337,0.10108896400197409
paired_lesion,62028,cooperative_inventory,misaligned,0.010278202541466795,0.10138147040493542,3.1022255654261075,0,True,0.0,1.0,4.666666666666667,0,0.0008258697061822939,0.0010419033868072371,0.00021603368062494326,0.0024861664580716186,0.0010698748587586158,0.271484375,0.09571299506205833,0.017568339018907864,0.11328133408096619
diagonal,62028,cooperative_inventory,misaligned,0.009678218854763432,0.09837793886214243,3.074900045467745,0,True,0.0,1.0,4.0,0,0.0008410150046139774,0.0004669708818448012,-0.00037404412276917614,0.002478604916526025,0.0011730954552745293,0.28125,0.09651265394495567,0.01855552798951976,0.11506818193447543
shuffled,62028,cooperative_inventory,misaligned,0.009779525234411616,0.09889148211252381,3.126481691112888,0,True,0.0,1.0,4.333333333333333,0,0.0002475280298092976,0.0005574853532224267,0.0003099573234131291,0.0019108654582367423,0.0013151557332412214,0.2724609375,0.08579952796571888,0.017361670958052855,0.10316119892377174
dense,62028,cooperative_inventory,misaligned,0.00896687433413175,0.09469358127207857,3.0928633059760338,0,True,0.0,1.0,4.666666666666667,0,0.00010905864010244992,7.866187117576187e-05,-3.0396768926688054e-05,0.0015121494109229246,0.0011106564112095805,0.17578125,0.08346604599501006,0.01830309000069974,0.1017691359957098
signed_intensity,62028,cooperative_inventory,misaligned,0.009576736289885007,0.0978608005786025,3.032607771544739,0,True,0.0,1.0,4.333333333333333,0,0.00035497826852277426,0.00012416264341448319,-0.00023081562510829108,0.0024861366838226035,0.0009742687991671833,0.3037109375,0.12636500802182127,0.018294978988706134,0.1446599870105274
zero,62028,cooperative_inventory,misaligned,0.07725220218322165,0.2779428037982305,0.0,0,False,1.0,0.0,,3,0.08206672694817017,0.08206672694817017,0.0,0.01215141145506185,0.0,0.970703125,0.0015968200168572366,0.0002469490354997106,0.0018437690523569472
signed_intensity,62029,dynamic_tracking,paired,0.008792215944201846,0.09376681686077354,2.7482344185347873,0,True,0.0,1.0,4.333333333333333,0,0.0004220082546242672,0.002196532707952481,0.001774524453328214,,,,0.06902555201668292,0.025918505038134754,0.09494405705481768
zero,62029,dynamic_tracking,paired,0.24041063528056972,0.4903168723188809,0.0,0,False,1.0,0.0,,3,0.22172655453355833,0.2218020253772553,7.547084369696755e-05,,,,0.0017610779832466505,0.0002759330236585811,0.0020370110069052316
hold,62029,dynamic_tracking,paired,0.10011687889433687,0.31641251380806173,2.2016192211950454,0,False,1.0,0.0,,3,0.09803660009766306,0.09839486124446148,0.00035826114679841925,,,,0.0016705210000509396,0.0002800250076688826,0.0019505460077198222
paired,62029,dynamic_tracking,paired,0.008792215944201846,0.09376681686077354,2.7482344185347873,0,True,0.0,1.0,4.333333333333333,0,0.0004220082546242672,0.002196532707952481,0.001774524453328214,,,,0.07000641501508653,0.026805672045156825,0.09681208706024336
paired_lesion,62029,dynamic_tracking,paired,0.015230487728070112,0.1234118621854079,2.803054669161941,0,True,0.0,1.0,4.0,0,0.010221605400437166,0.006458911675739378,-0.003762693724697788,,,,0.0647582579695154,0.02447202203620691,0.0892302800057223
diagonal,62029,dynamic_tracking,paired,0.011386778292628743,0.10670884823963167,2.73409475303618,0,True,0.0,1.0,4.333333333333333,0,0.0024695442608116537,0.005325617403143785,0.0028560731423321315,,,,0.06553638794866856,0.025498014998447616,0.09103440294711618
shuffled,62029,dynamic_tracking,paired,0.007035522863411378,0.08387802372142168,2.74542526154362,0,True,0.0,1.0,1.0,0,0.002484381709532835,0.0032679456594905216,0.0007835639499576864,,,,0.0663884880268597,0.024716893007280305,0.09110538103414001
dense,62029,dynamic_tracking,paired,0.0024008290316947963,0.04899825539439946,2.67939448081251,0,True,0.0,1.0,1.0,0,6.096346302743377e-05,0.00011043469099621358,4.9471227968779814e-05,,,,0.0669803370401496,0.026442756003234535,0.09342309304338414
zero,62029,dynamic_tracking,diagonal,0.1927695805515488,0.43905532743783987,0.0,0,False,1.0,0.0,,3,0.19779527496043453,0.1981848393703238,0.0003895644098892703,,,,0.0015568080416414887,0.00023224501637741923,0.001789053058018908
hold,62029,dynamic_tracking,diagonal,0.08659230182346817,0.2942656993661819,2.2016192211950454,0,False,1.0,0.0,,3,0.09840831493633889,0.0986489257285921,0.0002406107922532097,,,,0.00162557304429356,0.0002325200184714049,0.001858093062764965
paired,62029,dynamic_tracking,diagonal,0.002428178698563912,0.04927655323339805,2.7255329207217107,0,True,0.0,1.0,1.0,0,0.0003152009083867086,0.0003299943416320409,1.4793433245332329e-05,,,,0.06568446600431344,0.025219146962626837,0.09090361296694027
paired_lesion,62029,dynamic_tracking,diagonal,0.005031953336849103,0.07093626249563127,2.856702319049154,0,True,0.0,1.0,1.0,0,0.004828096586006145,0.0004867769137910979,-0.004341319672215047,,,,0.06615651901665842,0.028381564930896275,0.0945380839475547
diagonal,62029,dynamic_tracking,diagonal,0.0030537483996731164,0.055260731081601844,2.7682447834845796,0,True,0.0,1.0,1.0,0,0.0007041480839933739,0.0004645645350077667,-0.00023958354898560722,,,,0.06454430403391598,0.024956264976935927,0.0895005690108519
shuffled,62029,dynamic_tracking,diagonal,0.002218606055399589,0.04710208122152979,2.726272544361179,0,True,0.0,1.0,1.0,0,0.0003449007981854024,0.0003110520213718536,-3.384877681354882e-05,,,,0.10673312494327547,0.034472236955480184,0.14120536189875565
dense,62029,dynamic_tracking,diagonal,0.0014134943417326875,0.03759646714430343,2.659866320086864,0,True,0.0,1.0,1.0,0,5.463906679415113e-05,6.928478639247238e-05,1.4645719598321244e-05,,,,0.06910641800641315,0.02720892999059288,0.09631534799700603
signed_intensity,62029,dynamic_tracking,diagonal,0.002428178698563912,0.04927655323339805,2.7255329207217107,0,True,0.0,1.0,1.0,0,0.0003152009083867086,0.000329994341632041,1.4793433245332383e-05,,,,0.07146447493869346,0.029514864982047584,0.10097933992074104
hold,62029,dynamic_tracking,misaligned,0.09279554943688245,0.3046236193023818,2.2016192211950454,0,False,1.0,0.0,,3,0.11933153409894698,0.11930646519845765,-2.5068900489325086e-05,,,,0.001652472019486595,0.0002314760204171762,0.0018839480399037711
paired,62029,dynamic_tracking,misaligned,0.007158531803369048,0.08460810719646816,2.7582043572876977,0,True,0.0,1.0,1.0,0,0.002500285217419249,0.0016272215230798185,-0.0008730636943394304,,,,0.0725173669779906,0.027668369992170483,0.10018573697016109
paired_lesion,62029,dynamic_tracking,misaligned,0.010817074445967826,0.10400516547733496,2.820447665857025,0,True,0.0,1.0,1.3333333333333333,0,0.009891543108572154,0.0031637823853914605,-0.0067277607231806934,,,,0.06852603104198352,0.027202624980418477,0.09572865602240199
diagonal,62029,dynamic_tracking,misaligned,0.008529730298621606,0.09235653901387603,2.7688412402809357,0,True,0.0,1.0,1.3333333333333333,0,0.0024509581518294184,0.0025581449618278917,0.00010718680999847324,,,,0.06721594503324013,0.02482523106300505,0.09204117609624518
shuffled,62029,dynamic_tracking,misaligned,0.00733540642661537,0.08564698725942069,2.7526904587883183,0,True,0.0,1.0,1.6666666666666667,0,0.0021484891250187674,0.0026629064433935008,0.0005144173183747333,,,,0.06559643606306054,0.026177792955422774,0.09177422901848331
dense,62029,dynamic_tracking,misaligned,0.0022441356500874842,0.04737230889546639,2.6701452447410667,0,True,0.0,1.0,1.0,0,5.3080386218171675e-05,9.654131995089283e-05,4.3460933732721155e-05,,,,0.06753667700104415,0.027262200972472783,0.09479887797351694
signed_intensity,62029,dynamic_tracking,misaligned,0.007158531803369048,0.08460810719646816,2.7582043572876977,0,True,0.0,1.0,1.0,0,0.002500285217419251,0.0016272215230798176,-0.0008730636943394335,,,,0.08000188697769772,0.030183263021172024,0.11018514999886975
zero,62029,dynamic_tracking,misaligned,0.22130968676729545,0.4704356350950632,0.0,0,False,1.0,0.0,,3,0.23001151013922752,0.2297036488880141,-0.00030786125121343155,,,,0.0016608190271654166,0.0003628530466812663,0.002023672073846683
zero,62029,cooperative_inventory,paired,0.0909699323939614,0.3016122218908932,0.0,0,False,1.0,0.0,,3,0.09293922174366377,0.09293922174366377,0.0,0.011490128165838396,0.0,0.958984375,0.0015262939778040163,0.00028219902014825493,0.0018084929979522713
hold,62029,cooperative_inventory,paired,0.04755550647150548,0.218072250576513,2.2425895339881223,0,False,1.0,0.0,,3,0.04971390403752391,0.04749345372081977,-0.002220450316704141,0.00038166091288018423,0.0,0.037109375,0.001596918038558215,0.00022987697593634948,0.0018267950144945644
paired,62029,cooperative_inventory,paired,0.008647942539048712,0.0929943145522817,2.9777389522139126,0,True,0.0,1.0,4.333333333333333,0,0.0005214658819901227,0.00012915678647244322,-0.00039230909551767946,0.0017178075652997957,0.001534645756193592,0.248046875,0.09056979799061082,0.01666105998447165,0.10723085797508247
paired_lesion,62029,cooperative_inventory,paired,0.00923218970150477,0.09608428436276543,3.07857746103381,0,True,0.0,1.0,4.333333333333333,0,0.0015956471994627817,0.0020779027188621594,0.0004822555193993777,0.0014506276674010365,0.0016753098266819116,0.2490234375,0.09541296699171653,0.017866281916212756,0.11327924890792929
diagonal,62029,cooperative_inventory,paired,0.00912057750645756,0.09550171467810177,3.0950688638166826,0,True,0.0,1.0,4.0,0,0.001111523080222201,0.0010354321647326795,-7.609091548952144e-05,0.0015518596469311116,0.00202954262544804,0.265625,0.08739436600444606,0.017266742026549764,0.10466110803099582
shuffled,62029,cooperative_inventory,paired,0.009484610504464565,0.09738896500355965,2.9854256320045307,0,True,0.0,1.0,4.666666666666667,0,0.0003982467669085614,0.0007026132569058794,0.00030436648999731804,0.0019402111219401204,0.0015346740024506247,0.3115234375,0.08925364798778901,0.016763291008828674,0.10601693899661768
dense,62029,cooperative_inventory,paired,0.00878395030334434,0.09372273098530762,2.8908133334554105,0,True,0.0,1.0,4.333333333333333,0,0.00016033993637023678,1.0143661164604691e-05,-0.00015019627520563208,0.0016107582740980497,0.00038004813968202177,0.21875,0.09674632101814495,0.018170008988818154,0.11491633000696311
signed_intensity,62029,cooperative_inventory,paired,0.008647942539048714,0.09299431455228171,2.9777389522139126,0,True,0.0,1.0,4.333333333333333,0,0.0005214658819901227,0.00012915678647244393,-0.00039230909551767876,0.001717807565299796,0.0015346457561935915,0.248046875,0.08919238897942705,0.016745050954341423,0.10593743993376847
hold,62029,cooperative_inventory,diagonal,0.050538940202583586,0.22480867466044005,2.2425895339881223,0,False,1.0,0.3333333333333333,0.0,2,0.06067134606401863,0.06054823745400737,-0.0001231086100112605,0.00020829516738174805,0.0,0.0283203125,0.0015888869966147467,0.0002316490572411567,0.0018205360538559034
paired,62029,cooperative_inventory,diagonal,0.007531847543483316,0.08678621747422408,3.0082699679314624,0,True,0.0,1.0,3.6666666666666665,0,0.00039814421676982243,0.00011204843089793197,-0.00028609578587189045,0.0009729683435376454,0.0006725263964520017,0.234375,0.08688350301235914,0.016082124013337307,0.10296562702569645
paired_lesion,62029,cooperative_inventory,diagonal,0.007942159350904044,0.08911879347760518,3.1105841927915465,0,True,0.0,1.0,4.0,0,0.001176161326470786,0.0004104306829072272,-0.0007657306435635587,0.0005832873145245551,0.0007371364142021465,0.15234375,0.09459405397501541,0.029360590990108903,0.12395464496512432
diagonal,62029,cooperative_inventory,diagonal,0.00760339186446656,0.08719743037765826,3.080446810572191,0,True,0.0,1.0,4.0,0,0.0007544573905090991,0.0003258495915518982,-0.00042860779895720087,0.0005443189191836575,0.0007620991848648931,0.1630859375,0.09040765398822259,0.018642507966433186,0.10905016195465578
shuffled,62029,cooperative_inventory,diagonal,0.0076555723648058975,0.08749612771320739,3.0361824015592953,0,True,0.0,1.0,4.0,0,0.00028312887428020986,0.00022900808978618017,-5.412078449402969e-05,0.0006052077788254688,0.000539538977443777,0.173828125,0.09142274202895351,0.018506302985770162,0.10992904501472367
dense,62029,cooperative_inventory,diagonal,0.007485505117510011,0.08651881366217415,2.939982303548058,0,True,0.0,1.0,3.6666666666666665,0,0.00015122849009304302,3.23802271704212e-05,-0.00011884826292262182,0.0008705115887367408,9.377610370350445e-05,0.2021484375,0.08611726898379857,0.018456290003086906,0.10457355898688547
signed_intensity,62029,cooperative_inventory,diagonal,0.007531847543483316,0.08678621747422408,3.0082699679314624,0,True,0.0,1.0,3.6666666666666665,0,0.0003981442167698226,0.00011204843089793133,-0.00028609578587189126,0.0009729683435376456,0.0006725263964520018,0.234375,0.0928683869788074,0.017098037038522307,0.1099664240173297
zero,62029,cooperative_inventory,diagonal,0.0796792420413743,0.28227511764477986,0.0,0,False,1.0,0.0,,3,0.08597112013910106,0.08597112013910106,0.0,0.011490128165838396,0.0,0.958984375,0.0016867369413375854,0.0002563039161032066,0.001943040857440792
paired,62029,cooperative_inventory,misaligned,0.008618138690508668,0.09283393070698163,3.029904624068293,0,True,0.0,1.0,4.333333333333333,0,0.00036517900513136266,0.00017734253492673806,-0.0001878364702046246,0.0017382589537613508,0.0015124416151388017,0.2578125,0.0916781460182392,0.018037455949524883,0.10971560196776409
paired_lesion,62029,cooperative_inventory,misaligned,0.009335392121865599,0.09661983296334971,3.0614508808278127,0,True,0.0,1.0,4.333333333333333,0,0.0016856957221647825,0.0012557178540457323,-0.0004299778681190502,0.0018438727145515589,0.0012377681672243724,0.2509765625,0.09648536003078334,0.017355228032101877,0.11384058806288522
diagonal,62029,cooperative_inventory,misaligned,0.00885931525212949,0.09412393559626313,3.0304457718270017,0,True,0.0,1.0,4.333333333333333,0,0.0012139322379911967,0.000595047207820075,-0.0006188850301711217,0.0018975567221330163,0.001425918779325278,0.2509765625,0.09313627798837842,0.016636302971164696,0.10977258095954312
shuffled,62029,cooperative_inventory,misaligned,0.010032629420017841,0.10016301423189021,2.935475892941506,0,True,0.0,1.0,5.0,0,0.00036634915311365606,0.0005240203414780371,0.00015767118836438102,0.0022407495367726795,0.0011394078252675614,0.2666015625,0.08051724897086388,0.017544482005177997,0.09806173097604187
dense,62029,cooperative_inventory,misaligned,0.008500868237310059,0.09220015313062153,3.03996515419003,0,True,0.0,1.0,4.333333333333333,0,0.00016598199867510913,7.555019192868583e-05,-9.04318067464233e-05,0.0009549889154672678,0.0011770640153277187,0.1669921875,0.08710984300705604,0.019675538991577923,0.10678538199863397
signed_intensity,62029,cooperative_inventory,misaligned,0.008618138690508668,0.09283393070698163,3.029904624068293,0,True,0.0,1.0,4.333333333333333,0,0.00036517900513136266,0.00017734253492673793,-0.00018783647020462473,0.0017382589537613506,0.0015124416151388012,0.2578125,0.08796015899133636,0.01719362201401964,0.105153781005356
zero,62029,cooperative_inventory,misaligned,0.0852634618381961,0.29199907848860773,0.0,0,False,1.0,0.0,,3,0.09060745834674348,0.09060745834674348,0.0,0.011490128165838396,0.0,0.958984375,0.0016604160045972094,0.0002518149558454752,0.0019122309604426846
hold,62029,cooperative_inventory,misaligned,0.04448751435063529,0.21092063519398782,2.2425895339881223,0,False,1.0,0.0,,3,0.05023366361055978,0.048047929533389065,-0.002185734077170716,0.00038166091288018423,0.0,0.037109375,0.0016102680237963796,0.00023544699070043862,0.0018457150144968182
zero,62030,dynamic_tracking,paired,0.20126355715519756,0.44862407108312585,0.0,0,False,1.0,0.0,,3,0.17723295676259032,0.17884281649607875,0.001609859733488428,,,,0.0016552450324525125,0.00023510200844611973,0.0018903470408986323
hold,62030,dynamic_tracking,paired,0.09305795466574292,0.3050540192584633,2.443124888915338,0,False,1.0,0.0,,3,0.09762118973604895,0.09928020681211841,0.001659017076069455,,,,0.0016270700289169326,0.0004265009847586043,0.002053571013675537
paired,62030,dynamic_tracking,paired,0.007709185959256539,0.08780197013311569,2.934872153384909,0,True,0.0,1.0,4.0,0,0.0005040234866629234,0.0022273186922740717,0.0017232952056111482,,,,0.06797315396397607,0.02952019801887218,0.09749335198284825
paired_lesion,62030,dynamic_tracking,paired,0.015304534184480426,0.12371149576527003,3.0022072129966917,0,True,0.0,1.0,3.6666666666666665,0,0.009116564095243355,0.0074750219510285746,-0.001641542144214781,,,,0.07427327998448163,0.030461731970717665,0.1047350119551993
diagonal,62030,dynamic_tracking,paired,0.01108289390078721,0.10527532427300906,2.933846954239618,0,True,0.0,1.0,4.0,0,0.003248668389730195,0.004414218766636608,0.0011655503769064128,,,,0.08638883400999475,0.026937002039630897,0.11332583604962565
shuffled,62030,dynamic_tracking,paired,0.006192383517117537,0.0786916991627296,2.9436358655993864,0,True,0.0,1.0,1.0,0,0.0017817250981432475,0.0017767259551669978,-4.999142976249652e-06,,,,0.07617323102022056,0.026809551964106504,0.10298278298432706
dense,62030,dynamic_tracking,paired,0.0023447904390450987,0.048423036243559724,2.85384199551496,0,True,0.0,1.0,1.0,0,6.547955759969115e-05,4.8253394583777965e-05,-1.7226163015913188e-05,,,,0.07939249595801812,0.033195810014149174,0.11258830597216729
signed_intensity,62030,dynamic_tracking,paired,0.007709185959256539,0.08780197013311569,2.934872153384909,0,True,0.0,1.0,4.0,0,0.0005040234866629233,0.002227318692274072,0.0017232952056111489,,,,0.07192605504678795,0.029872620951209683,0.10179867599799763
hold,62030,dynamic_tracking,diagonal,0.08123134959935885,0.28501113943030165,2.443124888915338,0,False,1.0,0.0,,3,0.09440426692214579,0.09607476614965232,0.0016704992275065333,,,,0.0016251530323643237,0.0002248459932161495,0.0018499990255804732
paired,62030,dynamic_tracking,diagonal,0.0025220003553631286,0.05021952165605651,2.905467075611316,0,True,0.0,1.0,1.0,0,0.00039862553603863573,0.00040894066794976554,1.0315131911129804e-05,,,,0.07377669099514605,0.02668654297303874,0.1004632339681848
paired_lesion,62030,dynamic_tracking,diagonal,0.004637897790918212,0.06810211296955633,3.034513976953116,0,True,0.0,1.0,1.0,0,0.0030222478807086653,0.00037569622078945824,-0.002646551659919207,,,,0.07004120497003896,0.02738928397593554,0.0974304889459745
diagonal,62030,dynamic_tracking,diagonal,0.0031359150117185146,0.055999241170916904,2.9539631800765678,0,True,0.0,1.0,1.0,0,0.0007933166348051981,0.0003096176910848696,-0.00048369894372032846,,,,0.06971249698108295,0.02641851795488037,0.09613101493596332
shuffled,62030,dynamic_tracking,diagonal,0.0020509926429517046,0.045287886271625714,2.9036695971685065,0,True,0.0,1.0,1.0,0,0.00030177496123419845,0.0002923736689405294,-9.40129229366906e-06,,,,0.06604468596924562,0.025048832016182132,0.09109351798542775
dense,62030,dynamic_tracking,diagonal,0.0012891373777861495,0.03590455928968004,2.8213911192031587,0,True,0.0,1.0,1.0,0,5.952133420776555e-05,4.6023556156899176e-05,-1.3497778050866373e-05,,,,0.0766034430344007,0.03338626696495339,0.10998970999935409
signed_intensity,62030,dynamic_tracking,diagonal,0.0025220003553631286,0.05021952165605651,2.9054670756113157,0,True,0.0,1.0,1.0,0,0.00039862553603863573,0.0004089406679497655,1.031513191112975e-05,,,,0.06949629697191995,0.027477853080199566,0.09697415005211951
zero,62030,dynamic_tracking,diagonal,0.1650461857106111,0.4062587669338486,0.0,0,False,1.0,0.0,,3,0.1594877412092703,0.16095658349627862,0.001468842287008304,,,,0.0016612270192126743,0.00025536301836837083,0.0019165900375810452
paired,62030,dynamic_tracking,misaligned,0.006288767914264236,0.07930175227738814,2.9000670496146865,0,True,0.0,1.0,1.0,0,0.0021814384170696956,0.0014122746546018057,-0.0007691637624678898,,,,0.07267814898659708,0.028195748971484136,0.10087389795808122
paired_lesion,62030,dynamic_tracking,misaligned,0.011464096181775393,0.10707051966706518,3.0288041026958252,0,True,0.0,1.0,1.3333333333333333,0,0.009669098295545245,0.004743203287706409,-0.004925895007838837,,,,0.06912479502352653,0.02520126801391598,0.09432606303744251
diagonal,62030,dynamic_tracking,misaligned,0.00902830266002386,0.09501738083121351,2.940339087103223,0,True,0.0,1.0,1.0,0,0.0035985030954429256,0.002966514808325703,-0.0006319882871172224,,,,0.0677149739858578,0.026372323045507073,0.09408729703136487
shuffled,62030,dynamic_tracking,misaligned,0.007059643481969049,0.08402168459373478,2.9336728049266503,0,True,0.0,1.0,1.6666666666666667,0,0.0014406427154239967,0.0017803121850982744,0.0003396694696742777,,,,0.07177832500747172,0.027793857036158442,0.09957218204363016
dense,62030,dynamic_tracking,misaligned,0.0021088226601792717,0.04592191916916443,2.8219850564403863,0,True,0.0,1.0,1.0,0,5.8953855046150294e-05,6.272753225311484e-05,3.77367720696455e-06,,,,0.070379452969064,0.028413929045200348,0.09879338201426435
signed_intensity,62030,dynamic_tracking,misaligned,0.006288767914264236,0.07930175227738814,2.9000670496146865,0,True,0.0,1.0,1.0,0,0.002181438417069696,0.0014122746546018068,-0.0007691637624678892,,,,0.08002242599468445,0.03131349004979711,0.11133591604448156
zero,62030,dynamic_tracking,misaligned,0.19097675691311344,0.4370088750965058,0.0,0,False,1.0,0.0,,3,0.1851855003362528,0.18718016275711308,0.0019946624208602715,,,,0.0016360189838451333,0.0002588460483821109,0.0018948650322272442
hold,62030,dynamic_tracking,misaligned,0.0905057839283987,0.30084179219051116,2.443124888915338,0,False,1.0,0.0,,3,0.11874582788612423,0.12078964942568607,0.002043821539561841,,,,0.0017205379917868413,0.00023798298934707418,0.0019585209811339155
hold,62030,cooperative_inventory,paired,0.047117984152892034,0.21706677348892445,2.3831963555506537,0,False,1.0,0.3333333333333333,2.0,2,0.05224266583982161,0.05031277415045875,-0.0019298916893628615,0.00039939082898969596,0.0,0.025390625,0.0018969410230056383,0.0002478429159964435,0.0021447839390020818
paired,62030,cooperative_inventory,paired,0.01058121284763096,0.10286502246940385,3.154362975542867,0,True,0.0,1.0,5.0,0,0.0008521970045952914,0.00028789756174925926,-0.0005642994428460322,0.0022175006066514494,0.0009630153972215575,0.2421875,0.10325858798751142,0.0251556319926749,0.12841421998018632
paired_lesion,62030,cooperative_inventory,paired,0.010772262577934979,0.10378951092444255,3.2286361008033566,0,True,0.0,1.0,4.666666666666667,0,0.0012836782769587358,0.0025211193976180865,0.0012374411206593507,0.0022895424918607872,0.0013445911879323466,0.279296875,0.10578380898368778,0.024123555966070853,0.12990736494975863
diagonal,62030,cooperative_inventory,paired,0.010771498748488196,0.10378583115477852,3.2016377369212257,0,True,0.0,1.0,4.666666666666667,0,0.0010954604800987296,0.0014921676646414569,0.0003967071845427273,0.0022839058201505327,0.0010896594426270678,0.2529296875,0.10156005698081572,0.017347106026136316,0.11890716300695203
shuffled,62030,cooperative_inventory,paired,0.010879417295894606,0.10430444523554404,3.13458186327534,0,True,0.0,1.0,4.666666666666667,0,0.00047026210850414116,0.0008261953703093319,0.0003559332618051907,0.0023010631615797954,0.0006382670711430815,0.2919921875,0.10972760799631942,0.01790350001101615,0.12763110800733557
dense,62030,cooperative_inventory,paired,0.010635166120820718,0.10312694177963738,3.0674459256783537,0,True,0.0,1.0,5.0,0,0.00022936979130770485,7.3374321211547624e-06,-0.0002220323591865501,0.0020618123293742793,0.00014249507961465907,0.2490234375,0.10216307700466132,0.02096671202161815,0.12312978902627947
signed_intensity,62030,cooperative_inventory,paired,0.01058121284763096,0.10286502246940385,3.154362975542867,0,True,0.0,1.0,5.0,0,0.0008521970045952917,0.00028789756174925796,-0.0005642994428460337,0.00221750060665145,0.0009630153972215578,0.2421875,0.11669136496493593,0.019788363977568224,0.13647972894250415
zero,62030,cooperative_inventory,paired,0.09386726143170314,0.30637764512395993,0.0,0,False,1.0,0.0,,3,0.1034873507148395,0.1034873507148395,0.0,0.011791520359180078,0.0,0.96484375,0.0016709820556570776,0.0002784549433272332,0.0019494369989843108
paired,62030,cooperative_inventory,diagonal,0.008831171160835274,0.09397431117510399,3.126325362366631,0,True,0.0,1.0,4.666666666666667,0,0.00046760631845573007,0.0001293688633456951,-0.00033823745511003497,0.001359329063179914,0.00018052399258069378,0.2119140625,0.09355327003140701,0.018546315957792103,0.11209958598919911
paired_lesion,62030,cooperative_inventory,diagonal,0.009108283402030182,0.09543732708971989,3.2430309415879766,0,True,0.0,1.0,5.0,0,0.0006391213085169237,0.0003767642011606834,-0.0002623571073562403,0.0008503177021677923,0.0004990066230729377,0.154296875,0.11224602304719156,0.021124182996572927,0.13337020604376448
diagonal,62030,cooperative_inventory,diagonal,0.008799142633567663,0.09380374530671823,3.21261847786697,0,True,0.0,1.0,4.666666666666667,0,0.0006764811065808912,0.00027584714214249034,-0.00040063396443840084,0.000794086679953584,0.0003421804497433542,0.134765625,0.11046107402944472,0.020605886064004153,0.13106696009344887
shuffled,62030,cooperative_inventory,diagonal,0.008834099787889696,0.0939898919453028,3.1788152215432355,0,True,0.0,1.0,4.666666666666667,0,0.0004607580617092145,0.00010846739323565575,-0.00035229066847355874,0.0008877590781324757,0.0002040123642904466,0.1689453125,0.09853079398453701,0.019257715990534052,0.11778850997507107
dense,62030,cooperative_inventory,diagonal,0.008787041498507186,0.09373922070567467,3.1032599511813173,0,True,0.0,1.0,4.666666666666667,0,0.00013711658329014118,9.381390505014993e-06,-0.00012773519278512618,0.0013054211543574745,5.412468445745004e-05,0.2236328125,0.09252581297187135,0.018382712973107118,0.11090852594497846
signed_intensity,62030,cooperative_inventory,diagonal,0.008831171160835274,0.09397431117510399,3.126325362366631,0,True,0.0,1.0,4.666666666666667,0,0.00046760631845573067,0.00012936886334569532,-0.00033823745511003535,0.001359329063179914,0.00018052399258069367,0.2119140625,0.1001872019842267,0.01977013397117844,0.11995733595540514
zero,62030,cooperative_inventory,diagonal,0.08192858602823339,0.28623169990103015,0.0,0,False,1.0,0.0,,3,0.09086375728845103,0.09086375728845103,0.0,0.011791520359180078,0.0,0.96484375,0.0016216019794228487,0.0002682810300029814,0.00188988300942583
hold,62030,cooperative_inventory,diagonal,0.05233115847282626,0.22876004562166502,2.3831963555506537,0,False,1.0,0.3333333333333333,0.0,2,0.0644707616638444,0.06402802817475181,-0.0004427334890925866,0.0002946203611563274,0.0,0.02734375,0.0016463780048070475,0.00025075991288758814,0.0018971379176946357
paired_lesion,62030,cooperative_inventory,misaligned,0.010679962925315967,0.1033439060869869,3.206776435924038,0,True,0.0,1.0,4.333333333333333,0,0.0010092349058774836,0.0013416089776093951,0.0003323740717319115,0.0025887868690253617,0.0006027830043623011,0.2177734375,0.10272865901060868,0.01934762096061604,0.12207627997122472
diagonal,62030,cooperative_inventory,misaligned,0.010236484329550516,0.10117551249956937,3.1885231912148133,0,True,0.0,1.0,4.333333333333333,0,0.0010871488509311788,0.0008023871507316665,-0.0002847617001995123,0.002649213019052951,0.0006596439493054122,0.23828125,0.09625568996125367,0.0197353860057774,0.11599107596703107
shuffled,62030,cooperative_inventory,misaligned,0.010137738275990842,0.10068633609378604,3.187595384336593,0,True,0.0,1.0,5.0,0,0.000369219417727414,0.00070591116742818,0.00033669174970076595,0.0024999672993611414,0.0007021103036278683,0.2666015625,0.09193486997537548,0.018629308950039558,0.11056417892541504
dense,62030,cooperative_inventory,misaligned,0.009636526611998085,0.09816581182875271,3.232666865712593,0,True,0.0,1.0,4.333333333333333,0,0.00016324489778572185,5.3198323513319745e-05,-0.0001100465742724021,0.0020351127701055865,0.001130829068830587,0.2099609375,0.10117506896494888,0.01883979899866972,0.1200148679636186
signed_intensity,62030,cooperative_inventory,misaligned,0.010176928437685384,0.10088076346700289,3.2177556282745057,0,True,0.0,1.0,4.666666666666667,0,0.000632927115327321,0.0002309303608688474,-0.00040199675445847356,0.002411701716038445,0.0009570995326621556,0.23828125,0.10372849396662787,0.01811526397068519,0.12184375793731306
zero,62030,cooperative_inventory,misaligned,0.0918025182345357,0.3029893038285934,0.0,0,False,1.0,0.0,,3,0.10240712755684916,0.10240712755684916,0.0,0.011791520359180078,0.0,0.96484375,0.0017795549792936072,0.0002517940374673344,0.0020313490167609416
hold,62030,cooperative_inventory,misaligned,0.04610233672936154,0.21471454708370724,2.3831963555506537,0,False,1.0,0.3333333333333333,1.0,2,0.05365522173390558,0.051421955547788195,-0.002233266186117383,0.00039939082898969596,0.0,0.025390625,0.002055085977190174,0.00025790699874050915,0.0023129929759306833
paired,62030,cooperative_inventory,misaligned,0.010176928437685384,0.10088076346700289,3.2177556282745057,0,True,0.0,1.0,4.666666666666667,0,0.0006329271153273216,0.00023093036086884708,-0.00040199675445847454,0.002411701716038445,0.0009570995326621556,0.23828125,0.10465959506109357,0.019177595000655856,0.12383719006174942
hold,62031,dynamic_tracking,paired,0.08907854141435573,0.29846028448414325,2.331434053535014,0,False,1.0,0.0,,3,0.08967871269725575,0.08923682464322137,-0.0004418880540343756,,,,0.0017304940265603364,0.00023911996686365455,0.001969613993423991
paired,62031,dynamic_tracking,paired,0.0063061727275297175,0.07941141434031834,2.7933223967300522,0,True,0.0,1.0,2.6666666666666665,0,0.00045626232273974506,0.001173022091764468,0.0007167597690247228,,,,0.07337475508393254,0.028179872082546353,0.1015546271664789
paired_lesion,62031,dynamic_tracking,paired,0.01576439067976776,0.12555632473024908,2.8810586469894126,0,True,0.0,1.0,6.666666666666667,0,0.01116639732646102,0.005785477865683878,-0.005380919460777142,,,,0.06918817300902447,0.02559754301182693,0.0947857160208514
diagonal,62031,dynamic_tracking,paired,0.009959703631530627,0.09979831477299918,2.773031688785256,0,True,0.0,1.0,2.6666666666666665,0,0.002678903453366499,0.003845398427981747,0.001166494974615248,,,,0.07610477900016122,0.023613349010702223,0.09971812801086344
shuffled,62031,dynamic_tracking,paired,0.005554695060184673,0.07452982664802511,2.7814973909291556,0,True,0.0,1.0,1.0,0,0.0024028021467285034,0.0021514398853171596,-0.0002513622614113437,,,,0.06827224094740814,0.025427551976463292,0.09369979292387143
dense,62031,dynamic_tracking,paired,0.002254599093376731,0.047482618855500494,2.7140612442719805,0,True,0.0,1.0,1.0,0,7.23615073827596e-05,5.9485153889514254e-05,-1.287635349324534e-05,,,,0.06906857799185673,0.028376424059388228,0.09744500205124496
signed_intensity,62031,dynamic_tracking,paired,0.006306172727529717,0.07941141434031834,2.7933223967300522,0,True,0.0,1.0,2.6666666666666665,0,0.000456262322739745,0.001173022091764468,0.0007167597690247229,,,,0.07044201994722243,0.027059473992267158,0.09750149393948959
zero,62031,dynamic_tracking,paired,0.19465457415607051,0.44119675220480775,0.0,0,False,1.0,0.0,,3,0.17457725118614437,0.1731229786368153,-0.001454272549329061,,,,0.0016146719426615164,0.0002545039897086099,0.0018691759323701262
paired,62031,dynamic_tracking,diagonal,0.00236839497571788,0.04866615842367137,2.7744562865341424,0,True,0.0,1.0,1.0,0,0.0003493199102139783,0.0003401452494222638,-9.174660791714509e-06,,,,0.06797428599384148,0.024441606947220862,0.09241589294106234
paired_lesion,62031,dynamic_tracking,diagonal,0.00489841347902969,0.06998866678991457,2.90684643407446,0,True,0.0,1.0,1.0,0,0.004902385011054283,0.000434553471618843,-0.00446783153943544,,,,0.06591148699226324,0.025265888987632934,0.09117737597989617
diagonal,62031,dynamic_tracking,diagonal,0.0027091782617056867,0.052049767162838365,2.8196156731981388,0,True,0.0,1.0,1.0,0,0.0006117832828070036,0.0002989121335253267,-0.0003128711492816769,,,,0.06766207690088777,0.02571914199506864,0.09338121889595641
shuffled,62031,dynamic_tracking,diagonal,0.0018310277282790638,0.04279050979223155,2.7618525759547143,0,True,0.0,1.0,1.0,0,0.0002235766508967832,0.00017507083981663487,-4.850581108014834e-05,,,,0.06568584500200814,0.024001065976335667,0.0896869109783438
dense,62031,dynamic_tracking,diagonal,0.0014783598713620648,0.03844944565740922,2.692234014491162,0,True,0.0,1.0,0.6666666666666666,0,5.980147705512439e-05,5.097821632767603e-05,-8.823260727448366e-06,,,,0.06926578995626187,0.027763624006183818,0.09702941396244569
signed_intensity,62031,dynamic_tracking,diagonal,0.00236839497571788,0.04866615842367137,2.774456286534142,0,True,0.0,1.0,1.0,0,0.0003493199102139783,0.0003401452494222638,-9.174660791714509e-06,,,,0.08416888906504028,0.03465670400328236,0.11882559306832263
zero,62031,dynamic_tracking,diagonal,0.16006869891413708,0.4000858644267966,0.0,0,False,1.0,0.0,,3,0.1582555143388567,0.15663316728521365,-0.0016223470536430584,,,,0.001615363005839754,0.00025547295808792114,0.001870835963927675
hold,62031,dynamic_tracking,diagonal,0.07902237725272558,0.28110919097874687,2.331434053535014,0,False,1.0,0.0,,3,0.08818125189338598,0.087639850933389,-0.0005414009599969821,,,,0.0017710820320644416,0.0002517589964554645,0.002022841028519906
paired_lesion,62031,dynamic_tracking,misaligned,0.011582993160237996,0.10762431491181719,2.893044599849505,0,True,0.0,1.0,1.3333333333333333,0,0.010768586877897316,0.0033955198983333435,-0.007373066979563973,,,,0.08771526507189265,0.0325830219881027,0.12029828705999535
diagonal,62031,dynamic_tracking,misaligned,0.008320499447694616,0.09121677174563138,2.806777351472696,0,True,0.0,1.0,1.3333333333333333,0,0.0026440131581299845,0.002470593852808341,-0.00017341930532164358,,,,0.0743503820267506,0.02549103702767752,0.09984141905442812
shuffled,62031,dynamic_tracking,misaligned,0.007042590671517444,0.08392014461091832,2.7982068302405483,0,True,0.0,1.0,1.6666666666666667,0,0.0022174299865333463,0.002434923355758302,0.00021749336922495576,,,,0.0775349110190291,0.028272738985833712,0.10580765000486281
dense,62031,dynamic_tracking,misaligned,0.002165466714737337,0.04653457547606228,2.695989114175112,0,True,0.0,1.0,1.0,0,6.313875704735833e-05,7.141080481179839e-05,8.272047764440059e-06,,,,0.06906236501527019,0.03523328699520789,0.10429565201047808
signed_intensity,62031,dynamic_tracking,misaligned,0.005956163721603073,0.07717618623385761,2.7777896487762783,0,True,0.0,1.0,1.0,0,0.002361099047013739,0.0014624512829234737,-0.0008986477640902653,,,,0.06840850597654935,0.025193579007463995,0.09360208498401335
zero,62031,dynamic_tracking,misaligned,0.1888608735626455,0.43458126232345257,0.0,0,False,1.0,0.0,,3,0.18869298248189004,0.18744192339851015,-0.0012510590833798851,,,,0.001674230930802878,0.00025063699285965413,0.0019248679236625321
hold,62031,dynamic_tracking,misaligned,0.09181929014934129,0.3030169799686831,2.331434053535014,0,False,1.0,0.0,,3,0.11894985403514018,0.11871118217659492,-0.00023867185854525852,,,,0.0019714829832082614,0.0002825499977916479,0.0022540329809999093
paired,62031,dynamic_tracking,misaligned,0.005956163721603074,0.07717618623385762,2.7777896487762783,0,True,0.0,1.0,1.0,0,0.0023610990470137386,0.0014624512829234742,-0.0008986477640902644,,,,0.06807585895148804,0.02493086105096154,0.09300672000244958
paired,62031,cooperative_inventory,paired,0.008647068180566266,0.0929896132939925,3.0282679497141274,0,True,0.0,1.0,4.333333333333333,0,0.00027435813736294854,6.88578466901177e-05,-0.00020550029067283084,0.0015448570156570728,0.0014599851827531093,0.224609375,0.07894607602065662,0.02478367098228773,0.10372974700294435
paired_lesion,62031,cooperative_inventory,paired,0.00919195288595153,0.09587467280753312,3.153605930045014,0,True,0.0,1.0,4.666666666666667,0,0.0014502452865654608,0.0015256302266892288,7.538494012376807e-05,0.0015733904751732883,0.001991630809559655,0.2607421875,0.09335824300796958,0.017338814977847505,0.11069705798581708
diagonal,62031,cooperative_inventory,paired,0.00889707668846888,0.09432431652797109,3.114379286734577,0,True,0.0,1.0,4.333333333333333,0,0.001329877277981427,0.0006702649597325576,-0.0006596123182488695,0.0016281202683318939,0.0018928684314023724,0.234375,0.08676461796858348,0.020311412008595653,0.10707602997717913
shuffled,62031,cooperative_inventory,paired,0.008850997806251388,0.094079741742053,3.07204012662121,0,True,0.0,1.0,4.666666666666667,0,0.0005271661897063921,0.0004046035073111754,-0.00012256268239521672,0.0018355252182932792,0.00205213217833034,0.2919921875,0.09341583102650475,0.018612470004882198,0.11202830103138695
dense,62031,cooperative_inventory,paired,0.008642532346144469,0.0929652211643928,2.9946201270184396,0,True,0.0,1.0,4.333333333333333,0,5.104314626453894e-05,5.158206815320066e-05,5.389218886617231e-07,0.001555208090944669,0.0015759349351814954,0.23046875,0.08072540000284789,0.017667587017058395,0.09839298701990629
signed_intensity,62031,cooperative_inventory,paired,0.008647068180566268,0.09298961329399251,3.0282679497141274,0,True,0.0,1.0,4.333333333333333,0,0.00027435813736294854,6.885784669011766e-05,-0.00020550029067283086,0.0015448570156570726,0.0014599851827531093,0.224609375,0.08188627698837081,0.016229369983193465,0.09811564697156427
zero,62031,cooperative_inventory,paired,0.07550421066340562,0.2747802952604237,0.0,0,False,1.0,0.0,,3,0.07037408670084679,0.07037408670084679,0.0,0.011609563897975426,0.0,0.9599609375,0.0015766300275572576,0.0002671029869816266,0.0018437330145388842
hold,62031,cooperative_inventory,paired,0.041151731757123,0.20285889617446656,2.284741760247181,0,False,1.0,0.3333333333333333,6.0,2,0.04349361607445325,0.041935079760378816,-0.0015585363140744324,0.0004199703464828183,0.0,0.03125,0.001598027018189896,0.00023132799833547324,0.0018293550165253691
paired_lesion,62031,cooperative_inventory,diagonal,0.008374983877418283,0.09151493800149942,3.1655907622110515,0,True,0.0,1.0,4.666666666666667,0,0.000902446778071925,0.00031958255454928367,-0.0005828642235226414,0.0004887398309139488,0.000774778331752077,0.1552734375,0.09043622299213894,0.01700945195625536,0.1074456749483943
diagonal,62031,cooperative_inventory,diagonal,0.00798879471595217,0.08938005770837346,3.128133478217066,0,True,0.0,1.0,4.333333333333333,0,0.0005896461922946363,0.00022260121977025514,-0.0003670449725243811,0.0004841835205025489,0.0007055492197512548,0.1513671875,0.08518069903220749,0.01634652003122028,0.10152721906342776
shuffled,62031,cooperative_inventory,diagonal,0.00789291416563193,0.08884207429834093,3.0941954512289485,0,True,0.0,1.0,4.333333333333333,0,0.00023799106226102336,6.756066137221373e-05,-0.00017043040088880962,0.0008900740516449265,0.0011062508098668732,0.21875,0.0839721590600675,0.01643481196515495,0.10040697102522245
dense,62031,cooperative_inventory,diagonal,0.007939318130450509,0.0891028514159368,2.986347232307826,0,True,0.0,1.0,4.333333333333333,0,5.3711769494078314e-05,1.499653350286486e-05,-3.871523599121345e-05,0.0008278597302868119,0.00022618613852364044,0.23828125,0.07543296500080032,0.01750614905176917,0.0929391140525695
signed_intensity,62031,cooperative_inventory,diagonal,0.007967216740319132,0.08925926697166593,3.0523229220971126,0,True,0.0,1.0,4.333333333333333,0,0.0002080356660352555,8.174779313189064e-05,-0.00012628787290336487,0.0008388145861335927,0.0005433779613817243,0.2158203125,0.0912086539392476,0.018080617039231583,0.10928927097847918
zero,62031,cooperative_inventory,diagonal,0.06975325983117657,0.26410842438509335,0.0,0,False,1.0,0.0,,3,0.066786838300822,0.066786838300822,0.0,0.011609563897975426,0.0,0.9599609375,0.0017478299778304063,0.0002660979880602099,0.002013927965890616
hold,62031,cooperative_inventory,diagonal,0.045196930996804816,0.21259569844379453,2.284741760247181,0,False,1.0,0.3333333333333333,0.0,2,0.05068019826399549,0.049799888702609194,-0.0008803095613862943,0.0002645518756143899,0.0,0.025390625,0.001640376984141767,0.00025871998514048755,0.0018990969692822546
paired,62031,cooperative_inventory,diagonal,0.007967216740319132,0.08925926697166593,3.0523229220971126,0,True,0.0,1.0,4.333333333333333,0,0.0002080356660352555,8.174779313189064e-05,-0.00012628787290336487,0.0008388145861335928,0.0005433779613817245,0.2158203125,0.09758705607237061,0.01892839297943283,0.11651544905180344
diagonal,62031,cooperative_inventory,misaligned,0.008753811609018398,0.09356180635824855,3.108459447359378,0,True,0.0,1.0,4.333333333333333,0,0.0010672361496870447,0.00035240237996057595,-0.0007148337697264688,0.001753119143543899,0.0013233093186320404,0.3095703125,0.08767018700018525,0.015762088005430996,0.10343227500561625
shuffled,62031,cooperative_inventory,misaligned,0.008600309975657052,0.09273785621663384,3.040006463433749,0,True,0.0,1.0,4.666666666666667,0,0.0004402010420494405,0.00039327790213971475,-4.692313990972577e-05,0.0023985125527239614,0.0014321768562518746,0.3271484375,0.08443642804195406,0.026097084089997225,0.11053351213195128
dense,62031,cooperative_inventory,misaligned,0.00834354080606921,0.091342984438156,3.003195138651936,0,True,0.0,1.0,4.666666666666667,0,3.34407290579275e-05,0.00021060976637878883,0.00017716903732086132,0.001798041264090021,0.0010441820049438906,0.2294921875,0.07358373899478465,0.018611825005791616,0.09219556400057627
signed_intensity,62031,cooperative_inventory,misaligned,0.008623026422580744,0.09286025211348903,3.0301604640695308,0,True,0.0,1.0,4.666666666666667,0,0.00010212105002270484,4.170963860203036e-05,-6.041141142067448e-05,0.0015966546735189258,0.0008586811446547691,0.2919921875,0.08142152999789687,0.01841168503597146,0.09983321503386833
zero,62031,cooperative_inventory,misaligned,0.07577648589594269,0.27527529111044946,0.0,0,False,1.0,0.0,,3,0.07212127532767432,0.07212127532767432,0.0,0.011609563897975426,0.0,0.9599609375,0.002029127048444934,0.0002787169942166656,0.0023078440426616
hold,62031,cooperative_inventory,misaligned,0.04160174046098686,0.2039650471551115,2.284741760247181,0,False,1.0,0.3333333333333333,2.0,2,0.04567120649977872,0.043581623244437116,-0.002089583255341601,0.0004199703464828183,0.0,0.03125,0.001668049008003436,0.00026673197135096416,0.0019347809793544002
paired,62031,cooperative_inventory,misaligned,0.008623026422580744,0.09286025211348903,3.030160464069531,0,True,0.0,1.0,4.666666666666667,0,0.00010212105002270486,4.17096386020305e-05,-6.041141142067436e-05,0.0015966546735189258,0.0008586811446547689,0.2919921875,0.07816118900518632,0.01674289706716081,0.09490408607234713
paired_lesion,62031,cooperative_inventory,misaligned,0.009346930945599853,0.0966795270240802,3.1335585244130715,0,True,0.0,1.0,4.666666666666667,0,0.0013679453672656846,0.0007973188892450374,-0.0005706264780206472,0.0017026180393382535,0.0012612872789005405,0.29296875,0.09112805496988585,0.016511553010786884,0.10763960798067274
paired,62032,dynamic_tracking,paired,0.008806745837675982,0.09384426374412014,2.7421504099491485,0,True,0.0,1.0,4.333333333333333,0,0.0002704235228163983,0.0023780122504209775,0.002107588727604579,,,,0.06565476999094244,0.026116394023119938,0.09177116401406238
paired_lesion,62032,dynamic_tracking,paired,0.017376500716701916,0.13181995568464555,2.89301876823294,0,True,0.0,1.0,4.0,0,0.011540882820853608,0.008100991415074588,-0.0034398914057790202,,,,0.07081183599075302,0.02622946803603554,0.09704130402678857
diagonal,62032,dynamic_tracking,paired,0.011941735851570991,0.10927824967289232,2.756159982590763,0,True,0.0,1.0,4.0,0,0.0032249105848947404,0.0049143302665870595,0.001689419681692319,,,,0.06989700401754817,0.024983904011605773,0.09488090802915394
shuffled,62032,dynamic_tracking,paired,0.006102671794648928,0.07811959929908069,2.7784436814065403,0,True,0.0,1.0,2.0,0,0.0018137611778126267,0.0018999244804249196,8.616330261229286e-05,,,,0.07029229498584755,0.027437326978542842,0.09772962196439039
dense,62032,dynamic_tracking,paired,0.002975177706925383,0.054545189585566416,2.663470993393079,0,True,0.0,1.0,2.0,0,8.168255571576241e-05,7.927229450269165e-05,-2.410261213070758e-06,,,,0.06773109400091926,0.02771480100636836,0.09544589500728762
signed_intensity,62032,dynamic_tracking,paired,0.008806745837675982,0.09384426374412014,2.7421504099491485,0,True,0.0,1.0,4.333333333333333,0,0.0002704235228163983,0.0023780122504209775,0.002107588727604579,,,,0.080506457015872,0.02579326600971399,0.10629972302558599
zero,62032,dynamic_tracking,paired,0.20854477113907088,0.456667024361373,0.0,0,False,1.0,0.0,,3,0.17239336934704624,0.17489498339407375,0.002501614047027506,,,,0.0016196299620787613,0.00025548599660396576,0.001875115958682727
hold,62032,dynamic_tracking,paired,0.08914911855578443,0.2985784964725096,2.3474941122741164,0,False,1.0,0.0,,3,0.0829294546778887,0.0862399338548979,0.00331047917700919,,,,0.0017720630130497739,0.0003245040061301552,0.002096567019179929
paired_lesion,62032,dynamic_tracking,diagonal,0.005771623941595144,0.07597120468700719,2.8789827399426877,0,True,0.0,1.0,1.0,0,0.004898222484129802,0.000580400825178967,-0.004317821658950835,,,,0.07133440305187833,0.02754924997134367,0.098883653023222
diagonal,62032,dynamic_tracking,diagonal,0.0037053478268247917,0.060871568296083776,2.7890143111711394,0,True,0.0,1.0,1.0,0,0.0006027208677120755,0.0003708052490665422,-0.0002319156186455333,,,,0.06889573801890947,0.025089680013479665,0.09398541803238913
shuffled,62032,dynamic_tracking,diagonal,0.002915071633309091,0.053991403327836286,2.741760175530991,0,True,0.0,1.0,2.0,0,0.00035178778257112314,0.00032249063052095563,-2.92971520501675e-05,,,,0.06971346103091491,0.04157822498382302,0.11129168601473793
dense,62032,dynamic_tracking,diagonal,0.002051343767888195,0.0452917626935428,2.6568402942932385,0,True,0.0,1.0,2.0,0,7.541082615264144e-05,5.729105168408963e-05,-1.811977446855181e-05,,,,0.0690768199856393,0.02730557003087597,0.09638239001651527
signed_intensity,62032,dynamic_tracking,diagonal,0.002882793827326928,0.053691655099530396,2.7327297550297045,0,True,0.0,1.0,1.0,0,0.00018208942717122767,0.0003846729107777788,0.00020258348360655112,,,,0.07512228008272359,0.028227553004398942,0.10334983308712253
zero,62032,dynamic_tracking,diagonal,0.17443915219292078,0.41765913397520804,0.0,0,False,1.0,0.0,,3,0.16098740213064147,0.1627039683063934,0.0017165661757519157,,,,0.001614939043065533,0.00025572299637133256,0.0018706620394368656
hold,62032,dynamic_tracking,diagonal,0.07943428460443627,0.28184088526052475,2.3474941122741164,0,False,1.0,0.0,,3,0.08358606132007937,0.08635517421746522,0.0027691128973858503,,,,0.001752333999320399,0.00025108997215284035,0.0020034239714732394
paired,62032,dynamic_tracking,diagonal,0.002882793827326928,0.053691655099530396,2.7327297550297045,0,True,0.0,1.0,1.0,0,0.00018208942717122767,0.0003846729107777788,0.00020258348360655112,,,,0.06876954501058208,0.0272443769936217,0.09601392200420378
diagonal,62032,dynamic_tracking,misaligned,0.00962294537267647,0.09809661244241041,2.776874051817751,0,True,0.0,1.0,1.3333333333333333,0,0.0031821136813849757,0.002778866352154522,-0.00040324732923045347,,,,0.0718061460138415,0.024572445974627044,0.09637859198846854
shuffled,62032,dynamic_tracking,misaligned,0.006834895495124369,0.0826734267774378,2.7702703873257732,0,True,0.0,1.0,1.0,0,0.0017196053066024183,0.0016232411056378568,-9.636420096456144e-05,,,,0.06828668804519111,0.027862529990670737,0.09614921803586185
dense,62032,dynamic_tracking,misaligned,0.003122155385629257,0.05587625064040408,2.668936315789788,0,True,0.0,1.0,2.0,0,7.53877180200643e-05,6.477982656505258e-05,-1.0607891455011726e-05,,,,0.06573784004285699,0.02642130099411588,0.09215914103697287
signed_intensity,62032,dynamic_tracking,misaligned,0.008161440092518462,0.09034068901950251,2.756097933257843,0,True,0.0,1.0,2.3333333333333335,0,0.002466167280767595,0.0014369239991463187,-0.0010292432816212762,,,,0.06585975003690692,0.024479443964082748,0.09033919400098966
zero,62032,dynamic_tracking,misaligned,0.2025478830200652,0.45005320021089196,0.0,0,False,1.0,0.0,,3,0.19094705068364562,0.193162399667185,0.002215348983539367,,,,0.001635362052184064,0.00024657001631567255,0.0018819320684997365
hold,62032,dynamic_tracking,misaligned,0.0901059858260268,0.3001765910693684,2.3474941122741164,0,False,1.0,0.0,,3,0.10970556926848321,0.11272978526283395,0.0030242159943507374,,,,0.0018140330430469476,0.00024227904941653833,0.002056312092463486
paired,62032,dynamic_tracking,misaligned,0.008161440092518464,0.09034068901950253,2.756097933257843,0,True,0.0,1.0,2.3333333333333335,0,0.0024661672807675963,0.0014369239991463185,-0.0010292432816212777,,,,0.07080767095612828,0.026051381028082687,0.09685905198421096
paired_lesion,62032,dynamic_tracking,misaligned,0.012755797544338116,0.11294156694653265,2.912279502113134,0,True,0.0,1.0,1.3333333333333333,0,0.012180273829114402,0.0052376814464374635,-0.006942592382676939,,,,0.06701585197151871,0.025398382029379718,0.09241423400089843
paired_lesion,62032,cooperative_inventory,paired,0.011386759188952298,0.10670875872650894,3.035955952061373,0,True,0.0,1.0,5.333333333333333,0,0.001793610256361846,0.0012982102047791608,-0.0004954000515826852,0.001378453421644263,0.002475009452954843,0.2890625,0.08701181595097296,0.016957145962805953,0.10396896191377891
diagonal,62032,cooperative_inventory,paired,0.011106447776306443,0.10538713287829042,2.9630108237151314,0,True,0.0,1.0,5.333333333333333,0,0.001219681786271593,0.0008510420358941302,-0.0003686397503774628,0.0014036408712235562,0.0019459402135826916,0.267578125,0.080643666042306,0.016051862970925868,0.09669552901323186
shuffled,62032,cooperative_inventory,paired,0.011196641875544063,0.10581418560639241,2.887168733552284,0,True,0.0,1.0,5.333333333333333,0,0.00026426769213906166,0.000664986528944384,0.0004007188368053223,0.0016627931795954603,0.0017228215962820878,0.2861328125,0.07918075301131466,0.016559166957449634,0.0957399199687643
dense,62032,cooperative_inventory,paired,0.01117820692846258,0.105727039722403,2.736406977071942,0,True,0.0,1.0,5.333333333333333,0,0.00013292431907224316,1.9309511820387197e-05,-0.00011361480725185596,0.0017367693246937092,0.0007693518399934734,0.1962890625,0.08145813595183427,0.02953514594992157,0.11099328190175584
signed_intensity,62032,cooperative_inventory,paired,0.011028642321590634,0.10501734295625001,2.8710247404870888,0,True,0.0,1.0,5.333333333333333,0,0.00040593439942852893,0.00016964310738767945,-0.00023629129204084948,0.001758077084683584,0.0017898578672112025,0.2314453125,0.10356928005785448,0.020957810986146796,0.12452709104400128
zero,62032,cooperative_inventory,paired,0.10026397496363959,0.3166448719995945,0.0,0,False,1.0,0.0,,3,0.09847582228389651,0.09847582228389651,0.0,0.010931175115497354,0.0,0.96484375,0.0017579049817868508,0.0003251399684813805,0.0020830449502682313
hold,62032,cooperative_inventory,paired,0.052048276496241955,0.2281409136832803,2.283950653119807,0,False,1.0,0.0,,3,0.05193681309575278,0.0494310884246438,-0.0025057246711089817,0.0005631030976215583,0.0,0.02734375,0.001727374990878161,0.0004933420423185453,0.0022207170331967063
paired,62032,cooperative_inventory,paired,0.011028642321590634,0.10501734295625001,2.8710247404870888,0,True,0.0,1.0,5.333333333333333,0,0.00040593439942852893,0.00016964310738768078,-0.00023629129204084815,0.0017580770846835837,0.0017898578672112025,0.2314453125,0.09299609897425398,0.022809343026892748,0.11580544200114673
diagonal,62032,cooperative_inventory,diagonal,0.012071256251603924,0.10986926891357712,2.9206919894070476,0,True,0.0,1.0,6.0,0,0.0006507078179166003,0.00018580028010472822,-0.00046490753781187205,0.0006078679532332833,0.0005021148638797601,0.1162109375,0.08972970594913932,0.04203642498032423,0.13176613092946354
shuffled,62032,cooperative_inventory,diagonal,0.011814682557355499,0.1086953658504147,2.9064776822366394,0,True,0.0,1.0,6.0,0,0.00024511359154560545,0.00013324962499340317,-0.00011186396655220228,0.0007444121987008873,0.000804575272189998,0.1611328125,0.08592807297827676,0.020853927038842812,0.10678200001711957
dense,62032,cooperative_inventory,diagonal,0.011579131555300385,0.10760637320949157,2.845126832591784,0,True,0.0,1.0,5.666666666666667,0,8.821720764976368e-05,5.578836498329073e-05,-3.2428842666472945e-05,0.0007257261583014066,0.0007100408342546479,0.1396484375,0.08603310900798533,0.02183532995695714,0.10786843896494247
signed_intensity,62032,cooperative_inventory,diagonal,0.011857645427656854,0.10889281623530936,2.88897399400239,0,True,0.0,1.0,6.0,0,0.0003225726175970982,0.00010632629478439713,-0.0002162463228127011,0.0008628034019949129,0.0008667984014079967,0.1806640625,0.08293262799998047,0.01964351098285988,0.10257613898284035
zero,62032,cooperative_inventory,diagonal,0.09566821183318062,0.30930278342294404,0.0,0,False,1.0,0.0,,3,0.10346802661598523,0.10346802661598523,0.0,0.010931175115497354,0.0,0.96484375,0.00184338100370951,0.00026962102128891274,0.0021130020249984227
hold,62032,cooperative_inventory,diagonal,0.06019067744086239,0.2453378842349106,2.283950653119807,0,False,1.0,0.3333333333333333,0.0,2,0.07115644351075999,0.06969788612150069,-0.0014585573892593046,0.00045789924947076046,0.0,0.029296875,0.001733631048409734,0.00024070603103609756,0.0019743370794458315
paired,62032,cooperative_inventory,diagonal,0.011857645427656854,0.10889281623530936,2.88897399400239,0,True,0.0,1.0,6.0,0,0.0003225726175970983,0.00010632629478439696,-0.0002162463228127013,0.0008628034019949131,0.0008667984014079967,0.1806640625,0.08326564599701669,0.0204076910376898,0.10367333703470649
paired_lesion,62032,cooperative_inventory,diagonal,0.013004980037572483,0.11403937932824995,3.0489808922621746,0,True,0.0,1.0,6.333333333333333,0,0.0013305804348382492,0.0007778900821042283,-0.0005526903527340209,0.000616142465624591,0.0013645061491882884,0.16015625,0.08789404797425959,0.01917498300463194,0.10706903097889153
shuffled,62032,cooperative_inventory,misaligned,0.011354470050198118,0.10655735568320997,2.9740409514005512,0,True,0.0,1.0,5.333333333333333,0,0.00030353695901440703,0.0006210287220139469,0.0003174917629995399,0.0016077116922704545,0.0012740550454826429,0.2294921875,0.08658384397131158,0.01984734698635293,0.10643119095766451
dense,62032,cooperative_inventory,misaligned,0.010356574435784898,0.10176725620642868,2.9019499929703807,0,True,0.0,1.0,5.333333333333333,0,0.00011730209992733649,6.100648828310524e-05,-5.629561164423125e-05,0.0010499067249177853,0.0008653594925689955,0.166015625,0.0798620519854012,0.018660518959222827,0.09852257094462402
signed_intensity,62032,cooperative_inventory,misaligned,0.011266578163099592,0.10614413861867075,2.915087141724904,0,True,0.0,1.0,5.333333333333333,0,0.00041100983585888866,0.00014140353025293215,-0.0002696063056059565,0.0020331790967229096,0.001376541390675094,0.2607421875,0.09213098505279049,0.018959109038405586,0.11109009409119608
zero,62032,cooperative_inventory,misaligned,0.0995344364754341,0.3154907866728189,0.0,0,False,1.0,0.0,,3,0.10482267888773411,0.10482267888773411,0.0,0.010931175115497354,0.0,0.96484375,0.0019506200187606737,0.00032303305488312617,0.0022736530736438
hold,62032,cooperative_inventory,misaligned,0.05068418739218196,0.22513148911731998,2.283950653119807,0,False,1.0,0.3333333333333333,0.0,2,0.05974125012310309,0.05654236728433605,-0.003198882838767042,0.0005631030976215583,0.0,0.02734375,0.0018396129889879376,0.00024781698448350653,0.002087429973471444
paired,62032,cooperative_inventory,misaligned,0.011266578163099592,0.10614413861867075,2.915087141724904,0,True,0.0,1.0,5.333333333333333,0,0.0004110098358588886,0.0001414035302529325,-0.0002696063056059561,0.0020331790967229096,0.0013765413906750943,0.2607421875,0.07971488495968515,0.01760599897534121,0.09732088393502636
paired_lesion,62032,cooperative_inventory,misaligned,0.012177478424274737,0.11035161269449005,3.032030796023859,0,True,0.0,1.0,5.666666666666667,0,0.0019474840808106427,0.0016752035256438697,-0.000272280555166773,0.002174321597436254,0.001751776631776961,0.28125,0.08111321300384589,0.02542576996347634,0.10653898296732223
diagonal,62032,cooperative_inventory,misaligned,0.011223262834854602,0.1059399019956815,2.9310648832382817,0,True,0.0,1.0,5.333333333333333,0,0.0012506269390766276,0.000653171267923102,-0.0005974556711535255,0.0020842645455671953,0.001074936323872312,0.26171875,0.07845582203299273,0.016390812961617485,0.09484663499461021
paired_lesion,62033,dynamic_tracking,paired,0.013802667397702792,0.11748475389471943,2.711757823162149,0,True,0.0,1.0,3.0,0,0.0075197017351843155,0.006633070005932381,-0.0008866317292519346,,,,0.06680498000059742,0.026568813038466033,0.09337379303906346
diagonal,62033,dynamic_tracking,paired,0.010110469865674801,0.10055083224754931,2.6581235209241303,0,True,0.0,1.0,3.3333333333333335,0,0.0026721374106739772,0.00479674324770455,0.0021246058370305724,,,,0.06708216003607959,0.02462381295481464,0.09170597299089422
shuffled,62033,dynamic_tracking,paired,0.005356213967862287,0.07318615967423271,2.6678576311466964,0,True,0.0,1.0,1.0,0,0.0017933007887516016,0.0019138320241031627,0.00012053123535156105,,,,0.07146579897380434,0.026118990033864975,0.09758478900766931
dense,62033,dynamic_tracking,paired,0.002647481798844349,0.05145368595974781,2.5987389022483707,0,True,0.0,1.0,2.0,0,0.0001315991108790832,6.331704053396599e-05,-6.82820703451172e-05,,,,0.06688942794426112,0.02598601700447034,0.09287544494873146
signed_intensity,62033,dynamic_tracking,paired,0.007381574663236617,0.08591609082841593,2.655003015577396,0,True,0.0,1.0,3.6666666666666665,0,0.00040965300370576156,0.002243527998801384,0.0018338749950956223,,,,0.0702966640383238,0.025994685980549548,0.09629135001887335
zero,62033,dynamic_tracking,paired,0.18550920650486563,0.4307077971256913,0.0,0,False,1.0,0.0,,3,0.17025633663662937,0.17161847557122978,0.0013621389346004098,,,,0.0018994110068888403,0.00036067201290279627,0.0022600830197916366
hold,62033,dynamic_tracking,paired,0.0768987872142898,0.27730630576005627,2.3070678884353826,0,False,1.0,0.0,,3,0.07677350862018394,0.07715862858786239,0.00038511996767845447,,,,0.0016103749658213928,0.00022971699218032882,0.0018400919580017217
paired,62033,dynamic_tracking,paired,0.007381574663236616,0.08591609082841593,2.6550030155773956,0,True,0.0,1.0,3.6666666666666665,0,0.00040965300370576156,0.002243527998801384,0.0018338749950956223,,,,0.07906823106168304,0.02689479100808967,0.1059630220697727
diagonal,62033,dynamic_tracking,diagonal,0.0030215510878201556,0.05496863731092627,2.6740522484751965,0,True,0.0,1.0,1.0,0,0.0007012367399505223,0.0002630509723110417,-0.00043818576763948063,,,,0.06564869198336964,0.02554092902573757,0.09118962100910721
shuffled,62033,dynamic_tracking,diagonal,0.0024320114582305065,0.04931542819676725,2.633817335830325,0,True,0.0,1.0,0.6666666666666666,0,0.0004525019142445963,0.0002629778006424569,-0.0001895241136021394,,,,0.06602655203460017,0.02749863402277697,0.09352518605737714
dense,62033,dynamic_tracking,diagonal,0.001860270152247092,0.04313084919459727,2.5730185295946466,0,True,0.0,1.0,0.3333333333333333,0,0.0001143348496630091,6.019292936325999e-05,-5.4141920299749116e-05,,,,0.09292267195269233,0.03646574397862423,0.12938841593131656
signed_intensity,62033,dynamic_tracking,diagonal,0.002467611065151929,0.04967505475741249,2.617985937888166,0,True,0.0,1.0,1.0,0,0.0003209356996561909,0.0004928068260763757,0.00017187112642018485,,,,0.07849580897891428,0.031177129960269667,0.10967293893918395
zero,62033,dynamic_tracking,diagonal,0.1568863845172808,0.39608885937031957,0.0,0,False,1.0,0.0,,3,0.15756496915545232,0.15912027295327583,0.0015553037978235096,,,,0.001675286031968426,0.00026301093748770654,0.0019382969694561325
hold,62033,dynamic_tracking,diagonal,0.06980411142551235,0.2642046771454138,2.3070678884353826,0,False,1.0,0.0,,3,0.07815496451246817,0.07857221567235778,0.0004172511598896089,,,,0.001677890046266839,0.00027348302683094516,0.001951373073097784
paired,62033,dynamic_tracking,diagonal,0.0024676110651519296,0.0496750547574125,2.6179859378881662,0,True,0.0,1.0,1.0,0,0.0003209356996561909,0.0004928068260763757,0.00017187112642018485,,,,0.08269630200811662,0.03582289097539615,0.11851919298351277
paired_lesion,62033,dynamic_tracking,diagonal,0.004493191241981191,0.06703127062782856,2.744016725853965,0,True,0.0,1.0,1.0,0,0.0031672554828365332,0.00027989873952634196,-0.0028873567433101914,,,,0.07484978301363299,0.02485508401878178,0.09970486703241477
shuffled,62033,dynamic_tracking,misaligned,0.005855152248087119,0.07651896659055922,2.626279700678095,0,True,0.0,1.0,1.3333333333333333,0,0.0016781195218234536,0.0019916429180637254,0.00031352339624027173,,,,0.06854838995059254,0.025311083983979188,0.09385947393457172
dense,62033,dynamic_tracking,misaligned,0.0025277887047450596,0.05027711909750856,2.568649525399606,0,True,0.0,1.0,2.0,0,8.830092666913396e-05,9.583691687706985e-05,7.535990207935899e-06,,,,0.06730718996550422,0.02757641700009117,0.09488360696559539
signed_intensity,62033,dynamic_tracking,misaligned,0.005660428731142425,0.07523582079795783,2.622437064115664,0,True,0.0,1.0,1.0,0,0.001345951245024075,0.0014921992448433982,0.0001462479998193232,,,,0.0700176579557592,0.026292927948816214,0.09631058590457542
zero,62033,dynamic_tracking,misaligned,0.17946620309734013,0.4236345159419144,0.0,0,False,1.0,0.0,,3,0.18007999526681231,0.18104958506394192,0.0009695897971296052,,,,0.0016353469909518026,0.0002529929915908724,0.001888339982542675
hold,62033,dynamic_tracking,misaligned,0.07565840254219053,0.2750607251902578,2.3070678884353826,0,False,1.0,0.0,,3,0.09418202859043892,0.09417460050124711,-7.428089191810483e-06,,,,0.0019440020332694985,0.00023548596072942019,0.0021794879939989187
paired,62033,dynamic_tracking,misaligned,0.005660428731142425,0.07523582079795783,2.622437064115664,0,True,0.0,1.0,1.0,0,0.001345951245024075,0.0014921992448433978,0.00014624799981932278,,,,0.06860481103649363,0.026380856943433173,0.0949856679799268
paired_lesion,62033,dynamic_tracking,misaligned,0.009490812152895305,0.09742079938542542,2.715398542317259,0,True,0.0,1.0,1.0,0,0.007580861302485228,0.003258345579242509,-0.004322515723242719,,,,0.07240123101655627,0.026781428037793376,0.09918265905434964
diagonal,62033,dynamic_tracking,misaligned,0.007430370902560938,0.08619959920185788,2.6652956953179485,0,True,0.0,1.0,1.0,0,0.0024272334340205955,0.002351924566021556,-7.530886799903946e-05,,,,0.07128840699442662,0.02628820993413683,0.09757661692856345
diagonal,62033,cooperative_inventory,paired,0.01147131883019185,0.10710424282068312,3.195986084923117,0,True,0.0,1.0,5.0,0,0.0012445469909824936,0.0008897600893289486,-0.00035478690165354496,0.0018727871315419502,0.002187453608247694,0.2939453125,0.11523437303549144,0.01961566793761449,0.13485004097310593
shuffled,62033,cooperative_inventory,paired,0.011750530379646717,0.10839986337466813,3.1116719685530083,0,True,0.0,1.0,5.333333333333333,0,0.00042485400548647223,0.000620714410024447,0.00019586040453797475,0.0020835727782374082,0.0020282993141520745,0.31640625,0.08662942902446957,0.016947794982115738,0.10357722400658531
dense,62033,cooperative_inventory,paired,0.011286355354449513,0.106237259727694,3.034570879965781,0,True,0.0,1.0,5.0,0,3.333706597451823e-05,5.600352438726841e-05,2.266645841275018e-05,0.001791351724343265,0.0013708579725708204,0.23828125,0.0859876910035382,0.01709045999450609,0.1030781509980443
signed_intensity,62033,cooperative_inventory,paired,0.011365758005704572,0.10661030909674998,3.0858662930564433,0,True,0.0,1.0,5.0,0,0.0003611654018075384,0.00014057914241462233,-0.00022058625939291607,0.001955540001364814,0.0016729275944903372,0.2841796875,0.10085673002322437,0.01827195797523018,0.11912868799845455
zero,62033,cooperative_inventory,paired,0.10330962713950735,0.32141814998457596,0.0,0,False,1.0,0.0,,3,0.10068056235990057,0.10068056235990057,0.0,0.011804114623344285,0.0,0.9677734375,0.001761193030688446,0.00025499500770820305,0.002016188038396649
hold,62033,cooperative_inventory,paired,0.05128531893598871,0.22646262149853497,2.3154832237423526,0,False,1.0,0.0,,3,0.04343130548704626,0.04231065254186523,-0.0011206529451810304,0.00037935182052321485,0.0,0.029296875,0.0016753240342950448,0.00024120101443259045,0.0019165250487276353
paired,62033,cooperative_inventory,paired,0.011365758005704572,0.10661030909674998,3.0858662930564433,0,True,0.0,1.0,5.0,0,0.00036116540180753873,0.00014057914241462268,-0.00022058625939291605,0.001955540001364814,0.0016729275944903374,0.2841796875,0.09293134399194969,0.01700528198853135,0.10993662598048104
paired_lesion,62033,cooperative_inventory,paired,0.012080944879171215,0.10991335168745976,3.1962905432698765,0,True,0.0,1.0,5.0,0,0.0013240009284598798,0.001874557285226396,0.0005505563567665163,0.0019291224252692292,0.0019137047736857507,0.2822265625,0.10377010099182371,0.016612305924354587,0.1203824069161783
shuffled,62033,cooperative_inventory,diagonal,0.010295016936134629,0.10146436288734399,3.1416569550036826,0,True,0.0,1.0,5.0,0,0.00021275296402800318,0.00013422114034061233,-7.853182368739085e-05,0.0009427928905951991,0.0009506005062403997,0.25,0.08692462703038473,0.024938247945101466,0.11186287497548619
dense,62033,cooperative_inventory,diagonal,0.01031958108783005,0.10158533894135537,3.074955388422981,0,True,0.0,1.0,5.0,0,9.341567195189645e-05,8.516076653503681e-05,-8.254905416859643e-06,0.0012015711573314955,0.0008942700911261973,0.240234375,0.0773686440079473,0.017065255939087365,0.09443389994703466
signed_intensity,62033,cooperative_inventory,diagonal,0.010322888596373446,0.10160161709526795,3.138301181072172,0,True,0.0,1.0,5.0,0,0.0003690236365199291,0.00019467236739266808,-0.00017435126912726103,0.0008832073952685476,0.0007354460281110507,0.2470703125,0.09136729096644558,0.018662522961676586,0.11002981392812217
zero,62033,cooperative_inventory,diagonal,0.09344172055292232,0.3056823850877285,0.0,0,False,1.0,0.0,,3,0.09981050130545746,0.09981050130545746,0.0,0.011804114623344285,0.0,0.9677734375,0.0016152449898072518,0.00026261603488819674,0.0018778610246954486
hold,62033,cooperative_inventory,diagonal,0.056884704952530785,0.2385051465954787,2.3154832237423526,0,False,1.0,0.3333333333333333,6.0,2,0.05790469590047509,0.05824151488196293,0.00033681898148783807,0.00021388199169757017,0.0,0.0224609375,0.001801058984710835,0.0002538160188123584,0.0020548750035231933
paired,62033,cooperative_inventory,diagonal,0.010322888596373446,0.10160161709526795,3.138301181072172,0,True,0.0,1.0,5.0,0,0.0003690236365199289,0.00019467236739266833,-0.00017435126912726057,0.0008832073952685476,0.0007354460281110507,0.2470703125,0.09548580599221168,0.017997962939261924,0.1134837689314736
paired_lesion,62033,cooperative_inventory,diagonal,0.010784720561185379,0.1038495092005031,3.194507283404328,0,True,0.0,1.0,5.333333333333333,0,0.0006395307449028845,0.00041684646890551155,-0.00022268427599737297,0.0007633713064848975,0.0007445902341406881,0.189453125,0.09880983199400362,0.01695894802105613,0.11576878001505975
diagonal,62033,cooperative_inventory,diagonal,0.010351921390784852,0.1017443924291892,3.1652041613191413,0,True,0.0,1.0,5.0,0,0.000697015615184789,0.00036851734986878727,-0.00032849826531600174,0.0007109799201961846,0.0007224485320273026,0.1845703125,0.09931341303308727,0.01748309502727352,0.11679650806036079
dense,62033,cooperative_inventory,misaligned,0.010770394257324178,0.10378051000705373,3.0696016448326735,0,True,0.0,1.0,5.0,0,4.665303789813769e-05,0.0001648090693793908,0.00011815603148125311,0.0014962860552302408,0.0011106097222889297,0.2001953125,0.07949457703216467,0.0186181730023236,0.09811275003448827
signed_intensity,62033,cooperative_inventory,misaligned,0.011179969654086493,0.10573537560384648,3.102328782194511,0,True,0.0,1.0,5.333333333333333,0,0.00013076343262943607,0.00019761064426830006,6.684721163886399e-05,0.0022078096520357924,0.0013546611554812965,0.2861328125,0.09807594605081249,0.019473064996418543,0.11754901104723103
zero,62033,cooperative_inventory,misaligned,0.096893735863741,0.3112775865104023,0.0,0,False,1.0,0.0,,3,0.09991287723620916,0.09991287723620916,0.0,0.011804114623344285,0.0,0.9677734375,0.0017775690721464343,0.0002689509856281802,0.0020465200577746145
hold,62033,cooperative_inventory,misaligned,0.04799398672951981,0.21907529922270974,2.3154832237423526,0,False,1.0,0.3333333333333333,10.0,2,0.044222686456498135,0.0430354516012313,-0.0011872348552668319,0.00037935182052321485,0.0,0.029296875,0.0017664459883235395,0.00023377998149953783,0.0020002259698230773
paired,62033,cooperative_inventory,misaligned,0.011179969654086495,0.1057353756038465,3.1023287821945105,0,True,0.0,1.0,5.333333333333333,0,0.00013076343262943588,0.0001976106442682989,6.684721163886302e-05,0.0022078096520357924,0.0013546611554812974,0.2861328125,0.11649373696855037,0.023375479970127344,0.1398692169386777
paired_lesion,62033,cooperative_inventory,misaligned,0.011794225941195904,0.1086012244000771,3.186787222065755,0,True,0.0,1.0,5.333333333333333,0,0.0008743370699911946,0.001712451257803211,0.0008381141878120165,0.0023578671085366246,0.001522321443784066,0.296875,0.10075459703512024,0.017284507011936512,0.11803910404705675
diagonal,62033,cooperative_inventory,misaligned,0.011330053723400426,0.10644272508443414,3.137525891900687,0,True,0.0,1.0,5.0,0,0.0009534021013043498,0.0008648798980247046,-8.852220327964524e-05,0.0022913422605280705,0.001462934980821429,0.326171875,0.1086053899853141,0.01951021303102607,0.12811560301634017
shuffled,62033,cooperative_inventory,misaligned,0.011821028297447985,0.10872455241318764,3.104899346217456,0,True,0.0,1.0,5.666666666666667,0,0.0005080774026206082,0.0008723809088535275,0.00036430350623291926,0.0022366778213335466,0.001433853916052133,0.3154296875,0.08513902500999393,0.017615675082197413,0.10275470009219134
diagonal,62034,dynamic_tracking,paired,0.010157419207334517,0.10078402257964561,2.8638212321694687,0,True,0.0,1.0,3.0,0,0.0032532379300858213,0.004231297918807159,0.0009780599887213377,,,,0.06638014900818234,0.024501463056367356,0.0908816120645497
shuffled,62034,dynamic_tracking,paired,0.005971011953662408,0.07727232333547639,2.8838959903070793,0,True,0.0,1.0,1.0,0,0.0031730284222487594,0.002192190711892951,-0.0009808377103558085,,,,0.07566749394754879,0.024500182924384717,0.10016767687193351
dense,62034,dynamic_tracking,paired,0.00246925676365374,0.04969161663353025,2.777466028794369,0,True,0.0,1.0,1.0,0,7.161105606766306e-05,6.664127818224218e-05,-4.969777885420885e-06,,,,0.06605117499566404,0.025842405957519077,0.09189358095318312
signed_intensity,62034,dynamic_tracking,paired,0.007027530901470517,0.0838303698039709,2.8342919467599645,0,True,0.0,1.0,3.0,0,0.0004183289553491311,0.0017776425864660954,0.0013593136311169643,,,,0.06699522204871755,0.024953508996986784,0.09194873104570433
zero,62034,dynamic_tracking,paired,0.19443614877920168,0.44094914534354374,0.0,0,False,1.0,0.0,,3,0.18447824961105602,0.18435163064883633,-0.00012661896221968783,,,,0.0016088520205812529,0.0002499050315236673,0.0018587570521049201
hold,62034,dynamic_tracking,paired,0.08062361117625094,0.2839429716972247,2.4405655274974682,0,False,1.0,0.0,,3,0.08209074738582672,0.08486441773517804,0.0027736703493513176,,,,0.0016443820059066638,0.00026125698786927387,0.0019056389937759377
paired,62034,dynamic_tracking,paired,0.007027530901470511,0.08383036980397086,2.834291946759964,0,True,0.0,1.0,3.0,0,0.00041832895534913155,0.001777642586466103,0.0013593136311169714,,,,0.07497394303209148,0.02491223905235529,0.09988618208444677
paired_lesion,62034,dynamic_tracking,paired,0.014149048311199237,0.11894977222003932,2.9380460194493088,0,True,0.0,1.0,3.0,0,0.008093759540791685,0.006467479634266001,-0.001626279906525684,,,,0.06854437799484003,0.025954400007321965,0.094498778002162
shuffled,62034,dynamic_tracking,diagonal,0.0017811975017423915,0.04220423559007309,2.821648779327597,0,True,0.0,1.0,0.6666666666666666,0,0.00022226234238685528,0.00025926318652341214,3.7000844136556856e-05,,,,0.06728249000298092,0.023920944018755108,0.09120343402173603
dense,62034,dynamic_tracking,diagonal,0.0012253677734208627,0.03500525351173539,2.743417633295606,0,True,0.0,1.0,0.3333333333333333,0,6.093675711874374e-05,4.0721348542685536e-05,-2.02154085760582e-05,,,,0.06709966001653811,0.02532200293353526,0.09242166295007337
signed_intensity,62034,dynamic_tracking,diagonal,0.0019616454762390895,0.04429046710341955,2.7964576852355916,0,True,0.0,1.0,0.3333333333333333,0,0.00021119244761400578,0.0006866158043205285,0.0004754233567065227,,,,0.06963753703166731,0.025606038980185986,0.09524357601185329
zero,62034,dynamic_tracking,diagonal,0.1557509348070426,0.3946529295558854,0.0,0,False,1.0,0.0,,3,0.16485426614860565,0.16342572254616744,-0.0014285436024382148,,,,0.0016198370067286305,0.0002895200013881549,0.0019093570081167854
hold,62034,dynamic_tracking,diagonal,0.06811407950516024,0.2609867420103179,2.4405655274974682,0,False,1.0,0.0,,3,0.07879325941620782,0.08072718082861535,0.00193392141240753,,,,0.0016231710033025593,0.0002779789865599014,0.0019011499898624606
paired,62034,dynamic_tracking,diagonal,0.0019616454762390895,0.04429046710341955,2.7964576852355916,0,True,0.0,1.0,0.3333333333333333,0,0.00021119244761400578,0.0006866158043205285,0.0004754233567065227,,,,0.06781179096287815,0.024321628996403888,0.09213341995928204
paired_lesion,62034,dynamic_tracking,diagonal,0.0037339706276657138,0.061106224131963136,2.931307088090766,0,True,0.0,1.0,0.6666666666666666,0,0.0021528892686737133,0.0003367812710418822,-0.001816107997631831,,,,0.06665516200155253,0.025235589971998706,0.09189075197355123
diagonal,62034,dynamic_tracking,diagonal,0.002349341968430031,0.0484700110215588,2.859083562744407,0,True,0.0,1.0,0.3333333333333333,0,0.00038547250415240096,0.000289227832362937,-9.624467178946395e-05,,,,0.06706095699337311,0.02470547398843337,0.09176643098180648
dense,62034,dynamic_tracking,misaligned,0.0023000013982798174,0.047958329811199824,2.7669044708674013,0,True,0.0,1.0,1.0,0,6.139209942693431e-05,6.947633142787433e-05,8.084232000940024e-06,,,,0.06682102199556539,0.025856218984699808,0.0926772409802652
signed_intensity,62034,dynamic_tracking,misaligned,0.005457520734365529,0.07387503458114608,2.8073968150618303,0,True,0.0,1.0,1.0,0,0.0019091691938435953,0.0018849203965095856,-2.4248797334009732e-05,,,,0.06796928903349908,0.02652377302729292,0.094493062060792
zero,62034,dynamic_tracking,misaligned,0.18367024868551138,0.4285676710690056,0.0,0,False,1.0,0.0,,3,0.19599910387150843,0.19598628358166176,-1.2820289846671162e-05,,,,0.0016059899717220105,0.0003012799716088921,0.0019072699433309026
hold,62034,dynamic_tracking,misaligned,0.07789521223227072,0.27909713762822924,2.4405655274974682,0,False,1.0,0.0,,3,0.10141506677159473,0.10430253707289361,0.002887470301298878,,,,0.001733638026053086,0.0002405319901299663,0.001974170016183052
paired,62034,dynamic_tracking,misaligned,0.005457520734365528,0.07387503458114607,2.8073968150618303,0,True,0.0,1.0,1.0,0,0.0019091691938435953,0.001884920396509586,-2.42487973340093e-05,,,,0.06798135198914679,0.026177677034866065,0.09415902902401285
paired_lesion,62034,dynamic_tracking,misaligned,0.009474211469260616,0.0973355611750434,2.9522800648633987,0,True,0.0,1.0,1.3333333333333333,0,0.008562834010718093,0.003552566498650031,-0.005010267512068062,,,,0.0730724180029938,0.026534057011303958,0.09960647501429776
diagonal,62034,dynamic_tracking,misaligned,0.007779487788207399,0.0882014046838677,2.8759587300606135,0,True,0.0,1.0,1.3333333333333333,0,0.0032373480409822394,0.002579001917345257,-0.0006583461236369824,,,,0.07311325895716436,0.02724536103050923,0.10035861998767359
shuffled,62034,dynamic_tracking,misaligned,0.006779201076811689,0.08233590393511016,2.8735589066110876,0,True,0.0,1.0,1.3333333333333333,0,0.0028765137458492277,0.002514225566185974,-0.00036228817966325357,,,,0.08791528503206791,0.028025649960909504,0.11594093499297742
shuffled,62034,cooperative_inventory,paired,0.010231771825283984,0.10115222105956935,2.9840387167905496,0,True,0.0,1.0,4.666666666666667,0,0.0004646873744272215,0.0003680351222708072,-9.665225215641432e-05,0.00227593457727609,0.0005534820756057399,0.30859375,0.07735636396682821,0.015353465016232803,0.09270982898306102
dense,62034,cooperative_inventory,paired,0.009915676164841965,0.09957748824328702,2.9833461193967765,0,True,0.0,1.0,4.666666666666667,0,6.484067297399163e-05,1.6087679526017544e-05,-4.875299344797409e-05,0.001642354000120623,0.0002982313849062793,0.2119140625,0.07717269905697322,0.016866634927282576,0.09403933398425579
signed_intensity,62034,cooperative_inventory,paired,0.009875220301733677,0.09937414302389569,3.026907396379118,0,True,0.0,1.0,4.333333333333333,0,0.00024521459035439384,0.00020847034984404917,-3.674424051034467e-05,0.0019319869935765178,0.0008382223758606978,0.2578125,0.07996658699266845,0.01643525395775214,0.09640184095042059
zero,62034,cooperative_inventory,paired,0.09081471576684717,0.3013548004708854,0.0,0,False,1.0,0.0,,3,0.09007957532721794,0.09007957532721794,0.0,0.011064842726976644,0.0,0.9599609375,0.00158431501040468,0.000268777999735903,0.001853093010140583
hold,62034,cooperative_inventory,paired,0.05078452880839206,0.22535422962170482,2.2602900174125584,0,False,1.0,0.3333333333333333,0.0,2,0.052831553038608814,0.049748298089779514,-0.0030832549488293004,0.0004935287642889603,0.0,0.03515625,0.001583877921802923,0.00023934199271025136,0.0018232199145131744
paired,62034,cooperative_inventory,paired,0.009875220301733677,0.09937414302389569,3.026907396379118,0,True,0.0,1.0,4.333333333333333,0,0.0002452145903543944,0.00020847034984404966,-3.6744240510344726e-05,0.0019319869935765183,0.0008382223758606976,0.2578125,0.079605607992562,0.0173419440179714,0.0969475520105334
paired_lesion,62034,cooperative_inventory,paired,0.010101360729537448,0.10050552586568287,3.186104830310505,0,True,0.0,1.0,4.333333333333333,0,0.0007254524567573637,0.0010067446189740508,0.00028129216221668707,0.0019881241767927753,0.0017809430558280972,0.298828125,0.09056208097899798,0.01691680494695902,0.107478885925957
diagonal,62034,cooperative_inventory,paired,0.009972964113420545,0.09986472907598831,3.1109586093130415,0,True,0.0,1.0,4.333333333333333,0,0.0008949930663903975,0.0005529626462884937,-0.0003420304201019038,0.001991236156327095,0.0013248042855114397,0.298828125,0.08003671203914564,0.017544844005897176,0.09758155604504282
dense,62034,cooperative_inventory,diagonal,0.009710220535356535,0.09854045126422212,3.02795896186519,0,True,0.0,1.0,4.666666666666667,0,8.881080382062626e-05,3.3590477250338135e-05,-5.522032657028812e-05,0.000997694652490707,0.00013482704547294644,0.18359375,0.08554283100966131,0.017963820006116293,0.1035066510157776
signed_intensity,62034,cooperative_inventory,diagonal,0.00982472788530413,0.09911976536142593,3.0540616370627305,0,True,0.0,1.0,5.0,0,0.0002195847902032858,5.909576669305052e-05,-0.00016048902351023528,0.0010920266670719457,0.00022508341766270623,0.1962890625,0.09325579504366033,0.018478932019206695,0.11173472706286702
zero,62034,cooperative_inventory,diagonal,0.08069009093473539,0.2840600129105387,0.0,0,False,1.0,0.0,,3,0.09017836320773479,0.09017836320773479,0.0,0.011064842726976644,0.0,0.9599609375,0.00158968499454204,0.000247945987212006,0.001837630981754046
hold,62034,cooperative_inventory,diagonal,0.054566254328829014,0.23359420867998637,2.2602900174125584,0,False,1.0,0.3333333333333333,0.0,2,0.06957387249036731,0.06793238842955834,-0.0016414840608089676,0.000370640164492994,0.0,0.0302734375,0.0016244219514192082,0.00023229596990859136,0.0018567179213277996
paired,62034,cooperative_inventory,diagonal,0.00982472788530413,0.09911976536142593,3.0540616370627305,0,True,0.0,1.0,5.0,0,0.0002195847902032857,5.9095766693050704e-05,-0.00016048902351023498,0.0010920266670719457,0.00022508341766270645,0.1962890625,0.08646627098642057,0.017960805096663535,0.1044270760830841
paired_lesion,62034,cooperative_inventory,diagonal,0.010848944175752731,0.1041582650381271,3.155061883171097,0,True,0.0,1.0,5.333333333333333,0,0.0004917717276359846,0.0001669243394199966,-0.00032484738821598796,0.0006873417361522808,0.0002449581457228298,0.130859375,0.0948744070410612,0.018719348990998697,0.1135937560320599
diagonal,62034,cooperative_inventory,diagonal,0.00999745474987942,0.09998727293950675,3.1182330513278833,0,True,0.0,1.0,5.0,0,0.00035767227954403897,0.00016522813063505427,-0.0001924441489089847,0.0006569272107676633,0.00023430082365983945,0.1298828125,0.08900213694141712,0.01820092496200232,0.10720306190341944
shuffled,62034,cooperative_inventory,diagonal,0.00981997922398365,0.09909580830682825,3.082943953939734,0,True,0.0,1.0,5.0,0,0.00017696275107735484,0.0001282830409674467,-4.8679710109908144e-05,0.0008408735709921992,0.00020072801678932737,0.171875,0.12237570998695446,0.021683786013454664,0.14405949600040913
signed_intensity,62034,cooperative_inventory,misaligned,0.010509029141358504,0.10251355589071381,3.0492981333238194,0,True,0.0,1.0,4.666666666666667,0,0.00021635678534753314,0.0001105651420680314,-0.00010579164327950175,0.0025862269848403296,0.0004879275866249439,0.2548828125,0.0918976709654089,0.017087180982343853,0.10898485194775276
zero,62034,cooperative_inventory,misaligned,0.08602772895778585,0.2933048396426248,0.0,0,False,1.0,0.0,,3,0.09435582946618075,0.09435582946618075,0.0,0.011064842726976644,0.0,0.9599609375,0.0016556079062866047,0.0002620710147311911,0.0019176789210177958
hold,62034,cooperative_inventory,misaligned,0.04783707026999185,0.21871687239440823,2.2602900174125584,0,False,1.0,0.3333333333333333,0.0,2,0.057602468059342965,0.053819447129016214,-0.003783020930326751,0.0004935287642889603,0.0,0.03515625,0.0016533850139239803,0.00024459701671730727,0.0018979820306412876
paired,62034,cooperative_inventory,misaligned,0.010509029141358508,0.10251355589071383,3.04929813332382,0,True,0.0,1.0,4.666666666666667,0,0.00021635678534753363,0.00011056514206803142,-0.00010579164327950221,0.00258622698484033,0.00048792758662494413,0.2548828125,0.08534311897528823,0.016271369997411966,0.1016144889727002
paired_lesion,62034,cooperative_inventory,misaligned,0.011548927500272753,0.10746593646487594,3.1143827096565317,0,True,0.0,1.0,5.0,0,0.0008806165060528051,0.0006335110327837394,-0.0002471054732690657,0.0025576428042871427,0.00044524935640391137,0.240234375,0.09109765302127926,0.016252546018222347,0.1073501990395016
diagonal,62034,cooperative_inventory,misaligned,0.010625941001720627,0.10308220506819121,3.0835128061271275,0,True,0.0,1.0,4.666666666666667,0,0.0007865243822865332,0.00037603031649616344,-0.00041049406579036975,0.0025840208374241303,0.0005231833714167194,0.2509765625,0.09107649801444495,0.03121881802508142,0.12229531603952637
shuffled,62034,cooperative_inventory,misaligned,0.01060800136422796,0.10299515213944761,3.0573527770408075,0,True,0.0,1.0,4.666666666666667,0,0.00032805621343452815,0.0003277760236502857,-2.801897842424298e-07,0.002685010195699478,0.0005658538702999137,0.265625,0.08835821505635977,0.018479237958672456,0.10683745301503222
dense,62034,cooperative_inventory,misaligned,0.010092738269411945,0.10046262125493215,3.0984291316331847,0,True,0.0,1.0,4.666666666666667,0,0.00031127759777964956,3.2295139821287654e-05,-0.0002789824579583619,0.0013440601177120203,0.00019348196037190994,0.2060546875,0.10351484593411442,0.0205608359829057,0.12407568191702012
shuffled,62035,dynamic_tracking,paired,0.006665614751382349,0.08164321619940232,2.8364793913906046,0,True,0.0,1.0,1.0,0,0.001742516974631896,0.0021244827897843933,0.0003819658151524973,,,,0.0721172959820251,0.02595597404433647,0.09807327002636157
dense,62035,dynamic_tracking,paired,0.0024284521892507195,0.04927932821427986,2.7841435386615285,0,True,0.0,1.0,1.0,0,7.384062636176932e-05,6.628440990942395e-05,-7.556216452345366e-06,,,,0.06886992396903224,0.028007293032715097,0.09687721700174734
signed_intensity,62035,dynamic_tracking,paired,0.008297197190783631,0.09108895207863373,2.8399325155697257,0,True,0.0,1.0,3.6666666666666665,0,0.0005593595518719504,0.003353586367348731,0.00279422681547678,,,,0.06967479896411533,0.026308911023079418,0.09598370998719474
zero,62035,dynamic_tracking,paired,0.2094666459738574,0.4576752625758327,0.0,0,False,1.0,0.0,,3,0.18668977198865502,0.18629147768335927,-0.0003982943052957544,,,,0.0017702710028970614,0.00026618096308084205,0.0020364519659779035
hold,62035,dynamic_tracking,paired,0.0904832083504533,0.3008042691692611,2.345748160230835,0,False,1.0,0.0,,3,0.08738208807873044,0.08666948821007134,-0.0007125998686590973,,,,0.0018247870029881597,0.000246154006163124,0.0020709410091512837
paired,62035,dynamic_tracking,paired,0.00829719719078363,0.09108895207863371,2.8399325155697257,0,True,0.0,1.0,3.6666666666666665,0,0.0005593595518719506,0.0033535863673487295,0.002794226815476779,,,,0.06857093703001738,0.02592725495924242,0.0944981919892598
paired_lesion,62035,dynamic_tracking,paired,0.016340574461450097,0.12783025643974158,2.8566452775692195,0,True,0.0,1.0,4.0,0,0.009037394857275286,0.006910972217901555,-0.0021264226393737313,,,,0.07503678194188979,0.026290118010365404,0.10132689995225519
diagonal,62035,dynamic_tracking,paired,0.011961198858540557,0.10936726593702778,2.8111931399561216,0,True,0.0,1.0,3.6666666666666665,0,0.003410679747361344,0.005450732617822822,0.002040052870461478,,,,0.08302543905301718,0.030550441064406186,0.11357588011742337
dense,62035,dynamic_tracking,diagonal,0.0012904282338218832,0.0359225310052324,2.765632110208796,0,True,0.0,1.0,0.6666666666666666,0,6.872534882356669e-05,3.691411316251564e-05,-3.181123566105105e-05,,,,0.06991680801729672,0.03057594896381488,0.1004927569811116
signed_intensity,62035,dynamic_tracking,diagonal,0.0024087368315907623,0.04907888376471863,2.827354407567314,0,True,0.0,1.0,1.0,0,0.00045684557596514493,0.0004841490626525457,2.730348668740078e-05,,,,0.08392532996367663,0.027416142977017444,0.11134147294069408
zero,62035,dynamic_tracking,diagonal,0.17002780800293807,0.4123442833397088,0.0,0,False,1.0,0.0,,3,0.1637685475199308,0.1633842701754143,-0.00038427734451651485,,,,0.0016692050558049232,0.0002935619486379437,0.001962767004442867
hold,62035,dynamic_tracking,diagonal,0.07939729364041098,0.2817752537757902,2.345748160230835,0,False,1.0,0.0,,3,0.08854653669078208,0.08770177246313349,-0.0008447642276485923,,,,0.0019096110627287999,0.00024209998809965327,0.002151711050828453
paired,62035,dynamic_tracking,diagonal,0.0024087368315907623,0.04907888376471863,2.827354407567314,0,True,0.0,1.0,1.0,0,0.00045684557596514493,0.00048414906265254577,2.7303486687400836e-05,,,,0.06610641795850825,0.025814847977017052,0.0919212659355253
paired_lesion,62035,dynamic_tracking,diagonal,0.004999254126358373,0.07070540379884958,2.960274603911073,0,True,0.0,1.0,1.0,0,0.004465763582162938,0.00029975727884176185,-0.004166006303321176,,,,0.06659622797451448,0.025832022991380654,0.09242825096589513
diagonal,62035,dynamic_tracking,diagonal,0.0030482014824909274,0.05521051967234983,2.8768962263996025,0,True,0.0,1.0,1.0,0,0.0008963349609430631,0.0002851819966206534,-0.0006111529643224097,,,,0.06785538203257602,0.025221419949957635,0.09307680198253365
shuffled,62035,dynamic_tracking,diagonal,0.0020844237380420886,0.04565548968133064,2.8331709726695693,0,True,0.0,1.0,1.0,0,0.00038271439855553876,0.00020852953667714085,-0.0001741848618783979,,,,0.0725644539706991,0.026808401984453667,0.09937285595515277
signed_intensity,62035,dynamic_tracking,misaligned,0.006725492780300191,0.08200910181376328,2.8367054784536894,0,True,0.0,1.0,1.0,0,0.00278458506551016,0.0020417297423040988,-0.000742855323206061,,,,0.07628565606864868,0.030571382958441973,0.10685703902709065
zero,62035,dynamic_tracking,misaligned,0.2000034551461775,0.44721745845413674,0.0,0,False,1.0,0.0,,3,0.19859170981773067,0.19806195879923705,-0.0005297510184936183,,,,0.002559142987593077,0.00031603694515069947,0.0028751799327437766
hold,62035,dynamic_tracking,misaligned,0.09076746201274818,0.3012763880770416,2.345748160230835,0,False,1.0,0.0,,3,0.11409879142122814,0.11325473742312314,-0.0008440539981049988,,,,0.0016377329957322218,0.0002499760375940241,0.0018877090333262458
paired,62035,dynamic_tracking,misaligned,0.00672549278030019,0.08200910181376327,2.8367054784536894,0,True,0.0,1.0,1.0,0,0.002784585065510159,0.0020417297423040983,-0.0007428553232060606,,,,0.06551163295807783,0.024716972977330443,0.09022860593540827
paired_lesion,62035,dynamic_tracking,misaligned,0.010547885407815993,0.10270289873132107,2.8873173070643925,0,True,0.0,1.0,1.6666666666666667,0,0.008462977021319571,0.003268314554623341,-0.0051946624666962295,,,,0.06801977802388137,0.028622036006709095,0.09664181403059047
diagonal,62035,dynamic_tracking,misaligned,0.00878321997989568,0.0937188347126429,2.84861589008863,0,True,0.0,1.0,1.3333333333333333,0,0.0031253717889223407,0.0027972200922442465,-0.00032815169667809417,,,,0.06805402992176823,0.0244181079469854,0.09247213786875363
shuffled,62035,dynamic_tracking,misaligned,0.007347357551731603,0.08571672854076737,2.8313581878970204,0,True,0.0,1.0,1.6666666666666667,0,0.002055638413818827,0.0023991815624083783,0.0003435431485895512,,,,0.06791087000601692,0.024772129982011393,0.09268299998802831
dense,62035,dynamic_tracking,misaligned,0.002229301888681073,0.047215483569281305,2.7596156915016294,0,True,0.0,1.0,1.0,0,5.285621215665521e-05,5.140610107238815e-05,-1.4501110842670575e-06,,,,0.06718387096771039,0.03596904798905598,0.10315291895676637
dense,62035,cooperative_inventory,paired,0.007699719917687215,0.0877480479423173,3.0989488840109454,0,True,0.0,1.0,3.6666666666666665,0,6.70915837320297e-05,1.8675857778571026e-05,-4.841572595345867e-05,0.0017888680941643804,0.0013801507006557354,0.2216796875,0.08175349102384644,0.018903851952927653,0.10065734297677409
signed_intensity,62035,cooperative_inventory,paired,0.00783976414080523,0.08854244259565708,3.15698550695031,0,True,0.0,1.0,4.0,0,0.0007095262349087367,9.958443901906484e-05,-0.0006099417958896719,0.001751626604784587,0.0014430936130412552,0.22265625,0.08765467000193894,0.018352324994339142,0.10600699499627808
zero,62035,cooperative_inventory,paired,0.07089566276698099,0.2662623945790712,0.0,0,False,1.0,0.3333333333333333,0.0,2,0.06986856382174236,0.06986856382174236,0.0,0.011969548176319855,0.0,0.962890625,0.0018338209847570397,0.0002553819358581677,0.0020892029206152074
hold,62035,cooperative_inventory,paired,0.03858019949862813,0.19641842963079642,2.447327526959924,0,False,1.0,0.3333333333333333,0.0,2,0.031001601679015705,0.028764223687576633,-0.002237377991439072,0.0004706879369075993,0.0,0.03125,0.001677601962001063,0.00025952296709874645,0.0019371249290998094
paired,62035,cooperative_inventory,paired,0.007839764140805231,0.08854244259565709,3.15698550695031,0,True,0.0,1.0,4.0,0,0.0007095262349087367,9.958443901906442e-05,-0.0006099417958896723,0.001751626604784587,0.0014430936130412552,0.22265625,0.09540654796001036,0.021605901012662798,0.11701244897267316
paired_lesion,62035,cooperative_inventory,paired,0.008229333059965725,0.09071567152353405,3.1877772851595974,0,True,0.0,1.0,3.6666666666666665,0,0.0012021521897093036,0.001365281123790067,0.0001631289340807635,0.001910088961222063,0.0016400906739416107,0.283203125,0.10468104699248215,0.017235729035746772,0.12191677602822892
diagonal,62035,cooperative_inventory,paired,0.008136571141549939,0.09020294419557456,3.178309473214923,0,True,0.0,1.0,4.0,0,0.0012186510917840377,0.0006959694816187176,-0.0005226816101653201,0.0018182427777926192,0.0016408685448210854,0.2802734375,0.09638942997844424,0.018679247026739176,0.11506867700518342
shuffled,62035,cooperative_inventory,paired,0.008226258781657683,0.09069872535850591,3.1480463549546713,0,True,0.0,1.0,4.0,0,0.0004613572302785826,0.00026642076496732436,-0.0001949364653112582,0.0019226180506821977,0.001710639547602114,0.310546875,0.08963404900714522,0.022977678025199566,0.11261172703234479
signed_intensity,62035,cooperative_inventory,diagonal,0.007841867382126564,0.08855431882255413,3.1451210184417446,0,True,0.0,1.0,4.333333333333333,0,0.00037539423478546253,0.00011598752488905481,-0.0002594067098964077,0.0011137907087788788,0.000147844006729235,0.18359375,0.11358614198979922,0.02208354497270193,0.13566968696250115
zero,62035,cooperative_inventory,diagonal,0.06530959500684422,0.2555574201756705,0.0,0,False,1.0,0.3333333333333333,0.0,2,0.06884145821606343,0.06884145821606343,0.0,0.011969548176319855,0.0,0.962890625,0.0016332480299752206,0.0002540130080888048,0.0018872610380640253
hold,62035,cooperative_inventory,diagonal,0.043293136781732605,0.20807002855224632,2.447327526959924,0,False,1.0,0.3333333333333333,0.0,2,0.04447361930580529,0.04387578224037314,-0.0005978370654321497,0.00032056847918366613,0.0,0.0322265625,0.0017289249881287105,0.0002644189808052033,0.001993343968933914
paired,62035,cooperative_inventory,diagonal,0.007841867382126564,0.08855431882255413,3.1451210184417446,0,True,0.0,1.0,4.333333333333333,0,0.00037539423478546253,0.00011598752488905483,-0.0002594067098964077,0.0011137907087788788,0.0001478440067292349,0.18359375,0.09485599597974215,0.018922616029158235,0.11377861200890038
paired_lesion,62035,cooperative_inventory,diagonal,0.008007253689588593,0.08948325927003661,3.250379843687358,0,True,0.0,1.0,4.333333333333333,0,0.0004536374870672922,0.00034753921646745107,-0.00010609827059984115,0.00069883003344402,0.00042952467344519564,0.138671875,0.10760238797956845,0.019200435010134242,0.1268028229897027
diagonal,62035,cooperative_inventory,diagonal,0.007852146296689667,0.08861233715848864,3.2196812780152877,0,True,0.0,1.0,4.333333333333333,0,0.000496604281894858,0.0002454767518548318,-0.0002511275300400262,0.0006426672801627469,0.00025764362971189753,0.126953125,0.11286804598785238,0.019468663980660494,0.13233670996851288
shuffled,62035,cooperative_inventory,diagonal,0.007889297752106278,0.08882171892114157,3.1869439046771637,0,True,0.0,1.0,4.333333333333333,0,0.0002714515576707318,0.00016106774536403114,-0.00011038381230670064,0.0007269892100926589,0.00018250109877315925,0.1572265625,0.10107377300300868,0.019324333981785458,0.12039810698479414
dense,62035,cooperative_inventory,diagonal,0.00774191891207245,0.0879881748422619,3.0974046560016784,0,True,0.0,1.0,4.333333333333333,0,8.06862320732561e-05,1.9485514340277665e-05,-6.120071773297843e-05,0.0011704925564794521,6.313037573285379e-05,0.2060546875,0.08770945803553332,0.01727820002270164,0.10498765805823496
zero,62035,cooperative_inventory,misaligned,0.07015193157278476,0.26486209916253545,0.0,0,False,1.0,0.3333333333333333,0.0,2,0.07333116203258742,0.07333116203258742,0.0,0.011969548176319855,0.0,0.962890625,0.0015695129477535374,0.00023259500449057668,0.0018021079522441141
hold,62035,cooperative_inventory,misaligned,0.03826842720560328,0.19562317655534397,2.447327526959924,0,False,1.0,0.3333333333333333,0.0,2,0.034571314264243674,0.03221106976274099,-0.002360244501502684,0.0004706879369075993,0.0,0.03125,0.001681573958194349,0.0002680669349501841,0.001949640893144533
paired,62035,cooperative_inventory,misaligned,0.008932573093458872,0.09451229070051616,3.157654592619366,0,True,0.0,1.0,4.333333333333333,0,0.0006416226427548435,0.00017440572748858563,-0.00046721691526625786,0.0023413104597727642,0.0007326345846244637,0.267578125,0.08880604296427919,0.017512188998807687,0.10631823196308687
paired_lesion,62035,cooperative_inventory,misaligned,0.009156197099761145,0.09568801962503533,3.177876628899172,0,True,0.0,1.0,4.333333333333333,0,0.0007542826689152624,0.0009084592024766158,0.00015417653356135342,0.002310505297676188,0.0006704418742724769,0.259765625,0.0926585730703664,0.017784964991733432,0.11044353806209983
diagonal,62035,cooperative_inventory,misaligned,0.009067856477170034,0.09522529326376493,3.151560534644636,0,True,0.0,1.0,4.333333333333333,0,0.0009697466166860721,0.0003458466051173706,-0.0006239000115687014,0.002413725022023744,0.0006209743149621439,0.2646484375,0.09094219502003398,0.017040920953149907,0.10798311597318389
shuffled,62035,cooperative_inventory,misaligned,0.009253004783199056,0.09619254016398078,3.138941006148791,0,True,0.0,1.0,4.666666666666667,0,0.0003602085677542198,0.0003890949898861187,2.8886422131898875e-05,0.0020321297155288377,0.0005136206575787571,0.25390625,0.09292798496608157,0.017011750016536098,0.10993973498261767
dense,62035,cooperative_inventory,misaligned,0.008283229903735681,0.09101225139362107,3.157421096951301,0,True,0.0,1.0,4.333333333333333,0,0.00021530816711570758,8.329870389247801e-05,-0.00013200946322322957,0.0019102452254622137,0.0008691165495361082,0.1826171875,0.0893807680477039,0.01782907093729591,0.1072098389849998
signed_intensity,62035,cooperative_inventory,misaligned,0.00893257309345887,0.09451229070051614,3.157654592619366,0,True,0.0,1.0,4.333333333333333,0,0.0006416226427548436,0.00017440572748858536,-0.00046721691526625824,0.0023413104597727642,0.0007326345846244637,0.267578125,0.08577936701476574,0.0157192710248637,0.10149863803962944
dense,62036,dynamic_tracking,paired,0.0027212672127603444,0.052165766674710574,2.7752625832627826,0,True,0.0,1.0,1.0,0,7.018532121514086e-05,7.559635080106978e-05,5.411029585928914e-06,,,,0.07774982796399854,0.02433417396969162,0.10208400193369016
signed_intensity,62036,dynamic_tracking,paired,0.008946137199649368,0.09458402190459744,2.856383051050888,0,True,0.0,1.0,4.333333333333333,0,0.00036611815659184997,0.002355280748611568,0.001989162592019718,,,,0.06914861396944616,0.025089789029152598,0.09423840299859876
zero,62036,dynamic_tracking,paired,0.22868902406949598,0.4782144122352399,0.0,0,False,1.0,0.0,,3,0.1995223707425832,0.1976355569363513,-0.0018868138062319018,,,,0.0016538639829377644,0.0002495489316061139,0.0019034129145438783
hold,62036,dynamic_tracking,paired,0.10088381241127142,0.3176221220432724,2.2390260422838053,0,False,1.0,0.0,,3,0.10098024965250482,0.10092123683750516,-5.9012814999662155e-05,,,,0.0016420250613009557,0.00023289000091608614,0.0018749150622170419
paired,62036,dynamic_tracking,paired,0.008946137199649366,0.09458402190459743,2.856383051050888,0,True,0.0,1.0,4.333333333333333,0,0.00036611815659184997,0.002355280748611568,0.001989162592019718,,,,0.06586489401524886,0.02570709295832785,0.09157198697357671
paired_lesion,62036,dynamic_tracking,paired,0.016777987625100986,0.12952987155517828,2.9327989757247366,0,True,0.0,1.0,5.0,0,0.011134653373422064,0.006383734571183471,-0.004750918802238593,,,,0.08000066004751716,0.030496483035676647,0.1104971430831938
diagonal,62036,dynamic_tracking,paired,0.012113792551762788,0.11006267556153079,2.8509880764156925,0,True,0.0,1.0,5.0,0,0.0031865473989794294,0.0040458906817115205,0.000859343282732091,,,,0.06652323900198098,0.024126061027345713,0.0906493000293267
shuffled,62036,dynamic_tracking,paired,0.006981561846766393,0.08355574095636034,2.860435384747468,0,True,0.0,1.0,1.0,0,0.002961457390983809,0.0018619583438628635,-0.0010994990471209455,,,,0.06576885299728019,0.024045778023719322,0.08981463102099951
signed_intensity,62036,dynamic_tracking,diagonal,0.002905031258294345,0.053898341888172635,2.8252690838309453,0,True,0.0,1.0,1.0,0,0.0003265790198490558,0.0006749706564110659,0.0003483916365620101,,,,0.07361157702689525,0.024868610009434633,0.09848018703632988
zero,62036,dynamic_tracking,diagonal,0.18834194846710933,0.4339838112961235,0.0,0,False,1.0,0.0,,3,0.18570849719728777,0.18344833164977353,-0.002260165547514237,,,,0.0016186419597943313,0.0002557739644544199,0.0018744159242487513
hold,62036,dynamic_tracking,diagonal,0.08770632265679817,0.2961525327543193,2.2390260422838053,0,False,1.0,0.0,,3,0.09792152863446889,0.09720401110559192,-0.0007175175288769708,,,,0.001623981021111831,0.00022551406436832622,0.0018494950854801573
paired,62036,dynamic_tracking,diagonal,0.002905031258294345,0.053898341888172635,2.8252690838309453,0,True,0.0,1.0,1.0,0,0.0003265790198490558,0.000674970656411066,0.0003483916365620102,,,,0.06558783198852325,0.02337542198074516,0.08896325396926841
paired_lesion,62036,dynamic_tracking,diagonal,0.006544280662138038,0.08089672837722202,2.981129347309448,0,True,0.0,1.0,1.0,0,0.006724592479731754,0.0004351505244816396,-0.006289441955250115,,,,0.07161500803340459,0.024147347983671352,0.09576235601707594
diagonal,62036,dynamic_tracking,diagonal,0.0037415990994274033,0.061168612044310795,2.8847247748350826,0,True,0.0,1.0,1.0,0,0.0008861127149149125,0.0002677138147138795,-0.000618398900201033,,,,0.06484172504133312,0.022786082001402974,0.0876278070427361
shuffled,62036,dynamic_tracking,diagonal,0.002599838602726085,0.05098861248088719,2.836961674939575,0,True,0.0,1.0,1.0,0,0.0004389063029492952,0.00025244159573450833,-0.00018646470721478685,,,,0.06793407603254309,0.03686413097602781,0.1047982070085709
dense,62036,dynamic_tracking,diagonal,0.0016840016702037723,0.04103658940754912,2.749634894712134,0,True,0.0,1.0,1.0,0,5.38989975601456e-05,4.2672613529738414e-05,-1.1226384030407183e-05,,,,0.0706492319368408,0.02896965500258375,0.09961888693942456
zero,62036,dynamic_tracking,misaligned,0.21486401850250714,0.4635342689624006,0.0,0,False,1.0,0.0,,3,0.21129300760475353,0.20918083408147228,-0.0021121735232812466,,,,0.001802452010451816,0.0002529250195948407,0.0020553770300466567
hold,62036,dynamic_tracking,misaligned,0.09502577202523434,0.30826250505897457,2.2390260422838053,0,False,1.0,0.0,,3,0.12217347997117034,0.12188910906229594,-0.0002843709088743984,,,,0.0019289040137664415,0.00025229098537238315,0.0021811949991388246
paired,62036,dynamic_tracking,misaligned,0.0070380775618290965,0.08389325099094144,2.8431975419296465,0,True,0.0,1.0,1.0,0,0.001581393589321746,0.0019987859421821295,0.00041739235286038343,,,,0.07206720401882194,0.028044611965015065,0.100111815983837
paired_lesion,62036,dynamic_tracking,misaligned,0.012607553294925512,0.112283361612153,2.9615577672161373,0,True,0.0,1.0,1.6666666666666667,0,0.011795844198193135,0.0036036977160736443,-0.008192146482119491,,,,0.10351790399727179,0.03545611596928211,0.1389740199665539
diagonal,62036,dynamic_tracking,misaligned,0.009458140699469868,0.09725297270248282,2.8772342086156035,0,True,0.0,1.0,1.3333333333333333,0,0.0030410129549597797,0.0026257413965553953,-0.0004152715584043844,,,,0.07253013802983332,0.025387026980752125,0.09791716501058545
shuffled,62036,dynamic_tracking,misaligned,0.00754547978942195,0.0868647212015439,2.8601285957571028,0,True,0.0,1.0,1.6666666666666667,0,0.002452244544206086,0.0024918687682740216,3.962422406793547e-05,,,,0.06926921696140198,0.025406867054698523,0.0946760840161005
dense,62036,dynamic_tracking,misaligned,0.0026172337268497428,0.05115890662289161,2.7511755477509863,0,True,0.0,1.0,1.0,0,4.1262692468861575e-05,6.730145201751218e-05,2.6038759548650602e-05,,,,0.06797150597412838,0.026240908962790854,0.09421241493691923
signed_intensity,62036,dynamic_tracking,misaligned,0.007038077561829097,0.08389325099094144,2.843197541929646,0,True,0.0,1.0,1.0,0,0.001581393589321746,0.0019987859421821304,0.0004173923528603843,,,,0.07163719299569493,0.025233861000742763,0.0968710539964377
signed_intensity,62036,cooperative_inventory,paired,0.008274926337728843,0.09096662210794047,2.8530877105543055,0,True,0.0,1.0,4.333333333333333,0,0.0006583335956721792,7.271628325216352e-05,-0.0005856173124200157,0.0018447352127803115,0.001206645713867909,0.259765625,0.09226382901397301,0.017683567966741975,0.10994739698071498
zero,62036,cooperative_inventory,paired,0.0872995966470558,0.2954650514816529,0.0,0,False,1.0,0.0,,3,0.08592446907795631,0.08592446907795631,0.0,0.01146440262961787,0.0,0.9609375,0.001869006962806452,0.0003655649779830128,0.002234571940789465
hold,62036,cooperative_inventory,paired,0.0440250600150159,0.20982149559808191,2.2726304461062594,0,False,1.0,0.3333333333333333,14.0,2,0.03943012567150975,0.03780572553547577,-0.0016244001360339738,0.00048098612134277473,0.0,0.046875,0.001723142027913127,0.00023847303236834705,0.001961615060281474
paired,62036,cooperative_inventory,paired,0.008274926337728843,0.09096662210794047,2.8530877105543055,0,True,0.0,1.0,4.333333333333333,0,0.0006583335956721791,7.271628325216349e-05,-0.0005856173124200156,0.0018447352127803113,0.0012066457138679085,0.259765625,0.09303470102895517,0.017918544996064156,0.11095324602501933
paired_lesion,62036,cooperative_inventory,paired,0.00834148295137062,0.09133171930589405,2.989911082570158,0,True,0.0,1.0,4.333333333333333,0,0.0014932561888765248,0.0015412588276331682,4.8002638756643396e-05,0.00182626340339159,0.0018007866182287577,0.265625,0.09281428004760528,0.017219277964613866,0.11003355801221915
diagonal,62036,cooperative_inventory,paired,0.008330026324339698,0.09126897788591531,2.9290681868126485,0,True,0.0,1.0,4.333333333333333,0,0.001261311535295111,0.0006497381795420669,-0.000611573355753044,0.0018962734862557262,0.0013604688066654904,0.267578125,0.0831390699968324,0.01725627898122184,0.10039534897805424
shuffled,62036,cooperative_inventory,paired,0.008609635093887572,0.09278811935742405,2.8329654958618606,0,True,0.0,1.0,4.666666666666667,0,0.0005165403545392585,0.0003234603687465987,-0.00019307998579265982,0.0021947304188363495,0.0010054797526707114,0.30859375,0.0828146120038582,0.016915371947106905,0.0997299839509651
dense,62036,cooperative_inventory,paired,0.008379151270081145,0.0915377040900696,2.7322616305871326,0,True,0.0,1.0,4.333333333333333,0,0.0001620255011537711,5.978722453149962e-05,-0.00010223827662227147,0.0019215921016122852,0.00026212043416888825,0.224609375,0.09435995200328762,0.01863041899923701,0.11299037100252463
zero,62036,cooperative_inventory,diagonal,0.07718188740403627,0.2778162835473045,0.0,0,False,1.0,0.0,,3,0.08503491126955962,0.08503491126955962,0.0,0.01146440262961787,0.0,0.9609375,0.001620339011424221,0.00023194694222183898,0.00185228595364606
hold,62036,cooperative_inventory,diagonal,0.0475076540548316,0.2179625060757735,2.2726304461062594,0,False,1.0,0.3333333333333333,0.0,2,0.05348548309085971,0.05425593882896229,0.0007704557381025823,0.00025094414422740006,0.0,0.0244140625,0.0017013089891406707,0.00023816202156012878,0.0019394710107007995
paired,62036,cooperative_inventory,diagonal,0.00805813829286501,0.08976713370084292,2.9552609165279953,0,True,0.0,1.0,4.333333333333333,0,0.0003349520964933393,7.08647014601294e-05,-0.0002640873950332099,0.000879322145805035,0.0002268158437438628,0.197265625,0.08561759798612911,0.01808065005025128,0.10369824803638039
paired_lesion,62036,cooperative_inventory,diagonal,0.008386438040741632,0.09157749745839112,3.0632978669425213,0,True,0.0,1.0,4.333333333333333,0,0.0011296250249996287,0.0002902336743268876,-0.000839391350672741,0.0005316280019956438,0.0006465821867765078,0.1376953125,0.09196571394568309,0.01878432208468439,0.11075003603036748
diagonal,62036,cooperative_inventory,diagonal,0.008112780286800677,0.09007097360859756,2.9996968907691564,0,True,0.0,1.0,4.333333333333333,0,0.0006101231614684495,0.00017679106730290135,-0.0004333320941655481,0.000520961761665638,0.00021901254146641666,0.1337890625,0.08461220798199065,0.026239786042424385,0.11085199402441503
shuffled,62036,cooperative_inventory,diagonal,0.008109187499813975,0.09005102720021563,2.9651059420336034,0,True,0.0,1.0,4.333333333333333,0,0.0003086443800443422,8.964418313420219e-05,-0.00021900019691014,0.0006997067771797821,0.0001933721128607652,0.1630859375,0.08623095203802222,0.019279093990917318,0.10551004602893954
dense,62036,cooperative_inventory,diagonal,0.008045259983581713,0.08969537325627065,2.90937525713481,0,True,0.0,1.0,4.333333333333333,0,8.602275424351316e-05,2.6830340666876584e-05,-5.919241357663657e-05,0.0007992436423663351,0.00011196669391076779,0.18359375,0.07953411401103949,0.018565866026619915,0.0980999800376594
signed_intensity,62036,cooperative_inventory,diagonal,0.00805813829286501,0.08976713370084292,2.9552609165279953,0,True,0.0,1.0,4.333333333333333,0,0.0003349520964933392,7.086470146012934e-05,-0.0002640873950332099,0.0008793221458050349,0.00022681584374386292,0.197265625,0.08744718601519708,0.018815506948158145,0.10626269296335522
hold,62036,cooperative_inventory,misaligned,0.041743168529513756,0.20431144982480487,2.2726304461062594,0,False,1.0,0.3333333333333333,7.0,2,0.044340173434588105,0.0423927449583537,-0.0019474284762344071,0.00048098612134277473,0.0,0.046875,0.0018217429897049442,0.00023882601817604154,0.0020605690078809857
paired,62036,cooperative_inventory,misaligned,0.009049178284182365,0.0951271690117096,2.946986068966302,0,True,0.0,1.0,4.333333333333333,0,0.00029434075228303115,0.00013929498937161955,-0.0001550457629114116,0.001960092904594204,0.0010662073596966531,0.2568359375,0.09282298701873515,0.022187183960340917,0.11501017097907607
paired_lesion,62036,cooperative_inventory,misaligned,0.009784699188263465,0.09891763840824075,3.030160920307593,0,True,0.0,1.0,4.333333333333333,0,0.0018794023728934772,0.0012715227489063369,-0.0006078796239871404,0.0018234384805877672,0.0012285491050430372,0.2724609375,0.10872586692858022,0.017556095008330885,0.1262819619369111
diagonal,62036,cooperative_inventory,misaligned,0.009383217497891713,0.0968670093369859,2.995063709782311,0,True,0.0,1.0,4.333333333333333,0,0.001542127361793073,0.0006224478880389132,-0.0009196794737541599,0.0019115516106510114,0.0011233380837334377,0.271484375,0.07990336499642581,0.017681838922726456,0.09758520391915226
shuffled,62036,cooperative_inventory,misaligned,0.009506632051200465,0.09750195921724068,2.946319447745518,0,True,0.0,1.0,4.666666666666667,0,0.0004184603725789534,0.0005912389837480715,0.00017277861116911809,0.0016207812368237615,0.0007071723088039085,0.228515625,0.0821316549408948,0.017018521008139942,0.09915017594903475
dense,62036,cooperative_inventory,misaligned,0.008395310836824144,0.09162592884562833,2.944565312920036,0,True,0.0,1.0,4.0,0,0.00011224497485527561,5.199766138606562e-05,-6.024731346920999e-05,0.0007655873233779366,0.00027183356141335577,0.1337890625,0.0801023029780481,0.01949763102311408,0.09959993400116218
signed_intensity,62036,cooperative_inventory,misaligned,0.009049178284182365,0.0951271690117096,2.946986068966302,0,True,0.0,1.0,4.333333333333333,0,0.00029434075228303093,0.00013929498937161983,-0.0001550457629114111,0.001960092904594204,0.0010662073596966535,0.2568359375,0.10449411907029571,0.01697148796665715,0.12146560703695286
zero,62036,cooperative_inventory,misaligned,0.0829560794517013,0.2880209705068388,0.0,0,False,1.0,0.0,,3,0.09054906749088772,0.09054906749088772,0.0,0.01146440262961787,0.0,0.9609375,0.0016845279969857074,0.0002716329472605139,0.0019561609442462213
signed_intensity,62037,dynamic_tracking,paired,0.007194109833581295,0.08481809850250885,2.9004764135565813,0,True,0.0,1.0,3.6666666666666665,0,0.00047897601234217436,0.0019310005595801908,0.0014520245472380163,,,,0.07081638499948895,0.025373493052029517,0.09618987805151846
zero,62037,dynamic_tracking,paired,0.20400298994478394,0.4516669015378301,0.0,0,False,1.0,0.0,,3,0.18775496541607062,0.18623114720781808,-0.0015238182082525364,,,,0.0015551030010101385,0.00024339495575986803,0.0017984979567700066
hold,62037,dynamic_tracking,paired,0.08874858090042748,0.29790700042198986,2.4145308633808527,0,False,1.0,0.0,,3,0.08945210913144469,0.08883086427730486,-0.0006212448541398352,,,,0.0018373330458416604,0.00023969405447132885,0.002077027100312989
paired,62037,dynamic_tracking,paired,0.007194109833581295,0.08481809850250885,2.9004764135565813,0,True,0.0,1.0,3.6666666666666665,0,0.00047897601234217436,0.0019310005595801908,0.0014520245472380163,,,,0.06867357099690707,0.025484829006018117,0.09415840000292519
paired_lesion,62037,dynamic_tracking,paired,0.014969241714737756,0.12234885252726221,3.011108627049804,0,True,0.0,1.0,3.3333333333333335,0,0.009547446375872444,0.007417801565514958,-0.002129644810357486,,,,0.0777752010471886,0.02931829611043213,0.10709349715762073
diagonal,62037,dynamic_tracking,paired,0.010030595940661162,0.1001528628680237,2.904486034476946,0,True,0.0,1.0,3.6666666666666665,0,0.002716613016787907,0.0045360687616485445,0.0018194557448606373,,,,0.07716604196320986,0.0252720399730606,0.10243808193627046
shuffled,62037,dynamic_tracking,paired,0.005896997547719735,0.0767919106919455,2.9285179569179087,0,True,0.0,1.0,1.0,0,0.002692457274099916,0.0020935904900222673,-0.0005988667840776487,,,,0.067779734992655,0.02540797104302328,0.09318770603567827
dense,62037,dynamic_tracking,paired,0.0023206626065881437,0.04817325613437547,2.8411399366816195,0,True,0.0,1.0,1.0,0,0.00010187026946858392,7.427523024492846e-05,-2.759503922365546e-05,,,,0.07292983097431716,0.027333300989994314,0.10026313196431147
zero,62037,dynamic_tracking,diagonal,0.16771580127311164,0.4095311969473286,0.0,0,False,1.0,0.0,,3,0.1725991285369933,0.17090814593642956,-0.0016909826005637452,,,,0.0016363969989470206,0.00023232398234540597,0.0018687209812924266
hold,62037,dynamic_tracking,diagonal,0.07617712682723152,0.2760020413461312,2.4145308633808527,0,False,1.0,0.0,,3,0.08500664285832162,0.084187032747716,-0.0008196101106056203,,,,0.0020949419995304197,0.00028350695356493816,0.002378448953095358
paired,62037,dynamic_tracking,diagonal,0.002278206035695412,0.04773055662461325,2.88093328373785,0,True,0.0,1.0,0.6666666666666666,0,0.0003458159940234155,0.000369358568937434,2.3542574914018504e-05,,,,0.08867601202655351,0.028682815987849608,0.11735882801440312
paired_lesion,62037,dynamic_tracking,diagonal,0.004787826131062823,0.06919411919421205,3.0146742595790883,0,True,0.0,1.0,1.0,0,0.0047436783428471685,0.00047504621229079466,-0.0042686321305563735,,,,0.12181337603396969,0.0383837610061164,0.1601971370400861
diagonal,62037,dynamic_tracking,diagonal,0.0028259300162334555,0.053159477200527994,2.9282775760401396,0,True,0.0,1.0,0.6666666666666666,0,0.0006260946364325161,0.0003521834923489787,-0.00027391114408353737,,,,0.06752719599171542,0.024819598002068233,0.09234679399378365
shuffled,62037,dynamic_tracking,diagonal,0.0021039611187228515,0.045868955936699186,2.8783091253534856,0,True,0.0,1.0,0.6666666666666666,0,0.00029459758355535634,0.00026150947339699515,-3.3088110158361185e-05,,,,0.06861262499296572,0.027006391021132004,0.09561901601409772
dense,62037,dynamic_tracking,diagonal,0.0014525800572585848,0.03811272828411245,2.8140476607539413,0,True,0.0,1.0,0.6666666666666666,0,6.538898228335718e-05,4.560597944887094e-05,-1.9783002834486244e-05,,,,0.07031433196971193,0.027370745032385457,0.09768507700209739
signed_intensity,62037,dynamic_tracking,diagonal,0.0022782060356954124,0.04773055662461326,2.88093328373785,0,True,0.0,1.0,0.6666666666666666,0,0.0003458159940234154,0.0003693585689374342,2.3542574914018775e-05,,,,0.06755606897058897,0.026431592981680296,0.09398766195226926
hold,62037,dynamic_tracking,misaligned,0.08605119723344512,0.29334484354330337,2.4145308633808527,0,False,1.0,0.0,,3,0.1113696577822108,0.11094044128398413,-0.0004292164982266783,,,,0.001655905980442185,0.00022944302327232435,0.0018853490037145093
paired,62037,dynamic_tracking,misaligned,0.006820406412806349,0.08258575187528627,2.910976754804539,0,True,0.0,1.0,1.3333333333333333,0,0.001997623078069979,0.0015188929324687472,-0.0004787301456012317,,,,0.0672388120146934,0.027748070962843485,0.09498688297753688
paired_lesion,62037,dynamic_tracking,misaligned,0.011925836916582609,0.10920548024976864,3.0542451828709045,0,True,0.0,1.0,1.3333333333333333,0,0.010707777158314839,0.003972346379648944,-0.0067354307786658945,,,,0.08075550999637926,0.026149477060243953,0.10690498705662321
diagonal,62037,dynamic_tracking,misaligned,0.008989612821830577,0.09481356876434183,2.948792662868626,0,True,0.0,1.0,1.3333333333333333,0,0.0030327995546838562,0.002734014351226159,-0.00029878520345769707,,,,0.06816999900911469,0.025832716994045768,0.09400271600316046
shuffled,62037,dynamic_tracking,misaligned,0.007352234600562454,0.08574517246214187,2.9375549590113703,0,True,0.0,1.0,1.3333333333333333,0,0.002589998289393655,0.0026849282327882124,9.492994339455746e-05,,,,0.06854060397745343,0.02621279905724805,0.09475340303470148
dense,62037,dynamic_tracking,misaligned,0.0024343750169621044,0.04933938606186851,2.828112979904939,0,True,0.0,1.0,1.0,0,8.68546027231795e-05,6.186027575737876e-05,-2.4994326965800746e-05,,,,0.06698773994139628,0.02625168699887581,0.0932394269402721
signed_intensity,62037,dynamic_tracking,misaligned,0.006820406412806349,0.08258575187528627,2.9109767548045387,0,True,0.0,1.0,1.3333333333333333,0,0.0019976230780699785,0.0015188929324687472,-0.0004787301456012313,,,,0.07813778596755583,0.02898515599372331,0.10712294196127914
zero,62037,dynamic_tracking,misaligned,0.196588314027084,0.4433828075456738,0.0,0,False,1.0,0.0,,3,0.20118823198158414,0.19985644097312644,-0.0013317910084577056,,,,0.0016142439999384806,0.0002718179894145578,0.0018860619893530384
zero,62037,cooperative_inventory,paired,0.09389778551284825,0.3064274555467382,0.0,0,False,1.0,0.0,,3,0.10018094053223532,0.10018094053223532,0.0,0.011199591572899126,0.0,0.9580078125,0.0018126650538761169,0.0002863650006474927,0.0020990300545236096
hold,62037,cooperative_inventory,paired,0.050648438572220476,0.22505207968872556,2.3181178421236925,0,False,1.0,0.3333333333333333,5.0,2,0.050761046846706674,0.04799654587813074,-0.002764500968575931,0.00045193418356171945,0.0,0.0361328125,0.0018893650340032764,0.0002831570527632721,0.0021725220867665485
paired,62037,cooperative_inventory,paired,0.010324782042048501,0.10161093465788266,2.9864186156571266,0,True,0.0,1.0,4.666666666666667,0,0.00042377659432824716,0.00035226827078946424,-7.150832353878292e-05,0.0019531007317066945,0.0008016081249517037,0.2529296875,0.10367319906072225,0.02380376208020607,0.12747696114092832
paired_lesion,62037,cooperative_inventory,paired,0.010682823936038411,0.10335774734405936,3.1702662923998037,0,True,0.0,1.0,4.666666666666667,0,0.0010905249391981642,0.002858015586844895,0.0017674906476467308,0.0017216368371476946,0.0019527117141891924,0.2890625,0.10263253101584269,0.03032241102482658,0.13295494204066927
diagonal,62037,cooperative_inventory,paired,0.010405823815453505,0.10200893988005906,3.1119258750501277,0,True,0.0,1.0,4.666666666666667,0,0.001328619243973241,0.0013209041002279888,-7.715143745252182e-06,0.0017495763188356318,0.001503339424799658,0.2890625,0.08869618407334201,0.015517072970396839,0.10421325704373885
shuffled,62037,cooperative_inventory,paired,0.010447660414030356,0.10221379757170926,3.0356100024356834,0,True,0.0,1.0,4.666666666666667,0,0.0007053157558600397,0.000769012590751676,6.369683489163632e-05,0.0019284734781733447,0.0011724245070096097,0.333984375,0.08962026196240913,0.015441070041561034,0.10506133200397016
dense,62037,cooperative_inventory,paired,0.010207824712211197,0.10103378005504494,2.9364476639748673,0,True,0.0,1.0,5.0,0,9.026866714573642e-05,3.0001216201344702e-05,-6.026745094439172e-05,0.0017055924271421384,0.0004964756082725488,0.2216796875,0.0765007920563221,0.016168737987754866,0.09266953004407696
signed_intensity,62037,cooperative_inventory,paired,0.010324782042048501,0.10161093465788266,2.986418615657127,0,True,0.0,1.0,4.666666666666667,0,0.00042377659432824716,0.0003522682707894624,-7.150832353878476e-05,0.0019531007317066945,0.000801608124951704,0.2529296875,0.0836759189987788,0.016119471998536028,0.09979539099731483
hold,62037,cooperative_inventory,diagonal,0.05139166417717389,0.22669729636052982,2.3181178421236925,0,False,1.0,0.3333333333333333,0.0,2,0.06213400951115226,0.060580539357086335,-0.001553470154065928,0.0002704307114033145,0.0,0.02734375,0.0016386070055887103,0.00024768699222477153,0.0018862939978134818
paired,62037,cooperative_inventory,diagonal,0.01006331196217655,0.10031606034018954,3.0814037630578084,0,True,0.0,1.0,5.0,0,0.0003676760647595035,0.00011635691849910704,-0.0002513191462603965,0.0008512003851186944,0.0001934385209804119,0.1923828125,0.0902781319746282,0.016772281989688054,0.10705041396431625
paired_lesion,62037,cooperative_inventory,diagonal,0.010808935652687986,0.10396603124428663,3.16175312497612,0,True,0.0,1.0,5.0,0,0.0004095538396910681,0.0002892040235937252,-0.00012034981609734287,0.000658386773658587,0.0003582606651182527,0.142578125,0.10389496792777209,0.01951702800579369,0.12341199593356578
diagonal,62037,cooperative_inventory,diagonal,0.010206419682969356,0.10102682655101741,3.1230896013063187,0,True,0.0,1.0,5.0,0,0.0005196641895742577,0.00025969540969858484,-0.0002599687798756729,0.0006104783504671401,0.00020580587687264978,0.1162109375,0.09918923302029725,0.01772723199246684,0.11691646501276409
shuffled,62037,cooperative_inventory,diagonal,0.010108109498619173,0.10053909437934665,3.0903623200288424,0,True,0.0,1.0,5.0,0,0.00029532673003213343,0.000174904330727111,-0.00012042239930502242,0.00075871598527969,0.00018681149099200893,0.158203125,0.09069427094073035,0.016923219947784673,0.10761749088851502
dense,62037,cooperative_inventory,diagonal,0.009935342937290936,0.09967619042324469,3.042219317860301,0,True,0.0,1.0,5.0,0,0.00018312185319720433,3.1667938235293094e-05,-0.00015145391496191124,0.0008215687510865881,6.830909539923638e-05,0.1845703125,0.08897694501501974,0.023611229968082625,0.11258817498310236
signed_intensity,62037,cooperative_inventory,diagonal,0.01006331196217655,0.10031606034018954,3.0814037630578084,0,True,0.0,1.0,5.0,0,0.0003676760647595036,0.00011635691849910708,-0.0002513191462603965,0.0008512003851186943,0.0001934385209804118,0.1923828125,0.09439898595883278,0.017282756030908786,0.11168174198974157
zero,62037,cooperative_inventory,diagonal,0.08409488744010112,0.2899911851075841,0.0,0,False,1.0,0.3333333333333333,0.0,2,0.10498057909193736,0.10498057909193736,0.0,0.011199591572899126,0.0,0.9580078125,0.0019009349707630463,0.0002766879406408407,0.002177622911403887
paired,62037,cooperative_inventory,misaligned,0.011208221779169851,0.10586888957181827,2.9921837356896734,0,True,0.0,1.0,5.0,0,0.0003161734264595415,0.00017744542926435025,-0.00013872799719519125,0.002290000301967605,0.0006041527426425244,0.2822265625,0.1149850840374711,0.024432168022030964,0.13941725205950206
paired_lesion,62037,cooperative_inventory,misaligned,0.013053645287380523,0.11425255046335081,3.1218168174404797,0,True,0.0,1.0,5.333333333333333,0,0.0015799980315058131,0.0014553325661890023,-0.00012466546531681084,0.002254888174378574,0.0006982326056935538,0.267578125,0.09386232298857067,0.016886047036678065,0.11074837002524873
diagonal,62037,cooperative_inventory,misaligned,0.011744416582465432,0.10837165949853049,3.047694172411157,0,True,0.0,1.0,5.333333333333333,0,0.001462872291759648,0.0006707507015606233,-0.0007921215901990246,0.002332860773414759,0.0006323638998101419,0.255859375,0.08738321909913793,0.017819379056163598,0.10520259815530153
shuffled,62037,cooperative_inventory,misaligned,0.011558764044498536,0.10751169259433384,3.017106488058832,0,True,0.0,1.0,5.0,0,0.0007805879003372153,0.0007262685845666338,-5.4319315770581496e-05,0.0022840952994310753,0.0005593276748690598,0.248046875,0.08473419696383644,0.018788015957397874,0.10352221292123431
dense,62037,cooperative_inventory,misaligned,0.010778701856728787,0.10382052714530392,2.891412062708457,0,True,0.0,1.0,5.0,0,0.00012851440494244555,5.5169520149527576e-05,-7.334488479291798e-05,0.0022403338825362027,0.00012038068274462419,0.212890625,0.09467570699052885,0.020528573950286955,0.1152042809408158
signed_intensity,62037,cooperative_inventory,misaligned,0.01120822177916985,0.10586888957181827,2.9921837356896734,0,True,0.0,1.0,5.0,0,0.00031617342645954183,0.00017744542926435028,-0.00013872799719519155,0.002290000301967605,0.0006041527426425246,0.2822265625,0.07858799095993163,0.015872237003350165,0.0944602279632818
zero,62037,cooperative_inventory,misaligned,0.08853862299329142,0.29755440341774714,0.0,0,False,1.0,0.0,,3,0.10883034766237322,0.10883034766237322,0.0,0.011199591572899126,0.0,0.9580078125,0.001685209026618395,0.0002554239399614744,0.0019406329665798694
hold,62037,cooperative_inventory,misaligned,0.04777682196637495,0.21857909773437842,2.3181178421236925,0,False,1.0,0.3333333333333333,1.0,2,0.05829295204411687,0.05487899897367782,-0.0034139530704390547,0.00045193418356171945,0.0,0.0361328125,0.0016206769796554,0.00025457395531702787,0.0018752509349724278
zero,62038,dynamic_tracking,paired,0.20427899884566583,0.45197234300968664,0.0,0,False,1.0,0.0,,3,0.17768363661383724,0.17819065360673936,0.0005070169929021207,,,,0.0015275850164471194,0.00022660897229798138,0.0017541939887451008
hold,62038,dynamic_tracking,paired,0.09051914886226906,0.30086400393245627,2.4096824187615997,0,False,1.0,0.0,,3,0.08985270983067196,0.09112539826083697,0.0012726884301650088,,,,0.0017884710396174341,0.0002409949665889144,0.0020294660062063485
paired,62038,dynamic_tracking,paired,0.010909161461465432,0.10444693131665206,2.913939065794933,0,True,0.0,1.0,5.0,0,0.000516667833608035,0.0017231831671576524,0.0012065153335496174,,,,0.06998368103813846,0.025384877022588626,0.09536855806072708
paired_lesion,62038,dynamic_tracking,paired,0.01813375506454364,0.13466163174617943,3.042635333249108,0,True,0.0,1.0,5.666666666666667,0,0.011242838452414805,0.007718516184572178,-0.0035243222678426273,,,,0.0713313330343226,0.025659097052994184,0.09699043008731678
diagonal,62038,dynamic_tracking,paired,0.013995934593267386,0.11830441493565397,2.9628771253285793,0,True,0.0,1.0,6.333333333333333,0,0.003561427627700965,0.005350339605662285,0.0017889119779613202,,,,0.06889894902269589,0.023973171984835062,0.09287212100753095
shuffled,62038,dynamic_tracking,paired,0.007149241073729728,0.08455318488223686,2.9621401249132777,0,True,0.0,1.0,1.0,0,0.002602549304647353,0.0021051756712814557,-0.0004973736333658972,,,,0.07078336909034988,0.025263797004299704,0.09604716609464958
dense,62038,dynamic_tracking,paired,0.00360268168494205,0.06002234321435685,2.8346565655943925,0,True,0.0,1.0,1.6666666666666667,0,0.00010859147777892846,6.442988431284852e-05,-4.4161593466079935e-05,,,,0.06814721096452558,0.026454621998709626,0.09460183296323521
signed_intensity,62038,dynamic_tracking,paired,0.010909161461465432,0.10444693131665206,2.913939065794933,0,True,0.0,1.0,5.0,0,0.000516667833608035,0.0017231831671576524,0.0012065153335496174,,,,0.07775254995067371,0.02635481001198059,0.1041073599626543
hold,62038,dynamic_tracking,diagonal,0.07703925235885167,0.27755945733995746,2.4096824187615997,0,False,1.0,0.0,,3,0.08585461526573716,0.08695101959948301,0.0010964043337458457,,,,0.0016429089446319267,0.00023283793416339904,0.0018757468787953258
paired,62038,dynamic_tracking,diagonal,0.003133784696637523,0.05598021701134717,2.868499299979618,0,True,0.0,1.0,1.0,0,0.00042519075287806836,0.0005014337665148414,7.624301363677306e-05,,,,0.07541354504064657,0.024037301991484128,0.0994508470321307
paired_lesion,62038,dynamic_tracking,diagonal,0.005691033976731722,0.075438942044091,3.0004914543690173,0,True,0.0,1.0,1.0,0,0.0050151757409223246,0.00035333224690430157,-0.004661843494018023,,,,0.06657093094690936,0.02416671801620396,0.09073764896311332
diagonal,62038,dynamic_tracking,diagonal,0.003949176150376855,0.06284247091240808,2.929620319979064,0,True,0.0,1.0,1.0,0,0.0008476778761430465,0.0003116514302196323,-0.0005360264459234142,,,,0.06738920101633994,0.026296030991943553,0.09368523200828349
shuffled,62038,dynamic_tracking,diagonal,0.0029930613072641265,0.054708877773759226,2.880164946593399,0,True,0.0,1.0,1.0,0,0.0003938575555693869,0.0002540634999890464,-0.0001397940555803405,,,,0.06710552404547343,0.024551798014726955,0.09165732206020039
dense,62038,dynamic_tracking,diagonal,0.002262008502315662,0.04756057718652773,2.811390698290963,0,True,0.0,1.0,1.3333333333333333,0,0.00010499131718748727,3.511239849501594e-05,-6.987891869247132e-05,,,,0.06758540199371055,0.025726613072038162,0.09331201506574871
signed_intensity,62038,dynamic_tracking,diagonal,0.003133784696637523,0.05598021701134717,2.868499299979618,0,True,0.0,1.0,1.0,0,0.00042519075287806836,0.0005014337665148415,7.624301363677317e-05,,,,0.0704005709849298,0.026418953952088486,0.09681952493701829
zero,62038,dynamic_tracking,diagonal,0.16095700990661688,0.4011944789084427,0.0,0,False,1.0,0.0,,3,0.15699339468400975,0.1571369050614777,0.00014351037746795914,,,,0.0016409140444011427,0.00027355500060366467,0.0019144690450048074
paired,62038,dynamic_tracking,misaligned,0.008157101264833913,0.09031667213108505,2.856447477467466,0,True,0.0,1.0,2.0,0,0.0016584079993796999,0.0017166017445180075,5.8193745138307613e-05,,,,0.06912822394951945,0.026054551992274355,0.0951827759417938
paired_lesion,62038,dynamic_tracking,misaligned,0.01217589293627756,0.11034442865989003,3.0348491811528118,0,True,0.0,1.0,1.6666666666666667,0,0.010833425740277357,0.00437371843018911,-0.006459707310088247,,,,0.07421823996992316,0.023966667024069466,0.09818490699399263
diagonal,62038,dynamic_tracking,misaligned,0.009593039947510791,0.09794406540220184,2.9376075524075915,0,True,0.0,1.0,1.3333333333333333,0,0.0031311716762635684,0.002656215943056539,-0.0004749557332070294,,,,0.07184807898011059,0.029703986074309796,0.10155206505442038
shuffled,62038,dynamic_tracking,misaligned,0.008071695085829014,0.08984261286176518,2.904616802489959,0,True,0.0,1.0,1.6666666666666667,0,0.002539298649435571,0.002402355611886622,-0.0001369430375489488,,,,0.07334077592531685,0.02565563501411816,0.09899641093943501
dense,62038,dynamic_tracking,misaligned,0.003468123024985332,0.058890771984966644,2.808292194037827,0,True,0.0,1.0,1.6666666666666667,0,0.00010421251855734298,5.085069371526207e-05,-5.336182484208091e-05,,,,0.08178990303713363,0.025425662031921092,0.10721556506905472
signed_intensity,62038,dynamic_tracking,misaligned,0.008157101264833912,0.09031667213108503,2.8564474774674657,0,True,0.0,1.0,2.0,0,0.0016584079993796999,0.001716601744518007,5.819374513830718e-05,,,,0.0679729519833927,0.024849806970451027,0.09282275895384373
zero,62038,dynamic_tracking,misaligned,0.18978096987358492,0.43563857711821724,0.0,0,False,1.0,0.0,,3,0.18373179935387632,0.18414388643926888,0.00041208708539255956,,,,0.001643441959458869,0.00027345402486389503,0.001916895984322764
hold,62038,dynamic_tracking,misaligned,0.0879660271562251,0.29659067273976286,2.4096824187615997,0,False,1.0,0.0,,3,0.11296260117271703,0.11414036192214025,0.0011777607494232178,,,,0.0017084120481740683,0.00027657993632601574,0.001984991984500084
hold,62038,cooperative_inventory,paired,0.03994466340540562,0.1998616106344728,2.199096070170731,0,False,1.0,0.0,,3,0.0397136171669706,0.03719049277824879,-0.0025231243887218063,0.0004613355441549006,0.0,0.041015625,0.0020495090284384787,0.0002436009599477984,0.002293109988386277
paired,62038,cooperative_inventory,paired,0.007996126491189385,0.08942106290572364,2.9634675210177575,0,True,0.0,1.0,4.0,0,0.00044894337686267327,0.00014619464819872667,-0.0003027487286639466,0.0014530340696461337,0.0017059025610638436,0.216796875,0.09235031102434732,0.017254933030926622,0.10960524405527394
paired_lesion,62038,cooperative_inventory,paired,0.008851290259601283,0.09408129601361412,3.0321919887854785,0,True,0.0,1.0,4.0,0,0.00186530134401497,0.0019696442594247226,0.00010434291540975266,0.0013756089645598612,0.0019971845758211763,0.23828125,0.1047608080189093,0.02725926409038948,0.13202007210929878
diagonal,62038,cooperative_inventory,paired,0.008475717626058206,0.0920636607248387,3.0629858487558463,0,True,0.0,1.0,4.0,0,0.0015792037775484125,0.000774117168859936,-0.0008050866086884766,0.0014016526715810256,0.002246620661513198,0.234375,0.09352686801867094,0.01676564203808084,0.11029251005675178
shuffled,62038,cooperative_inventory,paired,0.008563095838397164,0.09253699713302331,3.031718137156282,0,True,0.0,1.0,4.333333333333333,0,0.0005680795297466017,0.0006327221737481635,6.464264400156178e-05,0.001494309736258095,0.00240832439069685,0.2763671875,0.08981502898677718,0.016379991997382604,0.10619502098415978
dense,62038,cooperative_inventory,paired,0.0080237052232871,0.08957513730543258,2.923742166628975,0,True,0.0,1.0,4.0,0,0.00012116026477914212,2.2494084166053154e-05,-9.866618061308896e-05,0.0014556494648279735,0.0017651419288019434,0.1630859375,0.08077320099255303,0.020180544946924783,0.10095374593947781
signed_intensity,62038,cooperative_inventory,paired,0.007996126491189384,0.08942106290572363,2.9634675210177575,0,True,0.0,1.0,4.0,0,0.0004489433768626733,0.0001461946481987269,-0.00030274872866394644,0.0014530340696461334,0.001705902561063844,0.216796875,0.12273836891836254,0.022184461013239343,0.14492282993160188
zero,62038,cooperative_inventory,paired,0.07463215113902064,0.27318885617649313,0.0,0,False,1.0,0.0,,3,0.07174802956273274,0.07174802956273274,0.0,0.012131604735208315,0.0,0.96875,0.0016626349752186798,0.00025448303495068103,0.0019171180101693608
paired,62038,cooperative_inventory,diagonal,0.007936768478044485,0.0890885429112211,3.0158008024279828,0,True,0.0,1.0,4.333333333333333,0,0.0003335599865973962,0.00010577415855306409,-0.00022778582804433212,0.0009758663620030272,0.0006970993839825607,0.2080078125,0.08037917692854535,0.01662161497370107,0.09700079190224642
paired_lesion,62038,cooperative_inventory,diagonal,0.00816029568561136,0.0903343549576315,3.12445423528653,0,True,0.0,1.0,4.333333333333333,0,0.000750294781463056,0.000325010787418213,-0.000425283994044843,0.0006468150346744494,0.0010607498543646133,0.16796875,0.09514113496697973,0.01707421595347114,0.11221535092045087
diagonal,62038,cooperative_inventory,diagonal,0.008026712895230203,0.08959192427462535,3.081857566384137,0,True,0.0,1.0,4.333333333333333,0,0.0007678768021664633,0.00026779134511552673,-0.0005000854570509365,0.0005981552960533459,0.0008036159103604582,0.1474609375,0.090249182030675,0.02008928800933063,0.11033847004000563
shuffled,62038,cooperative_inventory,diagonal,0.007995977394575797,0.08942022922457646,3.0677554765330286,0,True,0.0,1.0,4.333333333333333,0,0.0004605037297056024,0.00011118198788146019,-0.0003493217418241422,0.000721684205373156,0.0010835086689395838,0.1845703125,0.09184765300597064,0.01981655600684462,0.11166420901281526
dense,62038,cooperative_inventory,diagonal,0.007925290504075363,0.08902410069231456,3.015350244354467,0,True,0.0,1.0,4.333333333333333,0,0.0001135220498343942,4.7270288693525045e-05,-6.625176114086915e-05,0.0010736102347808016,0.0012324774012032083,0.2294921875,0.07908457203302532,0.021498717011127155,0.10058328904415248
signed_intensity,62038,cooperative_inventory,diagonal,0.007936768478044485,0.0890885429112211,3.0158008024279828,0,True,0.0,1.0,4.333333333333333,0,0.00033355998659739616,0.00010577415855306404,-0.00022778582804433212,0.0009758663620030269,0.0006970993839825607,0.2080078125,0.07892555297439685,0.026297707998310216,0.10522326097270707
zero,62038,cooperative_inventory,diagonal,0.06939027173150243,0.2634203327981772,0.0,0,False,1.0,0.0,,3,0.07309853979840103,0.07309853979840103,0.0,0.012131604735208315,0.0,0.96875,0.0016300139905069955,0.00024947601195890456,0.0018794900024659
hold,62038,cooperative_inventory,diagonal,0.04550084832699224,0.2133092785768876,2.199096070170731,0,False,1.0,0.0,,3,0.04988460115613727,0.049123981338411504,-0.0007606198177257661,0.00020146971164457852,0.0,0.0234375,0.0016407139555667527,0.0002535850289859809,0.0018942989845527336
paired_lesion,62038,cooperative_inventory,misaligned,0.010322980967259341,0.1016020716681473,3.0397939462018,0,True,0.0,1.0,5.0,0,0.0016847640592915383,0.0014487742008849644,-0.00023598985840657394,0.001897494117968351,0.0012875980399898448,0.2578125,0.09112440606986638,0.016269449988612905,0.10739385605847929
diagonal,62038,cooperative_inventory,misaligned,0.009874921599169487,0.09937264009358655,3.0307270981400114,0,True,0.0,1.0,5.0,0,0.0018160904994146934,0.0006037426942118028,-0.0012123478052028906,0.001958181227033509,0.0012966690601169794,0.26171875,0.0837496610256494,0.015600518963765353,0.09935017998941476
shuffled,62038,cooperative_inventory,misaligned,0.00956771726909465,0.09781470885861006,3.0289884120525494,0,True,0.0,1.0,5.0,0,0.0005985708321562077,0.0006382772362971913,3.970640414098351e-05,0.0021272942389480433,0.0015381603472269993,0.236328125,0.08193106302496744,0.027911518955079373,0.10984258198004682
dense,62038,cooperative_inventory,misaligned,0.009135643256556712,0.09558055898851352,3.0201532402953832,0,True,0.0,1.0,4.666666666666667,0,0.0001076670573370037,7.798519621922287e-05,-2.968186111778083e-05,0.0013424114869396784,0.0014161932979352228,0.1494140625,0.07565394200355513,0.0174737340057618,0.09312767600931693
signed_intensity,62038,cooperative_inventory,misaligned,0.009513290186169622,0.09753609683686149,3.0003347640461917,0,True,0.0,1.0,4.666666666666667,0,0.00030507286674697127,0.0001384074711606699,-0.00016666539558630138,0.0019650973095049987,0.0012970078241543782,0.2822265625,0.07757785000285367,0.016444041997601744,0.09402189200045541
zero,62038,cooperative_inventory,misaligned,0.07501732771609643,0.2738929128621192,0.0,0,False,1.0,0.0,,3,0.07863368372602803,0.07863368372602803,0.0,0.012131604735208315,0.0,0.96875,0.001675813015026506,0.00025214104243787006,0.001927954057464376
hold,62038,cooperative_inventory,misaligned,0.04216787296654065,0.20534817497737995,2.199096070170731,0,False,1.0,0.0,,3,0.04750807311727681,0.043907859278343245,-0.0036002138389335664,0.0004613355441549006,0.0,0.041015625,0.0019407799991313368,0.0002530479760025628,0.0021938279751338996
paired,62038,cooperative_inventory,misaligned,0.009513290186169622,0.09753609683686149,3.0003347640461913,0,True,0.0,1.0,4.666666666666667,0,0.00030507286674697084,0.00013840747116067005,-0.00016666539558630078,0.001965097309504999,0.0012970078241543782,0.2822265625,0.07686695392476395,0.016959536042122636,0.09382648996688658
hold,62039,dynamic_tracking,paired,0.0870941191870222,0.2951171279119906,2.390295154044855,0,False,1.0,0.0,,3,0.0817730205588464,0.08332891045510565,0.0015558898962592521,,,,0.0016686260132701136,0.00023211200459627435,0.001900738017866388
paired,62039,dynamic_tracking,paired,0.008654529322712882,0.0930297227917663,2.938493538553166,0,True,0.0,1.0,4.666666666666667,0,0.0003671581792643275,0.002815619525510635,0.0024484613462463075,,,,0.06957322301605018,0.029220247975899838,0.09879347099195002
paired_lesion,62039,dynamic_tracking,paired,0.016479127161206773,0.12837105266066323,2.9988389401091133,0,True,0.0,1.0,4.666666666666667,0,0.008465668510654856,0.007344508952352466,-0.0011211595583023905,,,,0.06739662998006679,0.02547403007338289,0.09287066005344968
diagonal,62039,dynamic_tracking,paired,0.012140526735078698,0.11018405844349126,2.899316668131938,0,True,0.0,1.0,4.666666666666667,0,0.0027358215633866622,0.004958714568745083,0.0022228930053584204,,,,0.06647196398989763,0.02385100198443979,0.09032296597433742
shuffled,62039,dynamic_tracking,paired,0.0065518472239166035,0.08094348166416246,2.9229712367089355,0,True,0.0,1.0,1.0,0,0.001758437430402241,0.002081207789619352,0.0003227703592171109,,,,0.06525343095563585,0.0244961409989628,0.08974957195459865
dense,62039,dynamic_tracking,paired,0.0023589958273762764,0.0485694948231529,2.8666498683082082,0,True,0.0,1.0,1.0,0,6.251603712734067e-05,8.589724583533194e-05,2.3381208707991277e-05,,,,0.06836876497982303,0.027569130979827605,0.09593789595965063
signed_intensity,62039,dynamic_tracking,paired,0.008654529322712882,0.0930297227917663,2.938493538553166,0,True,0.0,1.0,4.666666666666667,0,0.0003671581792643273,0.002815619525510635,0.002448461346246308,,,,0.06854599799407879,0.026758081003208645,0.09530407899728743
zero,62039,dynamic_tracking,paired,0.21116674362513158,0.45952882784993104,0.0,0,False,1.0,0.0,,3,0.18328188362445907,0.18483290505482375,0.001551021430364674,,,,0.0017381139768986031,0.0002510639824322425,0.0019891779593308456
paired,62039,dynamic_tracking,diagonal,0.0025245722451592272,0.050245121605577064,2.9205159546180917,0,True,0.0,1.0,1.0,0,0.0002740522801109745,0.00046042133761486204,0.00018636905750388753,,,,0.06679840097785927,0.02565603605034994,0.09245443702820921
paired_lesion,62039,dynamic_tracking,diagonal,0.004962214032106029,0.07044298426462375,3.048844303913209,0,True,0.0,1.0,1.0,0,0.0030369623786858134,0.0003747515496997558,-0.0026622108289860577,,,,0.06673910103563685,0.025658456994278822,0.09239755802991567
diagonal,62039,dynamic_tracking,diagonal,0.003260845084768819,0.057103809722021344,2.9601278751734825,0,True,0.0,1.0,1.0,0,0.0006238691427400784,0.00037413601121765025,-0.0002497331315224282,,,,0.06546650297241285,0.025302854999608826,0.09076935797202168
shuffled,62039,dynamic_tracking,diagonal,0.0020612698157046598,0.045401209407951455,2.917219948693512,0,True,0.0,1.0,1.0,0,0.0002967045022760189,0.0003453600855581392,4.865558328212029e-05,,,,0.08134006297768792,0.026767878014652524,0.10810794099234045
dense,62039,dynamic_tracking,diagonal,0.0013854619961699958,0.03722179463929696,2.8508879791026764,0,True,0.0,1.0,0.6666666666666666,0,5.358303478967017e-05,6.37438470895309e-05,1.0160812299860728e-05,,,,0.06991100199957145,0.027701289967808407,0.09761229196737986
signed_intensity,62039,dynamic_tracking,diagonal,0.0025245722451592272,0.050245121605577064,2.920515954618091,0,True,0.0,1.0,1.0,0,0.0002740522801109745,0.0004604213376148622,0.0001863690575038877,,,,0.06810978097928455,0.027825347024190705,0.09593512800347526
zero,62039,dynamic_tracking,diagonal,0.1700018007995776,0.4123127463462385,0.0,0,False,1.0,0.0,,3,0.16631419858004354,0.16753147676364494,0.0012172781836014002,,,,0.0016355960251530632,0.00024608693638583645,0.0018816829615388997
hold,62039,dynamic_tracking,diagonal,0.07722865948799085,0.2779004488805134,2.390295154044855,0,False,1.0,0.0,,3,0.0853460221502,0.0870310625530005,0.0016850404028005,,,,0.0016623060073470697,0.00023364699154626578,0.0018959529988933355
paired_lesion,62039,dynamic_tracking,misaligned,0.010942215904513965,0.10460504722294219,3.005482495800555,0,True,0.0,1.0,1.3333333333333333,0,0.008737274847821979,0.004009034014403903,-0.004728240833418076,,,,0.06948900099087041,0.025687187007861212,0.09517618799873162
diagonal,62039,dynamic_tracking,misaligned,0.00889209619749116,0.0942979119466129,2.921468885813584,0,True,0.0,1.0,1.3333333333333333,0,0.0025919599002508105,0.002243956958045711,-0.00034800294220509956,,,,0.06594605497230077,0.024065716061159037,0.09001177103345981
shuffled,62039,dynamic_tracking,misaligned,0.007096552355170632,0.08424103723940389,2.8974174433085422,0,True,0.0,1.0,1.6666666666666667,0,0.001939885500225585,0.0018406216232316735,-9.926387699391156e-05,,,,0.06901027802814497,0.027421657046943437,0.0964319350750884
dense,62039,dynamic_tracking,misaligned,0.0022743755269818613,0.047690413365600655,2.8483490400615143,0,True,0.0,1.0,1.0,0,5.7633745343007584e-05,7.043676859888373e-05,1.2803023255876147e-05,,,,0.0670465889852494,0.02639696205733344,0.09344355104258284
signed_intensity,62039,dynamic_tracking,misaligned,0.006811638977558044,0.08253265400772014,2.909560602586599,0,True,0.0,1.0,1.0,0,0.0018434655877981533,0.0015294565370981086,-0.0003140090507000447,,,,0.07565378101571696,0.02637621199392015,0.10202999300963711
zero,62039,dynamic_tracking,misaligned,0.19845023070598788,0.44547753108993937,0.0,0,False,1.0,0.0,,3,0.19826769163959546,0.2001896098442773,0.0019219182046818495,,,,0.0015989449748303741,0.00024564006162108853,0.0018445850364514627
hold,62039,dynamic_tracking,misaligned,0.08444325001529393,0.29059120773914326,2.390295154044855,0,False,1.0,0.0,,3,0.10514215532017536,0.1070689437834994,0.0019267884633240445,,,,0.0016471180133521557,0.00023282894835574552,0.0018799469617079012
paired,62039,dynamic_tracking,misaligned,0.006811638977558047,0.08253265400772015,2.909560602586599,0,True,0.0,1.0,1.0,0,0.0018434655877981533,0.0015294565370981093,-0.00031400905070004407,,,,0.06565584802592639,0.024929595972935203,0.09058544399886159
paired,62039,cooperative_inventory,paired,0.008075671143957247,0.08986473804533815,3.013548661436851,0,True,0.0,1.0,4.0,0,0.00027283767945684057,5.959657691084285e-05,-0.0002132411025459977,0.0018130805263872445,0.001444665918547532,0.2421875,0.08655228705902118,0.01606385201739613,0.10261613907641731
paired_lesion,62039,cooperative_inventory,paired,0.008311256663897232,0.09116609382822778,3.1262400374478023,0,True,0.0,1.0,4.0,0,0.0011164792008249895,0.001160154562832438,4.3675362007448504e-05,0.001596301905009156,0.0017425760444435257,0.2578125,0.10209885796939489,0.01751499094098108,0.11961384891037596
diagonal,62039,cooperative_inventory,paired,0.008106169196409137,0.09003426678997913,3.1331617342530533,0,True,0.0,1.0,4.0,0,0.001046606833827239,0.00047618447613475607,-0.000570422357692483,0.0016896901371826084,0.0021002680841588637,0.25,0.08975226201437181,0.0154039080007351,0.10515617001510691
shuffled,62039,cooperative_inventory,paired,0.008260955724153397,0.09088979989060048,3.0745228081341334,0,True,0.0,1.0,4.0,0,0.00037087151018755366,0.000342627894779538,-2.824361540801568e-05,0.0017451917379184508,0.00179013102146058,0.2783203125,0.08664791197952582,0.015690635977080092,0.10233854795660591
dense,62039,cooperative_inventory,paired,0.007989286181808533,0.08938280696984478,2.9568111040716234,0,True,0.0,1.0,4.333333333333333,0,4.119000042882927e-05,1.6793718829801184e-05,-2.4396281599028087e-05,0.0019493856528243353,0.0012816536919921483,0.2529296875,0.08419040298758773,0.01592920598341152,0.10011960897099925
signed_intensity,62039,cooperative_inventory,paired,0.008075671143957247,0.08986473804533815,3.013548661436851,0,True,0.0,1.0,4.0,0,0.00027283767945684057,5.959657691084285e-05,-0.0002132411025459977,0.0018130805263872445,0.0014446659185475318,0.2421875,0.08960241700697225,0.017511247977381572,0.10711366498435382
zero,62039,cooperative_inventory,paired,0.08397559069684235,0.289785421815595,0.0,0,False,1.0,0.0,,3,0.07805413581347632,0.07805413581347632,0.0,0.011608266824990554,0.0,0.9599609375,0.002676868978596758,0.000325621003867127,0.003002489982463885
hold,62039,cooperative_inventory,paired,0.04457849306382225,0.2111361955322257,2.3317969687315236,0,False,1.0,0.3333333333333333,0.0,2,0.050091530778529625,0.04492637855537645,-0.005165152223153176,0.0005095721074201782,0.0,0.0341796875,0.0019094039671472274,0.0003082559851463884,0.002217659952293616
paired_lesion,62039,cooperative_inventory,diagonal,0.00828678321681971,0.09103177037067724,3.086240460061221,0,True,0.0,1.0,4.333333333333333,0,0.0010770600683253008,0.00022107886781655585,-0.000855981200508745,0.0007049728997893574,0.00031539469070511835,0.1611328125,0.09542184502788587,0.020087195058295038,0.1155090400861809
diagonal,62039,cooperative_inventory,diagonal,0.007609600596970032,0.08723302469231496,3.046426522627394,0,True,0.0,1.0,4.0,0,0.0005176964674351496,0.0001497279719952379,-0.00036796849543991174,0.0006906147289877748,0.00032759797910277314,0.16796875,0.09988321501441533,0.021004847949370742,0.12088806296378607
shuffled,62039,cooperative_inventory,diagonal,0.007404357402236829,0.08604857582921886,3.01002306648307,0,True,0.0,1.0,4.0,0,0.00027379696135620843,9.255515507170228e-05,-0.00018124180628450616,0.000816638970168796,0.00024606014680538245,0.19921875,0.09829116593755316,0.01963542404701002,0.11792658998456318
dense,62039,cooperative_inventory,diagonal,0.006919450605465758,0.08318323512262407,2.929982028491428,0,True,0.0,1.0,3.6666666666666665,0,8.610984169853806e-05,1.2805858402389955e-05,-7.33039832961481e-05,0.0010289247332603219,6.574829622729841e-05,0.224609375,0.11430718401243212,0.02498432905849768,0.1392915130709298
signed_intensity,62039,cooperative_inventory,diagonal,0.007420684273709004,0.08614339367420466,2.9662934595635706,0,True,0.0,1.0,4.0,0,0.0002367707183588616,5.0311839823042245e-05,-0.00018645887853581937,0.0011794091306855472,0.00028217240120938496,0.2236328125,0.09320358801778639,0.018530326007748954,0.11173391402553534
zero,62039,cooperative_inventory,diagonal,0.07436225034737827,0.27269442668924915,0.0,0,False,1.0,0.0,,3,0.07155578276666232,0.07155578276666232,0.0,0.011608266824990554,0.0,0.9599609375,0.0016745440298109315,0.0002528120166971348,0.0019273560465080664
hold,62039,cooperative_inventory,diagonal,0.04706044656270489,0.21693419869330166,2.3317969687315236,0,False,1.0,0.3333333333333333,0.0,2,0.05550976605249479,0.051670851670416296,-0.0038389143820784927,0.00035548980242518886,0.0,0.0263671875,0.0016066069510998204,0.00022961298236623406,0.0018362199334660545
paired,62039,cooperative_inventory,diagonal,0.0074206842737090046,0.08614339367420466,2.9662934595635706,0,True,0.0,1.0,4.0,0,0.0002367707183588616,5.0311839823042055e-05,-0.00018645887853581953,0.0011794091306855472,0.00028217240120938496,0.2236328125,0.08728350697492715,0.01756374000251526,0.10484724697744241
diagonal,62039,cooperative_inventory,misaligned,0.008269948044426323,0.09093925469469344,3.015019601627528,0,True,0.0,1.0,4.0,0,0.0011829285420017258,0.0003276756264524382,-0.0008552529155492876,0.001937081181237879,0.0007649474256304308,0.2685546875,0.08871026693668682,0.016537606963538565,0.10524787390022539
shuffled,62039,cooperative_inventory,misaligned,0.008598950341911403,0.09273052540512969,2.9906311554293445,0,True,0.0,1.0,4.0,0,0.0002045660059025678,0.0002671989276272153,6.26329217246475e-05,0.00203046849717157,0.0007439296376941483,0.3017578125,0.08597850499791093,0.01539611798216356,0.10137462298007449
dense,62039,cooperative_inventory,misaligned,0.0085176880559107,0.09229132167170812,2.9380356784409782,0,True,0.0,1.0,4.333333333333333,0,4.735555511111918e-05,1.700750824718902e-05,-3.0348046863930157e-05,0.002056513413952304,0.0006950187141569568,0.23828125,0.08729505204973975,0.01914174301782623,0.10643679506756598
signed_intensity,62039,cooperative_inventory,misaligned,0.008330835274173968,0.09127340945847245,2.980612289818094,0,True,0.0,1.0,4.0,0,0.00021373804103324532,6.956982785201979e-05,-0.0001441682131812255,0.0019198668704145674,0.0008161548918717776,0.2880859375,0.08772647996374872,0.015627383028913755,0.10335386299266247
zero,62039,cooperative_inventory,misaligned,0.07906366989013133,0.28118262729075444,0.0,0,False,1.0,0.0,,3,0.07471271894317505,0.07471271894317505,0.0,0.011608266824990554,0.0,0.9599609375,0.001836887990066316,0.0002731109634623863,0.0021099989535287023
hold,62039,cooperative_inventory,misaligned,0.04293653769619,0.20721133582936527,2.3317969687315236,0,False,1.0,0.0,,3,0.049543079930546616,0.044081638572191925,-0.005461441358354691,0.0005095721074201782,0.0,0.0341796875,0.0017495470237918198,0.00024829894391587004,0.00199784596770769
paired,62039,cooperative_inventory,misaligned,0.008330835274173968,0.09127340945847245,2.980612289818094,0,True,0.0,1.0,4.0,0,0.00021373804103324542,6.956982785201972e-05,-0.0001441682131812257,0.0019198668704145674,0.0008161548918717779,0.2880859375,0.08617651300301077,0.01564922094985377,0.10182573395286454
paired_lesion,62039,cooperative_inventory,misaligned,0.008861595014575547,0.09413604524609873,3.0458205443187913,0,True,0.0,1.0,4.333333333333333,0,0.0015508416004305758,0.0006682875745478177,-0.0008825540258827581,0.001873020820740962,0.0006875375528224406,0.24609375,0.091745443030959,0.025162720987282228,0.11690816401824122
paired,62040,dynamic_tracking,paired,0.008983399940304818,0.09478079942849615,2.8402945534302675,0,True,0.0,1.0,5.333333333333333,0,0.0004599122733663193,0.002269380572893504,0.0018094682995271846,,,,0.06567271699896082,0.026022136058600154,0.09169485305756098
paired_lesion,62040,dynamic_tracking,paired,0.015924579576336376,0.12619262885104016,2.94834051720412,0,True,0.0,1.0,3.3333333333333335,0,0.011159401988025818,0.0071138272421180405,-0.004045574745907778,,,,0.06753669703903142,0.026019795986940153,0.09355649302597158
diagonal,62040,dynamic_tracking,paired,0.011555791623131449,0.10749786799342324,2.846073056980317,0,True,0.0,1.0,4.666666666666667,0,0.0029438467617851093,0.005162397784506436,0.002218551022721327,,,,0.06796872195991455,0.024297856019984465,0.09226657797989901
shuffled,62040,dynamic_tracking,paired,0.0068374015595318765,0.08268858179659315,2.872027469852604,0,True,0.0,1.0,1.0,0,0.00279981759894298,0.002717888773119337,-8.192882582364275e-05,,,,0.06556925396580482,0.02475565498752985,0.09032490895333467
dense,62040,dynamic_tracking,paired,0.002593482415541203,0.05092624486000517,2.7715080208760137,0,True,0.0,1.0,1.0,0,7.486113993314545e-05,8.089671685818081e-05,6.035576925035366e-06,,,,0.06824132800102234,0.02737679298297735,0.09561812098399969
signed_intensity,62040,dynamic_tracking,paired,0.008983399940304816,0.09478079942849615,2.840294553430267,0,True,0.0,1.0,5.333333333333333,0,0.0004599122733663193,0.002269380572893505,0.0018094682995271854,,,,0.06763677496201126,0.024792705007712357,0.09242947996972362
zero,62040,dynamic_tracking,paired,0.20702074851406577,0.45499532801344866,0.0,0,False,1.0,0.0,,3,0.20642635413016058,0.20620848076186457,-0.00021787336829601212,,,,0.0018034089807770215,0.0002805039766826667,0.002083912957459688
hold,62040,dynamic_tracking,paired,0.08919584164807673,0.29865672878419586,2.475418925627497,0,False,1.0,0.0,,3,0.09559908107841245,0.0951057070708871,-0.0004933740075253462,,,,0.00187647500570165,0.0002432300170767121,0.002119705022778362
paired_lesion,62040,dynamic_tracking,diagonal,0.0044378053992291805,0.06661685521869957,2.967597436378171,0,True,0.0,1.0,0.6666666666666666,0,0.00441685418814019,0.0004194710381943881,-0.003997383149945802,,,,0.06691220198990777,0.025304157032223884,0.09221635902213166
diagonal,62040,dynamic_tracking,diagonal,0.002693123552784236,0.05189531339903668,2.8750382841362176,0,True,0.0,1.0,0.6666666666666666,0,0.0006094013548435046,0.0003668306607682531,-0.00024257069407525149,,,,0.0655116529960651,0.023909144016215578,0.08942079701228067
shuffled,62040,dynamic_tracking,diagonal,0.0021538352703180733,0.0464094308338087,2.83442705241334,0,True,0.0,1.0,0.6666666666666666,0,0.00029038573528493883,0.00028690759756483473,-3.4781377201041023e-06,,,,0.06903556801262312,0.025636950049374718,0.09467251806199783
dense,62040,dynamic_tracking,diagonal,0.0015029285015674106,0.038767621819856456,2.7526328141685026,0,True,0.0,1.0,0.3333333333333333,0,5.097566650389117e-05,5.973971680378735e-05,8.764050299896179e-06,,,,0.07290631296200445,0.026101018978806678,0.09900733194081113
signed_intensity,62040,dynamic_tracking,diagonal,0.002194375718912,0.0468441641926932,2.808340498596343,0,True,0.0,1.0,0.3333333333333333,0,0.0002786309870755829,0.0004055750162187517,0.00012694402914316876,,,,0.07485269800235983,0.027849404032167513,0.10270210203452734
zero,62040,dynamic_tracking,diagonal,0.16198439169748807,0.4024728459132219,0.0,0,False,1.0,0.0,,3,0.1814360783190045,0.18108428972212004,-0.0003517885968844503,,,,0.0016445470319013111,0.00025028000527527183,0.001894827037176583
hold,62040,dynamic_tracking,diagonal,0.07659507027662002,0.2767581440113733,2.475418925627497,0,False,1.0,0.0,,3,0.09383099207159198,0.09317138500495381,-0.0006596070666381737,,,,0.001628407058888115,0.0002655180069268681,0.001893925065814983
paired,62040,dynamic_tracking,diagonal,0.002194375718912,0.0468441641926932,2.808340498596343,0,True,0.0,1.0,0.3333333333333333,0,0.00027863098707558287,0.00040557501621875163,0.00012694402914316876,,,,0.07086704894027207,0.026732890990388114,0.09759993993066018
diagonal,62040,dynamic_tracking,misaligned,0.008368329671799535,0.09147857493314779,2.8891775252842207,0,True,0.0,1.0,1.3333333333333333,0,0.0029274722364504096,0.0023205146118328583,-0.0006069576246175512,,,,0.0874503340019146,0.02936282107111765,0.11681315507303225
shuffled,62040,dynamic_tracking,misaligned,0.007547543382136095,0.08687659858751431,2.8813548658136057,0,True,0.0,1.0,1.3333333333333333,0,0.00260073900438197,0.002320004672607354,-0.00028073433177461596,,,,0.06817091296397848,0.026632007989974227,0.09480292095395271
dense,62040,dynamic_tracking,misaligned,0.00255229655597401,0.05052025886685469,2.773973954297704,0,True,0.0,1.0,1.3333333333333333,0,4.455852752428211e-05,8.852699213766641e-05,4.39684646133843e-05,,,,0.06964917203731602,0.027744991013605613,0.09739416305092163
signed_intensity,62040,dynamic_tracking,misaligned,0.007493662139020755,0.08656594098732338,2.870361728790689,0,True,0.0,1.0,1.6666666666666667,0,0.0033530619010413835,0.0021016036454918467,-0.0012514582555495368,,,,0.06697244298266014,0.025109463087574113,0.09208190607023425
zero,62040,dynamic_tracking,misaligned,0.19432754006943148,0.44082597481254604,0.0,0,False,1.0,0.0,,3,0.22105292918961306,0.22058702808898845,-0.00046590110062461054,,,,0.0017660920057096519,0.00027522702293936163,0.0020413190286490135
hold,62040,dynamic_tracking,misaligned,0.08694696079209271,0.2948677004897158,2.475418925627497,0,False,1.0,0.0,,3,0.11939823118846071,0.11865683162962257,-0.0007413995588381461,,,,0.0019452929991530254,0.00023385299573419616,0.0021791459948872216
paired,62040,dynamic_tracking,misaligned,0.007493662139020755,0.08656594098732338,2.870361728790689,0,True,0.0,1.0,1.6666666666666667,0,0.003353061901041383,0.0021016036454918475,-0.0012514582555495355,,,,0.0675207240274176,0.030808776995399967,0.09832950102281757
paired_lesion,62040,dynamic_tracking,misaligned,0.011043622666844864,0.10508864194976003,2.9733455641878077,0,True,0.0,1.0,1.3333333333333333,0,0.011799720111310443,0.004053808238798276,-0.007745911872512167,,,,0.06845583799440647,0.025980839986004867,0.09443667798041133
paired_lesion,62040,cooperative_inventory,paired,0.010596438698491046,0.10293900474791393,3.2430255644342987,0,True,0.0,1.0,5.0,0,0.0005211362613388812,0.00109098154811487,0.0005698452867759889,0.0018231676719572213,0.002382980781709935,0.3134765625,0.10474691999115748,0.016103187030239496,0.12085010702139698
diagonal,62040,cooperative_inventory,paired,0.010238229224591507,0.10118413524160547,3.2249512141616483,0,True,0.0,1.0,5.0,0,0.0006196376415419509,0.0005422977317538298,-7.733990978812109e-05,0.0018346107707667893,0.002207486529151378,0.3037109375,0.10136928700376302,0.016369568977097515,0.11773885598086054
shuffled,62040,cooperative_inventory,paired,0.010560201235222992,0.10276283975846032,3.1564148165294768,0,True,0.0,1.0,5.0,0,0.000247887942195688,0.0004740092242704873,0.00022612128207479925,0.0018896989173465394,0.0016258634705661925,0.3408203125,0.10327092300576624,0.016669870987243485,0.11994079399300972
dense,62040,cooperative_inventory,paired,0.010364997605423965,0.10180863227361403,3.0123695356105733,0,True,0.0,1.0,5.0,0,5.427409944984936e-05,4.071569069922734e-06,-5.020253037992663e-05,0.0016033251655775552,0.0005635127858594827,0.263671875,0.08871054401242873,0.01952166601404315,0.10823221002647188
signed_intensity,62040,cooperative_inventory,paired,0.01029049317005528,0.10144206804898685,3.074137431520242,0,True,0.0,1.0,5.0,0,0.00021380824590804692,1.7332849944753328e-05,-0.00019647539596329359,0.001946990155159247,0.0012316951481517067,0.2958984375,0.11603240000840742,0.017732438034727238,0.13376483804313466
zero,62040,cooperative_inventory,paired,0.09164676890335306,0.30273217355172716,0.0,0,False,1.0,0.0,,3,0.08839244759521375,0.08839244759521375,0.0,0.011588941548539915,0.0,0.9541015625,0.0016610869861324318,0.00028651106549659744,0.0019475980516290292
hold,62040,cooperative_inventory,paired,0.04117221668510268,0.20290938047587323,2.350801534612135,0,False,1.0,0.0,,3,0.03499870546230428,0.03060238655915931,-0.004396318903144972,0.00039489211544321004,0.0,0.02734375,0.001678226974036079,0.0002511370403226465,0.0019293640143587254
paired,62040,cooperative_inventory,paired,0.01029049317005528,0.10144206804898685,3.0741374315202417,0,True,0.0,1.0,5.0,0,0.00021380824590804703,1.733284994475312e-05,-0.0001964753959632939,0.0019469901551592472,0.0012316951481517063,0.2958984375,0.10511906696774531,0.01589674793649465,0.12101581490423996
diagonal,62040,cooperative_inventory,diagonal,0.009500037194369646,0.09746813425099327,3.146772621187365,0,True,0.0,1.0,5.0,0,0.0006045931875991826,7.91346255439401e-05,-0.0005254585620552424,0.0006761223650944895,0.00044816567424302235,0.181640625,0.11278964501980226,0.01813991197559517,0.13092955699539743
shuffled,62040,cooperative_inventory,diagonal,0.009391970866663683,0.09691218120888459,3.1247797918829923,0,True,0.0,1.0,5.0,0,0.0003771151299171187,4.630594982484361e-05,-0.0003308091800922751,0.000754005642835166,0.0004058150875038324,0.201171875,0.09239048200834077,0.025787648031837307,0.11817813004017808
dense,62040,cooperative_inventory,diagonal,0.009196054211116206,0.09589605941391026,3.0282034097504944,0,True,0.0,1.0,4.666666666666667,0,9.510340105782112e-05,8.804993504742282e-06,-8.629840755307884e-05,0.0010430627831207527,0.00010892154443755038,0.21484375,0.08651994298270438,0.01789740898675518,0.10441735196945956
signed_intensity,62040,cooperative_inventory,diagonal,0.009285832823323846,0.09636302622543486,3.080835531441503,0,True,0.0,1.0,5.0,0,0.00040839728949939875,2.2320677163775204e-05,-0.00038607661233562357,0.001083915942690527,0.00045636670117621853,0.2373046875,0.0937131569662597,0.016773897979874164,0.11048705494613387
zero,62040,cooperative_inventory,diagonal,0.08182044387584594,0.2860427308565032,0.0,0,False,1.0,0.0,,3,0.08758167268857492,0.08758167268857492,0.0,0.011588941548539915,0.0,0.9541015625,0.001646750039071776,0.00025280500267399475,0.0018995550417457707
hold,62040,cooperative_inventory,diagonal,0.046336494092753915,0.2152591324259064,2.350801534612135,0,False,1.0,0.3333333333333333,0.0,2,0.05187775239726784,0.048396840934922,-0.0034809114623458454,0.00030658770179511474,0.0,0.029296875,0.0016427369628218003,0.00023244399926625192,0.0018751809620880522
paired,62040,cooperative_inventory,diagonal,0.009285832823323846,0.09636302622543486,3.080835531441503,0,True,0.0,1.0,5.0,0,0.00040839728949939886,2.2320677163775204e-05,-0.0003860766123356237,0.0010839159426905272,0.00045636670117621837,0.2373046875,0.09640166001190664,0.03528313192509813,0.13168479193700477
paired_lesion,62040,cooperative_inventory,diagonal,0.01010771255854113,0.10053712030161362,3.1875963394978237,0,True,0.0,1.0,5.0,0,0.0005923097749735283,0.00014493725053520883,-0.0004473725244383195,0.000773659230584808,0.0005462736668438932,0.1923828125,0.11042676603392465,0.019645355037937406,0.13007212107186206
shuffled,62040,cooperative_inventory,misaligned,0.009295866231443344,0.09641507263619804,3.1061482320014893,0,True,0.0,1.0,4.333333333333333,0,0.0005792071323873931,0.0005033785403842726,-7.582859200312058e-05,0.0029892621427559376,0.0021899989859941746,0.3310546875,0.10518768704059767,0.01797643599275034,0.123164123033348
dense,62040,cooperative_inventory,misaligned,0.009037498854887043,0.09506576068641666,3.0007950073673015,0,True,0.0,1.0,4.333333333333333,0,0.00044767510012881873,5.097865984901763e-05,-0.0003966964402798011,0.002204373918985705,0.001130544572649106,0.2744140625,0.09647639304603217,0.01865722899674438,0.11513362204277655
signed_intensity,62040,cooperative_inventory,misaligned,0.009367964058435088,0.09678824338955165,3.095656622340975,0,True,0.0,1.0,4.333333333333333,0,0.0004359635597811493,8.346611441980336e-05,-0.00035249744536134596,0.002654063326768526,0.0019391304491626073,0.326171875,0.10169151103764307,0.016491581001901068,0.11818309203954414
zero,62040,cooperative_inventory,misaligned,0.0852926172150803,0.2920489979696563,0.0,0,False,1.0,0.0,,3,0.08780130503023863,0.08780130503023863,0.0,0.011588941548539915,0.0,0.9541015625,0.001600093994056806,0.0002792639716062695,0.0018793579656630754
hold,62040,cooperative_inventory,misaligned,0.03793763991659243,0.1947758709814756,2.350801534612135,0,False,1.0,0.0,,3,0.03703092564052457,0.03191280533540387,-0.005118120305120703,0.00039489211544321004,0.0,0.02734375,0.0016832280598464422,0.0002809029756463133,0.0019641310354927555
paired,62040,cooperative_inventory,misaligned,0.009367964058435088,0.09678824338955165,3.095656622340975,0,True,0.0,1.0,4.333333333333333,0,0.00043596355978115046,8.346611441980336e-05,-0.0003524974453613471,0.002654063326768527,0.0019391304491626076,0.326171875,0.12525671000184957,0.02153667199308984,0.1467933819949394
paired_lesion,62040,cooperative_inventory,misaligned,0.0098151666868987,0.09907152308760929,3.2425156400964728,0,True,0.0,1.0,4.666666666666667,0,6.625998338303263e-05,0.0014225871803035285,0.0013563271969204958,0.0028495508760248344,0.0026571030679917815,0.3212890625,0.10205983206105884,0.016933027014601976,0.11899285907566082
diagonal,62040,cooperative_inventory,misaligned,0.009267584312768064,0.09626829339283036,3.112083464709279,0,True,0.0,1.0,4.333333333333333,0,0.00032261755990021243,0.0005044288865837844,0.00018181132668357194,0.0026132248888688938,0.0017720422052365594,0.3115234375,0.09930157705093734,0.015627247019438073,0.11492882407037541
