seed,family,topology,resource,mode,loss,cost,post_switch_loss,return_loss,saturation,violations,runtime_seconds
901001,linear,aligned,ample,full,0.0026435979621721446,0.4298251470223931,0.006637279376982306,0.0010861629923590596,0.03125,0,0.020227431000193974
901001,linear,aligned,ample,no_K,0.0026435979621721446,0.4298251470223931,0.006637279376982306,0.0010861629923590596,0.03125,0,0.018766153999877133
901001,linear,aligned,ample,no_W,0.0026435979621721446,0.4298251470223931,0.006637279376982306,0.0010861629923590596,0.03125,0,0.01806605099972103
901001,linear,aligned,ample,no_WK,0.0026435979621721446,0.4298251470223931,0.006637279376982306,0.0010861629923590596,0.03125,0,0.01837636499982409
901001,linear,aligned,ample,retuned_zero,0.0026435979621721446,0.4298251470223931,0.006637279376982306,0.0010861629923590596,0.03125,0,0.01799352300031387
901001,linear,aligned,ample,rewired,0.0026435979621721446,0.4298251470223931,0.006637279376982306,0.0010861629923590596,0.03125,0,0.023500497999805248
901001,linear,aligned,ample,reverse,0.0026435979621721446,0.4298251470223931,0.006637279376982306,0.0010861629923590596,0.03125,0,0.018237868999790408
901001,linear,aligned,ample,generic_nonlinear,0.0026435979621721446,0.4298251470223931,0.006637279376982306,0.0010861629923590596,0.03125,0,0.016918274999795813
901001,linear,aligned,ample,generic_equivalent,0.0026435979621721446,0.4298251470223931,0.006637279376982306,0.0010861629923590596,0.03125,0,0.016317994999894836
901001,linear,aligned,ample,signed_intensity,0.0026435979621721446,0.4298251470223931,0.006637279376982305,0.0010861629923590596,0.03125,0,0.02925616600043668
901001,linear,aligned,ample,gradient,0.0032506132272574796,0.43129109954905775,0.00922736899160683,0.0015956978531697032,0.03125,0,0.015559146000157398
901001,linear,aligned,ample,zero_negative,0.23892270402689206,0.0,0.26451020621455185,0.18155848604366598,1.0,0,0.014681653000138795
901001,linear,aligned,scarce,full,0.006291861471727385,0.39307519089541226,0.013036484665299048,0.0013800890502058038,0.03125,0,0.01852014500025234
901001,linear,aligned,scarce,no_K,0.006291861471727385,0.39307519089541226,0.013036484665299048,0.0013800890502058038,0.03125,0,0.01836909700017486
901001,linear,aligned,scarce,no_W,0.006291861471727385,0.39307519089541226,0.013036484665299048,0.0013800890502058038,0.03125,0,0.018263863000072433
901001,linear,aligned,scarce,no_WK,0.006291861471727385,0.39307519089541226,0.013036484665299048,0.0013800890502058038,0.03125,0,0.018234334000339913
901001,linear,aligned,scarce,retuned_zero,0.006291861471727385,0.39307519089541226,0.013036484665299048,0.0013800890502058038,0.03125,0,0.01797366100021236
901001,linear,aligned,scarce,rewired,0.006291861471727385,0.39307519089541226,0.013036484665299048,0.0013800890502058038,0.03125,0,0.01832306600033462
901001,linear,aligned,scarce,reverse,0.006291861471727385,0.39307519089541226,0.013036484665299048,0.0013800890502058038,0.03125,0,0.017894419000072048
901001,linear,aligned,scarce,generic_nonlinear,0.006291861471727385,0.39307519089541226,0.013036484665299048,0.0013800890502058038,0.03125,0,0.016818510999883074
901001,linear,aligned,scarce,generic_equivalent,0.006291861471727385,0.39307519089541226,0.013036484665299048,0.0013800890502058038,0.03125,0,0.01633523000009518
901001,linear,aligned,scarce,signed_intensity,0.006291861471727385,0.39307519089541226,0.013036484665299048,0.0013800890502058038,0.03125,0,0.029275331999542686
901001,linear,aligned,scarce,gradient,0.006870469928915404,0.39321126078265956,0.01388732392368998,0.0016175208786223714,0.03125,0,0.015608308999617293
901001,linear,aligned,scarce,zero_negative,0.23892270402689206,0.0,0.26451020621455185,0.18155848604366598,1.0,0,0.015077949999977136
901001,linear,rewired,ample,full,0.002202251099785896,0.42985196293920613,0.005697922143240295,0.0006431709361793786,0.03125,0,0.018924220999906538
901001,linear,rewired,ample,no_K,0.002202251099785896,0.42985196293920613,0.005697922143240295,0.0006431709361793786,0.03125,0,0.01845984299933434
901001,linear,rewired,ample,no_W,0.002202251099785896,0.42985196293920613,0.005697922143240295,0.0006431709361793786,0.03125,0,0.018162889999985055
901001,linear,rewired,ample,no_WK,0.002202251099785896,0.42985196293920613,0.005697922143240295,0.0006431709361793786,0.03125,0,0.01838367800019114
901001,linear,rewired,ample,retuned_zero,0.002202251099785896,0.42985196293920613,0.005697922143240295,0.0006431709361793786,0.03125,0,0.01806788000016013
901001,linear,rewired,ample,rewired,0.002202251099785896,0.42985196293920613,0.005697922143240295,0.0006431709361793786,0.03125,0,0.018589594999866677
901001,linear,rewired,ample,reverse,0.002202251099785896,0.42985196293920613,0.005697922143240295,0.0006431709361793786,0.03125,0,0.018358155999919745
901001,linear,rewired,ample,generic_nonlinear,0.002202251099785896,0.42985196293920613,0.005697922143240295,0.0006431709361793786,0.03125,0,0.016687325999726
901001,linear,rewired,ample,generic_equivalent,0.002202251099785896,0.42985196293920613,0.005697922143240295,0.0006431709361793786,0.03125,0,0.016258080999818958
901001,linear,rewired,ample,signed_intensity,0.002202251099785896,0.42985196293920613,0.005697922143240295,0.0006431709361793786,0.03125,0,0.028726141000049665
901001,linear,rewired,ample,gradient,0.0028353070022227467,0.4292274978828574,0.00862789106485148,0.0015925995521028934,0.03125,0,0.015861672000028193
901001,linear,rewired,ample,zero_negative,0.23892270402689206,0.0,0.26451020621455185,0.18155848604366598,1.0,0,0.014520079999726931
901001,linear,rewired,scarce,full,0.0058962157592815515,0.3925935811290817,0.012263982771278888,0.0009966447647262635,0.03125,0,0.018560170999819547
901001,linear,rewired,scarce,no_K,0.0058962157592815515,0.3925935811290817,0.012263982771278888,0.0009966447647262635,0.03125,0,0.018015027999751965
901001,linear,rewired,scarce,no_W,0.0058962157592815515,0.3925935811290817,0.012263982771278888,0.0009966447647262635,0.03125,0,0.018382971999699294
901001,linear,rewired,scarce,no_WK,0.0058962157592815515,0.3925935811290817,0.012263982771278888,0.0009966447647262635,0.03125,0,0.01868750499977523
901001,linear,rewired,scarce,retuned_zero,0.0058962157592815515,0.3925935811290817,0.012263982771278888,0.0009966447647262635,0.03125,0,0.025357434000511603
901001,linear,rewired,scarce,rewired,0.0058962157592815515,0.3925935811290817,0.012263982771278888,0.0009966447647262635,0.03125,0,0.01861381900005199
901001,linear,rewired,scarce,reverse,0.0058962157592815515,0.3925935811290817,0.012263982771278888,0.0009966447647262635,0.03125,0,0.018720097000311853
901001,linear,rewired,scarce,generic_nonlinear,0.0058962157592815515,0.3925935811290817,0.012263982771278888,0.0009966447647262635,0.03125,0,0.016800200000602672
901001,linear,rewired,scarce,generic_equivalent,0.0058962157592815515,0.3925935811290817,0.012263982771278888,0.0009966447647262635,0.03125,0,0.016374036999650343
901001,linear,rewired,scarce,signed_intensity,0.0058962157592815515,0.3925935811290817,0.012263982771278888,0.0009966447647262635,0.03125,0,0.029384052000125394
901001,linear,rewired,scarce,gradient,0.006917276669319823,0.3925143354497557,0.014413491750732992,0.0017324864278512242,0.03125,0,0.0162296960003232
901001,linear,rewired,scarce,zero_negative,0.23892270402689206,0.0,0.26451020621455185,0.18155848604366598,1.0,0,0.014898934999735047
901001,linear,absent,ample,full,0.002256267341096133,0.4589187044469071,0.004379748639143802,0.00015469874076786934,0.03125,0,0.018421507999562436
901001,linear,absent,ample,no_K,0.002256267341096133,0.4589187044469071,0.004379748639143802,0.00015469874076786934,0.03125,0,0.018482794999897578
901001,linear,absent,ample,no_W,0.002256267341096133,0.4589187044469071,0.004379748639143802,0.00015469874076786934,0.03125,0,0.018337680000058754
901001,linear,absent,ample,no_WK,0.002256267341096133,0.4589187044469071,0.004379748639143802,0.00015469874076786934,0.03125,0,0.018273074999967776
901001,linear,absent,ample,retuned_zero,0.002256267341096133,0.4589187044469071,0.004379748639143802,0.00015469874076786934,0.03125,0,0.02404755999992858
901001,linear,absent,ample,rewired,0.002256267341096133,0.4589187044469071,0.004379748639143802,0.00015469874076786934,0.03125,0,0.017989593000152126
901001,linear,absent,ample,reverse,0.002256267341096133,0.4589187044469071,0.004379748639143802,0.00015469874076786934,0.03125,0,0.018613715999833857
901001,linear,absent,ample,generic_nonlinear,0.002256267341096133,0.4589187044469071,0.004379748639143802,0.00015469874076786934,0.03125,0,0.01662374000005684
901001,linear,absent,ample,generic_equivalent,0.002256267341096133,0.4589187044469071,0.004379748639143802,0.00015469874076786934,0.03125,0,0.016116236000527806
901001,linear,absent,ample,signed_intensity,0.002256267341096133,0.4589187044469071,0.004379748639143802,0.00015469874076786934,0.03125,0,0.031382377999591426
901001,linear,absent,ample,gradient,0.00247746331648008,0.4586069731817455,0.005536285114367999,0.0002985463717383734,0.03125,0,0.015501619000076516
901001,linear,absent,ample,zero_negative,0.23892270402689206,0.0,0.26451020621455185,0.18155848604366598,1.0,0,0.014522896999778823
901001,linear,absent,scarce,full,0.009511766118832202,0.39748532971594686,0.017160525319509845,0.0024508412658986634,0.03125,0,0.01874748900013401
901001,linear,absent,scarce,no_K,0.009511766118832202,0.39748532971594686,0.017160525319509845,0.0024508412658986634,0.03125,0,0.01828574999990451
901001,linear,absent,scarce,no_W,0.009511766118832202,0.39748532971594686,0.017160525319509845,0.0024508412658986634,0.03125,0,0.018558492999829923
901001,linear,absent,scarce,no_WK,0.009511766118832202,0.39748532971594686,0.017160525319509845,0.0024508412658986634,0.03125,0,0.018400731999520303
901001,linear,absent,scarce,retuned_zero,0.009511766118832202,0.39748532971594686,0.017160525319509845,0.0024508412658986634,0.03125,0,0.02352996700045651
901001,linear,absent,scarce,rewired,0.009511766118832202,0.39748532971594686,0.017160525319509845,0.0024508412658986634,0.03125,0,0.01780041399968013
901001,linear,absent,scarce,reverse,0.009511766118832202,0.39748532971594686,0.017160525319509845,0.0024508412658986634,0.03125,0,0.01797383500036176
901001,linear,absent,scarce,generic_nonlinear,0.009511766118832202,0.39748532971594686,0.017160525319509845,0.0024508412658986634,0.03125,0,0.016739457000596758
901001,linear,absent,scarce,generic_equivalent,0.009511766118832202,0.39748532971594686,0.017160525319509845,0.0024508412658986634,0.03125,0,0.016332327999236895
901001,linear,absent,scarce,signed_intensity,0.009511766118832202,0.39748532971594686,0.017160525319509845,0.0024508412658986634,0.03125,0,0.029280315000335122
901001,linear,absent,scarce,gradient,0.010028571778120292,0.39753054068392235,0.01791257141631687,0.0026227603186041097,0.03125,0,0.015451843999755965
901001,linear,absent,scarce,zero_negative,0.23892270402689206,0.0,0.26451020621455185,0.18155848604366598,1.0,0,0.014954315000125007
901001,congestion,aligned,ample,full,0.0030145548024064833,0.46385852364173774,0.008550997108621256,0.0013261411690460487,0.03125,0,0.019411574000059773
901001,congestion,aligned,ample,no_K,0.0030145548024064833,0.46385852364173774,0.008550997108621256,0.0013261411690460487,0.03125,0,0.01845036400021627
901001,congestion,aligned,ample,no_W,0.0030145548024064833,0.46385852364173774,0.008550997108621256,0.0013261411690460487,0.03125,0,0.017933736999623306
901001,congestion,aligned,ample,no_WK,0.0030145548024064833,0.46385852364173774,0.008550997108621256,0.0013261411690460487,0.03125,0,0.018532655000058185
901001,congestion,aligned,ample,retuned_zero,0.0030145548024064833,0.46385852364173774,0.008550997108621256,0.0013261411690460487,0.03125,0,0.02477214500044056
901001,congestion,aligned,ample,rewired,0.0030145548024064833,0.46385852364173774,0.008550997108621256,0.0013261411690460487,0.03125,0,0.018058460000361265
901001,congestion,aligned,ample,reverse,0.0030145548024064833,0.46385852364173774,0.008550997108621256,0.0013261411690460487,0.03125,0,0.01869314700019231
901001,congestion,aligned,ample,generic_nonlinear,0.0030145548024064833,0.46385852364173774,0.008550997108621256,0.0013261411690460487,0.03125,0,0.017265389999806757
901001,congestion,aligned,ample,generic_equivalent,0.0030145548024064833,0.46385852364173774,0.008550997108621256,0.0013261411690460487,0.03125,0,0.016677642999866293
901001,congestion,aligned,ample,signed_intensity,0.0030145548024064833,0.46385852364173774,0.008550997108621256,0.0013261411690460487,0.03125,0,0.029525646000422512
901001,congestion,aligned,ample,gradient,0.003892330154797596,0.4647077642238274,0.012559613489617495,0.002287721758268238,0.03125,0,0.0166353230000027
901001,congestion,aligned,ample,zero_negative,0.23892270402689206,0.0,0.26451020621455185,0.18155848604366598,1.0,0,0.015071631000012076
901001,congestion,aligned,scarce,full,0.0103615481020553,0.3953511152494873,0.02069530531914855,0.0046380978337244826,0.03125,0,0.018722933999470115
901001,congestion,aligned,scarce,no_K,0.0103615481020553,0.3953511152494873,0.02069530531914855,0.0046380978337244826,0.03125,0,0.01834100700000363
901001,congestion,aligned,scarce,no_W,0.0103615481020553,0.3953511152494873,0.02069530531914855,0.0046380978337244826,0.03125,0,0.018493891000161966
901001,congestion,aligned,scarce,no_WK,0.0103615481020553,0.3953511152494873,0.02069530531914855,0.0046380978337244826,0.03125,0,0.018660853000312727
901001,congestion,aligned,scarce,retuned_zero,0.0103615481020553,0.3953511152494873,0.02069530531914855,0.0046380978337244826,0.03125,0,0.018666910000149528
901001,congestion,aligned,scarce,rewired,0.0103615481020553,0.3953511152494873,0.02069530531914855,0.0046380978337244826,0.03125,0,0.018855829000472113
901001,congestion,aligned,scarce,reverse,0.0103615481020553,0.3953511152494873,0.02069530531914855,0.0046380978337244826,0.03125,0,0.018647598000029575
901001,congestion,aligned,scarce,generic_nonlinear,0.0103615481020553,0.3953511152494873,0.02069530531914855,0.0046380978337244826,0.03125,0,0.017034950999914145
901001,congestion,aligned,scarce,generic_equivalent,0.0103615481020553,0.3953511152494873,0.02069530531914855,0.0046380978337244826,0.03125,0,0.01655099599975074
901001,congestion,aligned,scarce,signed_intensity,0.0103615481020553,0.3953511152494873,0.02069530531914855,0.0046380978337244826,0.03125,0,0.029343785000151
901001,congestion,aligned,scarce,gradient,0.011571972308861617,0.3955384818238835,0.02211808210681346,0.005485486692078153,0.03125,0,0.015835478999690622
901001,congestion,aligned,scarce,zero_negative,0.23892270402689206,0.0,0.26451020621455185,0.18155848604366598,1.0,0,0.014857955000024958
901001,congestion,rewired,ample,full,0.0032268122055811037,0.46054210646112426,0.00846838697978588,0.0009790062281718524,0.03125,0,0.018775886000184983
901001,congestion,rewired,ample,no_K,0.0032268122055811037,0.46054210646112426,0.00846838697978588,0.0009790062281718524,0.03125,0,0.01880248799960782
901001,congestion,rewired,ample,no_W,0.0032268122055811037,0.46054210646112426,0.00846838697978588,0.0009790062281718524,0.03125,0,0.018648013999779778
901001,congestion,rewired,ample,no_WK,0.0032268122055811037,0.46054210646112426,0.00846838697978588,0.0009790062281718524,0.03125,0,0.025015727999686987
901001,congestion,rewired,ample,retuned_zero,0.0032268122055811037,0.46054210646112426,0.00846838697978588,0.0009790062281718524,0.03125,0,0.02084503800000448
901001,congestion,rewired,ample,rewired,0.0032268122055811037,0.46054210646112426,0.00846838697978588,0.0009790062281718524,0.03125,0,0.019155978000185314
901001,congestion,rewired,ample,reverse,0.0032268122055811037,0.46054210646112426,0.00846838697978588,0.0009790062281718524,0.03125,0,0.018819975999804228
901001,congestion,rewired,ample,generic_nonlinear,0.0032268122055811037,0.46054210646112426,0.00846838697978588,0.0009790062281718524,0.03125,0,0.016922437999880913
901001,congestion,rewired,ample,generic_equivalent,0.0032268122055811037,0.46054210646112426,0.00846838697978588,0.0009790062281718524,0.03125,0,0.016481009000017366
901001,congestion,rewired,ample,signed_intensity,0.0032268122055811037,0.46054210646112426,0.00846838697978588,0.0009790062281718524,0.03125,0,0.029400386000702383
901001,congestion,rewired,ample,gradient,0.0035612101830553265,0.4585803492931639,0.009874511199710343,0.0012716278707757057,0.03125,0,0.0157445759998609
901001,congestion,rewired,ample,zero_negative,0.23892270402689206,0.0,0.26451020621455185,0.18155848604366598,1.0,0,0.014718783000148505
901001,congestion,rewired,scarce,full,0.009645528394174874,0.39566237284422756,0.018513386964320748,0.0040705882468258375,0.03125,0,0.018853573999933815
901001,congestion,rewired,scarce,no_K,0.009645528394174874,0.39566237284422756,0.018513386964320748,0.0040705882468258375,0.03125,0,0.019083777000162172
901001,congestion,rewired,scarce,no_W,0.009645528394174874,0.39566237284422756,0.018513386964320748,0.0040705882468258375,0.03125,0,0.0185721550000153
901001,congestion,rewired,scarce,no_WK,0.009645528394174874,0.39566237284422756,0.018513386964320748,0.0040705882468258375,0.03125,0,0.024302653999541235
901001,congestion,rewired,scarce,retuned_zero,0.009645528394174874,0.39566237284422756,0.018513386964320748,0.0040705882468258375,0.03125,0,0.018694321999930708
901001,congestion,rewired,scarce,rewired,0.009645528394174874,0.39566237284422756,0.018513386964320748,0.0040705882468258375,0.03125,0,0.018088785000088592
901001,congestion,rewired,scarce,reverse,0.009645528394174874,0.39566237284422756,0.018513386964320748,0.0040705882468258375,0.03125,0,0.01806567100004486
901001,congestion,rewired,scarce,generic_nonlinear,0.009645528394174874,0.39566237284422756,0.018513386964320748,0.0040705882468258375,0.03125,0,0.017006661000266377
901001,congestion,rewired,scarce,generic_equivalent,0.009645528394174874,0.39566237284422756,0.018513386964320748,0.0040705882468258375,0.03125,0,0.01687919000033844
901001,congestion,rewired,scarce,signed_intensity,0.009645528394174874,0.39566237284422756,0.018513386964320748,0.0040705882468258375,0.03125,0,0.029769992999774786
901001,congestion,rewired,scarce,gradient,0.010405151341095556,0.3957100302688391,0.019245914826463015,0.004336993592885566,0.03125,0,0.015819260999819562
901001,congestion,rewired,scarce,zero_negative,0.23892270402689206,0.0,0.26451020621455185,0.18155848604366598,1.0,0,0.015408579999871108
901001,congestion,absent,ample,full,0.002256267341096133,0.4589187044469071,0.004379748639143802,0.00015469874076786934,0.03125,0,0.018897310000170364
901001,congestion,absent,ample,no_K,0.002256267341096133,0.4589187044469071,0.004379748639143802,0.00015469874076786934,0.03125,0,0.01836916300004532
901001,congestion,absent,ample,no_W,0.002256267341096133,0.4589187044469071,0.004379748639143802,0.00015469874076786934,0.03125,0,0.01801088200028289
901001,congestion,absent,ample,no_WK,0.002256267341096133,0.4589187044469071,0.004379748639143802,0.00015469874076786934,0.03125,0,0.01850828900006718
901001,congestion,absent,ample,retuned_zero,0.002256267341096133,0.4589187044469071,0.004379748639143802,0.00015469874076786934,0.03125,0,0.018340495000472856
901001,congestion,absent,ample,rewired,0.002256267341096133,0.4589187044469071,0.004379748639143802,0.00015469874076786934,0.03125,0,0.01781770300055996
901001,congestion,absent,ample,reverse,0.002256267341096133,0.4589187044469071,0.004379748639143802,0.00015469874076786934,0.03125,0,0.018277783999621988
901001,congestion,absent,ample,generic_nonlinear,0.002256267341096133,0.4589187044469071,0.004379748639143802,0.00015469874076786934,0.03125,0,0.016557488999751513
901001,congestion,absent,ample,generic_equivalent,0.002256267341096133,0.4589187044469071,0.004379748639143802,0.00015469874076786934,0.03125,0,0.016201914000362194
901001,congestion,absent,ample,signed_intensity,0.002256267341096133,0.4589187044469071,0.004379748639143802,0.00015469874076786934,0.03125,0,0.02927966099986179
901001,congestion,absent,ample,gradient,0.00247746331648008,0.4586069731817455,0.005536285114367999,0.0002985463717383734,0.03125,0,0.015903482000339864
901001,congestion,absent,ample,zero_negative,0.23892270402689206,0.0,0.26451020621455185,0.18155848604366598,1.0,0,0.014593774000161375
901001,congestion,absent,scarce,full,0.009511766118832202,0.39748532971594686,0.017160525319509845,0.0024508412658986634,0.03125,0,0.018612947000065105
901001,congestion,absent,scarce,no_K,0.009511766118832202,0.39748532971594686,0.017160525319509845,0.0024508412658986634,0.03125,0,0.01804952800000592
901001,congestion,absent,scarce,no_W,0.009511766118832202,0.39748532971594686,0.017160525319509845,0.0024508412658986634,0.03125,0,0.018429932999879384
901001,congestion,absent,scarce,no_WK,0.009511766118832202,0.39748532971594686,0.017160525319509845,0.0024508412658986634,0.03125,0,0.023640006999528396
901001,congestion,absent,scarce,retuned_zero,0.009511766118832202,0.39748532971594686,0.017160525319509845,0.0024508412658986634,0.03125,0,0.0181804240000929
901001,congestion,absent,scarce,rewired,0.009511766118832202,0.39748532971594686,0.017160525319509845,0.0024508412658986634,0.03125,0,0.01827691899961792
901001,congestion,absent,scarce,reverse,0.009511766118832202,0.39748532971594686,0.017160525319509845,0.0024508412658986634,0.03125,0,0.018039810999766814
901001,congestion,absent,scarce,generic_nonlinear,0.009511766118832202,0.39748532971594686,0.017160525319509845,0.0024508412658986634,0.03125,0,0.016680657999984305
901001,congestion,absent,scarce,generic_equivalent,0.009511766118832202,0.39748532971594686,0.017160525319509845,0.0024508412658986634,0.03125,0,0.016124388999628536
901001,congestion,absent,scarce,signed_intensity,0.009511766118832202,0.39748532971594686,0.017160525319509845,0.0024508412658986634,0.03125,0,0.028553409999801715
901001,congestion,absent,scarce,gradient,0.010028571778120292,0.39753054068392235,0.01791257141631687,0.0026227603186041097,0.03125,0,0.01579392700017479
901001,congestion,absent,scarce,zero_negative,0.23892270402689206,0.0,0.26451020621455185,0.18155848604366598,1.0,0,0.014581092999776502
901002,linear,aligned,ample,full,0.006827907018847099,0.4424228475763607,0.012797205121958824,0.0017878724733364421,0.03125,0,0.018594697000310134
901002,linear,aligned,ample,no_K,0.006827907018847099,0.4424228475763607,0.012797205121958824,0.0017878724733364421,0.03125,0,0.018424570999968637
901002,linear,aligned,ample,no_W,0.006827907018847099,0.4424228475763607,0.012797205121958824,0.0017878724733364421,0.03125,0,0.024017438999635488
901002,linear,aligned,ample,no_WK,0.006827907018847099,0.4424228475763607,0.012797205121958824,0.0017878724733364421,0.03125,0,0.01850702399980264
901002,linear,aligned,ample,retuned_zero,0.006827907018847099,0.4424228475763607,0.012797205121958824,0.0017878724733364421,0.03125,0,0.018465636000087216
901002,linear,aligned,ample,rewired,0.006827907018847099,0.4424228475763607,0.012797205121958824,0.0017878724733364421,0.03125,0,0.019408111000132067
901002,linear,aligned,ample,reverse,0.006827907018847099,0.4424228475763607,0.012797205121958824,0.0017878724733364421,0.03125,0,0.01837113100032184
901002,linear,aligned,ample,generic_nonlinear,0.006827907018847099,0.4424228475763607,0.012797205121958824,0.0017878724733364421,0.03125,0,0.016703991999634127
901002,linear,aligned,ample,generic_equivalent,0.006827907018847099,0.4424228475763607,0.012797205121958824,0.0017878724733364421,0.03125,0,0.016434720000575
901002,linear,aligned,ample,signed_intensity,0.006827907018847099,0.4424228475763607,0.012797205121958824,0.0017878724733364421,0.03125,0,0.029181761999950595
901002,linear,aligned,ample,gradient,0.0075640787242638235,0.43952826217122914,0.015839209725446095,0.0028704717218462276,0.03125,0,0.01559625999976788
901002,linear,aligned,ample,zero_negative,0.26509734542329044,0.0,0.2723125444824675,0.29139489836379895,1.0,0,0.014735702000052697
901002,linear,aligned,scarce,full,0.009638998386858659,0.39297894580876525,0.01614930983869317,0.009326493340624971,0.03125,0,0.01864992100007612
901002,linear,aligned,scarce,no_K,0.009638998386858659,0.39297894580876525,0.01614930983869317,0.009326493340624971,0.03125,0,0.018724440000198683
901002,linear,aligned,scarce,no_W,0.009638998386858659,0.39297894580876525,0.01614930983869317,0.009326493340624971,0.03125,0,0.024024649000182308
901002,linear,aligned,scarce,no_WK,0.009638998386858659,0.39297894580876525,0.01614930983869317,0.009326493340624971,0.03125,0,0.01835926700005075
901002,linear,aligned,scarce,retuned_zero,0.009638998386858659,0.39297894580876525,0.01614930983869317,0.009326493340624971,0.03125,0,0.01853788500011433
901002,linear,aligned,scarce,rewired,0.009638998386858659,0.39297894580876525,0.01614930983869317,0.009326493340624971,0.03125,0,0.01796537999979364
901002,linear,aligned,scarce,reverse,0.009638998386858659,0.39297894580876525,0.01614930983869317,0.009326493340624971,0.03125,0,0.01812003100064885
901002,linear,aligned,scarce,generic_nonlinear,0.009638998386858659,0.39297894580876525,0.01614930983869317,0.009326493340624971,0.03125,0,0.01707853500033707
901002,linear,aligned,scarce,generic_equivalent,0.009638998386858659,0.39297894580876525,0.01614930983869317,0.009326493340624971,0.03125,0,0.016572661999816773
901002,linear,aligned,scarce,signed_intensity,0.009638998386858659,0.39297894580876525,0.01614930983869317,0.009326493340624971,0.03125,0,0.0294729610000104
901002,linear,aligned,scarce,gradient,0.010210080166241451,0.39279707320389406,0.018829281262298596,0.009987885310795896,0.03125,0,0.015541131000020414
901002,linear,aligned,scarce,zero_negative,0.26509734542329044,0.0,0.2723125444824675,0.29139489836379895,1.0,0,0.01651750500025173
901002,linear,rewired,ample,full,0.006296226807420236,0.4404625811770648,0.012644808570157144,0.0023814585640570475,0.03125,0,0.01862248599979921
901002,linear,rewired,ample,no_K,0.006296226807420236,0.4404625811770648,0.012644808570157144,0.0023814585640570475,0.03125,0,0.01825085199965315
901002,linear,rewired,ample,no_W,0.006296226807420236,0.4404625811770648,0.012644808570157144,0.0023814585640570475,0.03125,0,0.018481594000093082
901002,linear,rewired,ample,no_WK,0.006296226807420236,0.4404625811770648,0.012644808570157144,0.0023814585640570475,0.03125,0,0.018517037999970398
901002,linear,rewired,ample,retuned_zero,0.006296226807420236,0.4404625811770648,0.012644808570157144,0.0023814585640570475,0.03125,0,0.019440409000026193
901002,linear,rewired,ample,rewired,0.006296226807420236,0.4404625811770648,0.012644808570157144,0.0023814585640570475,0.03125,0,0.018247402000270085
901002,linear,rewired,ample,reverse,0.006296226807420236,0.4404625811770648,0.012644808570157144,0.0023814585640570475,0.03125,0,0.018331380999995872
901002,linear,rewired,ample,generic_nonlinear,0.006296226807420236,0.4404625811770648,0.012644808570157144,0.0023814585640570475,0.03125,0,0.016754615999786893
901002,linear,rewired,ample,generic_equivalent,0.006296226807420236,0.4404625811770648,0.012644808570157144,0.0023814585640570475,0.03125,0,0.016483779000168397
901002,linear,rewired,ample,signed_intensity,0.006296226807420236,0.4404625811770648,0.012644808570157144,0.0023814585640570475,0.03125,0,0.029149802000176805
901002,linear,rewired,ample,gradient,0.009146073918378898,0.43965062957924694,0.02456058048577092,0.009166202501118909,0.03125,0,0.016013873000474632
901002,linear,rewired,ample,zero_negative,0.26509734542329044,0.0,0.2723125444824675,0.29139489836379895,1.0,0,0.014711271000066972
901002,linear,rewired,scarce,full,0.00962411185563909,0.39344276567771563,0.017466290852347428,0.010440252326699406,0.03125,0,0.01869344699997555
901002,linear,rewired,scarce,no_K,0.00962411185563909,0.39344276567771563,0.017466290852347428,0.010440252326699406,0.03125,0,0.01809945700017579
901002,linear,rewired,scarce,no_W,0.00962411185563909,0.39344276567771563,0.017466290852347428,0.010440252326699406,0.03125,0,0.018458691999683197
901002,linear,rewired,scarce,no_WK,0.00962411185563909,0.39344276567771563,0.017466290852347428,0.010440252326699406,0.03125,0,0.018335204000436534
901002,linear,rewired,scarce,retuned_zero,0.00962411185563909,0.39344276567771563,0.017466290852347428,0.010440252326699406,0.03125,0,0.018231862999698478
901002,linear,rewired,scarce,rewired,0.00962411185563909,0.39344276567771563,0.017466290852347428,0.010440252326699406,0.03125,0,0.018286485999453816
901002,linear,rewired,scarce,reverse,0.00962411185563909,0.39344276567771563,0.017466290852347428,0.010440252326699406,0.03125,0,0.018618718999903194
901002,linear,rewired,scarce,generic_nonlinear,0.00962411185563909,0.39344276567771563,0.017466290852347428,0.010440252326699406,0.03125,0,0.016837106000309632
901002,linear,rewired,scarce,generic_equivalent,0.00962411185563909,0.39344276567771563,0.017466290852347428,0.010440252326699406,0.03125,0,0.016259621999665796
901002,linear,rewired,scarce,signed_intensity,0.00962411185563909,0.39344276567771563,0.017466290852347428,0.010440252326699406,0.03125,0,0.029047181000521505
901002,linear,rewired,scarce,gradient,0.011680093368436855,0.39270307396272675,0.026251853829424496,0.01461214384855257,0.03125,0,0.015679885999929866
901002,linear,rewired,scarce,zero_negative,0.26509734542329044,0.0,0.2723125444824675,0.29139489836379895,1.0,0,0.01470321900046656
901002,linear,absent,ample,full,0.008063612460446401,0.46915164902637657,0.012032767677306329,9.624246062468559e-05,0.03125,0,0.018538748999958443
901002,linear,absent,ample,no_K,0.008063612460446401,0.46915164902637657,0.012032767677306329,9.624246062468559e-05,0.03125,0,0.02368109500042692
901002,linear,absent,ample,no_W,0.008063612460446401,0.46915164902637657,0.012032767677306329,9.624246062468559e-05,0.03125,0,0.018389098000056947
901002,linear,absent,ample,no_WK,0.008063612460446401,0.46915164902637657,0.012032767677306329,9.624246062468559e-05,0.03125,0,0.018418223999901784
901002,linear,absent,ample,retuned_zero,0.008063612460446401,0.46915164902637657,0.012032767677306329,9.624246062468559e-05,0.03125,0,0.018196159000240186
901002,linear,absent,ample,rewired,0.008063612460446401,0.46915164902637657,0.012032767677306329,9.624246062468559e-05,0.03125,0,0.018156414000088716
901002,linear,absent,ample,reverse,0.008063612460446401,0.46915164902637657,0.012032767677306329,9.624246062468559e-05,0.03125,0,0.018203864999634334
901002,linear,absent,ample,generic_nonlinear,0.008063612460446401,0.46915164902637657,0.012032767677306329,9.624246062468559e-05,0.03125,0,0.016562262000604733
901002,linear,absent,ample,generic_equivalent,0.008063612460446401,0.46915164902637657,0.012032767677306329,9.624246062468559e-05,0.03125,0,0.01621084800024164
901002,linear,absent,ample,signed_intensity,0.008063612460446401,0.46915164902637657,0.012032767677306329,9.624246062468559e-05,0.03125,0,0.029063251000138735
901002,linear,absent,ample,gradient,0.008361052691480738,0.46875633082613355,0.013586573282237425,0.0002646553925486903,0.03125,0,0.01557214699977294
901002,linear,absent,ample,zero_negative,0.26509734542329044,0.0,0.2723125444824675,0.29139489836379895,1.0,0,0.014558837000038238
901002,linear,absent,scarce,full,0.015788434737993528,0.39779805587973066,0.02155047480705491,0.01737348848511066,0.03125,0,0.018981721000216112
901002,linear,absent,scarce,no_K,0.015788434737993528,0.39779805587973066,0.02155047480705491,0.01737348848511066,0.03125,0,0.02575879999983499
901002,linear,absent,scarce,no_W,0.015788434737993528,0.39779805587973066,0.02155047480705491,0.01737348848511066,0.03125,0,0.018319431000065833
901002,linear,absent,scarce,no_WK,0.015788434737993528,0.39779805587973066,0.02155047480705491,0.01737348848511066,0.03125,0,0.01798127700016039
901002,linear,absent,scarce,retuned_zero,0.015788434737993528,0.39779805587973066,0.02155047480705491,0.01737348848511066,0.03125,0,0.01822382099976494
901002,linear,absent,scarce,rewired,0.015788434737993528,0.39779805587973066,0.02155047480705491,0.01737348848511066,0.03125,0,0.017852303000097436
901002,linear,absent,scarce,reverse,0.015788434737993528,0.39779805587973066,0.02155047480705491,0.01737348848511066,0.03125,0,0.01820665600018856
901002,linear,absent,scarce,generic_nonlinear,0.015788434737993528,0.39779805587973066,0.02155047480705491,0.01737348848511066,0.03125,0,0.0165346770000383
901002,linear,absent,scarce,generic_equivalent,0.015788434737993528,0.39779805587973066,0.02155047480705491,0.01737348848511066,0.03125,0,0.016289774000142643
901002,linear,absent,scarce,signed_intensity,0.015788434737993528,0.39779805587973066,0.02155047480705491,0.01737348848511066,0.03125,0,0.028895239999883415
901002,linear,absent,scarce,gradient,0.015930061881732845,0.39748397288700116,0.022894106123588193,0.017626563886665975,0.03125,0,0.015418762999843239
901002,linear,absent,scarce,zero_negative,0.26509734542329044,0.0,0.2723125444824675,0.29139489836379895,1.0,0,0.014718088999984502
901002,congestion,aligned,ample,full,0.009405870672031729,0.4735927329576252,0.017464951306941232,0.0017394804508375557,0.03125,0,0.01875817800009827
901002,congestion,aligned,ample,no_K,0.009405870672031729,0.4735927329576252,0.017464951306941232,0.0017394804508375557,0.03125,0,0.024373495000020284
901002,congestion,aligned,ample,no_W,0.009405870672031729,0.4735927329576252,0.017464951306941232,0.0017394804508375557,0.03125,0,0.018289408000498497
901002,congestion,aligned,ample,no_WK,0.009405870672031729,0.4735927329576252,0.017464951306941232,0.0017394804508375557,0.03125,0,0.01801757200018983
901002,congestion,aligned,ample,retuned_zero,0.009405870672031729,0.4735927329576252,0.017464951306941232,0.0017394804508375557,0.03125,0,0.01841462399960392
901002,congestion,aligned,ample,rewired,0.009405870672031729,0.4735927329576252,0.017464951306941232,0.0017394804508375557,0.03125,0,0.018089959000235467
901002,congestion,aligned,ample,reverse,0.009405870672031729,0.4735927329576252,0.017464951306941232,0.0017394804508375557,0.03125,0,0.01850295400009827
901002,congestion,aligned,ample,generic_nonlinear,0.009405870672031729,0.4735927329576252,0.017464951306941232,0.0017394804508375557,0.03125,0,0.01686935499969877
901002,congestion,aligned,ample,generic_equivalent,0.009405870672031729,0.4735927329576252,0.017464951306941232,0.0017394804508375557,0.03125,0,0.016448591999790096
901002,congestion,aligned,ample,signed_intensity,0.009405870672031729,0.4735927329576252,0.017464951306941232,0.0017394804508375557,0.03125,0,0.029187965000232907
901002,congestion,aligned,ample,gradient,0.010346296284231015,0.4690145635867789,0.021368461487227083,0.004045411171502012,0.03125,0,0.016175493999810442
901002,congestion,aligned,ample,zero_negative,0.26509734542329044,0.0,0.2723125444824675,0.29139489836379895,1.0,0,0.014619348999758586
901002,congestion,aligned,scarce,full,0.014951297338752986,0.3986127341000977,0.022234208372228868,0.013869011068463595,0.03125,0,0.018655778999686845
901002,congestion,aligned,scarce,no_K,0.014951297338752986,0.3986127341000977,0.022234208372228868,0.013869011068463595,0.03125,0,0.02347197700049719
901002,congestion,aligned,scarce,no_W,0.014951297338752986,0.3986127341000977,0.022234208372228868,0.013869011068463595,0.03125,0,0.018001896999976452
901002,congestion,aligned,scarce,no_WK,0.014951297338752986,0.3986127341000977,0.022234208372228868,0.013869011068463595,0.03125,0,0.01855060600030356
901002,congestion,aligned,scarce,retuned_zero,0.014951297338752986,0.3986127341000977,0.022234208372228868,0.013869011068463595,0.03125,0,0.018350292000150148
901002,congestion,aligned,scarce,rewired,0.014951297338752986,0.3986127341000977,0.022234208372228868,0.013869011068463595,0.03125,0,0.018689885999947364
901002,congestion,aligned,scarce,reverse,0.014951297338752986,0.3986127341000977,0.022234208372228868,0.013869011068463595,0.03125,0,0.018810838000320018
901002,congestion,aligned,scarce,generic_nonlinear,0.014951297338752986,0.3986127341000977,0.022234208372228868,0.013869011068463595,0.03125,0,0.01695597299999463
901002,congestion,aligned,scarce,generic_equivalent,0.014951297338752986,0.3986127341000977,0.022234208372228868,0.013869011068463595,0.03125,0,0.01645980000006375
901002,congestion,aligned,scarce,signed_intensity,0.014951297338752986,0.3986127341000977,0.022234208372228868,0.013869011068463595,0.03125,0,0.030190615999686088
901002,congestion,aligned,scarce,gradient,0.015634955025153042,0.39864570635903407,0.025277661861519637,0.014621728712673438,0.03125,0,0.015867911000157164
901002,congestion,aligned,scarce,zero_negative,0.26509734542329044,0.0,0.2723125444824675,0.29139489836379895,1.0,0,0.014742653000269001
901002,congestion,rewired,ample,full,0.008882434873644611,0.4712501294638134,0.017943255700891895,0.002751233839955002,0.041015625,0,0.018965269000148055
901002,congestion,rewired,ample,no_K,0.008882434873644611,0.4712501294638134,0.017943255700891895,0.002751233839955002,0.041015625,0,0.018961933999605662
901002,congestion,rewired,ample,no_W,0.008882434873644611,0.4712501294638134,0.017943255700891895,0.002751233839955002,0.041015625,0,0.018683171999782644
901002,congestion,rewired,ample,no_WK,0.008882434873644611,0.4712501294638134,0.017943255700891895,0.002751233839955002,0.041015625,0,0.018611089999978958
901002,congestion,rewired,ample,retuned_zero,0.008882434873644611,0.4712501294638134,0.017943255700891895,0.002751233839955002,0.041015625,0,0.018651120999777504
901002,congestion,rewired,ample,rewired,0.008882434873644611,0.4712501294638134,0.017943255700891895,0.002751233839955002,0.041015625,0,0.018677852999701372
901002,congestion,rewired,ample,reverse,0.008882434873644611,0.4712501294638134,0.017943255700891895,0.002751233839955002,0.041015625,0,0.01861980000018093
901002,congestion,rewired,ample,generic_nonlinear,0.008882434873644611,0.4712501294638134,0.017943255700891895,0.002751233839955002,0.041015625,0,0.01701706099987632
901002,congestion,rewired,ample,generic_equivalent,0.008882434873644611,0.4712501294638134,0.017943255700891895,0.002751233839955002,0.041015625,0,0.016450483000312488
901002,congestion,rewired,ample,signed_intensity,0.008882434873644611,0.4712501294638134,0.017943255700891895,0.002751233839955002,0.041015625,0,0.029291710000222793
901002,congestion,rewired,ample,gradient,0.01225680219536699,0.46707610785951825,0.03061493599928196,0.011509779019545715,0.03125,0,0.015605501999971239
901002,congestion,rewired,ample,zero_negative,0.26509734542329044,0.0,0.2723125444824675,0.29139489836379895,1.0,0,0.014666957000031289
901002,congestion,rewired,scarce,full,0.014416823919891478,0.3991981779954154,0.023818523444470528,0.01518466995803727,0.03125,0,0.024447043000293434
901002,congestion,rewired,scarce,no_K,0.014416823919891478,0.3991981779954154,0.023818523444470528,0.01518466995803727,0.03125,0,0.01885003000006691
901002,congestion,rewired,scarce,no_W,0.014416823919891478,0.3991981779954154,0.023818523444470528,0.01518466995803727,0.03125,0,0.018532321000350294
901002,congestion,rewired,scarce,no_WK,0.014416823919891478,0.3991981779954154,0.023818523444470528,0.01518466995803727,0.03125,0,0.018517340000016702
901002,congestion,rewired,scarce,retuned_zero,0.014416823919891478,0.3991981779954154,0.023818523444470528,0.01518466995803727,0.03125,0,0.018695460999708757
901002,congestion,rewired,scarce,rewired,0.014416823919891478,0.3991981779954154,0.023818523444470528,0.01518466995803727,0.03125,0,0.018045849000088765
901002,congestion,rewired,scarce,reverse,0.014416823919891478,0.3991981779954154,0.023818523444470528,0.01518466995803727,0.03125,0,0.018213175999733267
901002,congestion,rewired,scarce,generic_nonlinear,0.014416823919891478,0.3991981779954154,0.023818523444470528,0.01518466995803727,0.03125,0,0.017075803000011547
901002,congestion,rewired,scarce,generic_equivalent,0.014416823919891478,0.3991981779954154,0.023818523444470528,0.01518466995803727,0.03125,0,0.016603411999994933
901002,congestion,rewired,scarce,signed_intensity,0.014416823919891478,0.3991981779954154,0.023818523444470528,0.01518466995803727,0.03125,0,0.02964106699982949
901002,congestion,rewired,scarce,gradient,0.016762290537203874,0.3986090304125873,0.03232682951065904,0.01866144401153924,0.03125,0,0.015896739999959664
901002,congestion,rewired,scarce,zero_negative,0.26509734542329044,0.0,0.2723125444824675,0.29139489836379895,1.0,0,0.015085970999734855
901002,congestion,absent,ample,full,0.008063612460446401,0.46915164902637657,0.012032767677306329,9.624246062468559e-05,0.03125,0,0.02428437299977304
901002,congestion,absent,ample,no_K,0.008063612460446401,0.46915164902637657,0.012032767677306329,9.624246062468559e-05,0.03125,0,0.018514029000300525
901002,congestion,absent,ample,no_W,0.008063612460446401,0.46915164902637657,0.012032767677306329,9.624246062468559e-05,0.03125,0,0.017864740999812057
901002,congestion,absent,ample,no_WK,0.008063612460446401,0.46915164902637657,0.012032767677306329,9.624246062468559e-05,0.03125,0,0.0179473769999845
901002,congestion,absent,ample,retuned_zero,0.008063612460446401,0.46915164902637657,0.012032767677306329,9.624246062468559e-05,0.03125,0,0.018328528000154165
901002,congestion,absent,ample,rewired,0.008063612460446401,0.46915164902637657,0.012032767677306329,9.624246062468559e-05,0.03125,0,0.017997429999923042
901002,congestion,absent,ample,reverse,0.008063612460446401,0.46915164902637657,0.012032767677306329,9.624246062468559e-05,0.03125,0,0.01835920400020541
901002,congestion,absent,ample,generic_nonlinear,0.008063612460446401,0.46915164902637657,0.012032767677306329,9.624246062468559e-05,0.03125,0,0.01688858600016374
901002,congestion,absent,ample,generic_equivalent,0.008063612460446401,0.46915164902637657,0.012032767677306329,9.624246062468559e-05,0.03125,0,0.016337826000324185
901002,congestion,absent,ample,signed_intensity,0.008063612460446401,0.46915164902637657,0.012032767677306329,9.624246062468559e-05,0.03125,0,0.02907590400002391
901002,congestion,absent,ample,gradient,0.008361052691480738,0.46875633082613355,0.013586573282237425,0.0002646553925486903,0.03125,0,0.01576066000046694
901002,congestion,absent,ample,zero_negative,0.26509734542329044,0.0,0.2723125444824675,0.29139489836379895,1.0,0,0.01465731599995479
901002,congestion,absent,scarce,full,0.015788434737993528,0.39779805587973066,0.02155047480705491,0.01737348848511066,0.03125,0,0.018841662999875552
901002,congestion,absent,scarce,no_K,0.015788434737993528,0.39779805587973066,0.02155047480705491,0.01737348848511066,0.03125,0,0.01862057500039782
901002,congestion,absent,scarce,no_W,0.015788434737993528,0.39779805587973066,0.02155047480705491,0.01737348848511066,0.03125,0,0.018004812000526726
901002,congestion,absent,scarce,no_WK,0.015788434737993528,0.39779805587973066,0.02155047480705491,0.01737348848511066,0.03125,0,0.01837488699959522
901002,congestion,absent,scarce,retuned_zero,0.015788434737993528,0.39779805587973066,0.02155047480705491,0.01737348848511066,0.03125,0,0.01826625800003967
901002,congestion,absent,scarce,rewired,0.015788434737993528,0.39779805587973066,0.02155047480705491,0.01737348848511066,0.03125,0,0.01845693399963011
901002,congestion,absent,scarce,reverse,0.015788434737993528,0.39779805587973066,0.02155047480705491,0.01737348848511066,0.03125,0,0.018622208999772738
901002,congestion,absent,scarce,generic_nonlinear,0.015788434737993528,0.39779805587973066,0.02155047480705491,0.01737348848511066,0.03125,0,0.016818300000011277
901002,congestion,absent,scarce,generic_equivalent,0.015788434737993528,0.39779805587973066,0.02155047480705491,0.01737348848511066,0.03125,0,0.016228026999897338
901002,congestion,absent,scarce,signed_intensity,0.015788434737993528,0.39779805587973066,0.02155047480705491,0.01737348848511066,0.03125,0,0.029241769999657663
901002,congestion,absent,scarce,gradient,0.015930061881732845,0.39748397288700116,0.022894106123588193,0.017626563886665975,0.03125,0,0.015638138999975126
901002,congestion,absent,scarce,zero_negative,0.26509734542329044,0.0,0.2723125444824675,0.29139489836379895,1.0,0,0.014575007999951595
901003,linear,aligned,ample,full,0.02210878322465757,0.4005256932546661,0.03428115462858953,0.0016139780965014829,0.03125,0,0.02424608399991257
901003,linear,aligned,ample,no_K,0.02210878322465757,0.4005256932546661,0.03428115462858953,0.0016139780965014829,0.03125,0,0.018649578999543337
901003,linear,aligned,ample,no_W,0.02210878322465757,0.4005256932546661,0.03428115462858953,0.0016139780965014829,0.03125,0,0.01893757600009849
901003,linear,aligned,ample,no_WK,0.02210878322465757,0.4005256932546661,0.03428115462858953,0.0016139780965014829,0.03125,0,0.019253644000002623
901003,linear,aligned,ample,retuned_zero,0.02210878322465757,0.4005256932546661,0.03428115462858953,0.0016139780965014829,0.03125,0,0.018667743999287723
901003,linear,aligned,ample,rewired,0.02210878322465757,0.4005256932546661,0.03428115462858953,0.0016139780965014829,0.03125,0,0.018617366000341917
901003,linear,aligned,ample,reverse,0.02210878322465757,0.4005256932546661,0.03428115462858953,0.0016139780965014829,0.03125,0,0.018528940000237526
901003,linear,aligned,ample,generic_nonlinear,0.02210878322465757,0.4005256932546661,0.03428115462858953,0.0016139780965014829,0.03125,0,0.016848240000172154
901003,linear,aligned,ample,generic_equivalent,0.02210878322465757,0.4005256932546661,0.03428115462858953,0.0016139780965014829,0.03125,0,0.016414794999889182
901003,linear,aligned,ample,signed_intensity,0.02210878322465757,0.4005256932546661,0.03428115462858953,0.0016139780965014829,0.03125,0,0.030289961000278254
901003,linear,aligned,ample,gradient,0.024030020393807153,0.4005709947112517,0.04300321101828242,0.005221683159739182,0.03125,0,0.01566397100020822
901003,linear,aligned,ample,zero_negative,0.23098472032709028,0.0,0.2667485770576114,0.17927562272181488,1.0,0,0.020019193000052837
901003,linear,aligned,scarce,full,0.023543369949282036,0.3783910110757701,0.03678234909833261,0.0016140317864828733,0.03125,0,0.018978969999636774
901003,linear,aligned,scarce,no_K,0.023543369949282036,0.3783910110757701,0.03678234909833261,0.0016140317864828733,0.03125,0,0.018570827999724315
901003,linear,aligned,scarce,no_W,0.023543369949282036,0.3783910110757701,0.03678234909833261,0.0016140317864828733,0.03125,0,0.018426999999803684
901003,linear,aligned,scarce,no_WK,0.023543369949282036,0.3783910110757701,0.03678234909833261,0.0016140317864828733,0.03125,0,0.01880168599990384
901003,linear,aligned,scarce,retuned_zero,0.023543369949282036,0.3783910110757701,0.03678234909833261,0.0016140317864828733,0.03125,0,0.018538171999864517
901003,linear,aligned,scarce,rewired,0.023543369949282036,0.3783910110757701,0.03678234909833261,0.0016140317864828733,0.03125,0,0.01819335100014996
901003,linear,aligned,scarce,reverse,0.023543369949282036,0.3783910110757701,0.03678234909833261,0.0016140317864828733,0.03125,0,0.018039841999950568
901003,linear,aligned,scarce,generic_nonlinear,0.023543369949282036,0.3783910110757701,0.03678234909833261,0.0016140317864828733,0.03125,0,0.01684235700042791
901003,linear,aligned,scarce,generic_equivalent,0.023543369949282036,0.3783910110757701,0.03678234909833261,0.0016140317864828733,0.03125,0,0.016366649000019606
901003,linear,aligned,scarce,signed_intensity,0.023543369949282036,0.3783910110757701,0.03678234909833261,0.0016140317864828733,0.03125,0,0.029153598000164038
901003,linear,aligned,scarce,gradient,0.02505817726697625,0.38054926341934014,0.042775253121451466,0.003653334841164201,0.03125,0,0.015727181999352524
901003,linear,aligned,scarce,zero_negative,0.23098472032709028,0.0,0.2667485770576114,0.17927562272181488,1.0,0,0.015336600999944494
901003,linear,rewired,ample,full,0.023345847285388847,0.4035029421208973,0.036814984940452114,0.001311182631918208,0.03125,0,0.01913813400062736
901003,linear,rewired,ample,no_K,0.023345847285388847,0.4035029421208973,0.036814984940452114,0.001311182631918208,0.03125,0,0.018696105999765678
901003,linear,rewired,ample,no_W,0.023345847285388847,0.4035029421208973,0.036814984940452114,0.001311182631918208,0.03125,0,0.01812017599996807
901003,linear,rewired,ample,no_WK,0.023345847285388847,0.4035029421208973,0.036814984940452114,0.001311182631918208,0.03125,0,0.018145164999964436
901003,linear,rewired,ample,retuned_zero,0.023345847285388847,0.4035029421208973,0.036814984940452114,0.001311182631918208,0.03125,0,0.0185169409998025
901003,linear,rewired,ample,rewired,0.023345847285388847,0.4035029421208973,0.036814984940452114,0.001311182631918208,0.03125,0,0.018323968000174773
901003,linear,rewired,ample,reverse,0.023345847285388847,0.4035029421208973,0.036814984940452114,0.001311182631918208,0.03125,0,0.01846959400029391
901003,linear,rewired,ample,generic_nonlinear,0.023345847285388847,0.4035029421208973,0.036814984940452114,0.001311182631918208,0.03125,0,0.01708425399982616
901003,linear,rewired,ample,generic_equivalent,0.023345847285388847,0.4035029421208973,0.036814984940452114,0.001311182631918208,0.03125,0,0.01662791599949287
901003,linear,rewired,ample,signed_intensity,0.023345847285388847,0.4035029421208973,0.036814984940452114,0.001311182631918208,0.03125,0,0.02949536800002761
901003,linear,rewired,ample,gradient,0.025498066327125514,0.40119589180602255,0.04710133050792727,0.0062880066306659045,0.03125,0,0.024207726000497587
901003,linear,rewired,ample,zero_negative,0.23098472032709028,0.0,0.2667485770576114,0.17927562272181488,1.0,0,0.014663650000045436
901003,linear,rewired,scarce,full,0.02369488204963666,0.38165494100550335,0.03556630208532266,0.001307935985856448,0.03125,0,0.018678425000189236
901003,linear,rewired,scarce,no_K,0.02369488204963666,0.38165494100550335,0.03556630208532266,0.001307935985856448,0.03125,0,0.01926042299976416
901003,linear,rewired,scarce,no_W,0.02369488204963666,0.38165494100550335,0.03556630208532266,0.001307935985856448,0.03125,0,0.018064684999728797
901003,linear,rewired,scarce,no_WK,0.02369488204963666,0.38165494100550335,0.03556630208532266,0.001307935985856448,0.03125,0,0.018687352000085866
901003,linear,rewired,scarce,retuned_zero,0.02369488204963666,0.38165494100550335,0.03556630208532266,0.001307935985856448,0.03125,0,0.018326532000003226
901003,linear,rewired,scarce,rewired,0.02369488204963666,0.38165494100550335,0.03556630208532266,0.001307935985856448,0.03125,0,0.018581689999564333
901003,linear,rewired,scarce,reverse,0.02369488204963666,0.38165494100550335,0.03556630208532266,0.001307935985856448,0.03125,0,0.018680516999950214
901003,linear,rewired,scarce,generic_nonlinear,0.02369488204963666,0.38165494100550335,0.03556630208532266,0.001307935985856448,0.03125,0,0.016880050000054325
901003,linear,rewired,scarce,generic_equivalent,0.02369488204963666,0.38165494100550335,0.03556630208532266,0.001307935985856448,0.03125,0,0.016403582999771515
901003,linear,rewired,scarce,signed_intensity,0.02369488204963666,0.38165494100550335,0.03556630208532266,0.001307935985856448,0.03125,0,0.028947749999531425
901003,linear,rewired,scarce,gradient,0.025825322487532044,0.38250870197438647,0.045982880318315524,0.005130160774278915,0.03125,0,0.021504863999609825
901003,linear,rewired,scarce,zero_negative,0.23098472032709028,0.0,0.2667485770576114,0.17927562272181488,1.0,0,0.014773017000266009
901003,linear,absent,ample,full,0.0223006778124454,0.42931417618587003,0.03231201774794302,5.711762208306727e-05,0.03125,0,0.018385402000035356
901003,linear,absent,ample,no_K,0.0223006778124454,0.42931417618587003,0.03231201774794302,5.711762208306727e-05,0.03125,0,0.018489593000026616
901003,linear,absent,ample,no_W,0.0223006778124454,0.42931417618587003,0.03231201774794302,5.711762208306727e-05,0.03125,0,0.018152451000048586
901003,linear,absent,ample,no_WK,0.0223006778124454,0.42931417618587003,0.03231201774794302,5.711762208306727e-05,0.03125,0,0.018271156999617233
901003,linear,absent,ample,retuned_zero,0.0223006778124454,0.42931417618587003,0.03231201774794302,5.711762208306727e-05,0.03125,0,0.01849813899974606
901003,linear,absent,ample,rewired,0.0223006778124454,0.42931417618587003,0.03231201774794302,5.711762208306727e-05,0.03125,0,0.01810170100003461
901003,linear,absent,ample,reverse,0.0223006778124454,0.42931417618587003,0.03231201774794302,5.711762208306727e-05,0.03125,0,0.01836078100012628
901003,linear,absent,ample,generic_nonlinear,0.0223006778124454,0.42931417618587003,0.03231201774794302,5.711762208306727e-05,0.03125,0,0.016663304000189783
901003,linear,absent,ample,generic_equivalent,0.0223006778124454,0.42931417618587003,0.03231201774794302,5.711762208306727e-05,0.03125,0,0.016182770000455093
901003,linear,absent,ample,signed_intensity,0.0223006778124454,0.42931417618587003,0.03231201774794302,5.711762208306727e-05,0.03125,0,0.028884700999526558
901003,linear,absent,ample,gradient,0.02242396251917679,0.4292338622838943,0.03293941288511799,0.000503945709573135,0.03125,0,0.02073115999979791
901003,linear,absent,ample,zero_negative,0.23098472032709028,0.0,0.2667485770576114,0.17927562272181488,1.0,0,0.015165144000320652
901003,linear,absent,scarce,full,0.025189336220255855,0.3921157329993765,0.036817765227202086,9.51516178661853e-05,0.03125,0,0.01864843100025837
901003,linear,absent,scarce,no_K,0.025189336220255855,0.3921157329993765,0.036817765227202086,9.51516178661853e-05,0.03125,0,0.01837149900006807
901003,linear,absent,scarce,no_W,0.025189336220255855,0.3921157329993765,0.036817765227202086,9.51516178661853e-05,0.03125,0,0.018271676999745523
901003,linear,absent,scarce,no_WK,0.025189336220255855,0.3921157329993765,0.036817765227202086,9.51516178661853e-05,0.03125,0,0.01823035699982256
901003,linear,absent,scarce,retuned_zero,0.025189336220255855,0.3921157329993765,0.036817765227202086,9.51516178661853e-05,0.03125,0,0.018570960999966246
901003,linear,absent,scarce,rewired,0.025189336220255855,0.3921157329993765,0.036817765227202086,9.51516178661853e-05,0.03125,0,0.01806709200008072
901003,linear,absent,scarce,reverse,0.025189336220255855,0.3921157329993765,0.036817765227202086,9.51516178661853e-05,0.03125,0,0.017853209999941555
901003,linear,absent,scarce,generic_nonlinear,0.025189336220255855,0.3921157329993765,0.036817765227202086,9.51516178661853e-05,0.03125,0,0.016765533000125288
901003,linear,absent,scarce,generic_equivalent,0.025189336220255855,0.3921157329993765,0.036817765227202086,9.51516178661853e-05,0.03125,0,0.016202997000334562
901003,linear,absent,scarce,signed_intensity,0.025189336220255855,0.3921157329993765,0.036817765227202086,9.51516178661853e-05,0.03125,0,0.03534987400047385
901003,linear,absent,scarce,gradient,0.025312302502805216,0.391913736628694,0.037544807347829966,0.00047674235315794624,0.03125,0,0.01548568699979569
901003,linear,absent,scarce,zero_negative,0.23098472032709028,0.0,0.2667485770576114,0.17927562272181488,1.0,0,0.01444539299978942
901003,congestion,aligned,ample,full,0.022518763100510472,0.4165191132158286,0.03628737827425911,0.0020119562331582437,0.033203125,0,0.019117646000552213
901003,congestion,aligned,ample,no_K,0.022518763100510472,0.4165191132158286,0.03628737827425911,0.0020119562331582437,0.033203125,0,0.018882053000481847
901003,congestion,aligned,ample,no_W,0.022518763100510472,0.4165191132158286,0.03628737827425911,0.0020119562331582437,0.033203125,0,0.01813116700077444
901003,congestion,aligned,ample,no_WK,0.022518763100510472,0.4165191132158286,0.03628737827425911,0.0020119562331582437,0.033203125,0,0.01801263399971731
901003,congestion,aligned,ample,retuned_zero,0.022518763100510472,0.4165191132158286,0.03628737827425911,0.0020119562331582437,0.033203125,0,0.01845868899982861
901003,congestion,aligned,ample,rewired,0.022518763100510472,0.4165191132158286,0.03628737827425911,0.0020119562331582437,0.033203125,0,0.018274732999827847
901003,congestion,aligned,ample,reverse,0.022518763100510472,0.4165191132158286,0.03628737827425911,0.0020119562331582437,0.033203125,0,0.018696210000427982
901003,congestion,aligned,ample,generic_nonlinear,0.022518763100510472,0.4165191132158286,0.03628737827425911,0.0020119562331582437,0.033203125,0,0.016901570999550586
901003,congestion,aligned,ample,generic_equivalent,0.022518763100510472,0.4165191132158286,0.03628737827425911,0.0020119562331582437,0.033203125,0,0.01652856700019356
901003,congestion,aligned,ample,signed_intensity,0.022518763100510472,0.4165191132158286,0.03628737827425911,0.0020119562331582437,0.033203125,0,0.03429282799976363
901003,congestion,aligned,ample,gradient,0.02358654557566429,0.4171523003490982,0.0408432638326505,0.005084036521615828,0.03125,0,0.016262555000025714
901003,congestion,aligned,ample,zero_negative,0.23098472032709028,0.0,0.2667485770576114,0.17927562272181488,1.0,0,0.01506873299979361
901003,congestion,aligned,scarce,full,0.024176496569104852,0.38591647009492036,0.03852418196776551,0.0020104058113218715,0.03125,0,0.01872686400014345
901003,congestion,aligned,scarce,no_K,0.024176496569104852,0.38591647009492036,0.03852418196776551,0.0020104058113218715,0.03125,0,0.018906810999965273
901003,congestion,aligned,scarce,no_W,0.024176496569104852,0.38591647009492036,0.03852418196776551,0.0020104058113218715,0.03125,0,0.01817362700001013
901003,congestion,aligned,scarce,no_WK,0.024176496569104852,0.38591647009492036,0.03852418196776551,0.0020104058113218715,0.03125,0,0.01865573499992479
901003,congestion,aligned,scarce,retuned_zero,0.024176496569104852,0.38591647009492036,0.03852418196776551,0.0020104058113218715,0.03125,0,0.018424508000464357
901003,congestion,aligned,scarce,rewired,0.024176496569104852,0.38591647009492036,0.03852418196776551,0.0020104058113218715,0.03125,0,0.018864093000274806
901003,congestion,aligned,scarce,reverse,0.024176496569104852,0.38591647009492036,0.03852418196776551,0.0020104058113218715,0.03125,0,0.018813605999696392
901003,congestion,aligned,scarce,generic_nonlinear,0.024176496569104852,0.38591647009492036,0.03852418196776551,0.0020104058113218715,0.03125,0,0.016752083999790557
901003,congestion,aligned,scarce,generic_equivalent,0.024176496569104852,0.38591647009492036,0.03852418196776551,0.0020104058113218715,0.03125,0,0.01661557699947025
901003,congestion,aligned,scarce,signed_intensity,0.024176496569104852,0.38591647009492036,0.03852418196776551,0.0020104058113218715,0.03125,0,0.029547407000336534
901003,congestion,aligned,scarce,gradient,0.02515004297397944,0.3878752232111303,0.04170983349889118,0.003269237739859998,0.03125,0,0.016257197000413726
901003,congestion,aligned,scarce,zero_negative,0.23098472032709028,0.0,0.2667485770576114,0.17927562272181488,1.0,0,0.015134778000003735
901003,congestion,rewired,ample,full,0.023636133175126025,0.4198317104074095,0.03848080473859894,0.0011646151420536385,0.033203125,0,0.018750148999743033
901003,congestion,rewired,ample,no_K,0.023636133175126025,0.4198317104074095,0.03848080473859894,0.0011646151420536385,0.033203125,0,0.018793678000065484
901003,congestion,rewired,ample,no_W,0.023636133175126025,0.4198317104074095,0.03848080473859894,0.0011646151420536385,0.033203125,0,0.01850015999985999
901003,congestion,rewired,ample,no_WK,0.023636133175126025,0.4198317104074095,0.03848080473859894,0.0011646151420536385,0.033203125,0,0.018636080000078437
901003,congestion,rewired,ample,retuned_zero,0.023636133175126025,0.4198317104074095,0.03848080473859894,0.0011646151420536385,0.033203125,0,0.0183634189996269
901003,congestion,rewired,ample,rewired,0.023636133175126025,0.4198317104074095,0.03848080473859894,0.0011646151420536385,0.033203125,0,0.01838077899981272
901003,congestion,rewired,ample,reverse,0.023636133175126025,0.4198317104074095,0.03848080473859894,0.0011646151420536385,0.033203125,0,0.01861883700019007
901003,congestion,rewired,ample,generic_nonlinear,0.023636133175126025,0.4198317104074095,0.03848080473859894,0.0011646151420536385,0.033203125,0,0.01692486500007817
901003,congestion,rewired,ample,generic_equivalent,0.023636133175126025,0.4198317104074095,0.03848080473859894,0.0011646151420536385,0.033203125,0,0.0166729609998697
901003,congestion,rewired,ample,signed_intensity,0.023636133175126025,0.4198317104074095,0.03848080473859894,0.0011646151420536385,0.033203125,0,0.03464336299987281
901003,congestion,rewired,ample,gradient,0.02439121714828999,0.41763602891023766,0.041638240313022136,0.003690095385341666,0.03125,0,0.01599835100034852
901003,congestion,rewired,ample,zero_negative,0.23098472032709028,0.0,0.2667485770576114,0.17927562272181488,1.0,0,0.01529673500010631
901003,congestion,rewired,scarce,full,0.024232131561041575,0.3892079661287789,0.03684930562107755,0.001151343934996448,0.03125,0,0.018927662000066903
901003,congestion,rewired,scarce,no_K,0.024232131561041575,0.3892079661287789,0.03684930562107755,0.001151343934996448,0.03125,0,0.01894649399997661
901003,congestion,rewired,scarce,no_W,0.024232131561041575,0.3892079661287789,0.03684930562107755,0.001151343934996448,0.03125,0,0.018596540000032746
901003,congestion,rewired,scarce,no_WK,0.024232131561041575,0.3892079661287789,0.03684930562107755,0.001151343934996448,0.03125,0,0.018560317999913423
901003,congestion,rewired,scarce,retuned_zero,0.024232131561041575,0.3892079661287789,0.03684930562107755,0.001151343934996448,0.03125,0,0.018842893000112326
901003,congestion,rewired,scarce,rewired,0.024232131561041575,0.3892079661287789,0.03684930562107755,0.001151343934996448,0.03125,0,0.018076486999746066
901003,congestion,rewired,scarce,reverse,0.024232131561041575,0.3892079661287789,0.03684930562107755,0.001151343934996448,0.03125,0,0.018406259000414593
901003,congestion,rewired,scarce,generic_nonlinear,0.024232131561041575,0.3892079661287789,0.03684930562107755,0.001151343934996448,0.03125,0,0.016992692999679093
901003,congestion,rewired,scarce,generic_equivalent,0.024232131561041575,0.3892079661287789,0.03684930562107755,0.001151343934996448,0.03125,0,0.023927031999733117
901003,congestion,rewired,scarce,signed_intensity,0.024232131561041575,0.3892079661287789,0.03684930562107755,0.001151343934996448,0.03125,0,0.0300100019996421
901003,congestion,rewired,scarce,gradient,0.025346764551757987,0.38947751980287354,0.04201520412048267,0.003210807898960196,0.03125,0,0.015794750999702956
901003,congestion,rewired,scarce,zero_negative,0.23098472032709028,0.0,0.2667485770576114,0.17927562272181488,1.0,0,0.015005342000449673
901003,congestion,absent,ample,full,0.0223006778124454,0.42931417618587003,0.03231201774794302,5.711762208306727e-05,0.03125,0,0.018664460999616495
901003,congestion,absent,ample,no_K,0.0223006778124454,0.42931417618587003,0.03231201774794302,5.711762208306727e-05,0.03125,0,0.018326202000139347
901003,congestion,absent,ample,no_W,0.0223006778124454,0.42931417618587003,0.03231201774794302,5.711762208306727e-05,0.03125,0,0.018045500999960495
901003,congestion,absent,ample,no_WK,0.0223006778124454,0.42931417618587003,0.03231201774794302,5.711762208306727e-05,0.03125,0,0.017942429000697757
901003,congestion,absent,ample,retuned_zero,0.0223006778124454,0.42931417618587003,0.03231201774794302,5.711762208306727e-05,0.03125,0,0.018480048000355964
901003,congestion,absent,ample,rewired,0.0223006778124454,0.42931417618587003,0.03231201774794302,5.711762208306727e-05,0.03125,0,0.018358453000189456
901003,congestion,absent,ample,reverse,0.0223006778124454,0.42931417618587003,0.03231201774794302,5.711762208306727e-05,0.03125,0,0.018088329000306658
901003,congestion,absent,ample,generic_nonlinear,0.0223006778124454,0.42931417618587003,0.03231201774794302,5.711762208306727e-05,0.03125,0,0.016723536000085915
901003,congestion,absent,ample,generic_equivalent,0.0223006778124454,0.42931417618587003,0.03231201774794302,5.711762208306727e-05,0.03125,0,0.02192744599949492
901003,congestion,absent,ample,signed_intensity,0.0223006778124454,0.42931417618587003,0.03231201774794302,5.711762208306727e-05,0.03125,0,0.029272284000001036
901003,congestion,absent,ample,gradient,0.02242396251917679,0.4292338622838943,0.03293941288511799,0.000503945709573135,0.03125,0,0.01820086200012838
901003,congestion,absent,ample,zero_negative,0.23098472032709028,0.0,0.2667485770576114,0.17927562272181488,1.0,0,0.014604122999685387
901003,congestion,absent,scarce,full,0.025189336220255855,0.3921157329993765,0.036817765227202086,9.51516178661853e-05,0.03125,0,0.018306829000380276
901003,congestion,absent,scarce,no_K,0.025189336220255855,0.3921157329993765,0.036817765227202086,9.51516178661853e-05,0.03125,0,0.018564943999820116
901003,congestion,absent,scarce,no_W,0.025189336220255855,0.3921157329993765,0.036817765227202086,9.51516178661853e-05,0.03125,0,0.018262499000570642
901003,congestion,absent,scarce,no_WK,0.025189336220255855,0.3921157329993765,0.036817765227202086,9.51516178661853e-05,0.03125,0,0.018599496000092586
901003,congestion,absent,scarce,retuned_zero,0.025189336220255855,0.3921157329993765,0.036817765227202086,9.51516178661853e-05,0.03125,0,0.01834164000013061
901003,congestion,absent,scarce,rewired,0.025189336220255855,0.3921157329993765,0.036817765227202086,9.51516178661853e-05,0.03125,0,0.018570171999613194
901003,congestion,absent,scarce,reverse,0.025189336220255855,0.3921157329993765,0.036817765227202086,9.51516178661853e-05,0.03125,0,0.01841032900091477
901003,congestion,absent,scarce,generic_nonlinear,0.025189336220255855,0.3921157329993765,0.036817765227202086,9.51516178661853e-05,0.03125,0,0.016622713999822736
901003,congestion,absent,scarce,generic_equivalent,0.025189336220255855,0.3921157329993765,0.036817765227202086,9.51516178661853e-05,0.03125,0,0.021602556999937406
901003,congestion,absent,scarce,signed_intensity,0.025189336220255855,0.3921157329993765,0.036817765227202086,9.51516178661853e-05,0.03125,0,0.028662318000044706
901003,congestion,absent,scarce,gradient,0.025312302502805216,0.391913736628694,0.037544807347829966,0.00047674235315794624,0.03125,0,0.016140612999834048
901003,congestion,absent,scarce,zero_negative,0.23098472032709028,0.0,0.2667485770576114,0.17927562272181488,1.0,0,0.014763867000226583
901004,linear,aligned,ample,full,0.006863874579427814,0.4039536900631028,0.013228547086323345,0.0023228960104028397,0.03125,0,0.018806511000207138
901004,linear,aligned,ample,no_K,0.006863874579427814,0.4039536900631028,0.013228547086323345,0.0023228960104028397,0.03125,0,0.01878483400020059
901004,linear,aligned,ample,no_W,0.006863874579427814,0.4039536900631028,0.013228547086323345,0.0023228960104028397,0.03125,0,0.01971147100022108
901004,linear,aligned,ample,no_WK,0.006863874579427814,0.4039536900631028,0.013228547086323345,0.0023228960104028397,0.03125,0,0.01868194200022799
901004,linear,aligned,ample,retuned_zero,0.006863874579427814,0.4039536900631028,0.013228547086323345,0.0023228960104028397,0.03125,0,0.018245181999930082
901004,linear,aligned,ample,rewired,0.006863874579427814,0.4039536900631028,0.013228547086323345,0.0023228960104028397,0.03125,0,0.01865213999997195
901004,linear,aligned,ample,reverse,0.006863874579427814,0.4039536900631028,0.013228547086323345,0.0023228960104028397,0.03125,0,0.018389426999817715
901004,linear,aligned,ample,generic_nonlinear,0.006863874579427814,0.4039536900631028,0.013228547086323345,0.0023228960104028397,0.03125,0,0.022896482000078322
901004,linear,aligned,ample,generic_equivalent,0.006863874579427814,0.4039536900631028,0.013228547086323345,0.0023228960104028397,0.03125,0,0.016693148999763707
901004,linear,aligned,ample,signed_intensity,0.006863874579427814,0.4039536900631028,0.013228547086323345,0.0023228960104028397,0.03125,0,0.029069654000579703
901004,linear,aligned,ample,gradient,0.009063996094100869,0.39870164055841456,0.02355557146845165,0.009625271874288402,0.03125,0,0.01618542700038006
901004,linear,aligned,ample,zero_negative,0.2379722771288202,0.0,0.24435025898437024,0.26455587425548566,1.0,0,0.0165433419999772
901004,linear,aligned,scarce,full,0.007628262531842992,0.3760241430071697,0.013021882302755508,0.003237854755590501,0.03125,0,0.018705186000147478
901004,linear,aligned,scarce,no_K,0.007628262531842992,0.3760241430071697,0.013021882302755508,0.003237854755590501,0.03125,0,0.018848866999803704
901004,linear,aligned,scarce,no_W,0.007628262531842992,0.3760241430071697,0.013021882302755508,0.003237854755590501,0.03125,0,0.018541894000065895
901004,linear,aligned,scarce,no_WK,0.007628262531842992,0.3760241430071697,0.013021882302755508,0.003237854755590501,0.03125,0,0.018514980999952968
901004,linear,aligned,scarce,retuned_zero,0.007628262531842992,0.3760241430071697,0.013021882302755508,0.003237854755590501,0.03125,0,0.0186912939993249
901004,linear,aligned,scarce,rewired,0.007628262531842992,0.3760241430071697,0.013021882302755508,0.003237854755590501,0.03125,0,0.018856520000213095
901004,linear,aligned,scarce,reverse,0.007628262531842992,0.3760241430071697,0.013021882302755508,0.003237854755590501,0.03125,0,0.01923137300008193
901004,linear,aligned,scarce,generic_nonlinear,0.007628262531842992,0.3760241430071697,0.013021882302755508,0.003237854755590501,0.03125,0,0.023653360000196244
901004,linear,aligned,scarce,generic_equivalent,0.007628262531842992,0.3760241430071697,0.013021882302755508,0.003237854755590501,0.03125,0,0.017033062000280097
901004,linear,aligned,scarce,signed_intensity,0.007628262531842992,0.3760241430071697,0.013021882302755508,0.003237854755590501,0.03125,0,0.029133169000374437
901004,linear,aligned,scarce,gradient,0.010020375836527698,0.3742936617019022,0.024038475358242665,0.011279895883413748,0.03125,0,0.015586007000138125
901004,linear,aligned,scarce,zero_negative,0.2379722771288202,0.0,0.24435025898437024,0.26455587425548566,1.0,0,0.014736088000347536
901004,linear,rewired,ample,full,0.004756739208189446,0.40656703853508736,0.008987630954673214,0.0014607362765899242,0.03125,0,0.018652804999874206
901004,linear,rewired,ample,no_K,0.004756739208189446,0.40656703853508736,0.008987630954673214,0.0014607362765899242,0.03125,0,0.018428137999649152
901004,linear,rewired,ample,no_W,0.004756739208189446,0.40656703853508736,0.008987630954673214,0.0014607362765899242,0.03125,0,0.018227437000120972
901004,linear,rewired,ample,no_WK,0.004756739208189446,0.40656703853508736,0.008987630954673214,0.0014607362765899242,0.03125,0,0.01811079899999868
901004,linear,rewired,ample,retuned_zero,0.004756739208189446,0.40656703853508736,0.008987630954673214,0.0014607362765899242,0.03125,0,0.018723684000065077
901004,linear,rewired,ample,rewired,0.004756739208189446,0.40656703853508736,0.008987630954673214,0.0014607362765899242,0.03125,0,0.01807761899971183
901004,linear,rewired,ample,reverse,0.004756739208189446,0.40656703853508736,0.008987630954673214,0.0014607362765899242,0.03125,0,0.018331939999768565
901004,linear,rewired,ample,generic_nonlinear,0.004756739208189446,0.40656703853508736,0.008987630954673214,0.0014607362765899242,0.03125,0,0.02232255799987115
901004,linear,rewired,ample,generic_equivalent,0.004756739208189446,0.40656703853508736,0.008987630954673214,0.0014607362765899242,0.03125,0,0.016941534000125102
901004,linear,rewired,ample,signed_intensity,0.004756739208189446,0.40656703853508736,0.008987630954673214,0.0014607362765899242,0.03125,0,0.02946436099972516
901004,linear,rewired,ample,gradient,0.005341493142834422,0.4041772090710985,0.011233702265190508,0.0017677934578596735,0.03125,0,0.016169401999775346
901004,linear,rewired,ample,zero_negative,0.2379722771288202,0.0,0.24435025898437024,0.26455587425548566,1.0,0,0.014694762999738487
901004,linear,rewired,scarce,full,0.005620955569091966,0.37830265936364055,0.009579555644923856,0.0030689868172535297,0.03125,0,0.01867485400003943
901004,linear,rewired,scarce,no_K,0.005620955569091966,0.37830265936364055,0.009579555644923856,0.0030689868172535297,0.03125,0,0.018835115999536356
901004,linear,rewired,scarce,no_W,0.005620955569091966,0.37830265936364055,0.009579555644923856,0.0030689868172535297,0.03125,0,0.018150703000571866
901004,linear,rewired,scarce,no_WK,0.005620955569091966,0.37830265936364055,0.009579555644923856,0.0030689868172535297,0.03125,0,0.018502860999774384
901004,linear,rewired,scarce,retuned_zero,0.005620955569091966,0.37830265936364055,0.009579555644923856,0.0030689868172535297,0.03125,0,0.01856380800052193
901004,linear,rewired,scarce,rewired,0.005620955569091966,0.37830265936364055,0.009579555644923856,0.0030689868172535297,0.03125,0,0.0191814309999927
901004,linear,rewired,scarce,reverse,0.005620955569091966,0.37830265936364055,0.009579555644923856,0.0030689868172535297,0.03125,0,0.026658022999754394
901004,linear,rewired,scarce,generic_nonlinear,0.005620955569091966,0.37830265936364055,0.009579555644923856,0.0030689868172535297,0.03125,0,0.016930108999929416
901004,linear,rewired,scarce,generic_equivalent,0.005620955569091966,0.37830265936364055,0.009579555644923856,0.0030689868172535297,0.03125,0,0.016915983999240325
901004,linear,rewired,scarce,signed_intensity,0.005620955569091966,0.37830265936364055,0.009579555644923856,0.0030689868172535297,0.03125,0,0.029145143999983247
901004,linear,rewired,scarce,gradient,0.006229557455240264,0.37648534669037903,0.012041496961601334,0.0036553576669301753,0.03125,0,0.016332132000172805
901004,linear,rewired,scarce,zero_negative,0.2379722771288202,0.0,0.24435025898437024,0.26455587425548566,1.0,0,0.014940391999687108
901004,linear,absent,ample,full,0.00561684105501376,0.42840527493196817,0.009111117909407078,0.00020963812822796354,0.03125,0,0.018982482000069467
901004,linear,absent,ample,no_K,0.00561684105501376,0.42840527493196817,0.009111117909407078,0.00020963812822796354,0.03125,0,0.01888782800011768
901004,linear,absent,ample,no_W,0.00561684105501376,0.42840527493196817,0.009111117909407078,0.00020963812822796354,0.03125,0,0.018753920999870388
901004,linear,absent,ample,no_WK,0.00561684105501376,0.42840527493196817,0.009111117909407078,0.00020963812822796354,0.03125,0,0.018751131999692916
901004,linear,absent,ample,retuned_zero,0.00561684105501376,0.42840527493196817,0.009111117909407078,0.00020963812822796354,0.03125,0,0.01874209299978702
901004,linear,absent,ample,rewired,0.00561684105501376,0.42840527493196817,0.009111117909407078,0.00020963812822796354,0.03125,0,0.019059361000358876
901004,linear,absent,ample,reverse,0.00561684105501376,0.42840527493196817,0.009111117909407078,0.00020963812822796354,0.03125,0,0.02669642400013572
901004,linear,absent,ample,generic_nonlinear,0.00561684105501376,0.42840527493196817,0.009111117909407078,0.00020963812822796354,0.03125,0,0.017334922999737046
901004,linear,absent,ample,generic_equivalent,0.00561684105501376,0.42840527493196817,0.009111117909407078,0.00020963812822796354,0.03125,0,0.016429375000257096
901004,linear,absent,ample,signed_intensity,0.00561684105501376,0.42840527493196817,0.009111117909407078,0.00020963812822796354,0.03125,0,0.02941705399973671
901004,linear,absent,ample,gradient,0.005682737377743861,0.4275707807901488,0.00937274694587144,0.000539785841927337,0.03125,0,0.016259505000391528
901004,linear,absent,ample,zero_negative,0.2379722771288202,0.0,0.24435025898437024,0.26455587425548566,1.0,0,0.01513442900005657
901004,linear,absent,scarce,full,0.009376219827445124,0.3871444368371753,0.01238702029144835,0.0065673767259265565,0.03125,0,0.018864455999903385
901004,linear,absent,scarce,no_K,0.009376219827445124,0.3871444368371753,0.01238702029144835,0.0065673767259265565,0.03125,0,0.01881828399996266
901004,linear,absent,scarce,no_W,0.009376219827445124,0.3871444368371753,0.01238702029144835,0.0065673767259265565,0.03125,0,0.018344471999967027
901004,linear,absent,scarce,no_WK,0.009376219827445124,0.3871444368371753,0.01238702029144835,0.0065673767259265565,0.03125,0,0.0182259420003561
901004,linear,absent,scarce,retuned_zero,0.009376219827445124,0.3871444368371753,0.01238702029144835,0.0065673767259265565,0.03125,0,0.018711149000580463
901004,linear,absent,scarce,rewired,0.009376219827445124,0.3871444368371753,0.01238702029144835,0.0065673767259265565,0.03125,0,0.018388323000010587
901004,linear,absent,scarce,reverse,0.009376219827445124,0.3871444368371753,0.01238702029144835,0.0065673767259265565,0.03125,0,0.018435248999708165
901004,linear,absent,scarce,generic_nonlinear,0.009376219827445124,0.3871444368371753,0.01238702029144835,0.0065673767259265565,0.03125,0,0.017232714000158467
901004,linear,absent,scarce,generic_equivalent,0.009376219827445124,0.3871444368371753,0.01238702029144835,0.0065673767259265565,0.03125,0,0.01679784999993217
901004,linear,absent,scarce,signed_intensity,0.009376219827445124,0.3871444368371753,0.01238702029144835,0.0065673767259265565,0.03125,0,0.029298327999640605
901004,linear,absent,scarce,gradient,0.009483281881111133,0.38676932381774887,0.012643944189691258,0.006779995972999308,0.03125,0,0.015608696000072086
901004,linear,absent,scarce,zero_negative,0.2379722771288202,0.0,0.24435025898437024,0.26455587425548566,1.0,0,0.015023283000118681
901004,congestion,aligned,ample,full,0.007203265118970396,0.4269169377778832,0.014585888021321573,0.0027736994614884383,0.03125,0,0.018928947000119933
901004,congestion,aligned,ample,no_K,0.007203265118970396,0.4269169377778832,0.014585888021321573,0.0027736994614884383,0.03125,0,0.018754313000101774
901004,congestion,aligned,ample,no_W,0.007203265118970396,0.4269169377778832,0.014585888021321573,0.0027736994614884383,0.03125,0,0.018268898000087574
901004,congestion,aligned,ample,no_WK,0.007203265118970396,0.4269169377778832,0.014585888021321573,0.0027736994614884383,0.03125,0,0.01827546800006985
901004,congestion,aligned,ample,retuned_zero,0.007203265118970396,0.4269169377778832,0.014585888021321573,0.0027736994614884383,0.03125,0,0.018894836999663767
901004,congestion,aligned,ample,rewired,0.007203265118970396,0.4269169377778832,0.014585888021321573,0.0027736994614884383,0.03125,0,0.018399566000141476
901004,congestion,aligned,ample,reverse,0.007203265118970396,0.4269169377778832,0.014585888021321573,0.0027736994614884383,0.03125,0,0.019016194000300857
901004,congestion,aligned,ample,generic_nonlinear,0.007203265118970396,0.4269169377778832,0.014585888021321573,0.0027736994614884383,0.03125,0,0.017461634999790476
901004,congestion,aligned,ample,generic_equivalent,0.007203265118970396,0.4269169377778832,0.014585888021321573,0.0027736994614884383,0.03125,0,0.01717255899995962
901004,congestion,aligned,ample,signed_intensity,0.007203265118970396,0.4269169377778832,0.014585888021321573,0.0027736994614884383,0.03125,0,0.02945806300010645
901004,congestion,aligned,ample,gradient,0.009985430795011125,0.42108795317002023,0.02674643182761356,0.013353507906717441,0.03125,0,0.016383687999848462
901004,congestion,aligned,ample,zero_negative,0.2379722771288202,0.0,0.24435025898437024,0.26455587425548566,1.0,0,0.014727713000070253
901004,congestion,aligned,scarce,full,0.009590473502123172,0.38504196243658273,0.014839601997504594,0.005886872975821812,0.03125,0,0.01876250199995866
901004,congestion,aligned,scarce,no_K,0.009590473502123172,0.38504196243658273,0.014839601997504594,0.005886872975821812,0.03125,0,0.019090527999992446
901004,congestion,aligned,scarce,no_W,0.009590473502123172,0.38504196243658273,0.014839601997504594,0.005886872975821812,0.03125,0,0.01842098300045336
901004,congestion,aligned,scarce,no_WK,0.009590473502123172,0.38504196243658273,0.014839601997504594,0.005886872975821812,0.03125,0,0.01869754699993109
901004,congestion,aligned,scarce,retuned_zero,0.009590473502123172,0.38504196243658273,0.014839601997504594,0.005886872975821812,0.03125,0,0.018708412999671964
901004,congestion,aligned,scarce,rewired,0.009590473502123172,0.38504196243658273,0.014839601997504594,0.005886872975821812,0.03125,0,0.02588618099980522
901004,congestion,aligned,scarce,reverse,0.009590473502123172,0.38504196243658273,0.014839601997504594,0.005886872975821812,0.03125,0,0.018848941000157993
901004,congestion,aligned,scarce,generic_nonlinear,0.009590473502123172,0.38504196243658273,0.014839601997504594,0.005886872975821812,0.03125,0,0.01696580400050607
901004,congestion,aligned,scarce,generic_equivalent,0.009590473502123172,0.38504196243658273,0.014839601997504594,0.005886872975821812,0.03125,0,0.016835364000030495
901004,congestion,aligned,scarce,signed_intensity,0.009590473502123172,0.38504196243658273,0.014839601997504594,0.005886872975821812,0.03125,0,0.02906085299963479
901004,congestion,aligned,scarce,gradient,0.012353106573833574,0.3841640429389058,0.027391166072170067,0.016881212561434177,0.03125,0,0.01614861400054224
901004,congestion,aligned,scarce,zero_negative,0.2379722771288202,0.0,0.24435025898437024,0.26455587425548566,1.0,0,0.014655435000292982
901004,congestion,rewired,ample,full,0.005143916323589685,0.4282261194358673,0.011208624206121336,0.0017597851716961528,0.03125,0,0.01882724999978791
901004,congestion,rewired,ample,no_K,0.005143916323589685,0.4282261194358673,0.011208624206121336,0.0017597851716961528,0.03125,0,0.018575134000343496
901004,congestion,rewired,ample,no_W,0.005143916323589685,0.4282261194358673,0.011208624206121336,0.0017597851716961528,0.03125,0,0.01852172800010976
901004,congestion,rewired,ample,no_WK,0.005143916323589685,0.4282261194358673,0.011208624206121336,0.0017597851716961528,0.03125,0,0.018563826000217887
901004,congestion,rewired,ample,retuned_zero,0.005143916323589685,0.4282261194358673,0.011208624206121336,0.0017597851716961528,0.03125,0,0.018533816000115166
901004,congestion,rewired,ample,rewired,0.005143916323589685,0.4282261194358673,0.011208624206121336,0.0017597851716961528,0.03125,0,0.02590157200000931
901004,congestion,rewired,ample,reverse,0.005143916323589685,0.4282261194358673,0.011208624206121336,0.0017597851716961528,0.03125,0,0.018625556000301913
901004,congestion,rewired,ample,generic_nonlinear,0.005143916323589685,0.4282261194358673,0.011208624206121336,0.0017597851716961528,0.03125,0,0.01745646299980308
901004,congestion,rewired,ample,generic_equivalent,0.005143916323589685,0.4282261194358673,0.011208624206121336,0.0017597851716961528,0.03125,0,0.016436779999651208
901004,congestion,rewired,ample,signed_intensity,0.005143916323589685,0.4282261194358673,0.011208624206121336,0.0017597851716961528,0.03125,0,0.0294165370003725
901004,congestion,rewired,ample,gradient,0.005340909567843631,0.4239375899641553,0.011537562322971909,0.0022364236778088095,0.03125,0,0.016122897000116154
901004,congestion,rewired,ample,zero_negative,0.2379722771288202,0.0,0.24435025898437024,0.26455587425548566,1.0,0,0.015125445000478521
901004,congestion,rewired,scarce,full,0.00765519403609265,0.38631076303256817,0.011818560051084172,0.004988182790596603,0.03125,0,0.019104724999692735
901004,congestion,rewired,scarce,no_K,0.00765519403609265,0.38631076303256817,0.011818560051084172,0.004988182790596603,0.03125,0,0.018759367999678034
901004,congestion,rewired,scarce,no_W,0.00765519403609265,0.38631076303256817,0.011818560051084172,0.004988182790596603,0.03125,0,0.019231445999764674
901004,congestion,rewired,scarce,no_WK,0.00765519403609265,0.38631076303256817,0.011818560051084172,0.004988182790596603,0.03125,0,0.018757909000157724
901004,congestion,rewired,scarce,retuned_zero,0.00765519403609265,0.38631076303256817,0.011818560051084172,0.004988182790596603,0.03125,0,0.018558741999981976
901004,congestion,rewired,scarce,rewired,0.00765519403609265,0.38631076303256817,0.011818560051084172,0.004988182790596603,0.03125,0,0.02623233600036201
901004,congestion,rewired,scarce,reverse,0.00765519403609265,0.38631076303256817,0.011818560051084172,0.004988182790596603,0.03125,0,0.018351708999659877
901004,congestion,rewired,scarce,generic_nonlinear,0.00765519403609265,0.38631076303256817,0.011818560051084172,0.004988182790596603,0.03125,0,0.017866985000125624
901004,congestion,rewired,scarce,generic_equivalent,0.00765519403609265,0.38631076303256817,0.011818560051084172,0.004988182790596603,0.03125,0,0.01721595199995818
901004,congestion,rewired,scarce,signed_intensity,0.00765519403609265,0.38631076303256817,0.011818560051084172,0.004988182790596603,0.03125,0,0.0296424939998019
901004,congestion,rewired,scarce,gradient,0.00792669096252208,0.3848379013406714,0.013228438094386652,0.005924953878472629,0.03125,0,0.015749928000104774
901004,congestion,rewired,scarce,zero_negative,0.2379722771288202,0.0,0.24435025898437024,0.26455587425548566,1.0,0,0.014973433000022851
901004,congestion,absent,ample,full,0.00561684105501376,0.42840527493196817,0.009111117909407078,0.00020963812822796354,0.03125,0,0.01889093999994884
901004,congestion,absent,ample,no_K,0.00561684105501376,0.42840527493196817,0.009111117909407078,0.00020963812822796354,0.03125,0,0.01858094299984714
901004,congestion,absent,ample,no_W,0.00561684105501376,0.42840527493196817,0.009111117909407078,0.00020963812822796354,0.03125,0,0.01801502099959862
901004,congestion,absent,ample,no_WK,0.00561684105501376,0.42840527493196817,0.009111117909407078,0.00020963812822796354,0.03125,0,0.018036142999960703
901004,congestion,absent,ample,retuned_zero,0.00561684105501376,0.42840527493196817,0.009111117909407078,0.00020963812822796354,0.03125,0,0.018381619999900067
901004,congestion,absent,ample,rewired,0.00561684105501376,0.42840527493196817,0.009111117909407078,0.00020963812822796354,0.03125,0,0.023649043000432357
901004,congestion,absent,ample,reverse,0.00561684105501376,0.42840527493196817,0.009111117909407078,0.00020963812822796354,0.03125,0,0.017941466999786826
901004,congestion,absent,ample,generic_nonlinear,0.00561684105501376,0.42840527493196817,0.009111117909407078,0.00020963812822796354,0.03125,0,0.017409577000194076
901004,congestion,absent,ample,generic_equivalent,0.00561684105501376,0.42840527493196817,0.009111117909407078,0.00020963812822796354,0.03125,0,0.01705108299989888
901004,congestion,absent,ample,signed_intensity,0.00561684105501376,0.42840527493196817,0.009111117909407078,0.00020963812822796354,0.03125,0,0.029369128000155342
901004,congestion,absent,ample,gradient,0.005682737377743861,0.4275707807901488,0.00937274694587144,0.000539785841927337,0.03125,0,0.01626745200002233
901004,congestion,absent,ample,zero_negative,0.2379722771288202,0.0,0.24435025898437024,0.26455587425548566,1.0,0,0.014568590000180848
901004,congestion,absent,scarce,full,0.009376219827445124,0.3871444368371753,0.01238702029144835,0.0065673767259265565,0.03125,0,0.018320491000110906
901004,congestion,absent,scarce,no_K,0.009376219827445124,0.3871444368371753,0.01238702029144835,0.0065673767259265565,0.03125,0,0.01848923099981903
901004,congestion,absent,scarce,no_W,0.009376219827445124,0.3871444368371753,0.01238702029144835,0.0065673767259265565,0.03125,0,0.017997808000302484
901004,congestion,absent,scarce,no_WK,0.009376219827445124,0.3871444368371753,0.01238702029144835,0.0065673767259265565,0.03125,0,0.018440618000227005
901004,congestion,absent,scarce,retuned_zero,0.009376219827445124,0.3871444368371753,0.01238702029144835,0.0065673767259265565,0.03125,0,0.01857552900008841
901004,congestion,absent,scarce,rewired,0.009376219827445124,0.3871444368371753,0.01238702029144835,0.0065673767259265565,0.03125,0,0.018713955000123406
901004,congestion,absent,scarce,reverse,0.009376219827445124,0.3871444368371753,0.01238702029144835,0.0065673767259265565,0.03125,0,0.01878709800013212
901004,congestion,absent,scarce,generic_nonlinear,0.009376219827445124,0.3871444368371753,0.01238702029144835,0.0065673767259265565,0.03125,0,0.016831653000224378
901004,congestion,absent,scarce,generic_equivalent,0.009376219827445124,0.3871444368371753,0.01238702029144835,0.0065673767259265565,0.03125,0,0.01686168700007329
901004,congestion,absent,scarce,signed_intensity,0.009376219827445124,0.3871444368371753,0.01238702029144835,0.0065673767259265565,0.03125,0,0.02874631600008115
901004,congestion,absent,scarce,gradient,0.009483281881111133,0.38676932381774887,0.012643944189691258,0.006779995972999308,0.03125,0,0.016041510999968978
901004,congestion,absent,scarce,zero_negative,0.2379722771288202,0.0,0.24435025898437024,0.26455587425548566,1.0,0,0.014711592999560708
901005,linear,aligned,ample,full,0.020850589075822625,0.39015728026236896,0.029364318444993483,0.0003996063289471638,0.03125,0,0.018953252000073917
901005,linear,aligned,ample,no_K,0.020850589075822625,0.39015728026236896,0.029364318444993483,0.0003996063289471638,0.03125,0,0.018886056000155804
901005,linear,aligned,ample,no_W,0.020850589075822625,0.39015728026236896,0.029364318444993483,0.0003996063289471638,0.03125,0,0.018719004000217865
901005,linear,aligned,ample,no_WK,0.020850589075822625,0.39015728026236896,0.029364318444993483,0.0003996063289471638,0.03125,0,0.018607501000133198
901005,linear,aligned,ample,retuned_zero,0.020850589075822625,0.39015728026236896,0.029364318444993483,0.0003996063289471638,0.03125,0,0.027327183000011246
901005,linear,aligned,ample,rewired,0.020850589075822625,0.39015728026236896,0.029364318444993483,0.0003996063289471638,0.03125,0,0.018982585000173913
901005,linear,aligned,ample,reverse,0.020850589075822625,0.39015728026236896,0.029364318444993483,0.0003996063289471638,0.03125,0,0.018931850999763356
901005,linear,aligned,ample,generic_nonlinear,0.020850589075822625,0.39015728026236896,0.029364318444993483,0.0003996063289471638,0.03125,0,0.01744660300016676
901005,linear,aligned,ample,generic_equivalent,0.020850589075822625,0.39015728026236896,0.029364318444993483,0.0003996063289471638,0.03125,0,0.016467146999843862
901005,linear,aligned,ample,signed_intensity,0.020850589075822625,0.39015728026236896,0.029364318444993483,0.0003996063289471638,0.03125,0,0.029338730000176838
901005,linear,aligned,ample,gradient,0.021639459200812027,0.3874455424154974,0.03298749099490874,0.002076897653917771,0.03125,0,0.016103303000306823
901005,linear,aligned,ample,zero_negative,0.23062338012734762,0.0,0.2651661687477085,0.20974193857778267,1.0,0,0.015098894999709955
901005,linear,aligned,scarce,full,0.02325954115912186,0.36447277275209217,0.03388312036749672,0.0003709463313985538,0.03125,0,0.01893702300037603
901005,linear,aligned,scarce,no_K,0.02325954115912186,0.36447277275209217,0.03388312036749672,0.0003709463313985538,0.03125,0,0.018842679999977463
901005,linear,aligned,scarce,no_W,0.02325954115912186,0.36447277275209217,0.03388312036749672,0.0003709463313985538,0.03125,0,0.018418128999712735
901005,linear,aligned,scarce,no_WK,0.02325954115912186,0.36447277275209217,0.03388312036749672,0.0003709463313985538,0.03125,0,0.018686939000303937
901005,linear,aligned,scarce,retuned_zero,0.02325954115912186,0.36447277275209217,0.03388312036749672,0.0003709463313985538,0.03125,0,0.02487069999989444
901005,linear,aligned,scarce,rewired,0.02325954115912186,0.36447277275209217,0.03388312036749672,0.0003709463313985538,0.03125,0,0.018587227000637085
901005,linear,aligned,scarce,reverse,0.02325954115912186,0.36447277275209217,0.03388312036749672,0.0003709463313985538,0.03125,0,0.018090416000006826
901005,linear,aligned,scarce,generic_nonlinear,0.02325954115912186,0.36447277275209217,0.03388312036749672,0.0003709463313985538,0.03125,0,0.017372806000139462
901005,linear,aligned,scarce,generic_equivalent,0.02325954115912186,0.36447277275209217,0.03388312036749672,0.0003709463313985538,0.03125,0,0.016959463000034702
901005,linear,aligned,scarce,signed_intensity,0.02325954115912186,0.36447277275209217,0.03388312036749672,0.0003709463313985538,0.03125,0,0.029878981000024396
901005,linear,aligned,scarce,gradient,0.023680375971072136,0.3643394873953957,0.03553386905930901,0.002071529545202352,0.03125,0,0.017115306999869517
901005,linear,aligned,scarce,zero_negative,0.23062338012734762,0.0,0.2651661687477085,0.20974193857778267,1.0,0,0.014868459999945571
901005,linear,rewired,ample,full,0.021357796171148316,0.38969490001799556,0.029115253039016898,0.000530012839920815,0.03125,0,0.01886611700024332
901005,linear,rewired,ample,no_K,0.021357796171148316,0.38969490001799556,0.029115253039016898,0.000530012839920815,0.03125,0,0.019171349999851373
901005,linear,rewired,ample,no_W,0.021357796171148316,0.38969490001799556,0.029115253039016898,0.000530012839920815,0.03125,0,0.018166568999788524
901005,linear,rewired,ample,no_WK,0.021357796171148316,0.38969490001799556,0.029115253039016898,0.000530012839920815,0.03125,0,0.01834751200010487
901005,linear,rewired,ample,retuned_zero,0.021357796171148316,0.38969490001799556,0.029115253039016898,0.000530012839920815,0.03125,0,0.01908094100025437
901005,linear,rewired,ample,rewired,0.021357796171148316,0.38969490001799556,0.029115253039016898,0.000530012839920815,0.03125,0,0.01861026399990351
901005,linear,rewired,ample,reverse,0.021357796171148316,0.38969490001799556,0.029115253039016898,0.000530012839920815,0.03125,0,0.01826299599997583
901005,linear,rewired,ample,generic_nonlinear,0.021357796171148316,0.38969490001799556,0.029115253039016898,0.000530012839920815,0.03125,0,0.01722698400004674
901005,linear,rewired,ample,generic_equivalent,0.021357796171148316,0.38969490001799556,0.029115253039016898,0.000530012839920815,0.03125,0,0.016896804999930737
901005,linear,rewired,ample,signed_intensity,0.021357796171148316,0.38969490001799556,0.029115253039016898,0.000530012839920815,0.03125,0,0.029718879999904857
901005,linear,rewired,ample,gradient,0.022005444664479953,0.38826476468434085,0.032310164495039935,0.002549059632822794,0.03125,0,0.016622072999609827
901005,linear,rewired,ample,zero_negative,0.23062338012734762,0.0,0.2651661687477085,0.20974193857778267,1.0,0,0.014702232999923126
901005,linear,rewired,scarce,full,0.023724901003220347,0.36531045349311775,0.03337555480466899,0.0005349713360350786,0.03125,0,0.01857876300044836
901005,linear,rewired,scarce,no_K,0.023724901003220347,0.36531045349311775,0.03337555480466899,0.0005349713360350786,0.03125,0,0.01899300099961465
901005,linear,rewired,scarce,no_W,0.023724901003220347,0.36531045349311775,0.03337555480466899,0.0005349713360350786,0.03125,0,0.01855566100022088
901005,linear,rewired,scarce,no_WK,0.023724901003220347,0.36531045349311775,0.03337555480466899,0.0005349713360350786,0.03125,0,0.018712546999836377
901005,linear,rewired,scarce,retuned_zero,0.023724901003220347,0.36531045349311775,0.03337555480466899,0.0005349713360350786,0.03125,0,0.025434217999873
901005,linear,rewired,scarce,rewired,0.023724901003220347,0.36531045349311775,0.03337555480466899,0.0005349713360350786,0.03125,0,0.018397914999809473
901005,linear,rewired,scarce,reverse,0.023724901003220347,0.36531045349311775,0.03337555480466899,0.0005349713360350786,0.03125,0,0.018961844999921595
901005,linear,rewired,scarce,generic_nonlinear,0.023724901003220347,0.36531045349311775,0.03337555480466899,0.0005349713360350786,0.03125,0,0.01682928200000333
901005,linear,rewired,scarce,generic_equivalent,0.023724901003220347,0.36531045349311775,0.03337555480466899,0.0005349713360350786,0.03125,0,0.016857467999273013
901005,linear,rewired,scarce,signed_intensity,0.023724901003220347,0.36531045349311775,0.03337555480466899,0.0005349713360350786,0.03125,0,0.02892247500034273
901005,linear,rewired,scarce,gradient,0.02444549760591287,0.36427298054721086,0.03565990267725215,0.002534328896022084,0.03125,0,0.016443881999919086
901005,linear,rewired,scarce,zero_negative,0.23062338012734762,0.0,0.2651661687477085,0.20974193857778267,1.0,0,0.014609519000316595
901005,linear,absent,ample,full,0.021583290295452525,0.41519857590618997,0.0299732074726234,7.268516378559617e-05,0.03125,0,0.018386424999960127
901005,linear,absent,ample,no_K,0.021583290295452525,0.41519857590618997,0.0299732074726234,7.268516378559617e-05,0.03125,0,0.018401111999878594
901005,linear,absent,ample,no_W,0.021583290295452525,0.41519857590618997,0.0299732074726234,7.268516378559617e-05,0.03125,0,0.018401931000084915
901005,linear,absent,ample,no_WK,0.021583290295452525,0.41519857590618997,0.0299732074726234,7.268516378559617e-05,0.03125,0,0.024822564000146485
901005,linear,absent,ample,retuned_zero,0.021583290295452525,0.41519857590618997,0.0299732074726234,7.268516378559617e-05,0.03125,0,0.018498191000276165
901005,linear,absent,ample,rewired,0.021583290295452525,0.41519857590618997,0.0299732074726234,7.268516378559617e-05,0.03125,0,0.018347495000170966
901005,linear,absent,ample,reverse,0.021583290295452525,0.41519857590618997,0.0299732074726234,7.268516378559617e-05,0.03125,0,0.018439443999966443
901005,linear,absent,ample,generic_nonlinear,0.021583290295452525,0.41519857590618997,0.0299732074726234,7.268516378559617e-05,0.03125,0,0.017436717000009594
901005,linear,absent,ample,generic_equivalent,0.021583290295452525,0.41519857590618997,0.0299732074726234,7.268516378559617e-05,0.03125,0,0.016221902999745907
901005,linear,absent,ample,signed_intensity,0.021583290295452525,0.41519857590618997,0.0299732074726234,7.268516378559617e-05,0.03125,0,0.028857137000443345
901005,linear,absent,ample,gradient,0.021833964549270297,0.4150597390076327,0.03126549830136956,0.00036375476295267097,0.03125,0,0.01592485999975679
901005,linear,absent,ample,zero_negative,0.23062338012734762,0.0,0.2651661687477085,0.20974193857778267,1.0,0,0.014998543000103837
901005,linear,absent,scarce,full,0.026197917407396118,0.375126843546995,0.037641928076996164,0.0006615312338069123,0.03125,0,0.01898248099985267
901005,linear,absent,scarce,no_K,0.026197917407396118,0.375126843546995,0.037641928076996164,0.0006615312338069123,0.03125,0,0.018696541000053912
901005,linear,absent,scarce,no_W,0.026197917407396118,0.375126843546995,0.037641928076996164,0.0006615312338069123,0.03125,0,0.018610772999807068
901005,linear,absent,scarce,no_WK,0.026197917407396118,0.375126843546995,0.037641928076996164,0.0006615312338069123,0.03125,0,0.025750693999839314
901005,linear,absent,scarce,retuned_zero,0.026197917407396118,0.375126843546995,0.037641928076996164,0.0006615312338069123,0.03125,0,0.01829187499993168
901005,linear,absent,scarce,rewired,0.026197917407396118,0.375126843546995,0.037641928076996164,0.0006615312338069123,0.03125,0,0.018561184000020603
901005,linear,absent,scarce,reverse,0.026197917407396118,0.375126843546995,0.037641928076996164,0.0006615312338069123,0.03125,0,0.018070073999581382
901005,linear,absent,scarce,generic_nonlinear,0.026197917407396118,0.375126843546995,0.037641928076996164,0.0006615312338069123,0.03125,0,0.017414563000158978
901005,linear,absent,scarce,generic_equivalent,0.026197917407396118,0.375126843546995,0.037641928076996164,0.0006615312338069123,0.03125,0,0.016711165999652167
901005,linear,absent,scarce,signed_intensity,0.026197917407396118,0.375126843546995,0.037641928076996164,0.0006615312338069123,0.03125,0,0.029144653000116705
901005,linear,absent,scarce,gradient,0.026452908153995792,0.37540630755158444,0.03827081215792453,0.000930663411276511,0.03125,0,0.015789427000072465
901005,linear,absent,scarce,zero_negative,0.23062338012734762,0.0,0.2651661687477085,0.20974193857778267,1.0,0,0.014686803000302007
901005,congestion,aligned,ample,full,0.022211628715102183,0.4102447684850249,0.031898319616772405,0.00043337662948940816,0.03125,0,0.01885335999986637
901005,congestion,aligned,ample,no_K,0.022211628715102183,0.4102447684850249,0.031898319616772405,0.00043337662948940816,0.03125,0,0.018796000000293134
901005,congestion,aligned,ample,no_W,0.022211628715102183,0.4102447684850249,0.031898319616772405,0.00043337662948940816,0.03125,0,0.018464833000109593
901005,congestion,aligned,ample,no_WK,0.022211628715102183,0.4102447684850249,0.031898319616772405,0.00043337662948940816,0.03125,0,0.018579773000340083
901005,congestion,aligned,ample,retuned_zero,0.022211628715102183,0.4102447684850249,0.031898319616772405,0.00043337662948940816,0.03125,0,0.018239379000135614
901005,congestion,aligned,ample,rewired,0.022211628715102183,0.4102447684850249,0.031898319616772405,0.00043337662948940816,0.03125,0,0.018701677000137806
901005,congestion,aligned,ample,reverse,0.022211628715102183,0.4102447684850249,0.031898319616772405,0.00043337662948940816,0.03125,0,0.018608249999715554
901005,congestion,aligned,ample,generic_nonlinear,0.022211628715102183,0.4102447684850249,0.031898319616772405,0.00043337662948940816,0.03125,0,0.01777873499980842
901005,congestion,aligned,ample,generic_equivalent,0.022211628715102183,0.4102447684850249,0.031898319616772405,0.00043337662948940816,0.03125,0,0.017176729000198065
901005,congestion,aligned,ample,signed_intensity,0.022211628715102183,0.4102447684850249,0.031898319616772405,0.0004333766294894082,0.03125,0,0.02950898899996446
901005,congestion,aligned,ample,gradient,0.023221825628895576,0.40405010091906524,0.03660437355985443,0.0024536866711184603,0.03125,0,0.016584329999602687
901005,congestion,aligned,ample,zero_negative,0.23062338012734762,0.0,0.2651661687477085,0.20974193857778267,1.0,0,0.014728060999857462
901005,congestion,aligned,scarce,full,0.02609728965100328,0.37199678396131436,0.03867343390024192,0.0010655125517464493,0.03125,0,0.018616143000315333
901005,congestion,aligned,scarce,no_K,0.02609728965100328,0.37199678396131436,0.03867343390024192,0.0010655125517464493,0.03125,0,0.019097179000141296
901005,congestion,aligned,scarce,no_W,0.02609728965100328,0.37199678396131436,0.03867343390024192,0.0010655125517464493,0.03125,0,0.018255811000017275
901005,congestion,aligned,scarce,no_WK,0.02609728965100328,0.37199678396131436,0.03867343390024192,0.0010655125517464493,0.03125,0,0.018894279000164715
901005,congestion,aligned,scarce,retuned_zero,0.02609728965100328,0.37199678396131436,0.03867343390024192,0.0010655125517464493,0.03125,0,0.01892367600032685
901005,congestion,aligned,scarce,rewired,0.02609728965100328,0.37199678396131436,0.03867343390024192,0.0010655125517464493,0.03125,0,0.0187850160001517
901005,congestion,aligned,scarce,reverse,0.02609728965100328,0.37199678396131436,0.03867343390024192,0.0010655125517464493,0.03125,0,0.019293766999510353
901005,congestion,aligned,scarce,generic_nonlinear,0.02609728965100328,0.37199678396131436,0.03867343390024192,0.0010655125517464493,0.03125,0,0.017242463000116004
901005,congestion,aligned,scarce,generic_equivalent,0.02609728965100328,0.37199678396131436,0.03867343390024192,0.0010655125517464493,0.03125,0,0.01722519600019723
901005,congestion,aligned,scarce,signed_intensity,0.02609728965100328,0.37199678396131436,0.03867343390024192,0.0010655125517464493,0.03125,0,0.02892520099999274
901005,congestion,aligned,scarce,gradient,0.026543297039485214,0.3713095727959531,0.04042932560414981,0.002580301815521501,0.03125,0,0.016548235000243494
901005,congestion,aligned,scarce,zero_negative,0.23062338012734762,0.0,0.2651661687477085,0.20974193857778267,1.0,0,0.01502739600005043
901005,congestion,rewired,ample,full,0.021508403364491856,0.4124076046494047,0.030290818398896125,0.0007147059368020127,0.03125,0,0.019496344000572208
901005,congestion,rewired,ample,no_K,0.021508403364491856,0.4124076046494047,0.030290818398896125,0.0007147059368020127,0.03125,0,0.01916450899989286
901005,congestion,rewired,ample,no_W,0.021508403364491856,0.4124076046494047,0.030290818398896125,0.0007147059368020127,0.03125,0,0.024813609000204906
901005,congestion,rewired,ample,no_WK,0.021508403364491856,0.4124076046494047,0.030290818398896125,0.0007147059368020127,0.03125,0,0.018979065000053197
901005,congestion,rewired,ample,retuned_zero,0.021508403364491856,0.4124076046494047,0.030290818398896125,0.0007147059368020127,0.03125,0,0.018779507000260764
901005,congestion,rewired,ample,rewired,0.021508403364491856,0.4124076046494047,0.030290818398896125,0.0007147059368020127,0.03125,0,0.01841947999974991
901005,congestion,rewired,ample,reverse,0.021508403364491856,0.4124076046494047,0.030290818398896125,0.0007147059368020127,0.03125,0,0.01879139599981272
901005,congestion,rewired,ample,generic_nonlinear,0.021508403364491856,0.4124076046494047,0.030290818398896125,0.0007147059368020127,0.03125,0,0.017375183999831734
901005,congestion,rewired,ample,generic_equivalent,0.021508403364491856,0.4124076046494047,0.030290818398896125,0.0007147059368020127,0.03125,0,0.016527583999675244
901005,congestion,rewired,ample,signed_intensity,0.021508403364491856,0.4124076046494047,0.030290818398896125,0.0007147059368020127,0.03125,0,0.029555303000222466
901005,congestion,rewired,ample,gradient,0.02196796765013244,0.4118146786034509,0.03248912727397759,0.0013622430432399793,0.03125,0,0.01622059300007095
901005,congestion,rewired,ample,zero_negative,0.23062338012734762,0.0,0.2651661687477085,0.20974193857778267,1.0,0,0.015350384999919697
901005,congestion,rewired,scarce,full,0.025472826621956865,0.3746655369412657,0.03681651238434235,0.00150365954576958,0.03125,0,0.018906436999941434
901005,congestion,rewired,scarce,no_K,0.025472826621956865,0.3746655369412657,0.03681651238434235,0.00150365954576958,0.03125,0,0.01905101199992032
901005,congestion,rewired,scarce,no_W,0.025472826621956865,0.3746655369412657,0.03681651238434235,0.00150365954576958,0.03125,0,0.026235764999739786
901005,congestion,rewired,scarce,no_WK,0.025472826621956865,0.3746655369412657,0.03681651238434235,0.00150365954576958,0.03125,0,0.018810962000145537
901005,congestion,rewired,scarce,retuned_zero,0.025472826621956865,0.3746655369412657,0.03681651238434235,0.00150365954576958,0.03125,0,0.018971770000177912
901005,congestion,rewired,scarce,rewired,0.025472826621956865,0.3746655369412657,0.03681651238434235,0.00150365954576958,0.03125,0,0.018506500999649234
901005,congestion,rewired,scarce,reverse,0.025472826621956865,0.3746655369412657,0.03681651238434235,0.00150365954576958,0.03125,0,0.01819696400036719
901005,congestion,rewired,scarce,generic_nonlinear,0.025472826621956865,0.3746655369412657,0.03681651238434235,0.00150365954576958,0.03125,0,0.01732593000019733
901005,congestion,rewired,scarce,generic_equivalent,0.025472826621956865,0.3746655369412657,0.03681651238434235,0.00150365954576958,0.03125,0,0.01673016100011182
901005,congestion,rewired,scarce,signed_intensity,0.025472826621956865,0.3746655369412657,0.03681651238434235,0.00150365954576958,0.03125,0,0.029255996999779654
901005,congestion,rewired,scarce,gradient,0.02597046794158113,0.37488271493248937,0.03735618736342436,0.002102094315292719,0.03125,0,0.015737995999813847
901005,congestion,rewired,scarce,zero_negative,0.23062338012734762,0.0,0.2651661687477085,0.20974193857778267,1.0,0,0.01477657599991744
901005,congestion,absent,ample,full,0.021583290295452525,0.41519857590618997,0.0299732074726234,7.268516378559617e-05,0.03125,0,0.018714719000456626
901005,congestion,absent,ample,no_K,0.021583290295452525,0.41519857590618997,0.0299732074726234,7.268516378559617e-05,0.03125,0,0.018518817000369836
901005,congestion,absent,ample,no_W,0.021583290295452525,0.41519857590618997,0.0299732074726234,7.268516378559617e-05,0.03125,0,0.024522883000088314
901005,congestion,absent,ample,no_WK,0.021583290295452525,0.41519857590618997,0.0299732074726234,7.268516378559617e-05,0.03125,0,0.01807520199992041
901005,congestion,absent,ample,retuned_zero,0.021583290295452525,0.41519857590618997,0.0299732074726234,7.268516378559617e-05,0.03125,0,0.01802171600024849
901005,congestion,absent,ample,rewired,0.021583290295452525,0.41519857590618997,0.0299732074726234,7.268516378559617e-05,0.03125,0,0.02130888400023423
901005,congestion,absent,ample,reverse,0.021583290295452525,0.41519857590618997,0.0299732074726234,7.268516378559617e-05,0.03125,0,0.017839356000081352
901005,congestion,absent,ample,generic_nonlinear,0.021583290295452525,0.41519857590618997,0.0299732074726234,7.268516378559617e-05,0.03125,0,0.017202802000326756
901005,congestion,absent,ample,generic_equivalent,0.021583290295452525,0.41519857590618997,0.0299732074726234,7.268516378559617e-05,0.03125,0,0.016629039999997985
901005,congestion,absent,ample,signed_intensity,0.021583290295452525,0.41519857590618997,0.0299732074726234,7.268516378559617e-05,0.03125,0,0.028966319000119256
901005,congestion,absent,ample,gradient,0.021833964549270297,0.4150597390076327,0.03126549830136956,0.00036375476295267097,0.03125,0,0.016125675000353112
901005,congestion,absent,ample,zero_negative,0.23062338012734762,0.0,0.2651661687477085,0.20974193857778267,1.0,0,0.014567750000310298
901005,congestion,absent,scarce,full,0.026197917407396118,0.375126843546995,0.037641928076996164,0.0006615312338069123,0.03125,0,0.018573224000022037
901005,congestion,absent,scarce,no_K,0.026197917407396118,0.375126843546995,0.037641928076996164,0.0006615312338069123,0.03125,0,0.018695641000419982
901005,congestion,absent,scarce,no_W,0.026197917407396118,0.375126843546995,0.037641928076996164,0.0006615312338069123,0.03125,0,0.025414547000025323
901005,congestion,absent,scarce,no_WK,0.026197917407396118,0.375126843546995,0.037641928076996164,0.0006615312338069123,0.03125,0,0.01821564699986311
901005,congestion,absent,scarce,retuned_zero,0.026197917407396118,0.375126843546995,0.037641928076996164,0.0006615312338069123,0.03125,0,0.01866287499990449
901005,congestion,absent,scarce,rewired,0.026197917407396118,0.375126843546995,0.037641928076996164,0.0006615312338069123,0.03125,0,0.018374719000007644
901005,congestion,absent,scarce,reverse,0.026197917407396118,0.375126843546995,0.037641928076996164,0.0006615312338069123,0.03125,0,0.018509841999957644
901005,congestion,absent,scarce,generic_nonlinear,0.026197917407396118,0.375126843546995,0.037641928076996164,0.0006615312338069123,0.03125,0,0.016772899999978108
901005,congestion,absent,scarce,generic_equivalent,0.026197917407396118,0.375126843546995,0.037641928076996164,0.0006615312338069123,0.03125,0,0.017004984000379864
901005,congestion,absent,scarce,signed_intensity,0.026197917407396118,0.375126843546995,0.037641928076996164,0.0006615312338069123,0.03125,0,0.028746056000159115
901005,congestion,absent,scarce,gradient,0.026452908153995792,0.37540630755158444,0.03827081215792453,0.000930663411276511,0.03125,0,0.016284378000136712
901005,congestion,absent,scarce,zero_negative,0.23062338012734762,0.0,0.2651661687477085,0.20974193857778267,1.0,0,0.014563819999978023
901006,linear,aligned,ample,full,0.0015895222170148257,0.3941141905318035,0.00489362387905645,0.001255566608270805,0.03125,0,0.018960698000171305
901006,linear,aligned,ample,no_K,0.0015895222170148257,0.3941141905318035,0.00489362387905645,0.001255566608270805,0.03125,0,0.018928394000056414
901006,linear,aligned,ample,no_W,0.0015895222170148257,0.3941141905318035,0.00489362387905645,0.001255566608270805,0.03125,0,0.018873295999867423
901006,linear,aligned,ample,no_WK,0.0015895222170148257,0.3941141905318035,0.00489362387905645,0.001255566608270805,0.03125,0,0.018920258000150625
901006,linear,aligned,ample,retuned_zero,0.0015895222170148257,0.3941141905318035,0.00489362387905645,0.001255566608270805,0.03125,0,0.01891957999987426
901006,linear,aligned,ample,rewired,0.0015895222170148257,0.3941141905318035,0.00489362387905645,0.001255566608270805,0.03125,0,0.018818224999733957
901006,linear,aligned,ample,reverse,0.0015895222170148257,0.3941141905318035,0.00489362387905645,0.001255566608270805,0.03125,0,0.018887698000014552
901006,linear,aligned,ample,generic_nonlinear,0.0015895222170148257,0.3941141905318035,0.00489362387905645,0.001255566608270805,0.03125,0,0.01751518499958138
901006,linear,aligned,ample,generic_equivalent,0.0015895222170148257,0.3941141905318035,0.00489362387905645,0.001255566608270805,0.03125,0,0.01662400899971317
901006,linear,aligned,ample,signed_intensity,0.0015895222170148257,0.3941141905318035,0.00489362387905645,0.001255566608270805,0.03125,0,0.029604842000253484
901006,linear,aligned,ample,gradient,0.0033823681888087366,0.39365567721131955,0.013108443876151031,0.0027511189062174785,0.03125,0,0.016501084999731574
901006,linear,aligned,ample,zero_negative,0.18755764180005507,0.0,0.19975890965412313,0.16331484588498446,1.0,0,0.01522917700015114
901006,linear,aligned,scarce,full,0.0036154825682268837,0.3724267220415039,0.008533122535733094,0.0012555411505166662,0.03125,0,0.01914589700044189
901006,linear,aligned,scarce,no_K,0.0036154825682268837,0.3724267220415039,0.008533122535733094,0.0012555411505166662,0.03125,0,0.026748850999410934
901006,linear,aligned,scarce,no_W,0.0036154825682268837,0.3724267220415039,0.008533122535733094,0.0012555411505166662,0.03125,0,0.019083048000027247
901006,linear,aligned,scarce,no_WK,0.0036154825682268837,0.3724267220415039,0.008533122535733094,0.0012555411505166662,0.03125,0,0.019138729999895077
901006,linear,aligned,scarce,retuned_zero,0.0036154825682268837,0.3724267220415039,0.008533122535733094,0.0012555411505166662,0.03125,0,0.018891086999985873
901006,linear,aligned,scarce,rewired,0.0036154825682268837,0.3724267220415039,0.008533122535733094,0.0012555411505166662,0.03125,0,0.01856830699995271
901006,linear,aligned,scarce,reverse,0.0036154825682268837,0.3724267220415039,0.008533122535733094,0.0012555411505166662,0.03125,0,0.018177826000226105
901006,linear,aligned,scarce,generic_nonlinear,0.0036154825682268837,0.3724267220415039,0.008533122535733094,0.0012555411505166662,0.03125,0,0.017288911000377993
901006,linear,aligned,scarce,generic_equivalent,0.0036154825682268837,0.3724267220415039,0.008533122535733094,0.0012555411505166662,0.03125,0,0.016720653999868773
901006,linear,aligned,scarce,signed_intensity,0.0036154825682268837,0.3724267220415039,0.008533122535733094,0.0012555411505166662,0.03125,0,0.029478177999692434
901006,linear,aligned,scarce,gradient,0.004839610140248623,0.3735523769250801,0.013286274008548904,0.0027047464042505996,0.03125,0,0.015607907000116938
901006,linear,aligned,scarce,zero_negative,0.18755764180005507,0.0,0.19975890965412313,0.16331484588498446,1.0,0,0.014709367000136808
901006,linear,rewired,ample,full,0.003492804409045802,0.38707319590079126,0.007810565173744929,0.0007249721317102477,0.03125,0,0.01881133700049986
901006,linear,rewired,ample,no_K,0.003492804409045802,0.38707319590079126,0.007810565173744929,0.0007249721317102477,0.03125,0,0.025033897000071192
901006,linear,rewired,ample,no_W,0.003492804409045802,0.38707319590079126,0.007810565173744929,0.0007249721317102477,0.03125,0,0.01881163400020114
901006,linear,rewired,ample,no_WK,0.003492804409045802,0.38707319590079126,0.007810565173744929,0.0007249721317102477,0.03125,0,0.01808218199971634
901006,linear,rewired,ample,retuned_zero,0.003492804409045802,0.38707319590079126,0.007810565173744929,0.0007249721317102477,0.03125,0,0.018223659999932806
901006,linear,rewired,ample,rewired,0.003492804409045802,0.38707319590079126,0.007810565173744929,0.0007249721317102477,0.03125,0,0.019381158000101095
901006,linear,rewired,ample,reverse,0.003492804409045802,0.38707319590079126,0.007810565173744929,0.0007249721317102477,0.03125,0,0.017921584000077928
901006,linear,rewired,ample,generic_nonlinear,0.003492804409045802,0.38707319590079126,0.007810565173744929,0.0007249721317102477,0.03125,0,0.017048139000166884
901006,linear,rewired,ample,generic_equivalent,0.003492804409045802,0.38707319590079126,0.007810565173744929,0.0007249721317102477,0.03125,0,0.016691647999834913
901006,linear,rewired,ample,signed_intensity,0.003492804409045802,0.38707319590079126,0.007810565173744929,0.0007249721317102477,0.03125,0,0.02925560299991048
901006,linear,rewired,ample,gradient,0.0070636308714451795,0.38980302313156445,0.024068128397012625,0.0045510729868878715,0.03125,0,0.0160349339998902
901006,linear,rewired,ample,zero_negative,0.18755764180005507,0.0,0.19975890965412313,0.16331484588498446,1.0,0,0.014492595999911373
901006,linear,rewired,scarce,full,0.005210709995181832,0.3679104652231864,0.010384206770513691,0.0007253475658710669,0.03125,0,0.01848716400002104
901006,linear,rewired,scarce,no_K,0.005210709995181832,0.3679104652231864,0.010384206770513691,0.0007253475658710669,0.03125,0,0.018950661000076252
901006,linear,rewired,scarce,no_W,0.005210709995181832,0.3679104652231864,0.010384206770513691,0.0007253475658710669,0.03125,0,0.018888736000292283
901006,linear,rewired,scarce,no_WK,0.005210709995181832,0.3679104652231864,0.010384206770513691,0.0007253475658710669,0.03125,0,0.018189700999926117
901006,linear,rewired,scarce,retuned_zero,0.005210709995181832,0.3679104652231864,0.010384206770513691,0.0007253475658710669,0.03125,0,0.0186061439999321
901006,linear,rewired,scarce,rewired,0.005210709995181832,0.3679104652231864,0.010384206770513691,0.0007253475658710669,0.03125,0,0.018575306000116143
901006,linear,rewired,scarce,reverse,0.005210709995181832,0.3679104652231864,0.010384206770513691,0.0007253475658710669,0.03125,0,0.01835519799976737
901006,linear,rewired,scarce,generic_nonlinear,0.005210709995181832,0.3679104652231864,0.010384206770513691,0.0007253475658710669,0.03125,0,0.01697208899997804
901006,linear,rewired,scarce,generic_equivalent,0.005210709995181832,0.3679104652231864,0.010384206770513691,0.0007253475658710669,0.03125,0,0.016813150000473343
901006,linear,rewired,scarce,signed_intensity,0.005210709995181832,0.3679104652231864,0.010384206770513691,0.0007253475658710669,0.03125,0,0.028655149999963214
901006,linear,rewired,scarce,gradient,0.007773097798547183,0.3706549118205454,0.020944071109494682,0.004032011186456371,0.03125,0,0.016087231999847518
901006,linear,rewired,scarce,zero_negative,0.18755764180005507,0.0,0.19975890965412313,0.16331484588498446,1.0,0,0.014782306999961747
901006,linear,absent,ample,full,0.0023717356182284,0.41822352615818414,0.004299803049642903,6.689980676389276e-05,0.03125,0,0.018644380000125693
901006,linear,absent,ample,no_K,0.0023717356182284,0.41822352615818414,0.004299803049642903,6.689980676389276e-05,0.03125,0,0.0240575290004017
901006,linear,absent,ample,no_W,0.0023717356182284,0.41822352615818414,0.004299803049642903,6.689980676389276e-05,0.03125,0,0.018336502999659388
901006,linear,absent,ample,no_WK,0.0023717356182284,0.41822352615818414,0.004299803049642903,6.689980676389276e-05,0.03125,0,0.018366940000078102
901006,linear,absent,ample,retuned_zero,0.0023717356182284,0.41822352615818414,0.004299803049642903,6.689980676389276e-05,0.03125,0,0.01858671700006198
901006,linear,absent,ample,rewired,0.0023717356182284,0.41822352615818414,0.004299803049642903,6.689980676389276e-05,0.03125,0,0.01850622599977214
901006,linear,absent,ample,reverse,0.0023717356182284,0.41822352615818414,0.004299803049642903,6.689980676389276e-05,0.03125,0,0.018411770000057004
901006,linear,absent,ample,generic_nonlinear,0.0023717356182284,0.41822352615818414,0.004299803049642903,6.689980676389276e-05,0.03125,0,0.01714314899970759
901006,linear,absent,ample,generic_equivalent,0.0023717356182284,0.41822352615818414,0.004299803049642903,6.689980676389276e-05,0.03125,0,0.016398290999859455
901006,linear,absent,ample,signed_intensity,0.0023717356182284,0.41822352615818414,0.004299803049642903,6.689980676389276e-05,0.03125,0,0.030381158999659874
901006,linear,absent,ample,gradient,0.0028155462776034705,0.4173087633792234,0.006608866503466128,0.00043648257125878764,0.03125,0,0.016119520000245302
901006,linear,absent,ample,zero_negative,0.18755764180005507,0.0,0.19975890965412313,0.16331484588498446,1.0,0,0.015097599999762679
901006,linear,absent,scarce,full,0.006370213710890079,0.383319291228876,0.010725798170401937,0.0002379235765421884,0.03125,0,0.025417548999826067
901006,linear,absent,scarce,no_K,0.006370213710890079,0.383319291228876,0.010725798170401937,0.0002379235765421884,0.03125,0,0.01861377300025424
901006,linear,absent,scarce,no_W,0.006370213710890079,0.383319291228876,0.010725798170401937,0.0002379235765421884,0.03125,0,0.018716727000253286
901006,linear,absent,scarce,no_WK,0.006370213710890079,0.383319291228876,0.010725798170401937,0.0002379235765421884,0.03125,0,0.01851493499964363
901006,linear,absent,scarce,retuned_zero,0.006370213710890079,0.383319291228876,0.010725798170401937,0.0002379235765421884,0.03125,0,0.01831555900020021
901006,linear,absent,scarce,rewired,0.006370213710890079,0.383319291228876,0.010725798170401937,0.0002379235765421884,0.03125,0,0.018537172999799623
901006,linear,absent,scarce,reverse,0.006370213710890079,0.383319291228876,0.010725798170401937,0.0002379235765421884,0.03125,0,0.018073021999896355
901006,linear,absent,scarce,generic_nonlinear,0.006370213710890079,0.383319291228876,0.010725798170401937,0.0002379235765421884,0.03125,0,0.01738614799961624
901006,linear,absent,scarce,generic_equivalent,0.006370213710890079,0.383319291228876,0.010725798170401937,0.0002379235765421884,0.03125,0,0.016719830999704755
901006,linear,absent,scarce,signed_intensity,0.006370213710890079,0.383319291228876,0.010725798170401936,0.0002379235765421884,0.03125,0,0.029273622999937743
901006,linear,absent,scarce,gradient,0.006828098223342448,0.3831822437098943,0.011903479037500173,0.0005999746559424568,0.03125,0,0.015610068999762916
901006,linear,absent,scarce,zero_negative,0.18755764180005507,0.0,0.19975890965412313,0.16331484588498446,1.0,0,0.014828928999861546
901006,congestion,aligned,ample,full,0.0022722963855220223,0.41301095266430055,0.006735680754615783,0.0014620401026744136,0.03125,0,0.025553678999926888
901006,congestion,aligned,ample,no_K,0.0022722963855220223,0.41301095266430055,0.006735680754615783,0.0014620401026744136,0.03125,0,0.019251006999581932
901006,congestion,aligned,ample,no_W,0.0022722963855220223,0.41301095266430055,0.006735680754615783,0.0014620401026744136,0.03125,0,0.018931741000528746
901006,congestion,aligned,ample,no_WK,0.0022722963855220223,0.41301095266430055,0.006735680754615783,0.0014620401026744136,0.03125,0,0.01854825100014068
901006,congestion,aligned,ample,retuned_zero,0.0022722963855220223,0.41301095266430055,0.006735680754615783,0.0014620401026744136,0.03125,0,0.01874338699974487
901006,congestion,aligned,ample,rewired,0.0022722963855220223,0.41301095266430055,0.006735680754615783,0.0014620401026744136,0.03125,0,0.01916758900011928
901006,congestion,aligned,ample,reverse,0.0022722963855220223,0.41301095266430055,0.006735680754615783,0.0014620401026744136,0.03125,0,0.01848928700047736
901006,congestion,aligned,ample,generic_nonlinear,0.0022722963855220223,0.41301095266430055,0.006735680754615783,0.0014620401026744136,0.03125,0,0.017456211999842708
901006,congestion,aligned,ample,generic_equivalent,0.0022722963855220223,0.41301095266430055,0.006735680754615783,0.0014620401026744136,0.03125,0,0.017041688999938742
901006,congestion,aligned,ample,signed_intensity,0.0022722963855220223,0.41301095266430055,0.006735680754615783,0.0014620401026744136,0.03125,0,0.02979367600016758
901006,congestion,aligned,ample,gradient,0.004048301911032236,0.4141684923303377,0.014349942624043474,0.0029737645355739284,0.03125,0,0.016267971999752717
901006,congestion,aligned,ample,zero_negative,0.18755764180005507,0.0,0.19975890965412313,0.16331484588498446,1.0,0,0.014637520000007953
901006,congestion,aligned,scarce,full,0.0050645712382937965,0.38157196199103754,0.010994804838662638,0.0015306320509988738,0.03125,0,0.019018800000253577
901006,congestion,aligned,scarce,no_K,0.0050645712382937965,0.38157196199103754,0.010994804838662638,0.0015306320509988738,0.03125,0,0.01842129499988232
901006,congestion,aligned,scarce,no_W,0.0050645712382937965,0.38157196199103754,0.010994804838662638,0.0015306320509988738,0.03125,0,0.018646439999884024
901006,congestion,aligned,scarce,no_WK,0.0050645712382937965,0.38157196199103754,0.010994804838662638,0.0015306320509988738,0.03125,0,0.018277500999943186
901006,congestion,aligned,scarce,retuned_zero,0.0050645712382937965,0.38157196199103754,0.010994804838662638,0.0015306320509988738,0.03125,0,0.01842303900036768
901006,congestion,aligned,scarce,rewired,0.0050645712382937965,0.38157196199103754,0.010994804838662638,0.0015306320509988738,0.03125,0,0.018479498999738553
901006,congestion,aligned,scarce,reverse,0.0050645712382937965,0.38157196199103754,0.010994804838662638,0.0015306320509988738,0.03125,0,0.018577149999941867
901006,congestion,aligned,scarce,generic_nonlinear,0.0050645712382937965,0.38157196199103754,0.010994804838662638,0.0015306320509988738,0.03125,0,0.01727844199979245
901006,congestion,aligned,scarce,generic_equivalent,0.0050645712382937965,0.38157196199103754,0.010994804838662638,0.0015306320509988738,0.03125,0,0.01683048699965184
901006,congestion,aligned,scarce,signed_intensity,0.0050645712382937965,0.38157196199103754,0.010994804838662638,0.0015306320509988738,0.03125,0,0.02900846000045476
901006,congestion,aligned,scarce,gradient,0.006435562669626387,0.3828286177372629,0.015494147422931084,0.0029298873915551736,0.03125,0,0.0160448809999707
901006,congestion,aligned,scarce,zero_negative,0.18755764180005507,0.0,0.19975890965412313,0.16331484588498446,1.0,0,0.01489542600012328
901006,congestion,rewired,ample,full,0.002956536689659557,0.40559196220062943,0.005676341521041475,0.000856442510958877,0.03515625,0,0.019059520999860524
901006,congestion,rewired,ample,no_K,0.002956536689659557,0.40559196220062943,0.005676341521041475,0.000856442510958877,0.03515625,0,0.019352610000282766
901006,congestion,rewired,ample,no_W,0.002956536689659557,0.40559196220062943,0.005676341521041475,0.000856442510958877,0.03515625,0,0.019483449999938784
901006,congestion,rewired,ample,no_WK,0.002956536689659557,0.40559196220062943,0.005676341521041475,0.000856442510958877,0.03515625,0,0.019115463999298754
901006,congestion,rewired,ample,retuned_zero,0.002956536689659557,0.40559196220062943,0.005676341521041475,0.000856442510958877,0.03515625,0,0.019120040999723642
901006,congestion,rewired,ample,rewired,0.002956536689659557,0.40559196220062943,0.005676341521041475,0.000856442510958877,0.03515625,0,0.0193488399997932
901006,congestion,rewired,ample,reverse,0.002956536689659557,0.40559196220062943,0.005676341521041475,0.000856442510958877,0.03515625,0,0.0189690829997744
901006,congestion,rewired,ample,generic_nonlinear,0.002956536689659557,0.40559196220062943,0.005676341521041475,0.000856442510958877,0.03515625,0,0.017666985000460045
901006,congestion,rewired,ample,generic_equivalent,0.002956536689659557,0.40559196220062943,0.005676341521041475,0.000856442510958877,0.03515625,0,0.016661057000249002
901006,congestion,rewired,ample,signed_intensity,0.002956536689659557,0.40559196220062943,0.005676341521041475,0.000856442510958877,0.03515625,0,0.029955354999572137
901006,congestion,rewired,ample,gradient,0.00450025102825106,0.40804440287082977,0.012501948763269844,0.004211463583247733,0.03125,0,0.01645009899982597
901006,congestion,rewired,ample,zero_negative,0.18755764180005507,0.0,0.19975890965412313,0.16331484588498446,1.0,0,0.020507742000120288
901006,congestion,rewired,scarce,full,0.005382081718151703,0.3769967029478628,0.009102990399072518,0.0008732410423183504,0.03125,0,0.019099769999570526
901006,congestion,rewired,scarce,no_K,0.005382081718151703,0.3769967029478628,0.009102990399072518,0.0008732410423183504,0.03125,0,0.018742159000112224
901006,congestion,rewired,scarce,no_W,0.005382081718151703,0.3769967029478628,0.009102990399072518,0.0008732410423183504,0.03125,0,0.018536218000122062
901006,congestion,rewired,scarce,no_WK,0.005382081718151703,0.3769967029478628,0.009102990399072518,0.0008732410423183504,0.03125,0,0.01895313400007126
901006,congestion,rewired,scarce,retuned_zero,0.005382081718151703,0.3769967029478628,0.009102990399072518,0.0008732410423183504,0.03125,0,0.018851354999924297
901006,congestion,rewired,scarce,rewired,0.005382081718151703,0.3769967029478628,0.009102990399072518,0.0008732410423183504,0.03125,0,0.018787016000089807
901006,congestion,rewired,scarce,reverse,0.005382081718151703,0.3769967029478628,0.009102990399072518,0.0008732410423183504,0.03125,0,0.018200909999961823
901006,congestion,rewired,scarce,generic_nonlinear,0.005382081718151703,0.3769967029478628,0.009102990399072518,0.0008732410423183504,0.03125,0,0.01731155600020884
901006,congestion,rewired,scarce,generic_equivalent,0.005382081718151703,0.3769967029478628,0.009102990399072518,0.0008732410423183504,0.03125,0,0.01693372099981616
901006,congestion,rewired,scarce,signed_intensity,0.005382081718151703,0.3769967029478628,0.009102990399072518,0.0008732410423183504,0.03125,0,0.02943805000040811
901006,congestion,rewired,scarce,gradient,0.006907559008797969,0.37886562995980205,0.014150223368992881,0.0037623011459008825,0.03125,0,0.015659030000051644
901006,congestion,rewired,scarce,zero_negative,0.18755764180005507,0.0,0.19975890965412313,0.16331484588498446,1.0,0,0.02110983900041674
901006,congestion,absent,ample,full,0.0023717356182284,0.41822352615818414,0.004299803049642903,6.689980676389276e-05,0.03125,0,0.018807679000076405
901006,congestion,absent,ample,no_K,0.0023717356182284,0.41822352615818414,0.004299803049642903,6.689980676389276e-05,0.03125,0,0.018610990999775368
901006,congestion,absent,ample,no_W,0.0023717356182284,0.41822352615818414,0.004299803049642903,6.689980676389276e-05,0.03125,0,0.01842970200016225
901006,congestion,absent,ample,no_WK,0.0023717356182284,0.41822352615818414,0.004299803049642903,6.689980676389276e-05,0.03125,0,0.018108004999930927
901006,congestion,absent,ample,retuned_zero,0.0023717356182284,0.41822352615818414,0.004299803049642903,6.689980676389276e-05,0.03125,0,0.018024933000162946
901006,congestion,absent,ample,rewired,0.0023717356182284,0.41822352615818414,0.004299803049642903,6.689980676389276e-05,0.03125,0,0.01852914400069494
901006,congestion,absent,ample,reverse,0.0023717356182284,0.41822352615818414,0.004299803049642903,6.689980676389276e-05,0.03125,0,0.018044032999910087
901006,congestion,absent,ample,generic_nonlinear,0.0023717356182284,0.41822352615818414,0.004299803049642903,6.689980676389276e-05,0.03125,0,0.017302001999780714
901006,congestion,absent,ample,generic_equivalent,0.0023717356182284,0.41822352615818414,0.004299803049642903,6.689980676389276e-05,0.03125,0,0.017316102999870964
901006,congestion,absent,ample,signed_intensity,0.0023717356182284,0.41822352615818414,0.004299803049642903,6.689980676389276e-05,0.03125,0,0.02968996900011689
901006,congestion,absent,ample,gradient,0.0028155462776034705,0.4173087633792234,0.006608866503466128,0.00043648257125878764,0.03125,0,0.015992126999833545
901006,congestion,absent,ample,zero_negative,0.18755764180005507,0.0,0.19975890965412313,0.16331484588498446,1.0,0,0.021422289999691202
901006,congestion,absent,scarce,full,0.006370213710890079,0.383319291228876,0.010725798170401937,0.0002379235765421884,0.03125,0,0.018315370000323128
901006,congestion,absent,scarce,no_K,0.006370213710890079,0.383319291228876,0.010725798170401937,0.0002379235765421884,0.03125,0,0.018473557999470813
901006,congestion,absent,scarce,no_W,0.006370213710890079,0.383319291228876,0.010725798170401937,0.0002379235765421884,0.03125,0,0.0186860759999945
901006,congestion,absent,scarce,no_WK,0.006370213710890079,0.383319291228876,0.010725798170401937,0.0002379235765421884,0.03125,0,0.018016442000032384
901006,congestion,absent,scarce,retuned_zero,0.006370213710890079,0.383319291228876,0.010725798170401937,0.0002379235765421884,0.03125,0,0.018555726000272443
901006,congestion,absent,scarce,rewired,0.006370213710890079,0.383319291228876,0.010725798170401937,0.0002379235765421884,0.03125,0,0.018854586000486506
901006,congestion,absent,scarce,reverse,0.006370213710890079,0.383319291228876,0.010725798170401937,0.0002379235765421884,0.03125,0,0.019384959000262825
901006,congestion,absent,scarce,generic_nonlinear,0.006370213710890079,0.383319291228876,0.010725798170401937,0.0002379235765421884,0.03125,0,0.016954789000124038
901006,congestion,absent,scarce,generic_equivalent,0.006370213710890079,0.383319291228876,0.010725798170401937,0.0002379235765421884,0.03125,0,0.017220656999882067
901006,congestion,absent,scarce,signed_intensity,0.006370213710890079,0.383319291228876,0.010725798170401936,0.0002379235765421884,0.03125,0,0.029327828000248246
901006,congestion,absent,scarce,gradient,0.006828098223342448,0.3831822437098943,0.011903479037500173,0.0005999746559424568,0.03125,0,0.01624521499968523
901006,congestion,absent,scarce,zero_negative,0.18755764180005507,0.0,0.19975890965412313,0.16331484588498446,1.0,0,0.014630179000050703
901007,linear,aligned,ample,full,0.003498556617165969,0.4227865462379438,0.008172106170058915,0.0021037240659898416,0.03125,0,0.01845767200006776
901007,linear,aligned,ample,no_K,0.003498556617165969,0.4227865462379438,0.008172106170058915,0.0021037240659898416,0.03125,0,0.01884998800011317
901007,linear,aligned,ample,no_W,0.003498556617165969,0.4227865462379438,0.008172106170058915,0.0021037240659898416,0.03125,0,0.018740090000108012
901007,linear,aligned,ample,no_WK,0.003498556617165969,0.4227865462379438,0.008172106170058915,0.0021037240659898416,0.03125,0,0.018660118000241255
901007,linear,aligned,ample,retuned_zero,0.003498556617165969,0.4227865462379438,0.008172106170058915,0.0021037240659898416,0.03125,0,0.018654213999695912
901007,linear,aligned,ample,rewired,0.003498556617165969,0.4227865462379438,0.008172106170058915,0.0021037240659898416,0.03125,0,0.018534210000211715
901007,linear,aligned,ample,reverse,0.003498556617165969,0.4227865462379438,0.008172106170058915,0.0021037240659898416,0.03125,0,0.018499671999848033
901007,linear,aligned,ample,generic_nonlinear,0.003498556617165969,0.4227865462379438,0.008172106170058915,0.0021037240659898416,0.03125,0,0.017479111000227476
901007,linear,aligned,ample,generic_equivalent,0.003498556617165969,0.4227865462379438,0.008172106170058915,0.0021037240659898416,0.03125,0,0.01641839500041442
901007,linear,aligned,ample,signed_intensity,0.003498556617165969,0.4227865462379438,0.008172106170058915,0.0021037240659898416,0.03125,0,0.029253244999722483
901007,linear,aligned,ample,gradient,0.0037222325545462893,0.4203823044262568,0.009053021478636783,0.0018113850795879944,0.03125,0,0.021642556999836415
901007,linear,aligned,ample,zero_negative,0.23361721565732596,0.0,0.24746449632684256,0.2436859325749574,1.0,0,0.01512966500024504
901007,linear,aligned,scarce,full,0.00499944130593249,0.39199358489775926,0.008193252344669848,0.0024081190961213377,0.03125,0,0.01900767800009362
901007,linear,aligned,scarce,no_K,0.00499944130593249,0.39199358489775926,0.008193252344669848,0.0024081190961213377,0.03125,0,0.018726969999988796
901007,linear,aligned,scarce,no_W,0.00499944130593249,0.39199358489775926,0.008193252344669848,0.0024081190961213377,0.03125,0,0.01888165999980629
901007,linear,aligned,scarce,no_WK,0.00499944130593249,0.39199358489775926,0.008193252344669848,0.0024081190961213377,0.03125,0,0.018769220999956815
901007,linear,aligned,scarce,retuned_zero,0.00499944130593249,0.39199358489775926,0.008193252344669848,0.0024081190961213377,0.03125,0,0.018702352999980576
901007,linear,aligned,scarce,rewired,0.00499944130593249,0.39199358489775926,0.008193252344669848,0.0024081190961213377,0.03125,0,0.018694151000261172
901007,linear,aligned,scarce,reverse,0.00499944130593249,0.39199358489775926,0.008193252344669848,0.0024081190961213377,0.03125,0,0.01814153699945109
901007,linear,aligned,scarce,generic_nonlinear,0.00499944130593249,0.39199358489775926,0.008193252344669848,0.0024081190961213377,0.03125,0,0.01747054799994885
901007,linear,aligned,scarce,generic_equivalent,0.00499944130593249,0.39199358489775926,0.008193252344669848,0.0024081190961213377,0.03125,0,0.01709543399977065
901007,linear,aligned,scarce,signed_intensity,0.00499944130593249,0.39199358489775926,0.008193252344669848,0.0024081190961213377,0.03125,0,0.035613933999627534
901007,linear,aligned,scarce,gradient,0.005470026281261872,0.3913993608168969,0.009994882273225493,0.002675405601895253,0.03125,0,0.01567624700004444
901007,linear,aligned,scarce,zero_negative,0.23361721565732596,0.0,0.24746449632684256,0.2436859325749574,1.0,0,0.015394794999679107
901007,linear,rewired,ample,full,0.003148545244138033,0.4221530310335385,0.007833433465610022,0.0016468752458197937,0.03125,0,0.01878204999997024
901007,linear,rewired,ample,no_K,0.003148545244138033,0.4221530310335385,0.007833433465610022,0.0016468752458197937,0.03125,0,0.018654365999623224
901007,linear,rewired,ample,no_W,0.003148545244138033,0.4221530310335385,0.007833433465610022,0.0016468752458197937,0.03125,0,0.018535942999619692
901007,linear,rewired,ample,no_WK,0.003148545244138033,0.4221530310335385,0.007833433465610022,0.0016468752458197937,0.03125,0,0.018714009999996506
901007,linear,rewired,ample,retuned_zero,0.003148545244138033,0.4221530310335385,0.007833433465610022,0.0016468752458197937,0.03125,0,0.01814223200028664
901007,linear,rewired,ample,rewired,0.003148545244138033,0.4221530310335385,0.007833433465610022,0.0016468752458197937,0.03125,0,0.018589384999984304
901007,linear,rewired,ample,reverse,0.003148545244138033,0.4221530310335385,0.007833433465610022,0.0016468752458197937,0.03125,0,0.018259526999997888
901007,linear,rewired,ample,generic_nonlinear,0.003148545244138033,0.4221530310335385,0.007833433465610022,0.0016468752458197937,0.03125,0,0.017257636000692855
901007,linear,rewired,ample,generic_equivalent,0.003148545244138033,0.4221530310335385,0.007833433465610022,0.0016468752458197937,0.03125,0,0.016836936000004243
901007,linear,rewired,ample,signed_intensity,0.003148545244138033,0.4221530310335385,0.007833433465610022,0.0016468752458197937,0.03125,0,0.036626574000138135
901007,linear,rewired,ample,gradient,0.003253008759221424,0.4208197073660359,0.008279152883352228,0.0016781576706938247,0.03125,0,0.015778975000557693
901007,linear,rewired,ample,zero_negative,0.23361721565732596,0.0,0.24746449632684256,0.2436859325749574,1.0,0,0.01496686099977751
901007,linear,rewired,scarce,full,0.004637387420039937,0.39215416719872814,0.007958406004192264,0.001961412718194574,0.03125,0,0.018483559000230798
901007,linear,rewired,scarce,no_K,0.004637387420039937,0.39215416719872814,0.007958406004192264,0.001961412718194574,0.03125,0,0.018826361999913388
901007,linear,rewired,scarce,no_W,0.004637387420039937,0.39215416719872814,0.007958406004192264,0.001961412718194574,0.03125,0,0.018428942999776154
901007,linear,rewired,scarce,no_WK,0.004637387420039937,0.39215416719872814,0.007958406004192264,0.001961412718194574,0.03125,0,0.017980529999931605
901007,linear,rewired,scarce,retuned_zero,0.004637387420039937,0.39215416719872814,0.007958406004192264,0.001961412718194574,0.03125,0,0.018438093999520788
901007,linear,rewired,scarce,rewired,0.004637387420039937,0.39215416719872814,0.007958406004192264,0.001961412718194574,0.03125,0,0.018547107999665968
901007,linear,rewired,scarce,reverse,0.004637387420039937,0.39215416719872814,0.007958406004192264,0.001961412718194574,0.03125,0,0.018818861999477576
901007,linear,rewired,scarce,generic_nonlinear,0.004637387420039937,0.39215416719872814,0.007958406004192264,0.001961412718194574,0.03125,0,0.016792746000362513
901007,linear,rewired,scarce,generic_equivalent,0.004637387420039937,0.39215416719872814,0.007958406004192264,0.001961412718194574,0.03125,0,0.01688041000005569
901007,linear,rewired,scarce,signed_intensity,0.004637387420039937,0.39215416719872814,0.007958406004192264,0.001961412718194574,0.03125,0,0.029218175000323754
901007,linear,rewired,scarce,gradient,0.0049213496712983435,0.39178830657105757,0.00897113271845827,0.0024093948406211244,0.03125,0,0.015597098000057485
901007,linear,rewired,scarce,zero_negative,0.23361721565732596,0.0,0.24746449632684256,0.2436859325749574,1.0,0,0.014705417999891779
901007,linear,absent,ample,full,0.002911535771939108,0.4520230137927611,0.0046036563249931516,0.00019949004379348547,0.03125,0,0.018317061999766793
901007,linear,absent,ample,no_K,0.002911535771939108,0.4520230137927611,0.0046036563249931516,0.00019949004379348547,0.03125,0,0.018658000999778324
901007,linear,absent,ample,no_W,0.002911535771939108,0.4520230137927611,0.0046036563249931516,0.00019949004379348547,0.03125,0,0.018370634999826052
901007,linear,absent,ample,no_WK,0.002911535771939108,0.4520230137927611,0.0046036563249931516,0.00019949004379348547,0.03125,0,0.018560143000001972
901007,linear,absent,ample,retuned_zero,0.002911535771939108,0.4520230137927611,0.0046036563249931516,0.00019949004379348547,0.03125,0,0.018477693999898293
901007,linear,absent,ample,rewired,0.002911535771939108,0.4520230137927611,0.0046036563249931516,0.00019949004379348547,0.03125,0,0.01819265700021333
901007,linear,absent,ample,reverse,0.002911535771939108,0.4520230137927611,0.0046036563249931516,0.00019949004379348547,0.03125,0,0.01825109500009603
901007,linear,absent,ample,generic_nonlinear,0.002911535771939108,0.4520230137927611,0.0046036563249931516,0.00019949004379348547,0.03125,0,0.017166777000227285
901007,linear,absent,ample,generic_equivalent,0.002911535771939108,0.4520230137927611,0.0046036563249931516,0.00019949004379348547,0.03125,0,0.01634927800029118
901007,linear,absent,ample,signed_intensity,0.002911535771939108,0.4520230137927611,0.0046036563249931516,0.00019949004379348547,0.03125,0,0.029956474000016442
901007,linear,absent,ample,gradient,0.0031429350046268505,0.4513366872626833,0.0057869066234186,0.0007946875400759816,0.03125,0,0.016170031999934054
901007,linear,absent,ample,zero_negative,0.23361721565732596,0.0,0.24746449632684256,0.2436859325749574,1.0,0,0.015098010000201612
901007,linear,absent,scarce,full,0.007824763642179548,0.3977852398190822,0.008686958459040708,0.004884685447749428,0.03125,0,0.01864868399951547
901007,linear,absent,scarce,no_K,0.007824763642179548,0.3977852398190822,0.008686958459040708,0.004884685447749428,0.03125,0,0.018463610999788216
901007,linear,absent,scarce,no_W,0.007824763642179548,0.3977852398190822,0.008686958459040708,0.004884685447749428,0.03125,0,0.018183722999992824
901007,linear,absent,scarce,no_WK,0.007824763642179548,0.3977852398190822,0.008686958459040708,0.004884685447749428,0.03125,0,0.018142402000421498
901007,linear,absent,scarce,retuned_zero,0.007824763642179548,0.3977852398190822,0.008686958459040708,0.004884685447749428,0.03125,0,0.01844830499987893
901007,linear,absent,scarce,rewired,0.007824763642179548,0.3977852398190822,0.008686958459040708,0.004884685447749428,0.03125,0,0.01825431599991134
901007,linear,absent,scarce,reverse,0.007824763642179548,0.3977852398190822,0.008686958459040708,0.004884685447749428,0.03125,0,0.017858082999737235
901007,linear,absent,scarce,generic_nonlinear,0.007824763642179548,0.3977852398190822,0.008686958459040708,0.004884685447749428,0.03125,0,0.016792592000456352
901007,linear,absent,scarce,generic_equivalent,0.007824763642179548,0.3977852398190822,0.008686958459040708,0.004884685447749428,0.03125,0,0.022380682999823875
901007,linear,absent,scarce,signed_intensity,0.007824763642179548,0.3977852398190822,0.008686958459040708,0.004884685447749428,0.03125,0,0.029060743000172806
901007,linear,absent,scarce,gradient,0.008171254521328917,0.39782149738481676,0.009797051224095054,0.005341751857677586,0.03125,0,0.015427568999939467
901007,linear,absent,scarce,zero_negative,0.23361721565732596,0.0,0.24746449632684256,0.2436859325749574,1.0,0,0.015085570000110238
901007,congestion,aligned,ample,full,0.0037721686120817826,0.440433243115693,0.009157636533086504,0.001997156846300186,0.03125,0,0.018539529999827664
901007,congestion,aligned,ample,no_K,0.0037721686120817826,0.440433243115693,0.009157636533086504,0.001997156846300186,0.03125,0,0.0185862569998676
901007,congestion,aligned,ample,no_W,0.0037721686120817826,0.440433243115693,0.009157636533086504,0.001997156846300186,0.03125,0,0.018581208000284732
901007,congestion,aligned,ample,no_WK,0.0037721686120817826,0.440433243115693,0.009157636533086504,0.001997156846300186,0.03125,0,0.018097495999711555
901007,congestion,aligned,ample,retuned_zero,0.0037721686120817826,0.440433243115693,0.009157636533086504,0.001997156846300186,0.03125,0,0.01813009799991505
901007,congestion,aligned,ample,rewired,0.0037721686120817826,0.440433243115693,0.009157636533086504,0.001997156846300186,0.03125,0,0.01825006699982623
901007,congestion,aligned,ample,reverse,0.0037721686120817826,0.440433243115693,0.009157636533086504,0.001997156846300186,0.03125,0,0.018197339000096235
901007,congestion,aligned,ample,generic_nonlinear,0.0037721686120817826,0.440433243115693,0.009157636533086504,0.001997156846300186,0.03125,0,0.01743252500006065
901007,congestion,aligned,ample,generic_equivalent,0.0037721686120817826,0.440433243115693,0.009157636533086504,0.001997156846300186,0.03125,0,0.01716111700000056
901007,congestion,aligned,ample,signed_intensity,0.0037721686120817826,0.440433243115693,0.009157636533086504,0.001997156846300186,0.03125,0,0.029214060000072095
901007,congestion,aligned,ample,gradient,0.0043504342761287555,0.4375853912139178,0.011833249572415707,0.0033957952064185733,0.03125,0,0.015586281000082636
901007,congestion,aligned,ample,zero_negative,0.23361721565732596,0.0,0.24746449632684256,0.2436859325749574,1.0,0,0.014998316000060186
901007,congestion,aligned,scarce,full,0.006584869259314787,0.39595241533262204,0.011009671715748745,0.005530188612630968,0.03125,0,0.018646443000022828
901007,congestion,aligned,scarce,no_K,0.006584869259314787,0.39595241533262204,0.011009671715748745,0.005530188612630968,0.03125,0,0.018366111000261753
901007,congestion,aligned,scarce,no_W,0.006584869259314787,0.39595241533262204,0.011009671715748745,0.005530188612630968,0.03125,0,0.018565361999947072
901007,congestion,aligned,scarce,no_WK,0.006584869259314787,0.39595241533262204,0.011009671715748745,0.005530188612630968,0.03125,0,0.01837170299995705
901007,congestion,aligned,scarce,retuned_zero,0.006584869259314787,0.39595241533262204,0.011009671715748745,0.005530188612630968,0.03125,0,0.01864231600001176
901007,congestion,aligned,scarce,rewired,0.006584869259314787,0.39595241533262204,0.011009671715748745,0.005530188612630968,0.03125,0,0.01858226099972171
901007,congestion,aligned,scarce,reverse,0.006584869259314787,0.39595241533262204,0.011009671715748745,0.005530188612630968,0.03125,0,0.018639528999642607
901007,congestion,aligned,scarce,generic_nonlinear,0.006584869259314787,0.39595241533262204,0.011009671715748745,0.005530188612630968,0.03125,0,0.016961483999864413
901007,congestion,aligned,scarce,generic_equivalent,0.006584869259314787,0.39595241533262204,0.011009671715748745,0.005530188612630968,0.03125,0,0.017113705000099344
901007,congestion,aligned,scarce,signed_intensity,0.006584869259314787,0.39595241533262204,0.011009671715748745,0.005530188612630968,0.03125,0,0.03158807699992394
901007,congestion,aligned,scarce,gradient,0.007277191819750923,0.39585376040910913,0.014078152258701656,0.0068824920582258075,0.03125,0,0.015577612999777557
901007,congestion,aligned,scarce,zero_negative,0.23361721565732596,0.0,0.24746449632684256,0.2436859325749574,1.0,0,0.01481074799983162
901007,congestion,rewired,ample,full,0.003870329097613419,0.4435959546866932,0.009454440169500046,0.0017725903106128541,0.03125,0,0.018441292999796133
901007,congestion,rewired,ample,no_K,0.003870329097613419,0.4435959546866932,0.009454440169500046,0.0017725903106128541,0.03125,0,0.018510574999652363
901007,congestion,rewired,ample,no_W,0.003870329097613419,0.4435959546866932,0.009454440169500046,0.0017725903106128541,0.03125,0,0.018457584000202587
901007,congestion,rewired,ample,no_WK,0.003870329097613419,0.4435959546866932,0.009454440169500046,0.0017725903106128541,0.03125,0,0.018435905000160346
901007,congestion,rewired,ample,retuned_zero,0.003870329097613419,0.4435959546866932,0.009454440169500046,0.0017725903106128541,0.03125,0,0.0185326180002221
901007,congestion,rewired,ample,rewired,0.003870329097613419,0.4435959546866932,0.009454440169500046,0.0017725903106128541,0.03125,0,0.01839061799978481
901007,congestion,rewired,ample,reverse,0.003870329097613419,0.4435959546866932,0.009454440169500046,0.0017725903106128541,0.03125,0,0.018331553000052736
901007,congestion,rewired,ample,generic_nonlinear,0.003870329097613419,0.4435959546866932,0.009454440169500046,0.0017725903106128541,0.03125,0,0.023074134999944818
901007,congestion,rewired,ample,generic_equivalent,0.003870329097613419,0.4435959546866932,0.009454440169500046,0.0017725903106128541,0.03125,0,0.016328867999789054
901007,congestion,rewired,ample,signed_intensity,0.003870329097613419,0.4435959546866932,0.009454440169500046,0.0017725903106128541,0.03125,0,0.02868020800008253
901007,congestion,rewired,ample,gradient,0.0038207811504106124,0.4407055597625436,0.009010187704945308,0.0021205163775211548,0.03125,0,0.016046073000040906
901007,congestion,rewired,ample,zero_negative,0.23361721565732596,0.0,0.24746449632684256,0.2436859325749574,1.0,0,0.015130097000280784
901007,congestion,rewired,scarce,full,0.0066659986856829195,0.3971728915612961,0.010868174705005014,0.005282995772501435,0.03125,0,0.018981099000200174
901007,congestion,rewired,scarce,no_K,0.0066659986856829195,0.3971728915612961,0.010868174705005014,0.005282995772501435,0.03125,0,0.018597747000171694
901007,congestion,rewired,scarce,no_W,0.0066659986856829195,0.3971728915612961,0.010868174705005014,0.005282995772501435,0.03125,0,0.018596201000377732
901007,congestion,rewired,scarce,no_WK,0.0066659986856829195,0.3971728915612961,0.010868174705005014,0.005282995772501435,0.03125,0,0.018822008999848094
901007,congestion,rewired,scarce,retuned_zero,0.0066659986856829195,0.3971728915612961,0.010868174705005014,0.005282995772501435,0.03125,0,0.018410103999599414
901007,congestion,rewired,scarce,rewired,0.0066659986856829195,0.3971728915612961,0.010868174705005014,0.005282995772501435,0.03125,0,0.018710749000376836
901007,congestion,rewired,scarce,reverse,0.0066659986856829195,0.3971728915612961,0.010868174705005014,0.005282995772501435,0.03125,0,0.018142643999624397
901007,congestion,rewired,scarce,generic_nonlinear,0.0066659986856829195,0.3971728915612961,0.010868174705005014,0.005282995772501435,0.03125,0,0.01757815700005949
901007,congestion,rewired,scarce,generic_equivalent,0.0066659986856829195,0.3971728915612961,0.010868174705005014,0.005282995772501435,0.03125,0,0.01677814100003161
901007,congestion,rewired,scarce,signed_intensity,0.0066659986856829195,0.3971728915612961,0.010868174705005014,0.005282995772501435,0.03125,0,0.029575784000144267
901007,congestion,rewired,scarce,gradient,0.0068606965724576936,0.39700891895290846,0.01107718625907493,0.005942065358175548,0.03125,0,0.015589580000266778
901007,congestion,rewired,scarce,zero_negative,0.23361721565732596,0.0,0.24746449632684256,0.2436859325749574,1.0,0,0.015157901000009133
901007,congestion,absent,ample,full,0.002911535771939108,0.4520230137927611,0.0046036563249931516,0.00019949004379348547,0.03125,0,0.01886922200014851
901007,congestion,absent,ample,no_K,0.002911535771939108,0.4520230137927611,0.0046036563249931516,0.00019949004379348547,0.03125,0,0.01881198600017342
901007,congestion,absent,ample,no_W,0.002911535771939108,0.4520230137927611,0.0046036563249931516,0.00019949004379348547,0.03125,0,0.01837163499970984
901007,congestion,absent,ample,no_WK,0.002911535771939108,0.4520230137927611,0.0046036563249931516,0.00019949004379348547,0.03125,0,0.018064647999892713
901007,congestion,absent,ample,retuned_zero,0.002911535771939108,0.4520230137927611,0.0046036563249931516,0.00019949004379348547,0.03125,0,0.018006756000204405
901007,congestion,absent,ample,rewired,0.002911535771939108,0.4520230137927611,0.0046036563249931516,0.00019949004379348547,0.03125,0,0.018151036000006116
901007,congestion,absent,ample,reverse,0.002911535771939108,0.4520230137927611,0.0046036563249931516,0.00019949004379348547,0.03125,0,0.018691959999785013
901007,congestion,absent,ample,generic_nonlinear,0.002911535771939108,0.4520230137927611,0.0046036563249931516,0.00019949004379348547,0.03125,0,0.017105139999671337
901007,congestion,absent,ample,generic_equivalent,0.002911535771939108,0.4520230137927611,0.0046036563249931516,0.00019949004379348547,0.03125,0,0.01598517799993715
901007,congestion,absent,ample,signed_intensity,0.002911535771939108,0.4520230137927611,0.0046036563249931516,0.00019949004379348547,0.03125,0,0.028816090000020722
901007,congestion,absent,ample,gradient,0.0031429350046268505,0.4513366872626833,0.0057869066234186,0.0007946875400759816,0.03125,0,0.015408655000101135
901007,congestion,absent,ample,zero_negative,0.23361721565732596,0.0,0.24746449632684256,0.2436859325749574,1.0,0,0.014986337999403077
901007,congestion,absent,scarce,full,0.007824763642179548,0.3977852398190822,0.008686958459040708,0.004884685447749428,0.03125,0,0.01828326500009325
901007,congestion,absent,scarce,no_K,0.007824763642179548,0.3977852398190822,0.008686958459040708,0.004884685447749428,0.03125,0,0.017959156999893366
901007,congestion,absent,scarce,no_W,0.007824763642179548,0.3977852398190822,0.008686958459040708,0.004884685447749428,0.03125,0,0.018323011000063616
901007,congestion,absent,scarce,no_WK,0.007824763642179548,0.3977852398190822,0.008686958459040708,0.004884685447749428,0.03125,0,0.01804940599998872
901007,congestion,absent,scarce,retuned_zero,0.007824763642179548,0.3977852398190822,0.008686958459040708,0.004884685447749428,0.03125,0,0.01908151300034433
901007,congestion,absent,scarce,rewired,0.007824763642179548,0.3977852398190822,0.008686958459040708,0.004884685447749428,0.03125,0,0.01826829899994209
901007,congestion,absent,scarce,reverse,0.007824763642179548,0.3977852398190822,0.008686958459040708,0.004884685447749428,0.03125,0,0.02489713299991081
901007,congestion,absent,scarce,generic_nonlinear,0.007824763642179548,0.3977852398190822,0.008686958459040708,0.004884685447749428,0.03125,0,0.01673483200005421
901007,congestion,absent,scarce,generic_equivalent,0.007824763642179548,0.3977852398190822,0.008686958459040708,0.004884685447749428,0.03125,0,0.016199507999942853
901007,congestion,absent,scarce,signed_intensity,0.007824763642179548,0.3977852398190822,0.008686958459040708,0.004884685447749428,0.03125,0,0.02838593699999592
901007,congestion,absent,scarce,gradient,0.008171254521328917,0.39782149738481676,0.009797051224095054,0.005341751857677586,0.03125,0,0.015390554000020984
901007,congestion,absent,scarce,zero_negative,0.23361721565732596,0.0,0.24746449632684256,0.2436859325749574,1.0,0,0.014576851000356328
901008,linear,aligned,ample,full,0.001254619047169423,0.3872783150844037,0.0028937491108084255,0.0003578416088022379,0.03125,0,0.01832932499951312
901008,linear,aligned,ample,no_K,0.001254619047169423,0.3872783150844037,0.0028937491108084255,0.0003578416088022379,0.03125,0,0.0186281199993914
901008,linear,aligned,ample,no_W,0.001254619047169423,0.3872783150844037,0.0028937491108084255,0.0003578416088022379,0.03125,0,0.01857201800015673
901008,linear,aligned,ample,no_WK,0.001254619047169423,0.3872783150844037,0.0028937491108084255,0.0003578416088022379,0.03125,0,0.018383759000244027
901008,linear,aligned,ample,retuned_zero,0.001254619047169423,0.3872783150844037,0.0028937491108084255,0.0003578416088022379,0.03125,0,0.01828241299972433
901008,linear,aligned,ample,rewired,0.001254619047169423,0.3872783150844037,0.0028937491108084255,0.0003578416088022379,0.03125,0,0.01840843800022185
901008,linear,aligned,ample,reverse,0.001254619047169423,0.3872783150844037,0.0028937491108084255,0.0003578416088022379,0.03125,0,0.024108262000027025
901008,linear,aligned,ample,generic_nonlinear,0.001254619047169423,0.3872783150844037,0.0028937491108084255,0.0003578416088022379,0.03125,0,0.017589959000474664
901008,linear,aligned,ample,generic_equivalent,0.001254619047169423,0.3872783150844037,0.0028937491108084255,0.0003578416088022379,0.03125,0,0.01640284699988115
901008,linear,aligned,ample,signed_intensity,0.001254619047169423,0.3872783150844037,0.0028937491108084255,0.0003578416088022379,0.03125,0,0.028771070999937365
901008,linear,aligned,ample,gradient,0.0016127019871672883,0.38842965169430343,0.00458893383380987,0.0005514366076609198,0.03125,0,0.016242330000125094
901008,linear,aligned,ample,zero_negative,0.20287926369739714,0.0,0.2066994126385908,0.24200610886000523,1.0,0,0.01501208000047427
901008,linear,aligned,scarce,full,0.0017170628593202305,0.3772730448729103,0.002961580168543766,0.000418870228109165,0.03125,0,0.018716224000002057
901008,linear,aligned,scarce,no_K,0.0017170628593202305,0.3772730448729103,0.002961580168543766,0.000418870228109165,0.03125,0,0.018573201999458888
901008,linear,aligned,scarce,no_W,0.0017170628593202305,0.3772730448729103,0.002961580168543766,0.000418870228109165,0.03125,0,0.018357261000062408
901008,linear,aligned,scarce,no_WK,0.0017170628593202305,0.3772730448729103,0.002961580168543766,0.000418870228109165,0.03125,0,0.01843190500039782
901008,linear,aligned,scarce,retuned_zero,0.0017170628593202305,0.3772730448729103,0.002961580168543766,0.000418870228109165,0.03125,0,0.018490542000051846
901008,linear,aligned,scarce,rewired,0.0017170628593202305,0.3772730448729103,0.002961580168543766,0.000418870228109165,0.03125,0,0.018378640999969775
901008,linear,aligned,scarce,reverse,0.0017170628593202305,0.3772730448729103,0.002961580168543766,0.000418870228109165,0.03125,0,0.02378675899967675
901008,linear,aligned,scarce,generic_nonlinear,0.0017170628593202305,0.3772730448729103,0.002961580168543766,0.000418870228109165,0.03125,0,0.016657957000404622
901008,linear,aligned,scarce,generic_equivalent,0.0017170628593202305,0.3772730448729103,0.002961580168543766,0.000418870228109165,0.03125,0,0.0167681629998242
901008,linear,aligned,scarce,signed_intensity,0.0017170628593202305,0.3772730448729103,0.002961580168543766,0.000418870228109165,0.03125,0,0.029274109999676057
901008,linear,aligned,scarce,gradient,0.0020710903876445287,0.3777963845410428,0.004493966124056993,0.0006067448091546536,0.03125,0,0.015798816999222254
901008,linear,aligned,scarce,zero_negative,0.20287926369739714,0.0,0.2066994126385908,0.24200610886000523,1.0,0,0.015043575999868608
901008,linear,rewired,ample,full,0.0017341344984344526,0.387881382705444,0.0044841191151073195,0.0008673630626894425,0.03125,0,0.018589474000407336
901008,linear,rewired,ample,no_K,0.0017341344984344526,0.387881382705444,0.0044841191151073195,0.0008673630626894425,0.03125,0,0.018720582999890212
901008,linear,rewired,ample,no_W,0.0017341344984344526,0.387881382705444,0.0044841191151073195,0.0008673630626894425,0.03125,0,0.018451872999833085
901008,linear,rewired,ample,no_WK,0.0017341344984344526,0.387881382705444,0.0044841191151073195,0.0008673630626894425,0.03125,0,0.017977486000006593
901008,linear,rewired,ample,retuned_zero,0.0017341344984344526,0.387881382705444,0.0044841191151073195,0.0008673630626894425,0.03125,0,0.01800473499963573
901008,linear,rewired,ample,rewired,0.0017341344984344526,0.387881382705444,0.0044841191151073195,0.0008673630626894425,0.03125,0,0.01834399999984271
901008,linear,rewired,ample,reverse,0.0017341344984344526,0.387881382705444,0.0044841191151073195,0.0008673630626894425,0.03125,0,0.023497800999564333
901008,linear,rewired,ample,generic_nonlinear,0.0017341344984344526,0.387881382705444,0.0044841191151073195,0.0008673630626894425,0.03125,0,0.01687296900001911
901008,linear,rewired,ample,generic_equivalent,0.0017341344984344526,0.387881382705444,0.0044841191151073195,0.0008673630626894425,0.03125,0,0.016245411000511467
901008,linear,rewired,ample,signed_intensity,0.0017341344984344526,0.387881382705444,0.0044841191151073195,0.0008673630626894425,0.03125,0,0.02909339100045827
901008,linear,rewired,ample,gradient,0.002286151354861126,0.38874671269291633,0.007045520831581172,0.0010576013232537352,0.03125,0,0.015583761000073082
901008,linear,rewired,ample,zero_negative,0.20287926369739714,0.0,0.2066994126385908,0.24200610886000523,1.0,0,0.014988021999897683
901008,linear,rewired,scarce,full,0.0021819624331089163,0.3763570940153953,0.0044804786402698376,0.0008731920836672935,0.03125,0,0.018493373000183055
901008,linear,rewired,scarce,no_K,0.0021819624331089163,0.3763570940153953,0.0044804786402698376,0.0008731920836672935,0.03125,0,0.01822109300013608
901008,linear,rewired,scarce,no_W,0.0021819624331089163,0.3763570940153953,0.0044804786402698376,0.0008731920836672935,0.03125,0,0.018595564999429826
901008,linear,rewired,scarce,no_WK,0.0021819624331089163,0.3763570940153953,0.0044804786402698376,0.0008731920836672935,0.03125,0,0.018242120000024897
901008,linear,rewired,scarce,retuned_zero,0.0021819624331089163,0.3763570940153953,0.0044804786402698376,0.0008731920836672935,0.03125,0,0.018704530999912095
901008,linear,rewired,scarce,rewired,0.0021819624331089163,0.3763570940153953,0.0044804786402698376,0.0008731920836672935,0.03125,0,0.01878000199997132
901008,linear,rewired,scarce,reverse,0.0021819624331089163,0.3763570940153953,0.0044804786402698376,0.0008731920836672935,0.03125,0,0.01867516599980945
901008,linear,rewired,scarce,generic_nonlinear,0.0021819624331089163,0.3763570940153953,0.0044804786402698376,0.0008731920836672935,0.03125,0,0.01672284999989415
901008,linear,rewired,scarce,generic_equivalent,0.0021819624331089163,0.3763570940153953,0.0044804786402698376,0.0008731920836672935,0.03125,0,0.01627774799976578
901008,linear,rewired,scarce,signed_intensity,0.0021819624331089163,0.3763570940153953,0.0044804786402698376,0.0008731920836672935,0.03125,0,0.028857736999782446
901008,linear,rewired,scarce,gradient,0.002738493203490556,0.377104857499703,0.006834134278477137,0.0011286750581238796,0.03125,0,0.015626598999915586
901008,linear,rewired,scarce,zero_negative,0.20287926369739714,0.0,0.2066994126385908,0.24200610886000523,1.0,0,0.014882276999912847
901008,linear,absent,ample,full,0.0015103190930281008,0.4141438766128397,0.002725287588233795,0.00023999900710044086,0.03125,0,0.018332329999623198
901008,linear,absent,ample,no_K,0.0015103190930281008,0.4141438766128397,0.002725287588233795,0.00023999900710044086,0.03125,0,0.01862526099984052
901008,linear,absent,ample,no_W,0.0015103190930281008,0.4141438766128397,0.002725287588233795,0.00023999900710044086,0.03125,0,0.018310293000581623
901008,linear,absent,ample,no_WK,0.0015103190930281008,0.4141438766128397,0.002725287588233795,0.00023999900710044086,0.03125,0,0.018214500999874872
901008,linear,absent,ample,retuned_zero,0.0015103190930281008,0.4141438766128397,0.002725287588233795,0.00023999900710044086,0.03125,0,0.018497718999753943
901008,linear,absent,ample,rewired,0.0015103190930281008,0.4141438766128397,0.002725287588233795,0.00023999900710044086,0.03125,0,0.02621349800006101
901008,linear,absent,ample,reverse,0.0015103190930281008,0.4141438766128397,0.002725287588233795,0.00023999900710044086,0.03125,0,0.01844913899998346
901008,linear,absent,ample,generic_nonlinear,0.0015103190930281008,0.4141438766128397,0.002725287588233795,0.00023999900710044086,0.03125,0,0.017401670999902308
901008,linear,absent,ample,generic_equivalent,0.0015103190930281008,0.4141438766128397,0.002725287588233795,0.00023999900710044086,0.03125,0,0.0162811710001165
901008,linear,absent,ample,signed_intensity,0.0015103190930281008,0.4141438766128397,0.002725287588233795,0.00023999900710044086,0.03125,0,0.02858187300029158
901008,linear,absent,ample,gradient,0.0015755350495422833,0.4143804208484324,0.0030125089844859772,0.00028768305429027616,0.03125,0,0.01595699400002104
901008,linear,absent,ample,zero_negative,0.20287926369739714,0.0,0.2066994126385908,0.24200610886000523,1.0,0,0.014984880000213252
901008,linear,absent,scarce,full,0.0032061331954219927,0.3914308878160503,0.0033940125025356607,0.0011973366424948082,0.03125,0,0.01859938400008332
901008,linear,absent,scarce,no_K,0.0032061331954219927,0.3914308878160503,0.0033940125025356607,0.0011973366424948082,0.03125,0,0.01874371799954133
901008,linear,absent,scarce,no_W,0.0032061331954219927,0.3914308878160503,0.0033940125025356607,0.0011973366424948082,0.03125,0,0.01854446800007281
901008,linear,absent,scarce,no_WK,0.0032061331954219927,0.3914308878160503,0.0033940125025356607,0.0011973366424948082,0.03125,0,0.01861297200048284
901008,linear,absent,scarce,retuned_zero,0.0032061331954219927,0.3914308878160503,0.0033940125025356607,0.0011973366424948082,0.03125,0,0.018695618000492686
901008,linear,absent,scarce,rewired,0.0032061331954219927,0.3914308878160503,0.0033940125025356607,0.0011973366424948082,0.03125,0,0.0241615199998364
901008,linear,absent,scarce,reverse,0.0032061331954219927,0.3914308878160503,0.0033940125025356607,0.0011973366424948082,0.03125,0,0.018285918000003676
901008,linear,absent,scarce,generic_nonlinear,0.0032061331954219927,0.3914308878160503,0.0033940125025356607,0.0011973366424948082,0.03125,0,0.01675971599991044
901008,linear,absent,scarce,generic_equivalent,0.0032061331954219927,0.3914308878160503,0.0033940125025356607,0.0011973366424948082,0.03125,0,0.016999177999935
901008,linear,absent,scarce,signed_intensity,0.0032061331954219927,0.3914308878160503,0.0033940125025356607,0.0011973366424948082,0.03125,0,0.029232624999679047
901008,linear,absent,scarce,gradient,0.0033316323298712936,0.39170920818522637,0.0037481471843456575,0.0012812635966080706,0.03125,0,0.015334720999703677
901008,linear,absent,scarce,zero_negative,0.20287926369739714,0.0,0.2066994126385908,0.24200610886000523,1.0,0,0.015247694000549927
901008,congestion,aligned,ample,full,0.001797797636636006,0.41157469255386303,0.0047008189647314525,0.0004907593005129946,0.03125,0,0.01893448999970815
901008,congestion,aligned,ample,no_K,0.001797797636636006,0.41157469255386303,0.0047008189647314525,0.0004907593005129946,0.03125,0,0.018919427000014366
901008,congestion,aligned,ample,no_W,0.001797797636636006,0.41157469255386303,0.0047008189647314525,0.0004907593005129946,0.03125,0,0.01869176500008507
901008,congestion,aligned,ample,no_WK,0.001797797636636006,0.41157469255386303,0.0047008189647314525,0.0004907593005129946,0.03125,0,0.018080974000497463
901008,congestion,aligned,ample,retuned_zero,0.001797797636636006,0.41157469255386303,0.0047008189647314525,0.0004907593005129946,0.03125,0,0.018258592999927714
901008,congestion,aligned,ample,rewired,0.001797797636636006,0.41157469255386303,0.0047008189647314525,0.0004907593005129946,0.03125,0,0.019314309000321828
901008,congestion,aligned,ample,reverse,0.001797797636636006,0.41157469255386303,0.0047008189647314525,0.0004907593005129946,0.03125,0,0.018601525000178754
901008,congestion,aligned,ample,generic_nonlinear,0.001797797636636006,0.41157469255386303,0.0047008189647314525,0.0004907593005129946,0.03125,0,0.01692492400025003
901008,congestion,aligned,ample,generic_equivalent,0.001797797636636006,0.41157469255386303,0.0047008189647314525,0.0004907593005129946,0.03125,0,0.016599589000293236
901008,congestion,aligned,ample,signed_intensity,0.001797797636636006,0.41157469255386303,0.0047008189647314525,0.0004907593005129946,0.03125,0,0.029498321000062333
901008,congestion,aligned,ample,gradient,0.002371024514146338,0.41339061932068777,0.0073209173334197845,0.0008113952995481742,0.03125,0,0.01569634299983136
901008,congestion,aligned,ample,zero_negative,0.20287926369739714,0.0,0.2066994126385908,0.24200610886000523,1.0,0,0.015359385000294878
901008,congestion,aligned,scarce,full,0.003410852804152872,0.38860963540584287,0.00504944555460968,0.0009984614705616781,0.03125,0,0.018508581999924445
901008,congestion,aligned,scarce,no_K,0.003410852804152872,0.38860963540584287,0.00504944555460968,0.0009984614705616781,0.03125,0,0.018433355999775358
901008,congestion,aligned,scarce,no_W,0.003410852804152872,0.38860963540584287,0.00504944555460968,0.0009984614705616781,0.03125,0,0.018820584999900802
901008,congestion,aligned,scarce,no_WK,0.003410852804152872,0.38860963540584287,0.00504944555460968,0.0009984614705616781,0.03125,0,0.018387605000100393
901008,congestion,aligned,scarce,retuned_zero,0.003410852804152872,0.38860963540584287,0.00504944555460968,0.0009984614705616781,0.03125,0,0.018594574000076136
901008,congestion,aligned,scarce,rewired,0.003410852804152872,0.38860963540584287,0.00504944555460968,0.0009984614705616781,0.03125,0,0.023989098999606995
901008,congestion,aligned,scarce,reverse,0.003410852804152872,0.38860963540584287,0.00504944555460968,0.0009984614705616781,0.03125,0,0.01854211200014788
901008,congestion,aligned,scarce,generic_nonlinear,0.003410852804152872,0.38860963540584287,0.00504944555460968,0.0009984614705616781,0.03125,0,0.01690883600002735
901008,congestion,aligned,scarce,generic_equivalent,0.003410852804152872,0.38860963540584287,0.00504944555460968,0.0009984614705616781,0.03125,0,0.016443151999965266
901008,congestion,aligned,scarce,signed_intensity,0.003410852804152872,0.38860963540584287,0.00504944555460968,0.0009984614705616781,0.03125,0,0.029069031000005907
901008,congestion,aligned,scarce,gradient,0.003787703518878558,0.38921465534977007,0.0066125298076461884,0.0013565503876431264,0.03125,0,0.015872534999914478
901008,congestion,aligned,scarce,zero_negative,0.20287926369739714,0.0,0.2066994126385908,0.24200610886000523,1.0,0,0.014786991000107719
901008,congestion,rewired,ample,full,0.0026679014303143214,0.4107302847007057,0.007053746903034398,0.0009501115921800972,0.03125,0,0.018811891999916952
901008,congestion,rewired,ample,no_K,0.0026679014303143214,0.4107302847007057,0.007053746903034398,0.0009501115921800972,0.03125,0,0.01917976599963822
901008,congestion,rewired,ample,no_W,0.0026679014303143214,0.4107302847007057,0.007053746903034398,0.0009501115921800972,0.03125,0,0.018861683000068297
901008,congestion,rewired,ample,no_WK,0.0026679014303143214,0.4107302847007057,0.007053746903034398,0.0009501115921800972,0.03125,0,0.01872631000048841
901008,congestion,rewired,ample,retuned_zero,0.0026679014303143214,0.4107302847007057,0.007053746903034398,0.0009501115921800972,0.03125,0,0.024818233000189593
901008,congestion,rewired,ample,rewired,0.0026679014303143214,0.4107302847007057,0.007053746903034398,0.0009501115921800972,0.03125,0,0.018599544999801765
901008,congestion,rewired,ample,reverse,0.0026679014303143214,0.4107302847007057,0.007053746903034398,0.0009501115921800972,0.03125,0,0.01885212600001296
901008,congestion,rewired,ample,generic_nonlinear,0.0026679014303143214,0.4107302847007057,0.007053746903034398,0.0009501115921800972,0.03125,0,0.017752932999940185
901008,congestion,rewired,ample,generic_equivalent,0.0026679014303143214,0.4107302847007057,0.007053746903034398,0.0009501115921800972,0.03125,0,0.016591317999939292
901008,congestion,rewired,ample,signed_intensity,0.0026679014303143214,0.4107302847007057,0.007053746903034398,0.0009501115921800972,0.03125,0,0.02901419600027566
901008,congestion,rewired,ample,gradient,0.0027814376133994687,0.40943945078497723,0.00724794912770962,0.0015450799963173318,0.03125,0,0.015949351999893224
901008,congestion,rewired,ample,zero_negative,0.20287926369739714,0.0,0.2066994126385908,0.24200610886000523,1.0,0,0.015146964999928514
901008,congestion,rewired,scarce,full,0.0039415650173394755,0.3876220460783238,0.006863075226879183,0.001366455137266178,0.03125,0,0.019014857999650303
901008,congestion,rewired,scarce,no_K,0.0039415650173394755,0.3876220460783238,0.006863075226879183,0.001366455137266178,0.03125,0,0.01877514899996413
901008,congestion,rewired,scarce,no_W,0.0039415650173394755,0.3876220460783238,0.006863075226879183,0.001366455137266178,0.03125,0,0.01830457200020419
901008,congestion,rewired,scarce,no_WK,0.0039415650173394755,0.3876220460783238,0.006863075226879183,0.001366455137266178,0.03125,0,0.018729110999970544
901008,congestion,rewired,scarce,retuned_zero,0.0039415650173394755,0.3876220460783238,0.006863075226879183,0.001366455137266178,0.03125,0,0.0255983839996361
901008,congestion,rewired,scarce,rewired,0.0039415650173394755,0.3876220460783238,0.006863075226879183,0.001366455137266178,0.03125,0,0.018698018000009142
901008,congestion,rewired,scarce,reverse,0.0039415650173394755,0.3876220460783238,0.006863075226879183,0.001366455137266178,0.03125,0,0.018431801000076575
901008,congestion,rewired,scarce,generic_nonlinear,0.0039415650173394755,0.3876220460783238,0.006863075226879183,0.001366455137266178,0.03125,0,0.01681534899972803
901008,congestion,rewired,scarce,generic_equivalent,0.0039415650173394755,0.3876220460783238,0.006863075226879183,0.001366455137266178,0.03125,0,0.016755891999821415
901008,congestion,rewired,scarce,signed_intensity,0.0039415650173394755,0.3876220460783238,0.006863075226879183,0.001366455137266178,0.03125,0,0.029174486999863802
901008,congestion,rewired,scarce,gradient,0.00416712415345342,0.3878506993056552,0.007611804304673093,0.0019945153199477667,0.03125,0,0.015675995000094645
901008,congestion,rewired,scarce,zero_negative,0.20287926369739714,0.0,0.2066994126385908,0.24200610886000523,1.0,0,0.015086570000164556
901008,congestion,absent,ample,full,0.0015103190930281008,0.4141438766128397,0.002725287588233795,0.00023999900710044086,0.03125,0,0.018678651999550766
901008,congestion,absent,ample,no_K,0.0015103190930281008,0.4141438766128397,0.002725287588233795,0.00023999900710044086,0.03125,0,0.01851129399972251
901008,congestion,absent,ample,no_W,0.0015103190930281008,0.4141438766128397,0.002725287588233795,0.00023999900710044086,0.03125,0,0.0184034050002424
901008,congestion,absent,ample,no_WK,0.0015103190930281008,0.4141438766128397,0.002725287588233795,0.00023999900710044086,0.03125,0,0.018017085000110455
901008,congestion,absent,ample,retuned_zero,0.0015103190930281008,0.4141438766128397,0.002725287588233795,0.00023999900710044086,0.03125,0,0.018452337999462998
901008,congestion,absent,ample,rewired,0.0015103190930281008,0.4141438766128397,0.002725287588233795,0.00023999900710044086,0.03125,0,0.01775475299990603
901008,congestion,absent,ample,reverse,0.0015103190930281008,0.4141438766128397,0.002725287588233795,0.00023999900710044086,0.03125,0,0.01814749600015375
901008,congestion,absent,ample,generic_nonlinear,0.0015103190930281008,0.4141438766128397,0.002725287588233795,0.00023999900710044086,0.03125,0,0.01662764700029129
901008,congestion,absent,ample,generic_equivalent,0.0015103190930281008,0.4141438766128397,0.002725287588233795,0.00023999900710044086,0.03125,0,0.016155341999763095
901008,congestion,absent,ample,signed_intensity,0.0015103190930281008,0.4141438766128397,0.002725287588233795,0.00023999900710044086,0.03125,0,0.028964805000214255
901008,congestion,absent,ample,gradient,0.0015755350495422833,0.4143804208484324,0.0030125089844859772,0.00028768305429027616,0.03125,0,0.01762205700015329
901008,congestion,absent,ample,zero_negative,0.20287926369739714,0.0,0.2066994126385908,0.24200610886000523,1.0,0,0.014834881000524547
901008,congestion,absent,scarce,full,0.0032061331954219927,0.3914308878160503,0.0033940125025356607,0.0011973366424948082,0.03125,0,0.018164685000726877
901008,congestion,absent,scarce,no_K,0.0032061331954219927,0.3914308878160503,0.0033940125025356607,0.0011973366424948082,0.03125,0,0.018107468999915
901008,congestion,absent,scarce,no_W,0.0032061331954219927,0.3914308878160503,0.0033940125025356607,0.0011973366424948082,0.03125,0,0.018190192999838928
901008,congestion,absent,scarce,no_WK,0.0032061331954219927,0.3914308878160503,0.0033940125025356607,0.0011973366424948082,0.03125,0,0.01775820000045769
901008,congestion,absent,scarce,retuned_zero,0.0032061331954219927,0.3914308878160503,0.0033940125025356607,0.0011973366424948082,0.03125,0,0.01868014800010087
901008,congestion,absent,scarce,rewired,0.0032061331954219927,0.3914308878160503,0.0033940125025356607,0.0011973366424948082,0.03125,0,0.018214743999749317
901008,congestion,absent,scarce,reverse,0.0032061331954219927,0.3914308878160503,0.0033940125025356607,0.0011973366424948082,0.03125,0,0.018096625999760363
901008,congestion,absent,scarce,generic_nonlinear,0.0032061331954219927,0.3914308878160503,0.0033940125025356607,0.0011973366424948082,0.03125,0,0.016387640000232295
901008,congestion,absent,scarce,generic_equivalent,0.0032061331954219927,0.3914308878160503,0.0033940125025356607,0.0011973366424948082,0.03125,0,0.016195571000366726
901008,congestion,absent,scarce,signed_intensity,0.0032061331954219927,0.3914308878160503,0.0033940125025356607,0.0011973366424948082,0.03125,0,0.028997468999591547
901008,congestion,absent,scarce,gradient,0.0033316323298712936,0.39170920818522637,0.0037481471843456575,0.0012812635966080706,0.03125,0,0.015807954000194968
901008,congestion,absent,scarce,zero_negative,0.20287926369739714,0.0,0.2066994126385908,0.24200610886000523,1.0,0,0.014619829000082518
901009,linear,aligned,ample,full,0.002881872342449533,0.4221122118704741,0.009279173424791896,0.0007184019215785413,0.03125,0,0.01856612799991808
901009,linear,aligned,ample,no_K,0.002881872342449533,0.4221122118704741,0.009279173424791896,0.0007184019215785413,0.03125,0,0.018740558999866153
901009,linear,aligned,ample,no_W,0.002881872342449533,0.4221122118704741,0.009279173424791896,0.0007184019215785413,0.03125,0,0.018547899999987294
901009,linear,aligned,ample,no_WK,0.002881872342449533,0.4221122118704741,0.009279173424791896,0.0007184019215785413,0.03125,0,0.024478659999715546
901009,linear,aligned,ample,retuned_zero,0.002881872342449533,0.4221122118704741,0.009279173424791896,0.0007184019215785413,0.03125,0,0.018384050999884494
901009,linear,aligned,ample,rewired,0.002881872342449533,0.4221122118704741,0.009279173424791896,0.0007184019215785413,0.03125,0,0.018527969999865945
901009,linear,aligned,ample,reverse,0.002881872342449533,0.4221122118704741,0.009279173424791896,0.0007184019215785413,0.03125,0,0.01850533299983681
901009,linear,aligned,ample,generic_nonlinear,0.002881872342449533,0.4221122118704741,0.009279173424791896,0.0007184019215785413,0.03125,0,0.01739942099976588
901009,linear,aligned,ample,generic_equivalent,0.002881872342449533,0.4221122118704741,0.009279173424791896,0.0007184019215785413,0.03125,0,0.016377156999794806
901009,linear,aligned,ample,signed_intensity,0.002881872342449533,0.4221122118704741,0.009279173424791896,0.0007184019215785413,0.03125,0,0.029116910999846368
901009,linear,aligned,ample,gradient,0.003962582844559172,0.42369034987792364,0.013984576913460965,0.0013777496971314476,0.03125,0,0.016211681999834582
901009,linear,aligned,ample,zero_negative,0.24395259059279684,0.0,0.2588964208637285,0.2587563193518822,1.0,0,0.015385123999863026
901009,linear,aligned,scarce,full,0.0035292591468414434,0.39628862401663734,0.00931852645205311,0.0020073380142758114,0.03125,0,0.01858822899993129
901009,linear,aligned,scarce,no_K,0.0035292591468414434,0.39628862401663734,0.00931852645205311,0.0020073380142758114,0.03125,0,0.01867523900040169
901009,linear,aligned,scarce,no_W,0.0035292591468414434,0.39628862401663734,0.00931852645205311,0.0020073380142758114,0.03125,0,0.018663778000245657
901009,linear,aligned,scarce,no_WK,0.0035292591468414434,0.39628862401663734,0.00931852645205311,0.0020073380142758114,0.03125,0,0.026449304999800916
901009,linear,aligned,scarce,retuned_zero,0.0035292591468414434,0.39628862401663734,0.00931852645205311,0.0020073380142758114,0.03125,0,0.018583359999581717
901009,linear,aligned,scarce,rewired,0.0035292591468414434,0.39628862401663734,0.00931852645205311,0.0020073380142758114,0.03125,0,0.01868058500014058
901009,linear,aligned,scarce,reverse,0.0035292591468414434,0.39628862401663734,0.00931852645205311,0.0020073380142758114,0.03125,0,0.018407651999723385
901009,linear,aligned,scarce,generic_nonlinear,0.0035292591468414434,0.39628862401663734,0.00931852645205311,0.0020073380142758114,0.03125,0,0.016931129999704808
901009,linear,aligned,scarce,generic_equivalent,0.0035292591468414434,0.39628862401663734,0.00931852645205311,0.0020073380142758114,0.03125,0,0.0168797350001455
901009,linear,aligned,scarce,signed_intensity,0.0035292591468414434,0.39628862401663734,0.00931852645205311,0.0020073380142758114,0.03125,0,0.029334707000316484
901009,linear,aligned,scarce,gradient,0.004652710889607094,0.39659199450302474,0.013586595576160735,0.002749930690323165,0.03125,0,0.015826360000062323
901009,linear,aligned,scarce,zero_negative,0.24395259059279684,0.0,0.2588964208637285,0.2587563193518822,1.0,0,0.015264198999943801
901009,linear,rewired,ample,full,0.0028659707532975517,0.42240639354843634,0.006905388872378186,0.0006474046660110004,0.03125,0,0.018792052000947024
901009,linear,rewired,ample,no_K,0.0028659707532975517,0.42240639354843634,0.006905388872378186,0.0006474046660110004,0.03125,0,0.01865832700025294
901009,linear,rewired,ample,no_W,0.0028659707532975517,0.42240639354843634,0.006905388872378186,0.0006474046660110004,0.03125,0,0.01830848200006585
901009,linear,rewired,ample,no_WK,0.0028659707532975517,0.42240639354843634,0.006905388872378186,0.0006474046660110004,0.03125,0,0.023771341999974993
901009,linear,rewired,ample,retuned_zero,0.0028659707532975517,0.42240639354843634,0.006905388872378186,0.0006474046660110004,0.03125,0,0.018273504999740453
901009,linear,rewired,ample,rewired,0.0028659707532975517,0.42240639354843634,0.006905388872378186,0.0006474046660110004,0.03125,0,0.018342275999771118
901009,linear,rewired,ample,reverse,0.0028659707532975517,0.42240639354843634,0.006905388872378186,0.0006474046660110004,0.03125,0,0.018538333000151397
901009,linear,rewired,ample,generic_nonlinear,0.0028659707532975517,0.42240639354843634,0.006905388872378186,0.0006474046660110004,0.03125,0,0.016926874000034786
901009,linear,rewired,ample,generic_equivalent,0.0028659707532975517,0.42240639354843634,0.006905388872378186,0.0006474046660110004,0.03125,0,0.016390818999695966
901009,linear,rewired,ample,signed_intensity,0.0028659707532975517,0.42240639354843634,0.006905388872378186,0.0006474046660110004,0.03125,0,0.029373399000178324
901009,linear,rewired,ample,gradient,0.0039340650943050556,0.4234097562020116,0.012027050497204836,0.001741957416542267,0.03125,0,0.015726777999475416
901009,linear,rewired,ample,zero_negative,0.24395259059279684,0.0,0.2588964208637285,0.2587563193518822,1.0,0,0.015084873999796855
901009,linear,rewired,scarce,full,0.003604316557957372,0.39619072615654205,0.007202938081739964,0.0018085555417846975,0.03125,0,0.018620841000085875
901009,linear,rewired,scarce,no_K,0.003604316557957372,0.39619072615654205,0.007202938081739964,0.0018085555417846975,0.03125,0,0.01823910699999942
901009,linear,rewired,scarce,no_W,0.003604316557957372,0.39619072615654205,0.007202938081739964,0.0018085555417846975,0.03125,0,0.01852376099969888
901009,linear,rewired,scarce,no_WK,0.003604316557957372,0.39619072615654205,0.007202938081739964,0.0018085555417846975,0.03125,0,0.023677495000072213
901009,linear,rewired,scarce,retuned_zero,0.003604316557957372,0.39619072615654205,0.007202938081739964,0.0018085555417846975,0.03125,0,0.01839984100001857
901009,linear,rewired,scarce,rewired,0.003604316557957372,0.39619072615654205,0.007202938081739964,0.0018085555417846975,0.03125,0,0.018383568999581712
901009,linear,rewired,scarce,reverse,0.003604316557957372,0.39619072615654205,0.007202938081739964,0.0018085555417846975,0.03125,0,0.018654567999874416
901009,linear,rewired,scarce,generic_nonlinear,0.003604316557957372,0.39619072615654205,0.007202938081739964,0.0018085555417846975,0.03125,0,0.016844055999911234
901009,linear,rewired,scarce,generic_equivalent,0.003604316557957372,0.39619072615654205,0.007202938081739964,0.0018085555417846975,0.03125,0,0.016447946000255342
901009,linear,rewired,scarce,signed_intensity,0.003604316557957372,0.39619072615654205,0.007202938081739964,0.0018085555417846975,0.03125,0,0.02875724299991589
901009,linear,rewired,scarce,gradient,0.0047697200219446335,0.3965107660641941,0.011671966426620444,0.0028247781250849997,0.03125,0,0.01564201200011439
901009,linear,rewired,scarce,zero_negative,0.24395259059279684,0.0,0.2588964208637285,0.2587563193518822,1.0,0,0.014882563999492504
901009,linear,absent,ample,full,0.0016751413990726291,0.4506873566682308,0.0037645948337847158,8.848376087588908e-05,0.03125,0,0.01829468099992937
901009,linear,absent,ample,no_K,0.0016751413990726291,0.4506873566682308,0.0037645948337847158,8.848376087588908e-05,0.03125,0,0.01859452699989106
901009,linear,absent,ample,no_W,0.0016751413990726291,0.4506873566682308,0.0037645948337847158,8.848376087588908e-05,0.03125,0,0.018902671999967424
901009,linear,absent,ample,no_WK,0.0016751413990726291,0.4506873566682308,0.0037645948337847158,8.848376087588908e-05,0.03125,0,0.018845816999771614
901009,linear,absent,ample,retuned_zero,0.0016751413990726291,0.4506873566682308,0.0037645948337847158,8.848376087588908e-05,0.03125,0,0.018375102999868886
901009,linear,absent,ample,rewired,0.0016751413990726291,0.4506873566682308,0.0037645948337847158,8.848376087588908e-05,0.03125,0,0.01839160899999115
901009,linear,absent,ample,reverse,0.0016751413990726291,0.4506873566682308,0.0037645948337847158,8.848376087588908e-05,0.03125,0,0.018501374000209125
901009,linear,absent,ample,generic_nonlinear,0.0016751413990726291,0.4506873566682308,0.0037645948337847158,8.848376087588908e-05,0.03125,0,0.017260938000390524
901009,linear,absent,ample,generic_equivalent,0.0016751413990726291,0.4506873566682308,0.0037645948337847158,8.848376087588908e-05,0.03125,0,0.01611532600014698
901009,linear,absent,ample,signed_intensity,0.0016751413990726291,0.4506873566682308,0.0037645948337847158,8.848376087588908e-05,0.03125,0,0.02859103399993046
901009,linear,absent,ample,gradient,0.001852035240148915,0.45091090663938593,0.004653892561089443,0.00027689077844823406,0.03125,0,0.015889230999846404
901009,linear,absent,ample,zero_negative,0.24395259059279684,0.0,0.2588964208637285,0.2587563193518822,1.0,0,0.01554971499979274
901009,linear,absent,scarce,full,0.005408712110902757,0.3993899048450722,0.008068749665822484,0.004613037091808133,0.03125,0,0.018497363999813388
901009,linear,absent,scarce,no_K,0.005408712110902757,0.3993899048450722,0.008068749665822484,0.004613037091808133,0.03125,0,0.018450830000347196
901009,linear,absent,scarce,no_W,0.005408712110902757,0.3993899048450722,0.008068749665822484,0.004613037091808133,0.03125,0,0.024792784999874584
901009,linear,absent,scarce,no_WK,0.005408712110902757,0.3993899048450722,0.008068749665822484,0.004613037091808133,0.03125,0,0.018361783000273135
901009,linear,absent,scarce,retuned_zero,0.005408712110902757,0.3993899048450722,0.008068749665822484,0.004613037091808133,0.03125,0,0.01831293199973061
901009,linear,absent,scarce,rewired,0.005408712110902757,0.3993899048450722,0.008068749665822484,0.004613037091808133,0.03125,0,0.01828861900003176
901009,linear,absent,scarce,reverse,0.005408712110902757,0.3993899048450722,0.008068749665822484,0.004613037091808133,0.03125,0,0.018256919000123162
901009,linear,absent,scarce,generic_nonlinear,0.005408712110902757,0.3993899048450722,0.008068749665822484,0.004613037091808133,0.03125,0,0.01671170600025107
901009,linear,absent,scarce,generic_equivalent,0.005408712110902757,0.3993899048450722,0.008068749665822484,0.004613037091808133,0.03125,0,0.017069403999812494
901009,linear,absent,scarce,signed_intensity,0.005408712110902757,0.3993899048450722,0.008068749665822484,0.004613037091808133,0.03125,0,0.029543556000362514
901009,linear,absent,scarce,gradient,0.005757191275425899,0.399419290117045,0.009139645699865473,0.0050733823324905615,0.03125,0,0.015401308000150493
901009,linear,absent,scarce,zero_negative,0.24395259059279684,0.0,0.2588964208637285,0.2587563193518822,1.0,0,0.014945110999974531
901009,congestion,aligned,ample,full,0.002843944172033273,0.4565281969169378,0.00860613537623342,0.0009354635801747358,0.03125,0,0.019176654000432336
901009,congestion,aligned,ample,no_K,0.002843944172033273,0.4565281969169378,0.00860613537623342,0.0009354635801747358,0.03125,0,0.0188598529998103
901009,congestion,aligned,ample,no_W,0.002843944172033273,0.4565281969169378,0.00860613537623342,0.0009354635801747358,0.03125,0,0.02472385299972757
901009,congestion,aligned,ample,no_WK,0.002843944172033273,0.4565281969169378,0.00860613537623342,0.0009354635801747358,0.03125,0,0.01842686800011961
901009,congestion,aligned,ample,retuned_zero,0.002843944172033273,0.4565281969169378,0.00860613537623342,0.0009354635801747358,0.03125,0,0.018153629000096316
901009,congestion,aligned,ample,rewired,0.002843944172033273,0.4565281969169378,0.00860613537623342,0.0009354635801747358,0.03125,0,0.01806498299976056
901009,congestion,aligned,ample,reverse,0.002843944172033273,0.4565281969169378,0.00860613537623342,0.0009354635801747358,0.03125,0,0.01849844500020481
901009,congestion,aligned,ample,generic_nonlinear,0.002843944172033273,0.4565281969169378,0.00860613537623342,0.0009354635801747358,0.03125,0,0.017233900999940488
901009,congestion,aligned,ample,generic_equivalent,0.002843944172033273,0.4565281969169378,0.00860613537623342,0.0009354635801747358,0.03125,0,0.016403037999793924
901009,congestion,aligned,ample,signed_intensity,0.002843944172033273,0.4565281969169378,0.00860613537623342,0.0009354635801747358,0.03125,0,0.029204316999994262
901009,congestion,aligned,ample,gradient,0.0031296900738225536,0.45443094177685145,0.009528590140742218,0.0018061056537444103,0.03125,0,0.015745415999845136
901009,congestion,aligned,ample,zero_negative,0.24395259059279684,0.0,0.2588964208637285,0.2587563193518822,1.0,0,0.015046919000269554
901009,congestion,aligned,scarce,full,0.00596999144807845,0.3996384722812732,0.00965843168692983,0.005621685757784071,0.03125,0,0.018652885000165043
901009,congestion,aligned,scarce,no_K,0.00596999144807845,0.3996384722812732,0.00965843168692983,0.005621685757784071,0.03125,0,0.0186851900003262
901009,congestion,aligned,scarce,no_W,0.00596999144807845,0.3996384722812732,0.00965843168692983,0.005621685757784071,0.03125,0,0.019104278000156683
901009,congestion,aligned,scarce,no_WK,0.00596999144807845,0.3996384722812732,0.00965843168692983,0.005621685757784071,0.03125,0,0.018525299000600626
901009,congestion,aligned,scarce,retuned_zero,0.00596999144807845,0.3996384722812732,0.00965843168692983,0.005621685757784071,0.03125,0,0.018257401000425943
901009,congestion,aligned,scarce,rewired,0.00596999144807845,0.3996384722812732,0.00965843168692983,0.005621685757784071,0.03125,0,0.01858099300017102
901009,congestion,aligned,scarce,reverse,0.00596999144807845,0.3996384722812732,0.00965843168692983,0.005621685757784071,0.03125,0,0.01844858699962515
901009,congestion,aligned,scarce,generic_nonlinear,0.00596999144807845,0.3996384722812732,0.00965843168692983,0.005621685757784071,0.03125,0,0.016792259000055765
901009,congestion,aligned,scarce,generic_equivalent,0.00596999144807845,0.3996384722812732,0.00965843168692983,0.005621685757784071,0.03125,0,0.016626345000361198
901009,congestion,aligned,scarce,signed_intensity,0.00596999144807845,0.3996384722812732,0.00965843168692983,0.005621685757784071,0.03125,0,0.029076088000408618
901009,congestion,aligned,scarce,gradient,0.006961460886339215,0.3996766230488589,0.01245295996662487,0.006946433577003268,0.03125,0,0.01578695499966898
901009,congestion,aligned,scarce,zero_negative,0.24395259059279684,0.0,0.2588964208637285,0.2587563193518822,1.0,0,0.014757590999579406
901009,congestion,rewired,ample,full,0.003362553231212983,0.4545614920215536,0.00910070556720176,0.00042282394216422523,0.03125,0,0.01849693000002617
901009,congestion,rewired,ample,no_K,0.003362553231212983,0.4545614920215536,0.00910070556720176,0.00042282394216422523,0.03125,0,0.01882587400001512
901009,congestion,rewired,ample,no_W,0.003362553231212983,0.4545614920215536,0.00910070556720176,0.00042282394216422523,0.03125,0,0.02385429099973635
901009,congestion,rewired,ample,no_WK,0.003362553231212983,0.4545614920215536,0.00910070556720176,0.00042282394216422523,0.03125,0,0.018598832999316528
901009,congestion,rewired,ample,retuned_zero,0.003362553231212983,0.4545614920215536,0.00910070556720176,0.00042282394216422523,0.03125,0,0.018888489000005393
901009,congestion,rewired,ample,rewired,0.003362553231212983,0.4545614920215536,0.00910070556720176,0.00042282394216422523,0.03125,0,0.018735466000009637
901009,congestion,rewired,ample,reverse,0.003362553231212983,0.4545614920215536,0.00910070556720176,0.00042282394216422523,0.03125,0,0.01854007599996521
901009,congestion,rewired,ample,generic_nonlinear,0.003362553231212983,0.4545614920215536,0.00910070556720176,0.00042282394216422523,0.03125,0,0.01742617400037716
901009,congestion,rewired,ample,generic_equivalent,0.003362553231212983,0.4545614920215536,0.00910070556720176,0.00042282394216422523,0.03125,0,0.01654418100025623
901009,congestion,rewired,ample,signed_intensity,0.003362553231212983,0.4545614920215536,0.00910070556720176,0.00042282394216422523,0.03125,0,0.028668208999988565
901009,congestion,rewired,ample,gradient,0.004066060126094578,0.45285508873996516,0.012058852126535515,0.0020635840310184676,0.03125,0,0.0159686279998823
901009,congestion,rewired,ample,zero_negative,0.24395259059279684,0.0,0.2588964208637285,0.2587563193518822,1.0,0,0.01519821800019372
901009,congestion,rewired,scarce,full,0.005989411507273066,0.39943562904960606,0.009234622453510343,0.004791078613163516,0.03125,0,0.018941209000217896
901009,congestion,rewired,scarce,no_K,0.005989411507273066,0.39943562904960606,0.009234622453510343,0.004791078613163516,0.03125,0,0.0246255050000741
901009,congestion,rewired,scarce,no_W,0.005989411507273066,0.39943562904960606,0.009234622453510343,0.004791078613163516,0.03125,0,0.01856333699993229
901009,congestion,rewired,scarce,no_WK,0.005989411507273066,0.39943562904960606,0.009234622453510343,0.004791078613163516,0.03125,0,0.018556962000332078
901009,congestion,rewired,scarce,retuned_zero,0.005989411507273066,0.39943562904960606,0.009234622453510343,0.004791078613163516,0.03125,0,0.01857185399995842
901009,congestion,rewired,scarce,rewired,0.005989411507273066,0.39943562904960606,0.009234622453510343,0.004791078613163516,0.03125,0,0.018653134999681242
901009,congestion,rewired,scarce,reverse,0.005989411507273066,0.39943562904960606,0.009234622453510343,0.004791078613163516,0.03125,0,0.018649895000237393
901009,congestion,rewired,scarce,generic_nonlinear,0.005989411507273066,0.39943562904960606,0.009234622453510343,0.004791078613163516,0.03125,0,0.01710754100002987
901009,congestion,rewired,scarce,generic_equivalent,0.005989411507273066,0.39943562904960606,0.009234622453510343,0.004791078613163516,0.03125,0,0.016886515000123836
901009,congestion,rewired,scarce,signed_intensity,0.005989411507273066,0.39943562904960606,0.009234622453510343,0.004791078613163516,0.03125,0,0.029479433000005884
901009,congestion,rewired,scarce,gradient,0.007251475312804501,0.39947126687904555,0.013266285509442727,0.0062835445066920115,0.03125,0,0.015728111999862904
901009,congestion,rewired,scarce,zero_negative,0.24395259059279684,0.0,0.2588964208637285,0.2587563193518822,1.0,0,0.0153780719997485
901009,congestion,absent,ample,full,0.0016751413990726291,0.4506873566682308,0.0037645948337847158,8.848376087588908e-05,0.03125,0,0.018725884000104998
901009,congestion,absent,ample,no_K,0.0016751413990726291,0.4506873566682308,0.0037645948337847158,8.848376087588908e-05,0.03125,0,0.024647794000088652
901009,congestion,absent,ample,no_W,0.0016751413990726291,0.4506873566682308,0.0037645948337847158,8.848376087588908e-05,0.03125,0,0.01842972099979079
901009,congestion,absent,ample,no_WK,0.0016751413990726291,0.4506873566682308,0.0037645948337847158,8.848376087588908e-05,0.03125,0,0.01867649500030666
901009,congestion,absent,ample,retuned_zero,0.0016751413990726291,0.4506873566682308,0.0037645948337847158,8.848376087588908e-05,0.03125,0,0.018164880999279376
901009,congestion,absent,ample,rewired,0.0016751413990726291,0.4506873566682308,0.0037645948337847158,8.848376087588908e-05,0.03125,0,0.017922762000353032
901009,congestion,absent,ample,reverse,0.0016751413990726291,0.4506873566682308,0.0037645948337847158,8.848376087588908e-05,0.03125,0,0.018212759999983064
901009,congestion,absent,ample,generic_nonlinear,0.0016751413990726291,0.4506873566682308,0.0037645948337847158,8.848376087588908e-05,0.03125,0,0.016795486000432902
901009,congestion,absent,ample,generic_equivalent,0.0016751413990726291,0.4506873566682308,0.0037645948337847158,8.848376087588908e-05,0.03125,0,0.016399820000287946
901009,congestion,absent,ample,signed_intensity,0.0016751413990726291,0.4506873566682308,0.0037645948337847158,8.848376087588908e-05,0.03125,0,0.029051816000048802
901009,congestion,absent,ample,gradient,0.001852035240148915,0.45091090663938593,0.004653892561089443,0.00027689077844823406,0.03125,0,0.015637042000037127
901009,congestion,absent,ample,zero_negative,0.24395259059279684,0.0,0.2588964208637285,0.2587563193518822,1.0,0,0.014794019000305525
901009,congestion,absent,scarce,full,0.005408712110902757,0.3993899048450722,0.008068749665822484,0.004613037091808133,0.03125,0,0.01843539000049077
901009,congestion,absent,scarce,no_K,0.005408712110902757,0.3993899048450722,0.008068749665822484,0.004613037091808133,0.03125,0,0.018327605999900243
901009,congestion,absent,scarce,no_W,0.005408712110902757,0.3993899048450722,0.008068749665822484,0.004613037091808133,0.03125,0,0.01813083999979881
901009,congestion,absent,scarce,no_WK,0.005408712110902757,0.3993899048450722,0.008068749665822484,0.004613037091808133,0.03125,0,0.018329646999859506
901009,congestion,absent,scarce,retuned_zero,0.005408712110902757,0.3993899048450722,0.008068749665822484,0.004613037091808133,0.03125,0,0.01822658100013541
901009,congestion,absent,scarce,rewired,0.005408712110902757,0.3993899048450722,0.008068749665822484,0.004613037091808133,0.03125,0,0.018739465000066957
901009,congestion,absent,scarce,reverse,0.005408712110902757,0.3993899048450722,0.008068749665822484,0.004613037091808133,0.03125,0,0.01875040700002728
901009,congestion,absent,scarce,generic_nonlinear,0.005408712110902757,0.3993899048450722,0.008068749665822484,0.004613037091808133,0.03125,0,0.016647260000524966
901009,congestion,absent,scarce,generic_equivalent,0.005408712110902757,0.3993899048450722,0.008068749665822484,0.004613037091808133,0.03125,0,0.01632747400020662
901009,congestion,absent,scarce,signed_intensity,0.005408712110902757,0.3993899048450722,0.008068749665822484,0.004613037091808133,0.03125,0,0.02855014500028119
901009,congestion,absent,scarce,gradient,0.005757191275425899,0.399419290117045,0.009139645699865473,0.0050733823324905615,0.03125,0,0.015643035000437067
901009,congestion,absent,scarce,zero_negative,0.24395259059279684,0.0,0.2588964208637285,0.2587563193518822,1.0,0,0.0144330470000682
901010,linear,aligned,ample,full,0.0018476984197335405,0.4320791364516179,0.005803568776125838,0.0014644232621239702,0.033203125,0,0.01848970199989708
901010,linear,aligned,ample,no_K,0.0018476984197335405,0.4320791364516179,0.005803568776125838,0.0014644232621239702,0.033203125,0,0.018813037000086297
901010,linear,aligned,ample,no_W,0.0018476984197335405,0.4320791364516179,0.005803568776125838,0.0014644232621239702,0.033203125,0,0.018556411999952616
901010,linear,aligned,ample,no_WK,0.0018476984197335405,0.4320791364516179,0.005803568776125838,0.0014644232621239702,0.033203125,0,0.018909766999854583
901010,linear,aligned,ample,retuned_zero,0.0018476984197335405,0.4320791364516179,0.005803568776125838,0.0014644232621239702,0.033203125,0,0.018693364999933237
901010,linear,aligned,ample,rewired,0.0018476984197335405,0.4320791364516179,0.005803568776125838,0.0014644232621239702,0.033203125,0,0.018776506000278914
901010,linear,aligned,ample,reverse,0.0018476984197335405,0.4320791364516179,0.005803568776125838,0.0014644232621239702,0.033203125,0,0.018585890999986532
901010,linear,aligned,ample,generic_nonlinear,0.0018476984197335405,0.4320791364516179,0.005803568776125838,0.0014644232621239702,0.033203125,0,0.017528477999974257
901010,linear,aligned,ample,generic_equivalent,0.0018476984197335405,0.4320791364516179,0.005803568776125838,0.0014644232621239702,0.033203125,0,0.016437990999804697
901010,linear,aligned,ample,signed_intensity,0.0018476984197335405,0.4320791364516179,0.005803568776125838,0.0014644232621239702,0.033203125,0,0.029116843000338122
901010,linear,aligned,ample,gradient,0.004061649172742778,0.42931541760161485,0.015867169187319192,0.008893655833337588,0.03125,0,0.01632191600015176
901010,linear,aligned,ample,zero_negative,0.2590129273769967,0.0,0.26726816408873166,0.3093670446293705,1.0,0,0.014945032999548857
901010,linear,aligned,scarce,full,0.00696451439079169,0.38316451879386204,0.009294572895103952,0.00920187798801633,0.03125,0,0.02443868700004259
901010,linear,aligned,scarce,no_K,0.00696451439079169,0.38316451879386204,0.009294572895103952,0.00920187798801633,0.03125,0,0.01885948400035886
901010,linear,aligned,scarce,no_W,0.00696451439079169,0.38316451879386204,0.009294572895103952,0.00920187798801633,0.03125,0,0.018599256999891622
901010,linear,aligned,scarce,no_WK,0.00696451439079169,0.38316451879386204,0.009294572895103952,0.00920187798801633,0.03125,0,0.018320166000080462
901010,linear,aligned,scarce,retuned_zero,0.00696451439079169,0.38316451879386204,0.009294572895103952,0.00920187798801633,0.03125,0,0.018712796999807324
901010,linear,aligned,scarce,rewired,0.00696451439079169,0.38316451879386204,0.009294572895103952,0.00920187798801633,0.03125,0,0.01866329899974062
901010,linear,aligned,scarce,reverse,0.00696451439079169,0.38316451879386204,0.009294572895103952,0.00920187798801633,0.03125,0,0.018416084000023147
901010,linear,aligned,scarce,generic_nonlinear,0.00696451439079169,0.38316451879386204,0.009294572895103952,0.00920187798801633,0.03125,0,0.01660150199978716
901010,linear,aligned,scarce,generic_equivalent,0.00696451439079169,0.38316451879386204,0.009294572895103952,0.00920187798801633,0.03125,0,0.0166936470001815
901010,linear,aligned,scarce,signed_intensity,0.00696451439079169,0.38316451879386204,0.009294572895103952,0.00920187798801633,0.03125,0,0.028959269000097265
901010,linear,aligned,scarce,gradient,0.009159263044886384,0.38232061067352124,0.018283952145645547,0.016333132949399604,0.03125,0,0.015409692999867275
901010,linear,aligned,scarce,zero_negative,0.2590129273769967,0.0,0.26726816408873166,0.3093670446293705,1.0,0,0.017435772999533583
901010,linear,rewired,ample,full,0.0021423514951067184,0.43296394281258577,0.006683253017023383,0.003782266158157282,0.03125,0,0.024935973999845373
901010,linear,rewired,ample,no_K,0.0021423514951067184,0.43296394281258577,0.006683253017023383,0.003782266158157282,0.03125,0,0.01895146500021383
901010,linear,rewired,ample,no_W,0.0021423514951067184,0.43296394281258577,0.006683253017023383,0.003782266158157282,0.03125,0,0.01844260299992584
901010,linear,rewired,ample,no_WK,0.0021423514951067184,0.43296394281258577,0.006683253017023383,0.003782266158157282,0.03125,0,0.018386593000457196
901010,linear,rewired,ample,retuned_zero,0.0021423514951067184,0.43296394281258577,0.006683253017023383,0.003782266158157282,0.03125,0,0.0179380990002187
901010,linear,rewired,ample,rewired,0.0021423514951067184,0.43296394281258577,0.006683253017023383,0.003782266158157282,0.03125,0,0.01786525499966274
901010,linear,rewired,ample,reverse,0.0021423514951067184,0.43296394281258577,0.006683253017023383,0.003782266158157282,0.03125,0,0.018503293000208032
901010,linear,rewired,ample,generic_nonlinear,0.0021423514951067184,0.43296394281258577,0.006683253017023383,0.003782266158157282,0.03125,0,0.01667885399962188
901010,linear,rewired,ample,generic_equivalent,0.0021423514951067184,0.43296394281258577,0.006683253017023383,0.003782266158157282,0.03125,0,0.016462353000235908
901010,linear,rewired,ample,signed_intensity,0.0021423514951067184,0.43296394281258577,0.006683253017023383,0.003782266158157282,0.03125,0,0.029106359999730103
901010,linear,rewired,ample,gradient,0.005138290106951109,0.42859894600958853,0.020182677384928332,0.014438755436609363,0.03125,0,0.015539001000206554
901010,linear,rewired,ample,zero_negative,0.2590129273769967,0.0,0.26726816408873166,0.3093670446293705,1.0,0,0.014977419000217651
901010,linear,rewired,scarce,full,0.007499834287256597,0.38241678507377164,0.010086814818228746,0.012153051737283312,0.03125,0,0.024485710999897492
901010,linear,rewired,scarce,no_K,0.007499834287256597,0.38241678507377164,0.010086814818228746,0.012153051737283312,0.03125,0,0.018032386999379924
901010,linear,rewired,scarce,no_W,0.007499834287256597,0.38241678507377164,0.010086814818228746,0.012153051737283312,0.03125,0,0.01793364499985728
901010,linear,rewired,scarce,no_WK,0.007499834287256597,0.38241678507377164,0.010086814818228746,0.012153051737283312,0.03125,0,0.01840737900010936
901010,linear,rewired,scarce,retuned_zero,0.007499834287256597,0.38241678507377164,0.010086814818228746,0.012153051737283312,0.03125,0,0.018101565999927516
901010,linear,rewired,scarce,rewired,0.007499834287256597,0.38241678507377164,0.010086814818228746,0.012153051737283312,0.03125,0,0.018510764000325253
901010,linear,rewired,scarce,reverse,0.007499834287256597,0.38241678507377164,0.010086814818228746,0.012153051737283312,0.03125,0,0.018481394999867007
901010,linear,rewired,scarce,generic_nonlinear,0.007499834287256597,0.38241678507377164,0.010086814818228746,0.012153051737283312,0.03125,0,0.016748566000217124
901010,linear,rewired,scarce,generic_equivalent,0.007499834287256597,0.38241678507377164,0.010086814818228746,0.012153051737283312,0.03125,0,0.016418286000487115
901010,linear,rewired,scarce,signed_intensity,0.007499834287256597,0.38241678507377164,0.010086814818228746,0.012153051737283312,0.03125,0,0.028681863000144858
901010,linear,rewired,scarce,gradient,0.01049840769966117,0.3828326465185752,0.021440603903439548,0.022599132086775865,0.03125,0,0.015469170999381276
901010,linear,rewired,scarce,zero_negative,0.2590129273769967,0.0,0.26726816408873166,0.3093670446293705,1.0,0,0.014753428000517488
901010,linear,absent,ample,full,0.0018352678135907271,0.46150318754825376,0.0038577120266068965,0.00013435062605481925,0.03125,0,0.0232530469997414
901010,linear,absent,ample,no_K,0.0018352678135907271,0.46150318754825376,0.0038577120266068965,0.00013435062605481925,0.03125,0,0.018065821000448068
901010,linear,absent,ample,no_W,0.0018352678135907271,0.46150318754825376,0.0038577120266068965,0.00013435062605481925,0.03125,0,0.018223746000046503
901010,linear,absent,ample,no_WK,0.0018352678135907271,0.46150318754825376,0.0038577120266068965,0.00013435062605481925,0.03125,0,0.01833287699975017
901010,linear,absent,ample,retuned_zero,0.0018352678135907271,0.46150318754825376,0.0038577120266068965,0.00013435062605481925,0.03125,0,0.018173978000277202
901010,linear,absent,ample,rewired,0.0018352678135907271,0.46150318754825376,0.0038577120266068965,0.00013435062605481925,0.03125,0,0.018427214999917396
901010,linear,absent,ample,reverse,0.0018352678135907271,0.46150318754825376,0.0038577120266068965,0.00013435062605481925,0.03125,0,0.018408119999890005
901010,linear,absent,ample,generic_nonlinear,0.0018352678135907271,0.46150318754825376,0.0038577120266068965,0.00013435062605481925,0.03125,0,0.01709404900014988
901010,linear,absent,ample,generic_equivalent,0.0018352678135907271,0.46150318754825376,0.0038577120266068965,0.00013435062605481925,0.03125,0,0.015978224999741997
901010,linear,absent,ample,signed_intensity,0.0018352678135907271,0.46150318754825376,0.0038577120266068965,0.00013435062605481925,0.03125,0,0.028386557000317225
901010,linear,absent,ample,gradient,0.0020128700939756813,0.460415250844367,0.004779451206160571,0.0011643934242201652,0.03125,0,0.015874368000083905
901010,linear,absent,ample,zero_negative,0.2590129273769967,0.0,0.26726816408873166,0.3093670446293705,1.0,0,0.014719716999877619
901010,linear,absent,scarce,full,0.012214320192788744,0.388797180452083,0.012484646116069267,0.017362115213781473,0.03125,0,0.01852161500011107
901010,linear,absent,scarce,no_K,0.012214320192788744,0.388797180452083,0.012484646116069267,0.017362115213781473,0.03125,0,0.018744710000419218
901010,linear,absent,scarce,no_W,0.012214320192788744,0.388797180452083,0.012484646116069267,0.017362115213781473,0.03125,0,0.018387428999801614
901010,linear,absent,scarce,no_WK,0.012214320192788744,0.388797180452083,0.012484646116069267,0.017362115213781473,0.03125,0,0.018478575000244746
901010,linear,absent,scarce,retuned_zero,0.012214320192788744,0.388797180452083,0.012484646116069267,0.017362115213781473,0.03125,0,0.018272632999980942
901010,linear,absent,scarce,rewired,0.012214320192788744,0.388797180452083,0.012484646116069267,0.017362115213781473,0.03125,0,0.018251871000131814
901010,linear,absent,scarce,reverse,0.012214320192788744,0.388797180452083,0.012484646116069267,0.017362115213781473,0.03125,0,0.018688103999977557
901010,linear,absent,scarce,generic_nonlinear,0.012214320192788744,0.388797180452083,0.012484646116069267,0.017362115213781473,0.03125,0,0.016709568000067065
901010,linear,absent,scarce,generic_equivalent,0.012214320192788744,0.388797180452083,0.012484646116069267,0.017362115213781473,0.03125,0,0.016884707999736293
901010,linear,absent,scarce,signed_intensity,0.012214320192788744,0.388797180452083,0.012484646116069267,0.017362115213781473,0.03125,0,0.029060655000193947
901010,linear,absent,scarce,gradient,0.01284417539945425,0.3885989176671477,0.013655450548943212,0.020305530131723017,0.03125,0,0.015434781000294606
901010,linear,absent,scarce,zero_negative,0.2590129273769967,0.0,0.26726816408873166,0.3093670446293705,1.0,0,0.015228339999907803
901010,congestion,aligned,ample,full,0.002771875360647969,0.45672165153049515,0.008430255773985224,0.0026411823572460094,0.033203125,0,0.018848027999865735
901010,congestion,aligned,ample,no_K,0.002771875360647969,0.45672165153049515,0.008430255773985224,0.0026411823572460094,0.033203125,0,0.01857032799961189
901010,congestion,aligned,ample,no_W,0.002771875360647969,0.45672165153049515,0.008430255773985224,0.0026411823572460094,0.033203125,0,0.018507158999966578
901010,congestion,aligned,ample,no_WK,0.002771875360647969,0.45672165153049515,0.008430255773985224,0.0026411823572460094,0.033203125,0,0.018609567999590126
901010,congestion,aligned,ample,retuned_zero,0.002771875360647969,0.45672165153049515,0.008430255773985224,0.0026411823572460094,0.033203125,0,0.018183839999835527
901010,congestion,aligned,ample,rewired,0.002771875360647969,0.45672165153049515,0.008430255773985224,0.0026411823572460094,0.033203125,0,0.01831200799955468
901010,congestion,aligned,ample,reverse,0.002771875360647969,0.45672165153049515,0.008430255773985224,0.0026411823572460094,0.033203125,0,0.018492041000115478
901010,congestion,aligned,ample,generic_nonlinear,0.002771875360647969,0.45672165153049515,0.008430255773985224,0.0026411823572460094,0.033203125,0,0.01671909300034713
901010,congestion,aligned,ample,generic_equivalent,0.002771875360647969,0.45672165153049515,0.008430255773985224,0.0026411823572460094,0.033203125,0,0.016444779999858383
901010,congestion,aligned,ample,signed_intensity,0.002771875360647969,0.45672165153049515,0.008430255773985224,0.0026411823572460094,0.033203125,0,0.02939134899986584
901010,congestion,aligned,ample,gradient,0.0046300400568099484,0.4552615889047443,0.017332379125214254,0.007348855167205381,0.03125,0,0.01556874300013078
901010,congestion,aligned,ample,zero_negative,0.2590129273769967,0.0,0.26726816408873166,0.3093670446293705,1.0,0,0.020165164999809804
901010,congestion,aligned,scarce,full,0.011668554882709969,0.386204938539203,0.01490072186341465,0.01988299361997929,0.03125,0,0.018999168000220834
901010,congestion,aligned,scarce,no_K,0.011668554882709969,0.386204938539203,0.01490072186341465,0.01988299361997929,0.03125,0,0.018313520000390326
901010,congestion,aligned,scarce,no_W,0.011668554882709969,0.386204938539203,0.01490072186341465,0.01988299361997929,0.03125,0,0.01809371800044346
901010,congestion,aligned,scarce,no_WK,0.011668554882709969,0.386204938539203,0.01490072186341465,0.01988299361997929,0.03125,0,0.018497981000280106
901010,congestion,aligned,scarce,retuned_zero,0.011668554882709969,0.386204938539203,0.01490072186341465,0.01988299361997929,0.03125,0,0.018057210000336
901010,congestion,aligned,scarce,rewired,0.011668554882709969,0.386204938539203,0.01490072186341465,0.01988299361997929,0.03125,0,0.018683856000166088
901010,congestion,aligned,scarce,reverse,0.011668554882709969,0.386204938539203,0.01490072186341465,0.01988299361997929,0.03125,0,0.018483756999899015
901010,congestion,aligned,scarce,generic_nonlinear,0.011668554882709969,0.386204938539203,0.01490072186341465,0.01988299361997929,0.03125,0,0.017024111000296216
901010,congestion,aligned,scarce,generic_equivalent,0.011668554882709969,0.386204938539203,0.01490072186341465,0.01988299361997929,0.03125,0,0.016407356999934564
901010,congestion,aligned,scarce,signed_intensity,0.011668554882709969,0.386204938539203,0.01490072186341465,0.01988299361997929,0.03125,0,0.028920416999824283
901010,congestion,aligned,scarce,gradient,0.013673520026700638,0.3855761080184026,0.022459854067813426,0.025183566434978183,0.03125,0,0.022044759000266367
901010,congestion,aligned,scarce,zero_negative,0.2590129273769967,0.0,0.26726816408873166,0.3093670446293705,1.0,0,0.014966817999777504
901010,congestion,rewired,ample,full,0.0028123017621240923,0.45801768674238696,0.008205283785725642,0.004210680326268448,0.03125,0,0.019207391999771062
901010,congestion,rewired,ample,no_K,0.0028123017621240923,0.45801768674238696,0.008205283785725642,0.004210680326268448,0.03125,0,0.0184580639998444
901010,congestion,rewired,ample,no_W,0.0028123017621240923,0.45801768674238696,0.008205283785725642,0.004210680326268448,0.03125,0,0.018523977000143077
901010,congestion,rewired,ample,no_WK,0.0028123017621240923,0.45801768674238696,0.008205283785725642,0.004210680326268448,0.03125,0,0.018656225999848175
901010,congestion,rewired,ample,retuned_zero,0.0028123017621240923,0.45801768674238696,0.008205283785725642,0.004210680326268448,0.03125,0,0.018496310000045924
901010,congestion,rewired,ample,rewired,0.0028123017621240923,0.45801768674238696,0.008205283785725642,0.004210680326268448,0.03125,0,0.018800064000231487
901010,congestion,rewired,ample,reverse,0.0028123017621240923,0.45801768674238696,0.008205283785725642,0.004210680326268448,0.03125,0,0.01876226699982908
901010,congestion,rewired,ample,generic_nonlinear,0.0028123017621240923,0.45801768674238696,0.008205283785725642,0.004210680326268448,0.03125,0,0.017543402999478985
901010,congestion,rewired,ample,generic_equivalent,0.0028123017621240923,0.45801768674238696,0.008205283785725642,0.004210680326268448,0.03125,0,0.01645901200015487
901010,congestion,rewired,ample,signed_intensity,0.0028123017621240923,0.45801768674238696,0.008205283785725642,0.004210680326268448,0.03125,0,0.028910802999916996
901010,congestion,rewired,ample,gradient,0.007098166708795226,0.45215676812970984,0.027934015623453715,0.01909995533544979,0.03125,0,0.01637042900057395
901010,congestion,rewired,ample,zero_negative,0.2590129273769967,0.0,0.26726816408873166,0.3093670446293705,1.0,0,0.015030083000112882
901010,congestion,rewired,scarce,full,0.01201139123645838,0.3857575322045008,0.015143236925377784,0.022790939314091305,0.03125,0,0.018911342000308196
901010,congestion,rewired,scarce,no_K,0.01201139123645838,0.3857575322045008,0.015143236925377784,0.022790939314091305,0.03125,0,0.01858973099956529
901010,congestion,rewired,scarce,no_W,0.01201139123645838,0.3857575322045008,0.015143236925377784,0.022790939314091305,0.03125,0,0.01859158700028729
901010,congestion,rewired,scarce,no_WK,0.01201139123645838,0.3857575322045008,0.015143236925377784,0.022790939314091305,0.03125,0,0.018882304000044314
901010,congestion,rewired,scarce,retuned_zero,0.01201139123645838,0.3857575322045008,0.015143236925377784,0.022790939314091305,0.03125,0,0.018618652999691676
901010,congestion,rewired,scarce,rewired,0.01201139123645838,0.3857575322045008,0.015143236925377784,0.022790939314091305,0.03125,0,0.018800216000101955
901010,congestion,rewired,scarce,reverse,0.01201139123645838,0.3857575322045008,0.015143236925377784,0.022790939314091305,0.03125,0,0.018546932999697674
901010,congestion,rewired,scarce,generic_nonlinear,0.01201139123645838,0.3857575322045008,0.015143236925377784,0.022790939314091305,0.03125,0,0.01699720100060631
901010,congestion,rewired,scarce,generic_equivalent,0.01201139123645838,0.3857575322045008,0.015143236925377784,0.022790939314091305,0.03125,0,0.016871446000322976
901010,congestion,rewired,scarce,signed_intensity,0.01201139123645838,0.3857575322045008,0.015143236925377784,0.022790939314091305,0.03125,0,0.0351603680000494
901010,congestion,rewired,scarce,gradient,0.015771928960451608,0.38652317580487483,0.029286322939672194,0.03555432406950221,0.03125,0,0.015714111999614033
901010,congestion,rewired,scarce,zero_negative,0.2590129273769967,0.0,0.26726816408873166,0.3093670446293705,1.0,0,0.01483567699978039
901010,congestion,absent,ample,full,0.0018352678135907271,0.46150318754825376,0.0038577120266068965,0.00013435062605481925,0.03125,0,0.018533481000019947
901010,congestion,absent,ample,no_K,0.0018352678135907271,0.46150318754825376,0.0038577120266068965,0.00013435062605481925,0.03125,0,0.018660180000210858
901010,congestion,absent,ample,no_W,0.0018352678135907271,0.46150318754825376,0.0038577120266068965,0.00013435062605481925,0.03125,0,0.018330311999989135
901010,congestion,absent,ample,no_WK,0.0018352678135907271,0.46150318754825376,0.0038577120266068965,0.00013435062605481925,0.03125,0,0.018248249999601285
901010,congestion,absent,ample,retuned_zero,0.0018352678135907271,0.46150318754825376,0.0038577120266068965,0.00013435062605481925,0.03125,0,0.017780388000005587
901010,congestion,absent,ample,rewired,0.0018352678135907271,0.46150318754825376,0.0038577120266068965,0.00013435062605481925,0.03125,0,0.018018047000111892
901010,congestion,absent,ample,reverse,0.0018352678135907271,0.46150318754825376,0.0038577120266068965,0.00013435062605481925,0.03125,0,0.018553217999965455
901010,congestion,absent,ample,generic_nonlinear,0.0018352678135907271,0.46150318754825376,0.0038577120266068965,0.00013435062605481925,0.03125,0,0.016699535999748605
901010,congestion,absent,ample,generic_equivalent,0.0018352678135907271,0.46150318754825376,0.0038577120266068965,0.00013435062605481925,0.03125,0,0.016253015000131654
901010,congestion,absent,ample,signed_intensity,0.0018352678135907271,0.46150318754825376,0.0038577120266068965,0.00013435062605481925,0.03125,0,0.03676570400023138
901010,congestion,absent,ample,gradient,0.0020128700939756813,0.460415250844367,0.004779451206160571,0.0011643934242201652,0.03125,0,0.015382345000432451
901010,congestion,absent,ample,zero_negative,0.2590129273769967,0.0,0.26726816408873166,0.3093670446293705,1.0,0,0.015158113000154572
901010,congestion,absent,scarce,full,0.012214320192788744,0.388797180452083,0.012484646116069267,0.017362115213781473,0.03125,0,0.01858697500034623
901010,congestion,absent,scarce,no_K,0.012214320192788744,0.388797180452083,0.012484646116069267,0.017362115213781473,0.03125,0,0.01792012199985038
901010,congestion,absent,scarce,no_W,0.012214320192788744,0.388797180452083,0.012484646116069267,0.017362115213781473,0.03125,0,0.01800704599997971
901010,congestion,absent,scarce,no_WK,0.012214320192788744,0.388797180452083,0.012484646116069267,0.017362115213781473,0.03125,0,0.018370612000239817
901010,congestion,absent,scarce,retuned_zero,0.012214320192788744,0.388797180452083,0.012484646116069267,0.017362115213781473,0.03125,0,0.01785462300074414
901010,congestion,absent,scarce,rewired,0.012214320192788744,0.388797180452083,0.012484646116069267,0.017362115213781473,0.03125,0,0.01854032099993219
901010,congestion,absent,scarce,reverse,0.012214320192788744,0.388797180452083,0.012484646116069267,0.017362115213781473,0.03125,0,0.018094576999544643
901010,congestion,absent,scarce,generic_nonlinear,0.012214320192788744,0.388797180452083,0.012484646116069267,0.017362115213781473,0.03125,0,0.016567885999961618
901010,congestion,absent,scarce,generic_equivalent,0.012214320192788744,0.388797180452083,0.012484646116069267,0.017362115213781473,0.03125,0,0.016175200999953177
901010,congestion,absent,scarce,signed_intensity,0.012214320192788744,0.388797180452083,0.012484646116069267,0.017362115213781473,0.03125,0,0.03432558100013239
901010,congestion,absent,scarce,gradient,0.01284417539945425,0.3885989176671477,0.013655450548943212,0.020305530131723017,0.03125,0,0.015711644000134584
901010,congestion,absent,scarce,zero_negative,0.2590129273769967,0.0,0.26726816408873166,0.3093670446293705,1.0,0,0.014329507000297781
901011,linear,aligned,ample,full,0.002395095577991891,0.4179715739033082,0.005538627895423477,0.0005280280546408381,0.03125,0,0.01882508599993571
901011,linear,aligned,ample,no_K,0.002395095577991891,0.4179715739033082,0.005538627895423477,0.0005280280546408381,0.03125,0,0.01798225799973352
901011,linear,aligned,ample,no_W,0.002395095577991891,0.4179715739033082,0.005538627895423477,0.0005280280546408381,0.03125,0,0.018277389999923344
901011,linear,aligned,ample,no_WK,0.002395095577991891,0.4179715739033082,0.005538627895423477,0.0005280280546408381,0.03125,0,0.018354538000437515
901011,linear,aligned,ample,retuned_zero,0.002395095577991891,0.4179715739033082,0.005538627895423477,0.0005280280546408381,0.03125,0,0.018446136000079605
901011,linear,aligned,ample,rewired,0.002395095577991891,0.4179715739033082,0.005538627895423477,0.0005280280546408381,0.03125,0,0.0186745710001901
901011,linear,aligned,ample,reverse,0.002395095577991891,0.4179715739033082,0.005538627895423477,0.0005280280546408381,0.03125,0,0.018607142999883308
901011,linear,aligned,ample,generic_nonlinear,0.002395095577991891,0.4179715739033082,0.005538627895423477,0.0005280280546408381,0.03125,0,0.01733166099995742
901011,linear,aligned,ample,generic_equivalent,0.002395095577991891,0.4179715739033082,0.005538627895423477,0.0005280280546408381,0.03125,0,0.016401782999878378
901011,linear,aligned,ample,signed_intensity,0.002395095577991891,0.4179715739033082,0.005538627895423477,0.0005280280546408381,0.03125,0,0.03388169999988122
901011,linear,aligned,ample,gradient,0.0030104994832783885,0.4171978631813388,0.008414667808894587,0.001121448832704759,0.03125,0,0.015574411999750737
901011,linear,aligned,ample,zero_negative,0.20133102693994637,0.0,0.20599158311230617,0.21970084558264408,1.0,0,0.01460418499982552
901011,linear,aligned,scarce,full,0.004254389892029668,0.3872316726103067,0.007986475179446622,0.004616397692542223,0.03125,0,0.018831984000144075
901011,linear,aligned,scarce,no_K,0.004254389892029668,0.3872316726103067,0.007986475179446622,0.004616397692542223,0.03125,0,0.01893016999969177
901011,linear,aligned,scarce,no_W,0.004254389892029668,0.3872316726103067,0.007986475179446622,0.004616397692542223,0.03125,0,0.01849177099956023
901011,linear,aligned,scarce,no_WK,0.004254389892029668,0.3872316726103067,0.007986475179446622,0.004616397692542223,0.03125,0,0.018242186999827936
901011,linear,aligned,scarce,retuned_zero,0.004254389892029668,0.3872316726103067,0.007986475179446622,0.004616397692542223,0.03125,0,0.018414365999888105
901011,linear,aligned,scarce,rewired,0.004254389892029668,0.3872316726103067,0.007986475179446622,0.004616397692542223,0.03125,0,0.01845947199984721
901011,linear,aligned,scarce,reverse,0.004254389892029668,0.3872316726103067,0.007986475179446622,0.004616397692542223,0.03125,0,0.018638773000247966
901011,linear,aligned,scarce,generic_nonlinear,0.004254389892029668,0.3872316726103067,0.007986475179446622,0.004616397692542223,0.03125,0,0.016722629999605942
901011,linear,aligned,scarce,generic_equivalent,0.004254389892029668,0.3872316726103067,0.007986475179446622,0.004616397692542223,0.03125,0,0.01682878800022536
901011,linear,aligned,scarce,signed_intensity,0.004254389892029668,0.3872316726103067,0.007986475179446622,0.004616397692542223,0.03125,0,0.02941495599964128
901011,linear,aligned,scarce,gradient,0.0047790169241944905,0.3874905067988861,0.010321141139026456,0.004763923305767562,0.03125,0,0.015462692000141942
901011,linear,aligned,scarce,zero_negative,0.20133102693994637,0.0,0.20599158311230617,0.21970084558264408,1.0,0,0.014691383999945629
901011,linear,rewired,ample,full,0.0023737035712061544,0.4186945043378556,0.004794191177968724,0.0004319270275547785,0.03125,0,0.01908519100027206
901011,linear,rewired,ample,no_K,0.0023737035712061544,0.4186945043378556,0.004794191177968724,0.0004319270275547785,0.03125,0,0.018583505999799854
901011,linear,rewired,ample,no_W,0.0023737035712061544,0.4186945043378556,0.004794191177968724,0.0004319270275547785,0.03125,0,0.018511940999985654
901011,linear,rewired,ample,no_WK,0.0023737035712061544,0.4186945043378556,0.004794191177968724,0.0004319270275547785,0.03125,0,0.018457139999839
901011,linear,rewired,ample,retuned_zero,0.0023737035712061544,0.4186945043378556,0.004794191177968724,0.0004319270275547785,0.03125,0,0.018462867000209826
901011,linear,rewired,ample,rewired,0.0023737035712061544,0.4186945043378556,0.004794191177968724,0.0004319270275547785,0.03125,0,0.01815302199980806
901011,linear,rewired,ample,reverse,0.0023737035712061544,0.4186945043378556,0.004794191177968724,0.0004319270275547785,0.03125,0,0.0183576099997822
901011,linear,rewired,ample,generic_nonlinear,0.0023737035712061544,0.4186945043378556,0.004794191177968724,0.0004319270275547785,0.03125,0,0.01680805899979987
901011,linear,rewired,ample,generic_equivalent,0.0023737035712061544,0.4186945043378556,0.004794191177968724,0.0004319270275547785,0.03125,0,0.016523590000190325
901011,linear,rewired,ample,signed_intensity,0.0023737035712061544,0.4186945043378556,0.004794191177968724,0.0004319270275547786,0.03125,0,0.02925289299986389
901011,linear,rewired,ample,gradient,0.0025564347339663337,0.4186666562816195,0.0056343538165489725,0.0004291266266176169,0.03125,0,0.015525750999870525
901011,linear,rewired,ample,zero_negative,0.20133102693994637,0.0,0.20599158311230617,0.21970084558264408,1.0,0,0.015080252999609911
901011,linear,rewired,scarce,full,0.0042967628004893675,0.38783680881113636,0.007126589507095192,0.00437234685163845,0.03125,0,0.018950871999720675
901011,linear,rewired,scarce,no_K,0.0042967628004893675,0.38783680881113636,0.007126589507095192,0.00437234685163845,0.03125,0,0.018190996999919662
901011,linear,rewired,scarce,no_W,0.0042967628004893675,0.38783680881113636,0.007126589507095192,0.00437234685163845,0.03125,0,0.01827769499993792
901011,linear,rewired,scarce,no_WK,0.0042967628004893675,0.38783680881113636,0.007126589507095192,0.00437234685163845,0.03125,0,0.01843987499995592
901011,linear,rewired,scarce,retuned_zero,0.0042967628004893675,0.38783680881113636,0.007126589507095192,0.00437234685163845,0.03125,0,0.017982166000194866
901011,linear,rewired,scarce,rewired,0.0042967628004893675,0.38783680881113636,0.007126589507095192,0.00437234685163845,0.03125,0,0.01851092300006485
901011,linear,rewired,scarce,reverse,0.0042967628004893675,0.38783680881113636,0.007126589507095192,0.00437234685163845,0.03125,0,0.018359446999966167
901011,linear,rewired,scarce,generic_nonlinear,0.0042967628004893675,0.38783680881113636,0.007126589507095192,0.00437234685163845,0.03125,0,0.01690664699953004
901011,linear,rewired,scarce,generic_equivalent,0.0042967628004893675,0.38783680881113636,0.007126589507095192,0.00437234685163845,0.03125,0,0.016640840000036405
901011,linear,rewired,scarce,signed_intensity,0.0042967628004893675,0.38783680881113636,0.007126589507095192,0.00437234685163845,0.03125,0,0.029080934000035086
901011,linear,rewired,scarce,gradient,0.004584841900213069,0.3876500896070101,0.007891852330096446,0.004411820996239514,0.03125,0,0.016052850999756174
901011,linear,rewired,scarce,zero_negative,0.20133102693994637,0.0,0.20599158311230617,0.21970084558264408,1.0,0,0.014625563999800306
901011,linear,absent,ample,full,0.0035183870691104973,0.4460529676370983,0.0055022965867870975,9.927013807863375e-05,0.03125,0,0.018595271000208413
901011,linear,absent,ample,no_K,0.0035183870691104973,0.4460529676370983,0.0055022965867870975,9.927013807863375e-05,0.03125,0,0.018299962999776653
901011,linear,absent,ample,no_W,0.0035183870691104973,0.4460529676370983,0.0055022965867870975,9.927013807863375e-05,0.03125,0,0.018657897000025514
901011,linear,absent,ample,no_WK,0.0035183870691104973,0.4460529676370983,0.0055022965867870975,9.927013807863375e-05,0.03125,0,0.018531150000228536
901011,linear,absent,ample,retuned_zero,0.0035183870691104973,0.4460529676370983,0.0055022965867870975,9.927013807863375e-05,0.03125,0,0.018384767000100055
901011,linear,absent,ample,rewired,0.0035183870691104973,0.4460529676370983,0.0055022965867870975,9.927013807863375e-05,0.03125,0,0.018223947000478802
901011,linear,absent,ample,reverse,0.0035183870691104973,0.4460529676370983,0.0055022965867870975,9.927013807863375e-05,0.03125,0,0.018677826000555342
901011,linear,absent,ample,generic_nonlinear,0.0035183870691104973,0.4460529676370983,0.0055022965867870975,9.927013807863375e-05,0.03125,0,0.01716515300000765
901011,linear,absent,ample,generic_equivalent,0.0035183870691104973,0.4460529676370983,0.0055022965867870975,9.927013807863375e-05,0.03125,0,0.0163998130001346
901011,linear,absent,ample,signed_intensity,0.0035183870691104973,0.4460529676370983,0.0055022965867870975,9.927013807863375e-05,0.03125,0,0.029090451000058692
901011,linear,absent,ample,gradient,0.0037061963725376935,0.44598141961085963,0.006466023270641307,0.0003277538971770598,0.03125,0,0.015569389000347655
901011,linear,absent,ample,zero_negative,0.20133102693994637,0.0,0.20599158311230617,0.21970084558264408,1.0,0,0.014451581000173519
901011,linear,absent,scarce,full,0.008344201151641124,0.39476082965147485,0.011013327140564104,0.009041540079083192,0.03125,0,0.0188343849997068
901011,linear,absent,scarce,no_K,0.008344201151641124,0.39476082965147485,0.011013327140564104,0.009041540079083192,0.03125,0,0.019840452000039477
901011,linear,absent,scarce,no_W,0.008344201151641124,0.39476082965147485,0.011013327140564104,0.009041540079083192,0.03125,0,0.018841590000647557
901011,linear,absent,scarce,no_WK,0.008344201151641124,0.39476082965147485,0.011013327140564104,0.009041540079083192,0.03125,0,0.018283736999933353
901011,linear,absent,scarce,retuned_zero,0.008344201151641124,0.39476082965147485,0.011013327140564104,0.009041540079083192,0.03125,0,0.018836840999824744
901011,linear,absent,scarce,rewired,0.008344201151641124,0.39476082965147485,0.011013327140564104,0.009041540079083192,0.03125,0,0.01829328500042493
901011,linear,absent,scarce,reverse,0.008344201151641124,0.39476082965147485,0.011013327140564104,0.009041540079083192,0.03125,0,0.01840899000006857
901011,linear,absent,scarce,generic_nonlinear,0.008344201151641124,0.39476082965147485,0.011013327140564104,0.009041540079083192,0.03125,0,0.016748176000703552
901011,linear,absent,scarce,generic_equivalent,0.008344201151641124,0.39476082965147485,0.011013327140564104,0.009041540079083192,0.03125,0,0.016236555999853408
901011,linear,absent,scarce,signed_intensity,0.008344201151641124,0.39476082965147485,0.011013327140564104,0.009041540079083192,0.03125,0,0.029005272000176774
901011,linear,absent,scarce,gradient,0.008418124084235626,0.3946627419594414,0.011555595412627904,0.008630087482053152,0.03125,0,0.01543603999999732
901011,linear,absent,scarce,zero_negative,0.20133102693994637,0.0,0.20599158311230617,0.21970084558264408,1.0,0,0.0144791780001583
901011,congestion,aligned,ample,full,0.00313720892555607,0.4307412864421263,0.007831817156963468,0.0007319397050364492,0.03125,0,0.01911641999964786
901011,congestion,aligned,ample,no_K,0.00313720892555607,0.4307412864421263,0.007831817156963468,0.0007319397050364492,0.03125,0,0.018987809999657657
901011,congestion,aligned,ample,no_W,0.00313720892555607,0.4307412864421263,0.007831817156963468,0.0007319397050364492,0.03125,0,0.018923249999943437
901011,congestion,aligned,ample,no_WK,0.00313720892555607,0.4307412864421263,0.007831817156963468,0.0007319397050364492,0.03125,0,0.018769592000069224
901011,congestion,aligned,ample,retuned_zero,0.00313720892555607,0.4307412864421263,0.007831817156963468,0.0007319397050364492,0.03125,0,0.018233277000092585
901011,congestion,aligned,ample,rewired,0.00313720892555607,0.4307412864421263,0.007831817156963468,0.0007319397050364492,0.03125,0,0.018238646000156677
901011,congestion,aligned,ample,reverse,0.00313720892555607,0.4307412864421263,0.007831817156963468,0.0007319397050364492,0.03125,0,0.018517481000230873
901011,congestion,aligned,ample,generic_nonlinear,0.00313720892555607,0.4307412864421263,0.007831817156963468,0.0007319397050364492,0.03125,0,0.017144692999920608
901011,congestion,aligned,ample,generic_equivalent,0.00313720892555607,0.4307412864421263,0.007831817156963468,0.0007319397050364492,0.03125,0,0.016669454000123096
901011,congestion,aligned,ample,signed_intensity,0.00313720892555607,0.4307412864421263,0.007831817156963468,0.0007319397050364492,0.03125,0,0.02928529399986246
901011,congestion,aligned,ample,gradient,0.0036092718489420775,0.4305493084100063,0.00983027278958294,0.0004006459660613177,0.03125,0,0.015508999999951811
901011,congestion,aligned,ample,zero_negative,0.20133102693994637,0.0,0.20599158311230617,0.21970084558264408,1.0,0,0.015150198000014825
901011,congestion,aligned,scarce,full,0.005333403201299956,0.39368320745455687,0.010752985885332673,0.005405838197133499,0.03125,0,0.019031796000206214
901011,congestion,aligned,scarce,no_K,0.005333403201299956,0.39368320745455687,0.010752985885332673,0.005405838197133499,0.03125,0,0.018264784000450618
901011,congestion,aligned,scarce,no_W,0.005333403201299956,0.39368320745455687,0.010752985885332673,0.005405838197133499,0.03125,0,0.018628443000125117
901011,congestion,aligned,scarce,no_WK,0.005333403201299956,0.39368320745455687,0.010752985885332673,0.005405838197133499,0.03125,0,0.018566246999910163
901011,congestion,aligned,scarce,retuned_zero,0.005333403201299956,0.39368320745455687,0.010752985885332673,0.005405838197133499,0.03125,0,0.01829741099987814
901011,congestion,aligned,scarce,rewired,0.005333403201299956,0.39368320745455687,0.010752985885332673,0.005405838197133499,0.03125,0,0.018590918000199963
901011,congestion,aligned,scarce,reverse,0.005333403201299956,0.39368320745455687,0.010752985885332673,0.005405838197133499,0.03125,0,0.018514338999750635
901011,congestion,aligned,scarce,generic_nonlinear,0.005333403201299956,0.39368320745455687,0.010752985885332673,0.005405838197133499,0.03125,0,0.016953511000224353
901011,congestion,aligned,scarce,generic_equivalent,0.005333403201299956,0.39368320745455687,0.010752985885332673,0.005405838197133499,0.03125,0,0.0163863050001396
901011,congestion,aligned,scarce,signed_intensity,0.005333403201299956,0.39368320745455687,0.010752985885332673,0.005405838197133499,0.03125,0,0.029232111999931476
901011,congestion,aligned,scarce,gradient,0.005763580328956914,0.39391150599054175,0.012522212104259538,0.004862503087406222,0.03125,0,0.01618961199989144
901011,congestion,aligned,scarce,zero_negative,0.20133102693994637,0.0,0.20599158311230617,0.21970084558264408,1.0,0,0.014745852000089599
901011,congestion,rewired,ample,full,0.00314911517354798,0.4311031561220682,0.00689188764663794,0.001221019251349292,0.03125,0,0.018784371999799987
901011,congestion,rewired,ample,no_K,0.00314911517354798,0.4311031561220682,0.00689188764663794,0.001221019251349292,0.03125,0,0.018399305999651006
901011,congestion,rewired,ample,no_W,0.00314911517354798,0.4311031561220682,0.00689188764663794,0.001221019251349292,0.03125,0,0.018495549999670402
901011,congestion,rewired,ample,no_WK,0.00314911517354798,0.4311031561220682,0.00689188764663794,0.001221019251349292,0.03125,0,0.018697402000327656
901011,congestion,rewired,ample,retuned_zero,0.00314911517354798,0.4311031561220682,0.00689188764663794,0.001221019251349292,0.03125,0,0.018487511000159884
901011,congestion,rewired,ample,rewired,0.00314911517354798,0.4311031561220682,0.00689188764663794,0.001221019251349292,0.03125,0,0.018513113000039993
901011,congestion,rewired,ample,reverse,0.00314911517354798,0.4311031561220682,0.00689188764663794,0.001221019251349292,0.03125,0,0.025724144000207616
901011,congestion,rewired,ample,generic_nonlinear,0.00314911517354798,0.4311031561220682,0.00689188764663794,0.001221019251349292,0.03125,0,0.01699965100033296
901011,congestion,rewired,ample,generic_equivalent,0.00314911517354798,0.4311031561220682,0.00689188764663794,0.001221019251349292,0.03125,0,0.016430817999832925
901011,congestion,rewired,ample,signed_intensity,0.00314911517354798,0.4311031561220682,0.00689188764663794,0.001221019251349292,0.03125,0,0.029095708999648195
901011,congestion,rewired,ample,gradient,0.003214720239132888,0.43074107909587933,0.007173359527448921,0.0006628495636259897,0.03125,0,0.015625217000149405
901011,congestion,rewired,ample,zero_negative,0.20133102693994637,0.0,0.20599158311230617,0.21970084558264408,1.0,0,0.014781425999842668
901011,congestion,rewired,scarce,full,0.005260545074643342,0.39420172805925374,0.009069320401855171,0.005170911149654168,0.03125,0,0.018876033000367443
901011,congestion,rewired,scarce,no_K,0.005260545074643342,0.39420172805925374,0.009069320401855171,0.005170911149654168,0.03125,0,0.018808227000249644
901011,congestion,rewired,scarce,no_W,0.005260545074643342,0.39420172805925374,0.009069320401855171,0.005170911149654168,0.03125,0,0.018602882000095633
901011,congestion,rewired,scarce,no_WK,0.005260545074643342,0.39420172805925374,0.009069320401855171,0.005170911149654168,0.03125,0,0.01868923199992878
901011,congestion,rewired,scarce,retuned_zero,0.005260545074643342,0.39420172805925374,0.009069320401855171,0.005170911149654168,0.03125,0,0.018865952999817637
901011,congestion,rewired,scarce,rewired,0.005260545074643342,0.39420172805925374,0.009069320401855171,0.005170911149654168,0.03125,0,0.018732197000076667
901011,congestion,rewired,scarce,reverse,0.005260545074643342,0.39420172805925374,0.009069320401855171,0.005170911149654168,0.03125,0,0.02507041100028573
901011,congestion,rewired,scarce,generic_nonlinear,0.005260545074643342,0.39420172805925374,0.009069320401855171,0.005170911149654168,0.03125,0,0.0168684949998692
901011,congestion,rewired,scarce,generic_equivalent,0.005260545074643342,0.39420172805925374,0.009069320401855171,0.005170911149654168,0.03125,0,0.0164148239999804
901011,congestion,rewired,scarce,signed_intensity,0.005260545074643342,0.39420172805925374,0.009069320401855171,0.005170911149654168,0.03125,0,0.029682012999955987
901011,congestion,rewired,scarce,gradient,0.005586739781456138,0.39397894962151125,0.009866916577099073,0.00511037833991704,0.03125,0,0.015859184000021287
901011,congestion,rewired,scarce,zero_negative,0.20133102693994637,0.0,0.20599158311230617,0.21970084558264408,1.0,0,0.014965528999880462
901011,congestion,absent,ample,full,0.0035183870691104973,0.4460529676370983,0.0055022965867870975,9.927013807863375e-05,0.03125,0,0.0187516470001583
901011,congestion,absent,ample,no_K,0.0035183870691104973,0.4460529676370983,0.0055022965867870975,9.927013807863375e-05,0.03125,0,0.01860815299977503
901011,congestion,absent,ample,no_W,0.0035183870691104973,0.4460529676370983,0.0055022965867870975,9.927013807863375e-05,0.03125,0,0.018504780999876402
901011,congestion,absent,ample,no_WK,0.0035183870691104973,0.4460529676370983,0.0055022965867870975,9.927013807863375e-05,0.03125,0,0.018234048999943298
901011,congestion,absent,ample,retuned_zero,0.0035183870691104973,0.4460529676370983,0.0055022965867870975,9.927013807863375e-05,0.03125,0,0.017948401000182912
901011,congestion,absent,ample,rewired,0.0035183870691104973,0.4460529676370983,0.0055022965867870975,9.927013807863375e-05,0.03125,0,0.01788434200022948
901011,congestion,absent,ample,reverse,0.0035183870691104973,0.4460529676370983,0.0055022965867870975,9.927013807863375e-05,0.03125,0,0.01868168299978379
901011,congestion,absent,ample,generic_nonlinear,0.0035183870691104973,0.4460529676370983,0.0055022965867870975,9.927013807863375e-05,0.03125,0,0.016705613999874913
901011,congestion,absent,ample,generic_equivalent,0.0035183870691104973,0.4460529676370983,0.0055022965867870975,9.927013807863375e-05,0.03125,0,0.016415693000226383
901011,congestion,absent,ample,signed_intensity,0.0035183870691104973,0.4460529676370983,0.0055022965867870975,9.927013807863375e-05,0.03125,0,0.029229677999637715
901011,congestion,absent,ample,gradient,0.0037061963725376935,0.44598141961085963,0.006466023270641307,0.0003277538971770598,0.03125,0,0.015303432999985489
901011,congestion,absent,ample,zero_negative,0.20133102693994637,0.0,0.20599158311230617,0.21970084558264408,1.0,0,0.014888040999949226
901011,congestion,absent,scarce,full,0.008344201151641124,0.39476082965147485,0.011013327140564104,0.009041540079083192,0.03125,0,0.018922646999840254
901011,congestion,absent,scarce,no_K,0.008344201151641124,0.39476082965147485,0.011013327140564104,0.009041540079083192,0.03125,0,0.018275276999872858
901011,congestion,absent,scarce,no_W,0.008344201151641124,0.39476082965147485,0.011013327140564104,0.009041540079083192,0.03125,0,0.017956715000082113
901011,congestion,absent,scarce,no_WK,0.008344201151641124,0.39476082965147485,0.011013327140564104,0.009041540079083192,0.03125,0,0.01846363699974063
901011,congestion,absent,scarce,retuned_zero,0.008344201151641124,0.39476082965147485,0.011013327140564104,0.009041540079083192,0.03125,0,0.018096352999407372
901011,congestion,absent,scarce,rewired,0.008344201151641124,0.39476082965147485,0.011013327140564104,0.009041540079083192,0.03125,0,0.018511498000123083
901011,congestion,absent,scarce,reverse,0.008344201151641124,0.39476082965147485,0.011013327140564104,0.009041540079083192,0.03125,0,0.024290650999830632
901011,congestion,absent,scarce,generic_nonlinear,0.008344201151641124,0.39476082965147485,0.011013327140564104,0.009041540079083192,0.03125,0,0.01668302000030053
901011,congestion,absent,scarce,generic_equivalent,0.008344201151641124,0.39476082965147485,0.011013327140564104,0.009041540079083192,0.03125,0,0.01633610099975158
901011,congestion,absent,scarce,signed_intensity,0.008344201151641124,0.39476082965147485,0.011013327140564104,0.009041540079083192,0.03125,0,0.02923953999970763
901011,congestion,absent,scarce,gradient,0.008418124084235626,0.3946627419594414,0.011555595412627904,0.008630087482053152,0.03125,0,0.016073778999782462
901011,congestion,absent,scarce,zero_negative,0.20133102693994637,0.0,0.20599158311230617,0.21970084558264408,1.0,0,0.014561355000068943
901012,linear,aligned,ample,full,0.001947530896999701,0.34813409785256,0.004729584211452508,0.0005415333250286302,0.03125,0,0.018838705999655758
901012,linear,aligned,ample,no_K,0.001947530896999701,0.34813409785256,0.004729584211452508,0.0005415333250286302,0.03125,0,0.01851815100036447
901012,linear,aligned,ample,no_W,0.001947530896999701,0.34813409785256,0.004729584211452508,0.0005415333250286302,0.03125,0,0.018724363000615085
901012,linear,aligned,ample,no_WK,0.001947530896999701,0.34813409785256,0.004729584211452508,0.0005415333250286302,0.03125,0,0.01847641000006206
901012,linear,aligned,ample,retuned_zero,0.001947530896999701,0.34813409785256,0.004729584211452508,0.0005415333250286302,0.03125,0,0.01844801400028473
901012,linear,aligned,ample,rewired,0.001947530896999701,0.34813409785256,0.004729584211452508,0.0005415333250286302,0.03125,0,0.024628863999907935
901012,linear,aligned,ample,reverse,0.001947530896999701,0.34813409785256,0.004729584211452508,0.0005415333250286302,0.03125,0,0.018615456000475206
901012,linear,aligned,ample,generic_nonlinear,0.001947530896999701,0.34813409785256,0.004729584211452508,0.0005415333250286302,0.03125,0,0.016991455999800564
901012,linear,aligned,ample,generic_equivalent,0.001947530896999701,0.34813409785256,0.004729584211452508,0.0005415333250286302,0.03125,0,0.01629687399957902
901012,linear,aligned,ample,signed_intensity,0.001947530896999701,0.34813409785256,0.004729584211452508,0.0005415333250286302,0.03125,0,0.02927548999963392
901012,linear,aligned,ample,gradient,0.003134196759264655,0.3475192220126495,0.0103258994423413,0.0010399722631062591,0.03125,0,0.015563955000288843
901012,linear,aligned,ample,zero_negative,0.16615900719138244,0.0,0.1982730282385865,0.13383270371847944,1.0,0,0.01479522499982977
901012,linear,aligned,scarce,full,0.0021851473011786702,0.34350685041922047,0.005183574160904092,0.000541651756206124,0.03125,0,0.01894430400022884
901012,linear,aligned,scarce,no_K,0.0021851473011786702,0.34350685041922047,0.005183574160904092,0.000541651756206124,0.03125,0,0.01867524600015713
901012,linear,aligned,scarce,no_W,0.0021851473011786702,0.34350685041922047,0.005183574160904092,0.000541651756206124,0.03125,0,0.018430060000525827
901012,linear,aligned,scarce,no_WK,0.0021851473011786702,0.34350685041922047,0.005183574160904092,0.000541651756206124,0.03125,0,0.018806861999905777
901012,linear,aligned,scarce,retuned_zero,0.0021851473011786702,0.34350685041922047,0.005183574160904092,0.000541651756206124,0.03125,0,0.018610752999791202
901012,linear,aligned,scarce,rewired,0.0021851473011786702,0.34350685041922047,0.005183574160904092,0.000541651756206124,0.03125,0,0.024471391999895786
901012,linear,aligned,scarce,reverse,0.0021851473011786702,0.34350685041922047,0.005183574160904092,0.000541651756206124,0.03125,0,0.01872309700002006
901012,linear,aligned,scarce,generic_nonlinear,0.0021851473011786702,0.34350685041922047,0.005183574160904092,0.000541651756206124,0.03125,0,0.016901726999776656
901012,linear,aligned,scarce,generic_equivalent,0.0021851473011786702,0.34350685041922047,0.005183574160904092,0.000541651756206124,0.03125,0,0.016402492999873175
901012,linear,aligned,scarce,signed_intensity,0.0021851473011786702,0.34350685041922047,0.005183574160904092,0.000541651756206124,0.03125,0,0.029452297999739585
901012,linear,aligned,scarce,gradient,0.0033175268538274075,0.343246704222089,0.010507130397639517,0.0010404040289809834,0.03125,0,0.015863833000139493
901012,linear,aligned,scarce,zero_negative,0.16615900719138244,0.0,0.1982730282385865,0.13383270371847944,1.0,0,0.01467035100023395
901012,linear,rewired,ample,full,0.0020792517205454114,0.3478800390064152,0.005009702406336266,0.0003648653534067641,0.03125,0,0.01888219800002844
901012,linear,rewired,ample,no_K,0.0020792517205454114,0.3478800390064152,0.005009702406336266,0.0003648653534067641,0.03125,0,0.018864507999921898
901012,linear,rewired,ample,no_W,0.0020792517205454114,0.3478800390064152,0.005009702406336266,0.0003648653534067641,0.03125,0,0.018566943999587693
901012,linear,rewired,ample,no_WK,0.0020792517205454114,0.3478800390064152,0.005009702406336266,0.0003648653534067641,0.03125,0,0.01869287600015923
901012,linear,rewired,ample,retuned_zero,0.0020792517205454114,0.3478800390064152,0.005009702406336266,0.0003648653534067641,0.03125,0,0.01831425199992509
901012,linear,rewired,ample,rewired,0.0020792517205454114,0.3478800390064152,0.005009702406336266,0.0003648653534067641,0.03125,0,0.019105761000503207
901012,linear,rewired,ample,reverse,0.0020792517205454114,0.3478800390064152,0.005009702406336266,0.0003648653534067641,0.03125,0,0.018375635000552393
901012,linear,rewired,ample,generic_nonlinear,0.0020792517205454114,0.3478800390064152,0.005009702406336266,0.0003648653534067641,0.03125,0,0.017063901000028636
901012,linear,rewired,ample,generic_equivalent,0.0020792517205454114,0.3478800390064152,0.005009702406336266,0.0003648653534067641,0.03125,0,0.016591227999811053
901012,linear,rewired,ample,signed_intensity,0.0020792517205454114,0.3478800390064152,0.005009702406336266,0.0003648653534067641,0.03125,0,0.02922928099985711
901012,linear,rewired,ample,gradient,0.003388333858312489,0.34777381422060094,0.01108697807017696,0.0038809928058753202,0.03125,0,0.015732989000127873
901012,linear,rewired,ample,zero_negative,0.16615900719138244,0.0,0.1982730282385865,0.13383270371847944,1.0,0,0.015062003999844364
901012,linear,rewired,scarce,full,0.002244173997169532,0.34167473226156414,0.005287819346201175,0.00036490586521293873,0.03125,0,0.01890339700031518
901012,linear,rewired,scarce,no_K,0.002244173997169532,0.34167473226156414,0.005287819346201175,0.00036490586521293873,0.03125,0,0.018325123999829884
901012,linear,rewired,scarce,no_W,0.002244173997169532,0.34167473226156414,0.005287819346201175,0.00036490586521293873,0.03125,0,0.018090820000111307
901012,linear,rewired,scarce,no_WK,0.002244173997169532,0.34167473226156414,0.005287819346201175,0.00036490586521293873,0.03125,0,0.018606362000014087
901012,linear,rewired,scarce,retuned_zero,0.002244173997169532,0.34167473226156414,0.005287819346201175,0.00036490586521293873,0.03125,0,0.018157293999763624
901012,linear,rewired,scarce,rewired,0.002244173997169532,0.34167473226156414,0.005287819346201175,0.00036490586521293873,0.03125,0,0.018924123000260806
901012,linear,rewired,scarce,reverse,0.002244173997169532,0.34167473226156414,0.005287819346201175,0.00036490586521293873,0.03125,0,0.018696946000090975
901012,linear,rewired,scarce,generic_nonlinear,0.002244173997169532,0.34167473226156414,0.005287819346201175,0.00036490586521293873,0.03125,0,0.01697437100017396
901012,linear,rewired,scarce,generic_equivalent,0.002244173997169532,0.34167473226156414,0.005287819346201175,0.00036490586521293873,0.03125,0,0.016418680999834123
901012,linear,rewired,scarce,signed_intensity,0.002244173997169532,0.34167473226156414,0.005287819346201175,0.00036490586521293873,0.03125,0,0.029400064000185466
901012,linear,rewired,scarce,gradient,0.0035525458876344736,0.34275235354402966,0.011395606867641272,0.0038812605364104604,0.03125,0,0.016252134999888312
901012,linear,rewired,scarce,zero_negative,0.16615900719138244,0.0,0.1982730282385865,0.13383270371847944,1.0,0,0.014796489999469031
901012,linear,absent,ample,full,0.0012685509490591377,0.37327097517825325,0.002207705031456455,4.6574597089164615e-05,0.03125,0,0.01872722299998486
901012,linear,absent,ample,no_K,0.0012685509490591377,0.37327097517825325,0.002207705031456455,4.6574597089164615e-05,0.03125,0,0.018350312999757534
901012,linear,absent,ample,no_W,0.0012685509490591377,0.37327097517825325,0.002207705031456455,4.6574597089164615e-05,0.03125,0,0.01844627399998444
901012,linear,absent,ample,no_WK,0.0012685509490591377,0.37327097517825325,0.002207705031456455,4.6574597089164615e-05,0.03125,0,0.018390107000300304
901012,linear,absent,ample,retuned_zero,0.0012685509490591377,0.37327097517825325,0.002207705031456455,4.6574597089164615e-05,0.03125,0,0.024665978999735216
901012,linear,absent,ample,rewired,0.0012685509490591377,0.37327097517825325,0.002207705031456455,4.6574597089164615e-05,0.03125,0,0.018441665000011653
901012,linear,absent,ample,reverse,0.0012685509490591377,0.37327097517825325,0.002207705031456455,4.6574597089164615e-05,0.03125,0,0.01862000200003422
901012,linear,absent,ample,generic_nonlinear,0.0012685509490591377,0.37327097517825325,0.002207705031456455,4.6574597089164615e-05,0.03125,0,0.01706914699985873
901012,linear,absent,ample,generic_equivalent,0.0012685509490591377,0.37327097517825325,0.002207705031456455,4.6574597089164615e-05,0.03125,0,0.016247107999902255
901012,linear,absent,ample,signed_intensity,0.0012685509490591377,0.37327097517825325,0.002207705031456455,4.6574597089164615e-05,0.03125,0,0.02919244799977605
901012,linear,absent,ample,gradient,0.001616291089645813,0.37299028189168704,0.0040309329821473,0.00022749821783708582,0.03125,0,0.015439260999698945
901012,linear,absent,ample,zero_negative,0.16615900719138244,0.0,0.1982730282385865,0.13383270371847944,1.0,0,0.014630238000165718
901012,linear,absent,scarce,full,0.002271917962788724,0.3589666434205612,0.004208174051584133,4.654888429018513e-05,0.03125,0,0.01863137100002632
901012,linear,absent,scarce,no_K,0.002271917962788724,0.3589666434205612,0.004208174051584133,4.654888429018513e-05,0.03125,0,0.018727737000233446
901012,linear,absent,scarce,no_W,0.002271917962788724,0.3589666434205612,0.004208174051584133,4.654888429018513e-05,0.03125,0,0.01872436999957472
901012,linear,absent,scarce,no_WK,0.002271917962788724,0.3589666434205612,0.004208174051584133,4.654888429018513e-05,0.03125,0,0.018475162999834538
901012,linear,absent,scarce,retuned_zero,0.002271917962788724,0.3589666434205612,0.004208174051584133,4.654888429018513e-05,0.03125,0,0.024383919999763748
901012,linear,absent,scarce,rewired,0.002271917962788724,0.3589666434205612,0.004208174051584133,4.654888429018513e-05,0.03125,0,0.018745883999883972
901012,linear,absent,scarce,reverse,0.002271917962788724,0.3589666434205612,0.004208174051584133,4.654888429018513e-05,0.03125,0,0.018439232000332595
901012,linear,absent,scarce,generic_nonlinear,0.002271917962788724,0.3589666434205612,0.004208174051584133,4.654888429018513e-05,0.03125,0,0.01686927899982038
901012,linear,absent,scarce,generic_equivalent,0.002271917962788724,0.3589666434205612,0.004208174051584133,4.654888429018513e-05,0.03125,0,0.016468022000026394
901012,linear,absent,scarce,signed_intensity,0.002271917962788724,0.3589666434205612,0.004208174051584133,4.654888429018513e-05,0.03125,0,0.02948555400001851
901012,linear,absent,scarce,gradient,0.002515881607833809,0.3588604356445223,0.005600300073098466,0.0002274891577098385,0.03125,0,0.015346838999562351
901012,linear,absent,scarce,zero_negative,0.16615900719138244,0.0,0.1982730282385865,0.13383270371847944,1.0,0,0.014592122999943058
901012,congestion,aligned,ample,full,0.002250687746482838,0.3678923246624893,0.00564999694028735,0.0006206589215958837,0.03125,0,0.019386706000375398
901012,congestion,aligned,ample,no_K,0.002250687746482838,0.3678923246624893,0.00564999694028735,0.0006206589215958837,0.03125,0,0.019120778999990762
901012,congestion,aligned,ample,no_W,0.002250687746482838,0.3678923246624893,0.00564999694028735,0.0006206589215958837,0.03125,0,0.018795084999965184
901012,congestion,aligned,ample,no_WK,0.002250687746482838,0.3678923246624893,0.00564999694028735,0.0006206589215958837,0.03125,0,0.01929368299943235
901012,congestion,aligned,ample,retuned_zero,0.002250687746482838,0.3678923246624893,0.00564999694028735,0.0006206589215958837,0.03125,0,0.024125714999911452
901012,congestion,aligned,ample,rewired,0.002250687746482838,0.3678923246624893,0.00564999694028735,0.0006206589215958837,0.03125,0,0.018371026000068014
901012,congestion,aligned,ample,reverse,0.002250687746482838,0.3678923246624893,0.00564999694028735,0.0006206589215958837,0.03125,0,0.018257116000143014
901012,congestion,aligned,ample,generic_nonlinear,0.002250687746482838,0.3678923246624893,0.00564999694028735,0.0006206589215958837,0.03125,0,0.017076926999720854
901012,congestion,aligned,ample,generic_equivalent,0.002250687746482838,0.3678923246624893,0.00564999694028735,0.0006206589215958837,0.03125,0,0.01655365500005246
901012,congestion,aligned,ample,signed_intensity,0.002250687746482838,0.3678923246624893,0.00564999694028735,0.0006206589215958837,0.03125,0,0.029546268999638414
901012,congestion,aligned,ample,gradient,0.0036720806532622497,0.3671250492851181,0.012375891766841243,0.0011182751989960975,0.03125,0,0.015910038999550125
901012,congestion,aligned,ample,zero_negative,0.16615900719138244,0.0,0.1982730282385865,0.13383270371847944,1.0,0,0.015301831000499533
901012,congestion,aligned,scarce,full,0.003105692941620576,0.3547432749379995,0.006918467887757432,0.0006172991383913308,0.03125,0,0.018971221000242622
901012,congestion,aligned,scarce,no_K,0.003105692941620576,0.3547432749379995,0.006918467887757432,0.0006172991383913308,0.03125,0,0.018388480000112395
901012,congestion,aligned,scarce,no_W,0.003105692941620576,0.3547432749379995,0.006918467887757432,0.0006172991383913308,0.03125,0,0.018281089999959477
901012,congestion,aligned,scarce,no_WK,0.003105692941620576,0.3547432749379995,0.006918467887757432,0.0006172991383913308,0.03125,0,0.018626730999642405
901012,congestion,aligned,scarce,retuned_zero,0.003105692941620576,0.3547432749379995,0.006918467887757432,0.0006172991383913308,0.03125,0,0.023861473999716054
901012,congestion,aligned,scarce,rewired,0.003105692941620576,0.3547432749379995,0.006918467887757432,0.0006172991383913308,0.03125,0,0.018338081000138118
901012,congestion,aligned,scarce,reverse,0.003105692941620576,0.3547432749379995,0.006918467887757432,0.0006172991383913308,0.03125,0,0.01864312800046264
901012,congestion,aligned,scarce,generic_nonlinear,0.003105692941620576,0.3547432749379995,0.006918467887757432,0.0006172991383913308,0.03125,0,0.017217927000046984
901012,congestion,aligned,scarce,generic_equivalent,0.003105692941620576,0.3547432749379995,0.006918467887757432,0.0006172991383913308,0.03125,0,0.01693779800007178
901012,congestion,aligned,scarce,signed_intensity,0.003105692941620576,0.3547432749379995,0.006918467887757431,0.0006172991383913308,0.03125,0,0.03001789899974483
901012,congestion,aligned,scarce,gradient,0.004407317318849215,0.35468725027887793,0.013009811174276728,0.0011180083524533666,0.03125,0,0.016671067000061157
901012,congestion,aligned,scarce,zero_negative,0.16615900719138244,0.0,0.1982730282385865,0.13383270371847944,1.0,0,0.014823771999829205
901012,congestion,rewired,ample,full,0.0022620901293103762,0.36590164655880497,0.006062816195868127,0.00032701486841397564,0.03125,0,0.01897780200062016
901012,congestion,rewired,ample,no_K,0.0022620901293103762,0.36590164655880497,0.006062816195868127,0.00032701486841397564,0.03125,0,0.018377129000100467
901012,congestion,rewired,ample,no_W,0.0022620901293103762,0.36590164655880497,0.006062816195868127,0.00032701486841397564,0.03125,0,0.021471569000368618
901012,congestion,rewired,ample,no_WK,0.0022620901293103762,0.36590164655880497,0.006062816195868127,0.00032701486841397564,0.03125,0,0.018783910999673026
901012,congestion,rewired,ample,retuned_zero,0.0022620901293103762,0.36590164655880497,0.006062816195868127,0.00032701486841397564,0.03125,0,0.018717512999785413
901012,congestion,rewired,ample,rewired,0.0022620901293103762,0.36590164655880497,0.006062816195868127,0.00032701486841397564,0.03125,0,0.018816827000364356
901012,congestion,rewired,ample,reverse,0.0022620901293103762,0.36590164655880497,0.006062816195868127,0.00032701486841397564,0.03125,0,0.018582796000146118
901012,congestion,rewired,ample,generic_nonlinear,0.0022620901293103762,0.36590164655880497,0.006062816195868127,0.00032701486841397564,0.03125,0,0.016911189000097693
901012,congestion,rewired,ample,generic_equivalent,0.0022620901293103762,0.36590164655880497,0.006062816195868127,0.00032701486841397564,0.03125,0,0.016531696000242846
901012,congestion,rewired,ample,signed_intensity,0.0022620901293103762,0.36590164655880497,0.0060628161958681285,0.00032701486841397564,0.03125,0,0.029463631999817608
901012,congestion,rewired,ample,gradient,0.004682342007804204,0.3672790948213309,0.01706589036520618,0.006332744466125878,0.03125,0,0.015777737000064462
901012,congestion,rewired,ample,zero_negative,0.16615900719138244,0.0,0.1982730282385865,0.13383270371847944,1.0,0,0.01476641400012113
901012,congestion,rewired,scarce,full,0.0030469122623261497,0.35076020560449006,0.007230672892876323,0.0003253521556597585,0.03125,0,0.019510100000047714
901012,congestion,rewired,scarce,no_K,0.0030469122623261497,0.35076020560449006,0.007230672892876323,0.0003253521556597585,0.03125,0,0.019013789000268844
901012,congestion,rewired,scarce,no_W,0.0030469122623261497,0.35076020560449006,0.007230672892876323,0.0003253521556597585,0.03125,0,0.018511803000080818
901012,congestion,rewired,scarce,no_WK,0.0030469122623261497,0.35076020560449006,0.007230672892876323,0.0003253521556597585,0.03125,0,0.025538570999515287
901012,congestion,rewired,scarce,retuned_zero,0.0030469122623261497,0.35076020560449006,0.007230672892876323,0.0003253521556597585,0.03125,0,0.018559522999453293
901012,congestion,rewired,scarce,rewired,0.0030469122623261497,0.35076020560449006,0.007230672892876323,0.0003253521556597585,0.03125,0,0.01877616299998408
901012,congestion,rewired,scarce,reverse,0.0030469122623261497,0.35076020560449006,0.007230672892876323,0.0003253521556597585,0.03125,0,0.018620812999699865
901012,congestion,rewired,scarce,generic_nonlinear,0.0030469122623261497,0.35076020560449006,0.007230672892876323,0.0003253521556597585,0.03125,0,0.016878488000315883
901012,congestion,rewired,scarce,generic_equivalent,0.0030469122623261497,0.35076020560449006,0.007230672892876323,0.0003253521556597585,0.03125,0,0.01637458900040656
901012,congestion,rewired,scarce,signed_intensity,0.0030469122623261497,0.35076020560449006,0.007230672892876323,0.0003253521556597585,0.03125,0,0.029393510999909722
901012,congestion,rewired,scarce,gradient,0.005341490342873597,0.3534987526654775,0.01760035143033294,0.006319464648417702,0.03125,0,0.015457591999904707
901012,congestion,rewired,scarce,zero_negative,0.16615900719138244,0.0,0.1982730282385865,0.13383270371847944,1.0,0,0.014699160000020584
901012,congestion,absent,ample,full,0.0012685509490591377,0.37327097517825325,0.002207705031456455,4.6574597089164615e-05,0.03125,0,0.018681407000258332
901012,congestion,absent,ample,no_K,0.0012685509490591377,0.37327097517825325,0.002207705031456455,4.6574597089164615e-05,0.03125,0,0.018197770000313085
901012,congestion,absent,ample,no_W,0.0012685509490591377,0.37327097517825325,0.002207705031456455,4.6574597089164615e-05,0.03125,0,0.018288605000066127
901012,congestion,absent,ample,no_WK,0.0012685509490591377,0.37327097517825325,0.002207705031456455,4.6574597089164615e-05,0.03125,0,0.024307469000120818
901012,congestion,absent,ample,retuned_zero,0.0012685509490591377,0.37327097517825325,0.002207705031456455,4.6574597089164615e-05,0.03125,0,0.0185715449999293
901012,congestion,absent,ample,rewired,0.0012685509490591377,0.37327097517825325,0.002207705031456455,4.6574597089164615e-05,0.03125,0,0.017946314999903734
901012,congestion,absent,ample,reverse,0.0012685509490591377,0.37327097517825325,0.002207705031456455,4.6574597089164615e-05,0.03125,0,0.01784278899998526
901012,congestion,absent,ample,generic_nonlinear,0.0012685509490591377,0.37327097517825325,0.002207705031456455,4.6574597089164615e-05,0.03125,0,0.01656645900033027
901012,congestion,absent,ample,generic_equivalent,0.0012685509490591377,0.37327097517825325,0.002207705031456455,4.6574597089164615e-05,0.03125,0,0.016324684000380785
901012,congestion,absent,ample,signed_intensity,0.0012685509490591377,0.37327097517825325,0.002207705031456455,4.6574597089164615e-05,0.03125,0,0.029173089000039454
901012,congestion,absent,ample,gradient,0.001616291089645813,0.37299028189168704,0.0040309329821473,0.00022749821783708582,0.03125,0,0.015443106999953216
901012,congestion,absent,ample,zero_negative,0.16615900719138244,0.0,0.1982730282385865,0.13383270371847944,1.0,0,0.014876782000214916
901012,congestion,absent,scarce,full,0.002271917962788724,0.3589666434205612,0.004208174051584133,4.654888429018513e-05,0.03125,0,0.01876988700007587
901012,congestion,absent,scarce,no_K,0.002271917962788724,0.3589666434205612,0.004208174051584133,4.654888429018513e-05,0.03125,0,0.018168242999877293
901012,congestion,absent,scarce,no_W,0.002271917962788724,0.3589666434205612,0.004208174051584133,4.654888429018513e-05,0.03125,0,0.017752102000088144
901012,congestion,absent,scarce,no_WK,0.002271917962788724,0.3589666434205612,0.004208174051584133,4.654888429018513e-05,0.03125,0,0.01874408600008337
901012,congestion,absent,scarce,retuned_zero,0.002271917962788724,0.3589666434205612,0.004208174051584133,4.654888429018513e-05,0.03125,0,0.018499273999623256
901012,congestion,absent,scarce,rewired,0.002271917962788724,0.3589666434205612,0.004208174051584133,4.654888429018513e-05,0.03125,0,0.017991588000370484
901012,congestion,absent,scarce,reverse,0.002271917962788724,0.3589666434205612,0.004208174051584133,4.654888429018513e-05,0.03125,0,0.018349999999941247
901012,congestion,absent,scarce,generic_nonlinear,0.002271917962788724,0.3589666434205612,0.004208174051584133,4.654888429018513e-05,0.03125,0,0.016508172000158083
901012,congestion,absent,scarce,generic_equivalent,0.002271917962788724,0.3589666434205612,0.004208174051584133,4.654888429018513e-05,0.03125,0,0.01622583900001473
901012,congestion,absent,scarce,signed_intensity,0.002271917962788724,0.3589666434205612,0.004208174051584133,4.654888429018513e-05,0.03125,0,0.028932095000072877
901012,congestion,absent,scarce,gradient,0.002515881607833809,0.3588604356445223,0.005600300073098466,0.0002274891577098385,0.03125,0,0.01601688199986029
901012,congestion,absent,scarce,zero_negative,0.16615900719138244,0.0,0.1982730282385865,0.13383270371847944,1.0,0,0.014717467000252782
901013,linear,aligned,ample,full,0.00878118627202697,0.44477874752948954,0.013906307242203132,0.0004590769093511034,0.03125,0,0.018887113000118916
901013,linear,aligned,ample,no_K,0.00878118627202697,0.44477874752948954,0.013906307242203132,0.0004590769093511034,0.03125,0,0.018696439999757786
901013,linear,aligned,ample,no_W,0.00878118627202697,0.44477874752948954,0.013906307242203132,0.0004590769093511034,0.03125,0,0.01888097699992386
901013,linear,aligned,ample,no_WK,0.00878118627202697,0.44477874752948954,0.013906307242203132,0.0004590769093511034,0.03125,0,0.024039652999647387
901013,linear,aligned,ample,retuned_zero,0.00878118627202697,0.44477874752948954,0.013906307242203132,0.0004590769093511034,0.03125,0,0.018615230999785126
901013,linear,aligned,ample,rewired,0.00878118627202697,0.44477874752948954,0.013906307242203132,0.0004590769093511034,0.03125,0,0.018304302999979427
901013,linear,aligned,ample,reverse,0.00878118627202697,0.44477874752948954,0.013906307242203132,0.0004590769093511034,0.03125,0,0.01859878300007267
901013,linear,aligned,ample,generic_nonlinear,0.00878118627202697,0.44477874752948954,0.013906307242203132,0.0004590769093511034,0.03125,0,0.017039450000652323
901013,linear,aligned,ample,generic_equivalent,0.00878118627202697,0.44477874752948954,0.013906307242203132,0.0004590769093511034,0.03125,0,0.016281058000004123
901013,linear,aligned,ample,signed_intensity,0.00878118627202697,0.44477874752948954,0.013906307242203132,0.0004590769093511034,0.03125,0,0.02889961599993285
901013,linear,aligned,ample,gradient,0.009312521567803735,0.4452797281229614,0.016389844045904697,0.0014295624129844683,0.03125,0,0.015484468999773071
901013,linear,aligned,ample,zero_negative,0.2696467094161949,0.0,0.30671791361685413,0.22600590181969837,1.0,0,0.014962642999648779
901013,linear,aligned,scarce,full,0.014039049575579433,0.39817984618515667,0.023619905281676522,0.001498660118334493,0.03125,0,0.019098650999694655
901013,linear,aligned,scarce,no_K,0.014039049575579433,0.39817984618515667,0.023619905281676522,0.001498660118334493,0.03125,0,0.018805278999707298
901013,linear,aligned,scarce,no_W,0.014039049575579433,0.39817984618515667,0.023619905281676522,0.001498660118334493,0.03125,0,0.025230952999720557
901013,linear,aligned,scarce,no_WK,0.014039049575579433,0.39817984618515667,0.023619905281676522,0.001498660118334493,0.03125,0,0.018485163000548255
901013,linear,aligned,scarce,retuned_zero,0.014039049575579433,0.39817984618515667,0.023619905281676522,0.001498660118334493,0.03125,0,0.018590220000419322
901013,linear,aligned,scarce,rewired,0.014039049575579433,0.39817984618515667,0.023619905281676522,0.001498660118334493,0.03125,0,0.018587392999961594
901013,linear,aligned,scarce,reverse,0.014039049575579433,0.39817984618515667,0.023619905281676522,0.001498660118334493,0.03125,0,0.0183184529998357
901013,linear,aligned,scarce,generic_nonlinear,0.014039049575579433,0.39817984618515667,0.023619905281676522,0.001498660118334493,0.03125,0,0.01672665999990386
901013,linear,aligned,scarce,generic_equivalent,0.014039049575579433,0.39817984618515667,0.023619905281676522,0.001498660118334493,0.03125,0,0.01638087800017729
901013,linear,aligned,scarce,signed_intensity,0.014039049575579433,0.39817984618515667,0.023619905281676522,0.001498660118334493,0.03125,0,0.02954228899949385
901013,linear,aligned,scarce,gradient,0.014727776472983754,0.3980299775987811,0.026023748814390676,0.00267018998917688,0.03125,0,0.015603946999874552
901013,linear,aligned,scarce,zero_negative,0.2696467094161949,0.0,0.30671791361685413,0.22600590181969837,1.0,0,0.01467219400041131
901013,linear,rewired,ample,full,0.00836110404966582,0.44408221891654737,0.013869502817647787,0.0008125206304750511,0.03125,0,0.018903699000077268
901013,linear,rewired,ample,no_K,0.00836110404966582,0.44408221891654737,0.013869502817647787,0.0008125206304750511,0.03125,0,0.01869353700016063
901013,linear,rewired,ample,no_W,0.00836110404966582,0.44408221891654737,0.013869502817647787,0.0008125206304750511,0.03125,0,0.02496662399988736
901013,linear,rewired,ample,no_WK,0.00836110404966582,0.44408221891654737,0.013869502817647787,0.0008125206304750511,0.03125,0,0.018492072000356075
901013,linear,rewired,ample,retuned_zero,0.00836110404966582,0.44408221891654737,0.013869502817647787,0.0008125206304750511,0.03125,0,0.018459139000128744
901013,linear,rewired,ample,rewired,0.00836110404966582,0.44408221891654737,0.013869502817647787,0.0008125206304750511,0.03125,0,0.018234417000257963
901013,linear,rewired,ample,reverse,0.00836110404966582,0.44408221891654737,0.013869502817647787,0.0008125206304750511,0.03125,0,0.018128271000023233
901013,linear,rewired,ample,generic_nonlinear,0.00836110404966582,0.44408221891654737,0.013869502817647787,0.0008125206304750511,0.03125,0,0.016897481999876618
901013,linear,rewired,ample,generic_equivalent,0.00836110404966582,0.44408221891654737,0.013869502817647787,0.0008125206304750511,0.03125,0,0.01619838400011986
901013,linear,rewired,ample,signed_intensity,0.00836110404966582,0.44408221891654737,0.013869502817647787,0.0008125206304750511,0.03125,0,0.02932939300006865
901013,linear,rewired,ample,gradient,0.009323192971686208,0.44531964208558705,0.018607235003534284,0.002801112225936816,0.03125,0,0.015669472999832124
901013,linear,rewired,ample,zero_negative,0.2696467094161949,0.0,0.30671791361685413,0.22600590181969837,1.0,0,0.015041520999943714
901013,linear,rewired,scarce,full,0.013986212197182244,0.3982508345869118,0.02404648959620591,0.001906246662446567,0.03125,0,0.01913485899956413
901013,linear,rewired,scarce,no_K,0.013986212197182244,0.3982508345869118,0.02404648959620591,0.001906246662446567,0.03125,0,0.018278633999727845
901013,linear,rewired,scarce,no_W,0.013986212197182244,0.3982508345869118,0.02404648959620591,0.001906246662446567,0.03125,0,0.018239603999745668
901013,linear,rewired,scarce,no_WK,0.013986212197182244,0.3982508345869118,0.02404648959620591,0.001906246662446567,0.03125,0,0.018052476000491424
901013,linear,rewired,scarce,retuned_zero,0.013986212197182244,0.3982508345869118,0.02404648959620591,0.001906246662446567,0.03125,0,0.018475704999843856
901013,linear,rewired,scarce,rewired,0.013986212197182244,0.3982508345869118,0.02404648959620591,0.001906246662446567,0.03125,0,0.018075408999948195
901013,linear,rewired,scarce,reverse,0.013986212197182244,0.3982508345869118,0.02404648959620591,0.001906246662446567,0.03125,0,0.018426616999931866
901013,linear,rewired,scarce,generic_nonlinear,0.013986212197182244,0.3982508345869118,0.02404648959620591,0.001906246662446567,0.03125,0,0.01675548800051274
901013,linear,rewired,scarce,generic_equivalent,0.013986212197182244,0.3982508345869118,0.02404648959620591,0.001906246662446567,0.03125,0,0.016372364999767797
901013,linear,rewired,scarce,signed_intensity,0.013986212197182244,0.3982508345869118,0.02404648959620591,0.001906246662446567,0.03125,0,0.029154100999903676
901013,linear,rewired,scarce,gradient,0.014918034820617609,0.39816063795430423,0.02809503267298503,0.004007170745623244,0.03125,0,0.01619172599993135
901013,linear,rewired,scarce,zero_negative,0.2696467094161949,0.0,0.30671791361685413,0.22600590181969837,1.0,0,0.014595078999832367
901013,linear,absent,ample,full,0.008540059580824221,0.47612564507788524,0.012900707970767028,0.000175010995285244,0.03125,0,0.018649136000192357
901013,linear,absent,ample,no_K,0.008540059580824221,0.47612564507788524,0.012900707970767028,0.000175010995285244,0.03125,0,0.01823920499992937
901013,linear,absent,ample,no_W,0.008540059580824221,0.47612564507788524,0.012900707970767028,0.000175010995285244,0.03125,0,0.018691071999967335
901013,linear,absent,ample,no_WK,0.008540059580824221,0.47612564507788524,0.012900707970767028,0.000175010995285244,0.03125,0,0.018237687999999252
901013,linear,absent,ample,retuned_zero,0.008540059580824221,0.47612564507788524,0.012900707970767028,0.000175010995285244,0.03125,0,0.01833863800055724
901013,linear,absent,ample,rewired,0.008540059580824221,0.47612564507788524,0.012900707970767028,0.000175010995285244,0.03125,0,0.018216300000460706
901013,linear,absent,ample,reverse,0.008540059580824221,0.47612564507788524,0.012900707970767028,0.000175010995285244,0.03125,0,0.018635641999821928
901013,linear,absent,ample,generic_nonlinear,0.008540059580824221,0.47612564507788524,0.012900707970767028,0.000175010995285244,0.03125,0,0.01671502400023428
901013,linear,absent,ample,generic_equivalent,0.008540059580824221,0.47612564507788524,0.012900707970767028,0.000175010995285244,0.03125,0,0.016248946999894542
901013,linear,absent,ample,signed_intensity,0.008540059580824221,0.47612564507788524,0.012900707970767028,0.000175010995285244,0.03125,0,0.02941082900025549
901013,linear,absent,ample,gradient,0.008879978812011111,0.47601720837363504,0.014657490047894803,0.0005267804666754648,0.03125,0,0.015698934999988978
901013,linear,absent,ample,zero_negative,0.2696467094161949,0.0,0.30671791361685413,0.22600590181969837,1.0,0,0.01452090800012229
901013,linear,absent,scarce,full,0.01878585469431043,0.3999976132033161,0.029971080425284236,0.004541282999118941,0.03125,0,0.01871387599976515
901013,linear,absent,scarce,no_K,0.01878585469431043,0.3999976132033161,0.029971080425284236,0.004541282999118941,0.03125,0,0.024689105999527783
901013,linear,absent,scarce,no_W,0.01878585469431043,0.3999976132033161,0.029971080425284236,0.004541282999118941,0.03125,0,0.018540380000388268
901013,linear,absent,scarce,no_WK,0.01878585469431043,0.3999976132033161,0.029971080425284236,0.004541282999118941,0.03125,0,0.018590037999842934
901013,linear,absent,scarce,retuned_zero,0.01878585469431043,0.3999976132033161,0.029971080425284236,0.004541282999118941,0.03125,0,0.01848165699988158
901013,linear,absent,scarce,rewired,0.01878585469431043,0.3999976132033161,0.029971080425284236,0.004541282999118941,0.03125,0,0.018528777999904378
901013,linear,absent,scarce,reverse,0.01878585469431043,0.3999976132033161,0.029971080425284236,0.004541282999118941,0.03125,0,0.018341702999862264
901013,linear,absent,scarce,generic_nonlinear,0.01878585469431043,0.3999976132033161,0.029971080425284236,0.004541282999118941,0.03125,0,0.016726067999968564
901013,linear,absent,scarce,generic_equivalent,0.01878585469431043,0.3999976132033161,0.029971080425284236,0.004541282999118941,0.03125,0,0.016485942000258547
901013,linear,absent,scarce,signed_intensity,0.01878585469431043,0.3999976132033161,0.029971080425284236,0.004541282999118941,0.03125,0,0.02892875599962963
901013,linear,absent,scarce,gradient,0.01927958746659343,0.3999964245289021,0.031845997721736595,0.005677324090574521,0.03125,0,0.015487093999638546
901013,linear,absent,scarce,zero_negative,0.2696467094161949,0.0,0.30671791361685413,0.22600590181969837,1.0,0,0.014550434999819117
901013,congestion,aligned,ample,full,0.009312895446905011,0.4744100032456323,0.016337642319758972,0.000805718134253158,0.03125,0,0.01900976500030538
901013,congestion,aligned,ample,no_K,0.009312895446905011,0.4744100032456323,0.016337642319758972,0.000805718134253158,0.03125,0,0.026232050000089657
901013,congestion,aligned,ample,no_W,0.009312895446905011,0.4744100032456323,0.016337642319758972,0.000805718134253158,0.03125,0,0.01863013299970362
901013,congestion,aligned,ample,no_WK,0.009312895446905011,0.4744100032456323,0.016337642319758972,0.000805718134253158,0.03125,0,0.01910872499991001
901013,congestion,aligned,ample,retuned_zero,0.009312895446905011,0.4744100032456323,0.016337642319758972,0.000805718134253158,0.03125,0,0.019011993999697552
901013,congestion,aligned,ample,rewired,0.009312895446905011,0.4744100032456323,0.016337642319758972,0.000805718134253158,0.03125,0,0.018730339999933676
901013,congestion,aligned,ample,reverse,0.009312895446905011,0.4744100032456323,0.016337642319758972,0.000805718134253158,0.03125,0,0.018132974000195645
901013,congestion,aligned,ample,generic_nonlinear,0.009312895446905011,0.4744100032456323,0.016337642319758972,0.000805718134253158,0.03125,0,0.016855172999612478
901013,congestion,aligned,ample,generic_equivalent,0.009312895446905011,0.4744100032456323,0.016337642319758972,0.000805718134253158,0.03125,0,0.016491947000474738
901013,congestion,aligned,ample,signed_intensity,0.009312895446905011,0.4744100032456323,0.016337642319758972,0.000805718134253158,0.03125,0,0.02925648799953251
901013,congestion,aligned,ample,gradient,0.009835422815180614,0.4735775748915464,0.01838242533133971,0.001844897756757023,0.03125,0,0.01568110099998421
901013,congestion,aligned,ample,zero_negative,0.2696467094161949,0.0,0.30671791361685413,0.22600590181969837,1.0,0,0.015122793999751138
901013,congestion,aligned,scarce,full,0.017906795385927148,0.4,0.028992732055958103,0.004592886043830395,0.03125,0,0.018892788000073324
901013,congestion,aligned,scarce,no_K,0.017906795385927148,0.4,0.028992732055958103,0.004592886043830395,0.03125,0,0.025269111999364213
901013,congestion,aligned,scarce,no_W,0.017906795385927148,0.4,0.028992732055958103,0.004592886043830395,0.03125,0,0.018381482999984655
901013,congestion,aligned,scarce,no_WK,0.017906795385927148,0.4,0.028992732055958103,0.004592886043830395,0.03125,0,0.018180529000005663
901013,congestion,aligned,scarce,retuned_zero,0.017906795385927148,0.4,0.028992732055958103,0.004592886043830395,0.03125,0,0.018639113000290308
901013,congestion,aligned,scarce,rewired,0.017906795385927148,0.4,0.028992732055958103,0.004592886043830395,0.03125,0,0.018232300999784457
901013,congestion,aligned,scarce,reverse,0.017906795385927148,0.4,0.028992732055958103,0.004592886043830395,0.03125,0,0.018427908000091975
901013,congestion,aligned,scarce,generic_nonlinear,0.017906795385927148,0.4,0.028992732055958103,0.004592886043830395,0.03125,0,0.016815671999836468
901013,congestion,aligned,scarce,generic_equivalent,0.017906795385927148,0.4,0.028992732055958103,0.004592886043830395,0.03125,0,0.01649997499953315
901013,congestion,aligned,scarce,signed_intensity,0.017906795385927148,0.4,0.028992732055958103,0.004592886043830395,0.03125,0,0.029507053999907384
901013,congestion,aligned,scarce,gradient,0.018837728894254724,0.3998648937628086,0.03171059789136985,0.006233442592624075,0.03125,0,0.016371635999973932
901013,congestion,aligned,scarce,zero_negative,0.2696467094161949,0.0,0.30671791361685413,0.22600590181969837,1.0,0,0.014711697999302942
901013,congestion,rewired,ample,full,0.008285542447037688,0.4728355947434841,0.013420375772425172,0.0012827003480069994,0.03125,0,0.01890962500004889
901013,congestion,rewired,ample,no_K,0.008285542447037688,0.4728355947434841,0.013420375772425172,0.0012827003480069994,0.03125,0,0.026257885999712016
901013,congestion,rewired,ample,no_W,0.008285542447037688,0.4728355947434841,0.013420375772425172,0.0012827003480069994,0.03125,0,0.01846403899969573
901013,congestion,rewired,ample,no_WK,0.008285542447037688,0.4728355947434841,0.013420375772425172,0.0012827003480069994,0.03125,0,0.018585970999595247
901013,congestion,rewired,ample,retuned_zero,0.008285542447037688,0.4728355947434841,0.013420375772425172,0.0012827003480069994,0.03125,0,0.018489545000193175
901013,congestion,rewired,ample,rewired,0.008285542447037688,0.4728355947434841,0.013420375772425172,0.0012827003480069994,0.03125,0,0.01839693700026146
901013,congestion,rewired,ample,reverse,0.008285542447037688,0.4728355947434841,0.013420375772425172,0.0012827003480069994,0.03125,0,0.01863389399989046
901013,congestion,rewired,ample,generic_nonlinear,0.008285542447037688,0.4728355947434841,0.013420375772425172,0.0012827003480069994,0.03125,0,0.01681553400010216
901013,congestion,rewired,ample,generic_equivalent,0.008285542447037688,0.4728355947434841,0.013420375772425172,0.0012827003480069994,0.03125,0,0.016447690000291004
901013,congestion,rewired,ample,signed_intensity,0.008285542447037688,0.4728355947434841,0.013420375772425172,0.0012827003480069994,0.03125,0,0.029389831000230515
901013,congestion,rewired,ample,gradient,0.008888020311664207,0.4725703959946975,0.016030382062697378,0.00362813351243559,0.03125,0,0.015662768000197502
901013,congestion,rewired,ample,zero_negative,0.2696467094161949,0.0,0.30671791361685413,0.22600590181969837,1.0,0,0.014558348000321075
901013,congestion,rewired,scarce,full,0.017317428788398356,0.4,0.027830384073781734,0.004806389135554154,0.03125,0,0.018836866999834
901013,congestion,rewired,scarce,no_K,0.017317428788398356,0.4,0.027830384073781734,0.004806389135554154,0.03125,0,0.018888626999853386
901013,congestion,rewired,scarce,no_W,0.017317428788398356,0.4,0.027830384073781734,0.004806389135554154,0.03125,0,0.018561196999769436
901013,congestion,rewired,scarce,no_WK,0.017317428788398356,0.4,0.027830384073781734,0.004806389135554154,0.03125,0,0.01857605400010698
901013,congestion,rewired,scarce,retuned_zero,0.017317428788398356,0.4,0.027830384073781734,0.004806389135554154,0.03125,0,0.01883882999987918
901013,congestion,rewired,scarce,rewired,0.017317428788398356,0.4,0.027830384073781734,0.004806389135554154,0.03125,0,0.019278425000265997
901013,congestion,rewired,scarce,reverse,0.017317428788398356,0.4,0.027830384073781734,0.004806389135554154,0.03125,0,0.01892554099993049
901013,congestion,rewired,scarce,generic_nonlinear,0.017317428788398356,0.4,0.027830384073781734,0.004806389135554154,0.03125,0,0.016964012999892475
901013,congestion,rewired,scarce,generic_equivalent,0.017317428788398356,0.4,0.027830384073781734,0.004806389135554154,0.03125,0,0.016457423000190374
901013,congestion,rewired,scarce,signed_intensity,0.017317428788398356,0.4,0.027830384073781734,0.004806389135554155,0.03125,0,0.02918482600000516
901013,congestion,rewired,scarce,gradient,0.018083237867431077,0.39999999999999997,0.03037505146354765,0.007916917959656879,0.03125,0,0.015517866000095637
901013,congestion,rewired,scarce,zero_negative,0.2696467094161949,0.0,0.30671791361685413,0.22600590181969837,1.0,0,0.014712357999997039
901013,congestion,absent,ample,full,0.008540059580824221,0.47612564507788524,0.012900707970767028,0.000175010995285244,0.03125,0,0.02445496500013178
901013,congestion,absent,ample,no_K,0.008540059580824221,0.47612564507788524,0.012900707970767028,0.000175010995285244,0.03125,0,0.018428442999550043
901013,congestion,absent,ample,no_W,0.008540059580824221,0.47612564507788524,0.012900707970767028,0.000175010995285244,0.03125,0,0.018371582999691327
901013,congestion,absent,ample,no_WK,0.008540059580824221,0.47612564507788524,0.012900707970767028,0.000175010995285244,0.03125,0,0.01856499100028941
901013,congestion,absent,ample,retuned_zero,0.008540059580824221,0.47612564507788524,0.012900707970767028,0.000175010995285244,0.03125,0,0.01859714199957807
901013,congestion,absent,ample,rewired,0.008540059580824221,0.47612564507788524,0.012900707970767028,0.000175010995285244,0.03125,0,0.017747451999980512
901013,congestion,absent,ample,reverse,0.008540059580824221,0.47612564507788524,0.012900707970767028,0.000175010995285244,0.03125,0,0.017814434999820605
901013,congestion,absent,ample,generic_nonlinear,0.008540059580824221,0.47612564507788524,0.012900707970767028,0.000175010995285244,0.03125,0,0.01710967500019933
901013,congestion,absent,ample,generic_equivalent,0.008540059580824221,0.47612564507788524,0.012900707970767028,0.000175010995285244,0.03125,0,0.01638022999907207
901013,congestion,absent,ample,signed_intensity,0.008540059580824221,0.47612564507788524,0.012900707970767028,0.000175010995285244,0.03125,0,0.029217839999887474
901013,congestion,absent,ample,gradient,0.008879978812011111,0.47601720837363504,0.014657490047894803,0.0005267804666754648,0.03125,0,0.015522649000274669
901013,congestion,absent,ample,zero_negative,0.2696467094161949,0.0,0.30671791361685413,0.22600590181969837,1.0,0,0.015271606000396787
901013,congestion,absent,scarce,full,0.01878585469431043,0.3999976132033161,0.029971080425284236,0.004541282999118941,0.03125,0,0.024684960999763916
901013,congestion,absent,scarce,no_K,0.01878585469431043,0.3999976132033161,0.029971080425284236,0.004541282999118941,0.03125,0,0.01867608999981485
901013,congestion,absent,scarce,no_W,0.01878585469431043,0.3999976132033161,0.029971080425284236,0.004541282999118941,0.03125,0,0.018081941999696483
901013,congestion,absent,scarce,no_WK,0.01878585469431043,0.3999976132033161,0.029971080425284236,0.004541282999118941,0.03125,0,0.018799805000014658
901013,congestion,absent,scarce,retuned_zero,0.01878585469431043,0.3999976132033161,0.029971080425284236,0.004541282999118941,0.03125,0,0.018537706999381953
901013,congestion,absent,scarce,rewired,0.01878585469431043,0.3999976132033161,0.029971080425284236,0.004541282999118941,0.03125,0,0.01799412700006542
901013,congestion,absent,scarce,reverse,0.01878585469431043,0.3999976132033161,0.029971080425284236,0.004541282999118941,0.03125,0,0.019048582999971586
901013,congestion,absent,scarce,generic_nonlinear,0.01878585469431043,0.3999976132033161,0.029971080425284236,0.004541282999118941,0.03125,0,0.016776188999983788
901013,congestion,absent,scarce,generic_equivalent,0.01878585469431043,0.3999976132033161,0.029971080425284236,0.004541282999118941,0.03125,0,0.016372545999729482
901013,congestion,absent,scarce,signed_intensity,0.01878585469431043,0.3999976132033161,0.029971080425284236,0.004541282999118941,0.03125,0,0.029390572999432152
901013,congestion,absent,scarce,gradient,0.01927958746659343,0.3999964245289021,0.031845997721736595,0.005677324090574521,0.03125,0,0.015967210999747294
901013,congestion,absent,scarce,zero_negative,0.2696467094161949,0.0,0.30671791361685413,0.22600590181969837,1.0,0,0.01458808099999942
901014,linear,aligned,ample,full,0.0057048000116652915,0.4516600018987377,0.009302630705533966,0.0016511639818229753,0.03125,0,0.01920651800031692
901014,linear,aligned,ample,no_K,0.0057048000116652915,0.4516600018987377,0.009302630705533966,0.0016511639818229753,0.03125,0,0.018836259999488902
901014,linear,aligned,ample,no_W,0.0057048000116652915,0.4516600018987377,0.009302630705533966,0.0016511639818229753,0.03125,0,0.018752607999999782
901014,linear,aligned,ample,no_WK,0.0057048000116652915,0.4516600018987377,0.009302630705533966,0.0016511639818229753,0.03125,0,0.01860929100013209
901014,linear,aligned,ample,retuned_zero,0.0057048000116652915,0.4516600018987377,0.009302630705533966,0.0016511639818229753,0.03125,0,0.018599365999875772
901014,linear,aligned,ample,rewired,0.0057048000116652915,0.4516600018987377,0.009302630705533966,0.0016511639818229753,0.03125,0,0.018840946000352687
901014,linear,aligned,ample,reverse,0.0057048000116652915,0.4516600018987377,0.009302630705533966,0.0016511639818229753,0.03125,0,0.01887742000047865
901014,linear,aligned,ample,generic_nonlinear,0.0057048000116652915,0.4516600018987377,0.009302630705533966,0.0016511639818229753,0.03125,0,0.017294036999999207
901014,linear,aligned,ample,generic_equivalent,0.0057048000116652915,0.4516600018987377,0.009302630705533966,0.0016511639818229753,0.03125,0,0.016490119000252434
901014,linear,aligned,ample,signed_intensity,0.0057048000116652915,0.4516600018987377,0.009302630705533966,0.0016511639818229753,0.03125,0,0.029628764999984014
901014,linear,aligned,ample,gradient,0.007025731946551553,0.45185321687790436,0.01560011421932671,0.004639762459284266,0.03125,0,0.015632724999818493
901014,linear,aligned,ample,zero_negative,0.29846348928204597,0.0,0.30334170181485925,0.335970254023204,1.0,0,0.014612921000320966
901014,linear,aligned,scarce,full,0.011070858345133026,0.391508743123549,0.016855664767659404,0.007206469463086031,0.03125,0,0.02416879500003688
901014,linear,aligned,scarce,no_K,0.011070858345133026,0.391508743123549,0.016855664767659404,0.007206469463086031,0.03125,0,0.01927179299997306
901014,linear,aligned,scarce,no_W,0.011070858345133026,0.391508743123549,0.016855664767659404,0.007206469463086031,0.03125,0,0.01905314700047711
901014,linear,aligned,scarce,no_WK,0.011070858345133026,0.391508743123549,0.016855664767659404,0.007206469463086031,0.03125,0,0.0189754359997778
901014,linear,aligned,scarce,retuned_zero,0.011070858345133026,0.391508743123549,0.016855664767659404,0.007206469463086031,0.03125,0,0.019034163000355875
901014,linear,aligned,scarce,rewired,0.011070858345133026,0.391508743123549,0.016855664767659404,0.007206469463086031,0.03125,0,0.019046553999999105
901014,linear,aligned,scarce,reverse,0.011070858345133026,0.391508743123549,0.016855664767659404,0.007206469463086031,0.03125,0,0.01885346399996024
901014,linear,aligned,scarce,generic_nonlinear,0.011070858345133026,0.391508743123549,0.016855664767659404,0.007206469463086031,0.03125,0,0.017077879999988
901014,linear,aligned,scarce,generic_equivalent,0.011070858345133026,0.391508743123549,0.016855664767659404,0.007206469463086031,0.03125,0,0.016468723999423673
901014,linear,aligned,scarce,signed_intensity,0.011070858345133026,0.391508743123549,0.016855664767659404,0.007206469463086031,0.03125,0,0.029286288999912813
901014,linear,aligned,scarce,gradient,0.012928666977543305,0.3914298959167622,0.022411170195238483,0.011054221811052074,0.03125,0,0.015600294999899234
901014,linear,aligned,scarce,zero_negative,0.29846348928204597,0.0,0.30334170181485925,0.335970254023204,1.0,0,0.02149444399992717
901014,linear,rewired,ample,full,0.006834368804155935,0.450677147631275,0.010178287867863912,0.0007685799956918582,0.03125,0,0.019220756000095207
901014,linear,rewired,ample,no_K,0.006834368804155935,0.450677147631275,0.010178287867863912,0.0007685799956918582,0.03125,0,0.018655938999700084
901014,linear,rewired,ample,no_W,0.006834368804155935,0.450677147631275,0.010178287867863912,0.0007685799956918582,0.03125,0,0.018460523999920042
901014,linear,rewired,ample,no_WK,0.006834368804155935,0.450677147631275,0.010178287867863912,0.0007685799956918582,0.03125,0,0.0183534620001069
901014,linear,rewired,ample,retuned_zero,0.006834368804155935,0.450677147631275,0.010178287867863912,0.0007685799956918582,0.03125,0,0.018565596000030382
901014,linear,rewired,ample,rewired,0.006834368804155935,0.450677147631275,0.010178287867863912,0.0007685799956918582,0.03125,0,0.018110559000206194
901014,linear,rewired,ample,reverse,0.006834368804155935,0.450677147631275,0.010178287867863912,0.0007685799956918582,0.03125,0,0.01795484799959013
901014,linear,rewired,ample,generic_nonlinear,0.006834368804155935,0.450677147631275,0.010178287867863912,0.0007685799956918582,0.03125,0,0.01679361399993695
901014,linear,rewired,ample,generic_equivalent,0.006834368804155935,0.450677147631275,0.010178287867863912,0.0007685799956918582,0.03125,0,0.01667682600009357
901014,linear,rewired,ample,signed_intensity,0.006834368804155935,0.450677147631275,0.010178287867863912,0.0007685799956918582,0.03125,0,0.029660003999993023
901014,linear,rewired,ample,gradient,0.007913229946605808,0.4499569420859222,0.015564167404080245,0.0042083341206955605,0.03125,0,0.015538909000269996
901014,linear,rewired,ample,zero_negative,0.29846348928204597,0.0,0.30334170181485925,0.335970254023204,1.0,0,0.015177696999671753
901014,linear,rewired,scarce,full,0.011964586920318952,0.38989241507510486,0.01753027209763975,0.00622654427566879,0.03125,0,0.019251408000343417
901014,linear,rewired,scarce,no_K,0.011964586920318952,0.38989241507510486,0.01753027209763975,0.00622654427566879,0.03125,0,0.01881611299972974
901014,linear,rewired,scarce,no_W,0.011964586920318952,0.38989241507510486,0.01753027209763975,0.00622654427566879,0.03125,0,0.018135265000410072
901014,linear,rewired,scarce,no_WK,0.011964586920318952,0.38989241507510486,0.01753027209763975,0.00622654427566879,0.03125,0,0.01802844000019377
901014,linear,rewired,scarce,retuned_zero,0.011964586920318952,0.38989241507510486,0.01753027209763975,0.00622654427566879,0.03125,0,0.018490914000039993
901014,linear,rewired,scarce,rewired,0.011964586920318952,0.38989241507510486,0.01753027209763975,0.00622654427566879,0.03125,0,0.018026124000073196
901014,linear,rewired,scarce,reverse,0.011964586920318952,0.38989241507510486,0.01753027209763975,0.00622654427566879,0.03125,0,0.018723755000166875
901014,linear,rewired,scarce,generic_nonlinear,0.011964586920318952,0.38989241507510486,0.01753027209763975,0.00622654427566879,0.03125,0,0.017243299999904593
901014,linear,rewired,scarce,generic_equivalent,0.011964586920318952,0.38989241507510486,0.01753027209763975,0.00622654427566879,0.03125,0,0.01633947599975727
901014,linear,rewired,scarce,signed_intensity,0.011964586920318952,0.38989241507510486,0.01753027209763975,0.00622654427566879,0.03125,0,0.02915054599981204
901014,linear,rewired,scarce,gradient,0.013610135954939886,0.3900372781327346,0.023130356787895462,0.01021127352090008,0.03125,0,0.023056559999758974
901014,linear,rewired,scarce,zero_negative,0.29846348928204597,0.0,0.30334170181485925,0.335970254023204,1.0,0,0.014756670000906524
901014,linear,absent,ample,full,0.006115733513633803,0.48163126512224186,0.00900784787183181,0.00020419235604967316,0.03125,0,0.01878299799989236
901014,linear,absent,ample,no_K,0.006115733513633803,0.48163126512224186,0.00900784787183181,0.00020419235604967316,0.03125,0,0.01843509599979143
901014,linear,absent,ample,no_W,0.006115733513633803,0.48163126512224186,0.00900784787183181,0.00020419235604967316,0.03125,0,0.018282580999880338
901014,linear,absent,ample,no_WK,0.006115733513633803,0.48163126512224186,0.00900784787183181,0.00020419235604967316,0.03125,0,0.018729945000018233
901014,linear,absent,ample,retuned_zero,0.006115733513633803,0.48163126512224186,0.00900784787183181,0.00020419235604967316,0.03125,0,0.018614214999900014
901014,linear,absent,ample,rewired,0.006115733513633803,0.48163126512224186,0.00900784787183181,0.00020419235604967316,0.03125,0,0.01817335599986336
901014,linear,absent,ample,reverse,0.006115733513633803,0.48163126512224186,0.00900784787183181,0.00020419235604967316,0.03125,0,0.018152420000376424
901014,linear,absent,ample,generic_nonlinear,0.006115733513633803,0.48163126512224186,0.00900784787183181,0.00020419235604967316,0.03125,0,0.016707019000307355
901014,linear,absent,ample,generic_equivalent,0.006115733513633803,0.48163126512224186,0.00900784787183181,0.00020419235604967316,0.03125,0,0.016316198999788867
901014,linear,absent,ample,signed_intensity,0.006115733513633803,0.48163126512224186,0.00900784787183181,0.00020419235604967316,0.03125,0,0.029220603000339906
901014,linear,absent,ample,gradient,0.006520271561279673,0.48137822765805066,0.01107863175415247,0.0013964599814425829,0.03125,0,0.022335338999880605
901014,linear,absent,ample,zero_negative,0.29846348928204597,0.0,0.30334170181485925,0.335970254023204,1.0,0,0.014540583999689716
901014,linear,absent,scarce,full,0.017358487368023187,0.3970088287647876,0.022813430935180994,0.012913747328709334,0.03125,0,0.018630553999685162
901014,linear,absent,scarce,no_K,0.017358487368023187,0.3970088287647876,0.022813430935180994,0.012913747328709334,0.03125,0,0.018721636999941893
901014,linear,absent,scarce,no_W,0.017358487368023187,0.3970088287647876,0.022813430935180994,0.012913747328709334,0.03125,0,0.01860114899994869
901014,linear,absent,scarce,no_WK,0.017358487368023187,0.3970088287647876,0.022813430935180994,0.012913747328709334,0.03125,0,0.018123075000630706
901014,linear,absent,scarce,retuned_zero,0.017358487368023187,0.3970088287647876,0.022813430935180994,0.012913747328709334,0.03125,0,0.01827253800024664
901014,linear,absent,scarce,rewired,0.017358487368023187,0.3970088287647876,0.022813430935180994,0.012913747328709334,0.03125,0,0.018442517000153202
901014,linear,absent,scarce,reverse,0.017358487368023187,0.3970088287647876,0.022813430935180994,0.012913747328709334,0.03125,0,0.018454939999855924
901014,linear,absent,scarce,generic_nonlinear,0.017358487368023187,0.3970088287647876,0.022813430935180994,0.012913747328709334,0.03125,0,0.016559201000063695
901014,linear,absent,scarce,generic_equivalent,0.017358487368023187,0.3970088287647876,0.022813430935180994,0.012913747328709334,0.03125,0,0.01616335099981825
901014,linear,absent,scarce,signed_intensity,0.017358487368023187,0.3970088287647876,0.022813430935180994,0.012913747328709334,0.03125,0,0.029198687999667072
901014,linear,absent,scarce,gradient,0.018227664567394455,0.3967792804703568,0.025879709378233997,0.014735420622325038,0.03125,0,0.021143356999687057
901014,linear,absent,scarce,zero_negative,0.29846348928204597,0.0,0.30334170181485925,0.335970254023204,1.0,0,0.014947927999912736
901014,congestion,aligned,ample,full,0.00783158600091953,0.48908258033204766,0.015606467954497258,0.002806114841953046,0.03125,0,0.018812870999568077
901014,congestion,aligned,ample,no_K,0.00783158600091953,0.48908258033204766,0.015606467954497258,0.002806114841953046,0.03125,0,0.018634041000154866
901014,congestion,aligned,ample,no_W,0.00783158600091953,0.48908258033204766,0.015606467954497258,0.002806114841953046,0.03125,0,0.018778342999951292
901014,congestion,aligned,ample,no_WK,0.00783158600091953,0.48908258033204766,0.015606467954497258,0.002806114841953046,0.03125,0,0.01856446999988748
901014,congestion,aligned,ample,retuned_zero,0.00783158600091953,0.48908258033204766,0.015606467954497258,0.002806114841953046,0.03125,0,0.018604533000257106
901014,congestion,aligned,ample,rewired,0.00783158600091953,0.48908258033204766,0.015606467954497258,0.002806114841953046,0.03125,0,0.018293871999787825
901014,congestion,aligned,ample,reverse,0.00783158600091953,0.48908258033204766,0.015606467954497258,0.002806114841953046,0.03125,0,0.01800095399988777
901014,congestion,aligned,ample,generic_nonlinear,0.00783158600091953,0.48908258033204766,0.015606467954497258,0.002806114841953046,0.03125,0,0.016920045999995637
901014,congestion,aligned,ample,generic_equivalent,0.00783158600091953,0.48908258033204766,0.015606467954497258,0.002806114841953046,0.03125,0,0.01675841400032141
901014,congestion,aligned,ample,signed_intensity,0.00783158600091953,0.48908258033204766,0.015606467954497258,0.002806114841953046,0.03125,0,0.03646627000017588
901014,congestion,aligned,ample,gradient,0.008752645768093377,0.48600787469795903,0.01985760934470763,0.005818803454155741,0.03125,0,0.01585015900008102
901014,congestion,aligned,ample,zero_negative,0.29846348928204597,0.0,0.30334170181485925,0.335970254023204,1.0,0,0.014788490999819714
901014,congestion,aligned,scarce,full,0.018520262214109764,0.39578850997528525,0.02617961173898432,0.017786691281344323,0.03125,0,0.018996596999954818
901014,congestion,aligned,scarce,no_K,0.018520262214109764,0.39578850997528525,0.02617961173898432,0.017786691281344323,0.03125,0,0.0189006590005647
901014,congestion,aligned,scarce,no_W,0.018520262214109764,0.39578850997528525,0.02617961173898432,0.017786691281344323,0.03125,0,0.01837328700003127
901014,congestion,aligned,scarce,no_WK,0.018520262214109764,0.39578850997528525,0.02617961173898432,0.017786691281344323,0.03125,0,0.01808451099981312
901014,congestion,aligned,scarce,retuned_zero,0.018520262214109764,0.39578850997528525,0.02617961173898432,0.017786691281344323,0.03125,0,0.018602154999882714
901014,congestion,aligned,scarce,rewired,0.018520262214109764,0.39578850997528525,0.02617961173898432,0.017786691281344323,0.03125,0,0.0182384630001593
901014,congestion,aligned,scarce,reverse,0.018520262214109764,0.39578850997528525,0.02617961173898432,0.017786691281344323,0.03125,0,0.018900913000095443
901014,congestion,aligned,scarce,generic_nonlinear,0.018520262214109764,0.39578850997528525,0.02617961173898432,0.017786691281344323,0.03125,0,0.016895936000082656
901014,congestion,aligned,scarce,generic_equivalent,0.018520262214109764,0.39578850997528525,0.02617961173898432,0.017786691281344323,0.03125,0,0.016857470000843477
901014,congestion,aligned,scarce,signed_intensity,0.018520262214109764,0.39578850997528525,0.02617961173898432,0.017786691281344323,0.03125,0,0.03614880699967671
901014,congestion,aligned,scarce,gradient,0.019658226423454675,0.39580191523097147,0.030290415377670594,0.019793169031197044,0.03125,0,0.016519215000073473
901014,congestion,aligned,scarce,zero_negative,0.29846348928204597,0.0,0.30334170181485925,0.335970254023204,1.0,0,0.01487741999994796
901014,congestion,rewired,ample,full,0.008075766641346726,0.49161522393344054,0.014539343213784618,0.0018904224738080918,0.03125,0,0.018795354999895153
901014,congestion,rewired,ample,no_K,0.008075766641346726,0.49161522393344054,0.014539343213784618,0.0018904224738080918,0.03125,0,0.01883463200016422
901014,congestion,rewired,ample,no_W,0.008075766641346726,0.49161522393344054,0.014539343213784618,0.0018904224738080918,0.03125,0,0.01834955699962393
901014,congestion,rewired,ample,no_WK,0.008075766641346726,0.49161522393344054,0.014539343213784618,0.0018904224738080918,0.03125,0,0.0186867890001281
901014,congestion,rewired,ample,retuned_zero,0.008075766641346726,0.49161522393344054,0.014539343213784618,0.0018904224738080918,0.03125,0,0.018645867000202543
901014,congestion,rewired,ample,rewired,0.008075766641346726,0.49161522393344054,0.014539343213784618,0.0018904224738080918,0.03125,0,0.01855409300020483
901014,congestion,rewired,ample,reverse,0.008075766641346726,0.49161522393344054,0.014539343213784618,0.0018904224738080918,0.03125,0,0.018568688999721417
901014,congestion,rewired,ample,generic_nonlinear,0.008075766641346726,0.49161522393344054,0.014539343213784618,0.0018904224738080918,0.03125,0,0.017007650999971702
901014,congestion,rewired,ample,generic_equivalent,0.008075766641346726,0.49161522393344054,0.014539343213784618,0.0018904224738080918,0.03125,0,0.016415758000903224
901014,congestion,rewired,ample,signed_intensity,0.008075766641346726,0.49161522393344054,0.014539343213784618,0.0018904224738080918,0.03125,0,0.029398813000113933
901014,congestion,rewired,ample,gradient,0.008357139695741502,0.4889080381143374,0.015195519212900086,0.003950780890724908,0.03125,0,0.01627396899988298
901014,congestion,rewired,ample,zero_negative,0.29846348928204597,0.0,0.30334170181485925,0.335970254023204,1.0,0,0.014615387000390001
901014,congestion,rewired,scarce,full,0.018191037294222327,0.3953882651647169,0.023428745912062943,0.016516468315819557,0.03125,0,0.01876525200020751
901014,congestion,rewired,scarce,no_K,0.018191037294222327,0.3953882651647169,0.023428745912062943,0.016516468315819557,0.03125,0,0.018725780999602648
901014,congestion,rewired,scarce,no_W,0.018191037294222327,0.3953882651647169,0.023428745912062943,0.016516468315819557,0.03125,0,0.018537982999873748
901014,congestion,rewired,scarce,no_WK,0.018191037294222327,0.3953882651647169,0.023428745912062943,0.016516468315819557,0.03125,0,0.018687332000126844
901014,congestion,rewired,scarce,retuned_zero,0.018191037294222327,0.3953882651647169,0.023428745912062943,0.016516468315819557,0.03125,0,0.018765904999838767
901014,congestion,rewired,scarce,rewired,0.018191037294222327,0.3953882651647169,0.023428745912062943,0.016516468315819557,0.03125,0,0.018461280000053648
901014,congestion,rewired,scarce,reverse,0.018191037294222327,0.3953882651647169,0.023428745912062943,0.016516468315819557,0.03125,0,0.0185190059999627
901014,congestion,rewired,scarce,generic_nonlinear,0.018191037294222327,0.3953882651647169,0.023428745912062943,0.016516468315819557,0.03125,0,0.016665693999470932
901014,congestion,rewired,scarce,generic_equivalent,0.018191037294222327,0.3953882651647169,0.023428745912062943,0.016516468315819557,0.03125,0,0.01643541000021287
901014,congestion,rewired,scarce,signed_intensity,0.018191037294222327,0.3953882651647169,0.023428745912062943,0.016516468315819557,0.03125,0,0.03424736299956521
901014,congestion,rewired,scarce,gradient,0.01926357346283028,0.39552768200391863,0.02555242442184857,0.018336983314907147,0.03125,0,0.016261669000016354
901014,congestion,rewired,scarce,zero_negative,0.29846348928204597,0.0,0.30334170181485925,0.335970254023204,1.0,0,0.015306776999864269
901014,congestion,absent,ample,full,0.006115733513633803,0.48163126512224186,0.00900784787183181,0.00020419235604967316,0.03125,0,0.01882304800011525
901014,congestion,absent,ample,no_K,0.006115733513633803,0.48163126512224186,0.00900784787183181,0.00020419235604967316,0.03125,0,0.018705058999557878
901014,congestion,absent,ample,no_W,0.006115733513633803,0.48163126512224186,0.00900784787183181,0.00020419235604967316,0.03125,0,0.018692679999674056
901014,congestion,absent,ample,no_WK,0.006115733513633803,0.48163126512224186,0.00900784787183181,0.00020419235604967316,0.03125,0,0.018382051000287447
901014,congestion,absent,ample,retuned_zero,0.006115733513633803,0.48163126512224186,0.00900784787183181,0.00020419235604967316,0.03125,0,0.01849095699992631
901014,congestion,absent,ample,rewired,0.006115733513633803,0.48163126512224186,0.00900784787183181,0.00020419235604967316,0.03125,0,0.018011164999961693
901014,congestion,absent,ample,reverse,0.006115733513633803,0.48163126512224186,0.00900784787183181,0.00020419235604967316,0.03125,0,0.01787211900011698
901014,congestion,absent,ample,generic_nonlinear,0.006115733513633803,0.48163126512224186,0.00900784787183181,0.00020419235604967316,0.03125,0,0.016661996999914663
901014,congestion,absent,ample,generic_equivalent,0.006115733513633803,0.48163126512224186,0.00900784787183181,0.00020419235604967316,0.03125,0,0.021964201999992383
901014,congestion,absent,ample,signed_intensity,0.006115733513633803,0.48163126512224186,0.00900784787183181,0.00020419235604967316,0.03125,0,0.0290374230002044
901014,congestion,absent,ample,gradient,0.006520271561279673,0.48137822765805066,0.01107863175415247,0.0013964599814425829,0.03125,0,0.015383960999997726
901014,congestion,absent,ample,zero_negative,0.29846348928204597,0.0,0.30334170181485925,0.335970254023204,1.0,0,0.014621704000262525
901014,congestion,absent,scarce,full,0.017358487368023187,0.3970088287647876,0.022813430935180994,0.012913747328709334,0.03125,0,0.01869387799990818
901014,congestion,absent,scarce,no_K,0.017358487368023187,0.3970088287647876,0.022813430935180994,0.012913747328709334,0.03125,0,0.018664656000282775
901014,congestion,absent,scarce,no_W,0.017358487368023187,0.3970088287647876,0.022813430935180994,0.012913747328709334,0.03125,0,0.018166193000070052
901014,congestion,absent,scarce,no_WK,0.017358487368023187,0.3970088287647876,0.022813430935180994,0.012913747328709334,0.03125,0,0.018057219000297664
901014,congestion,absent,scarce,retuned_zero,0.017358487368023187,0.3970088287647876,0.022813430935180994,0.012913747328709334,0.03125,0,0.018931395999743472
901014,congestion,absent,scarce,rewired,0.017358487368023187,0.3970088287647876,0.022813430935180994,0.012913747328709334,0.03125,0,0.018434658999694875
901014,congestion,absent,scarce,reverse,0.017358487368023187,0.3970088287647876,0.022813430935180994,0.012913747328709334,0.03125,0,0.01845837699988806
901014,congestion,absent,scarce,generic_nonlinear,0.017358487368023187,0.3970088287647876,0.022813430935180994,0.012913747328709334,0.03125,0,0.016622478999806845
901014,congestion,absent,scarce,generic_equivalent,0.017358487368023187,0.3970088287647876,0.022813430935180994,0.012913747328709334,0.03125,0,0.02384876399986524
901014,congestion,absent,scarce,signed_intensity,0.017358487368023187,0.3970088287647876,0.022813430935180994,0.012913747328709334,0.03125,0,0.029706999000097767
901014,congestion,absent,scarce,gradient,0.018227664567394455,0.3967792804703568,0.025879709378233997,0.014735420622325038,0.03125,0,0.01619231699953616
901014,congestion,absent,scarce,zero_negative,0.29846348928204597,0.0,0.30334170181485925,0.335970254023204,1.0,0,0.0144897809996678
901015,linear,aligned,ample,full,0.011780071713737003,0.3831612101935416,0.019165812155966164,0.0015918419404685866,0.03125,0,0.01891648400004442
901015,linear,aligned,ample,no_K,0.011780071713737003,0.3831612101935416,0.019165812155966164,0.0015918419404685866,0.03125,0,0.019028273999992962
901015,linear,aligned,ample,no_W,0.011780071713737003,0.3831612101935416,0.019165812155966164,0.0015918419404685866,0.03125,0,0.01852070299986508
901015,linear,aligned,ample,no_WK,0.011780071713737003,0.3831612101935416,0.019165812155966164,0.0015918419404685866,0.03125,0,0.018578856999624804
901015,linear,aligned,ample,retuned_zero,0.011780071713737003,0.3831612101935416,0.019165812155966164,0.0015918419404685866,0.03125,0,0.01857469500038178
901015,linear,aligned,ample,rewired,0.011780071713737003,0.3831612101935416,0.019165812155966164,0.0015918419404685866,0.03125,0,0.018821191999961684
901015,linear,aligned,ample,reverse,0.011780071713737003,0.3831612101935416,0.019165812155966164,0.0015918419404685866,0.03125,0,0.018598342999894157
901015,linear,aligned,ample,generic_nonlinear,0.011780071713737003,0.3831612101935416,0.019165812155966164,0.0015918419404685866,0.03125,0,0.01679906400005393
901015,linear,aligned,ample,generic_equivalent,0.011780071713737003,0.3831612101935416,0.019165812155966164,0.0015918419404685866,0.03125,0,0.02288768399989749
901015,linear,aligned,ample,signed_intensity,0.011780071713737003,0.3831612101935416,0.019165812155966164,0.0015918419404685866,0.03125,0,0.028687956999533526
901015,linear,aligned,ample,gradient,0.013021535860840013,0.384006848458307,0.024971329407281917,0.003633285504344318,0.03125,0,0.016131337000331314
901015,linear,aligned,ample,zero_negative,0.2224590466456019,0.0,0.2514299802428926,0.19321327962476004,1.0,0,0.014849089000222193
901015,linear,aligned,scarce,full,0.014269079906825289,0.36636813757782877,0.022952753377861405,0.0015888017195989697,0.03125,0,0.018582047999984752
901015,linear,aligned,scarce,no_K,0.014269079906825289,0.36636813757782877,0.022952753377861405,0.0015888017195989697,0.03125,0,0.018693907000056242
901015,linear,aligned,scarce,no_W,0.014269079906825289,0.36636813757782877,0.022952753377861405,0.0015888017195989697,0.03125,0,0.0183917400000837
901015,linear,aligned,scarce,no_WK,0.014269079906825289,0.36636813757782877,0.022952753377861405,0.0015888017195989697,0.03125,0,0.01873311700052227
901015,linear,aligned,scarce,retuned_zero,0.014269079906825289,0.36636813757782877,0.022952753377861405,0.0015888017195989697,0.03125,0,0.018637067000213392
901015,linear,aligned,scarce,rewired,0.014269079906825289,0.36636813757782877,0.022952753377861405,0.0015888017195989697,0.03125,0,0.018424603999733336
901015,linear,aligned,scarce,reverse,0.014269079906825289,0.36636813757782877,0.022952753377861405,0.0015888017195989697,0.03125,0,0.018579468999575965
901015,linear,aligned,scarce,generic_nonlinear,0.014269079906825289,0.36636813757782877,0.022952753377861405,0.0015888017195989697,0.03125,0,0.022868765000168878
901015,linear,aligned,scarce,generic_equivalent,0.014269079906825289,0.36636813757782877,0.022952753377861405,0.0015888017195989697,0.03125,0,0.01635360700055344
901015,linear,aligned,scarce,signed_intensity,0.014269079906825289,0.36636813757782877,0.022952753377861405,0.0015888017195989697,0.03125,0,0.02933089200013228
901015,linear,aligned,scarce,gradient,0.015172390926030833,0.36744475843586144,0.02648301852559794,0.002756587845628545,0.03125,0,0.016166510000232392
901015,linear,aligned,scarce,zero_negative,0.2224590466456019,0.0,0.2514299802428926,0.19321327962476004,1.0,0,0.015148285999998734
901015,linear,rewired,ample,full,0.01573866581300174,0.38220594640332195,0.026565766488545407,0.005277418750265713,0.03125,0,0.018837895000501703
901015,linear,rewired,ample,no_K,0.01573866581300174,0.38220594640332195,0.026565766488545407,0.005277418750265713,0.03125,0,0.018720115999883546
901015,linear,rewired,ample,no_W,0.01573866581300174,0.38220594640332195,0.026565766488545407,0.005277418750265713,0.03125,0,0.018684272999564655
901015,linear,rewired,ample,no_WK,0.01573866581300174,0.38220594640332195,0.026565766488545407,0.005277418750265713,0.03125,0,0.018770360000189612
901015,linear,rewired,ample,retuned_zero,0.01573866581300174,0.38220594640332195,0.026565766488545407,0.005277418750265713,0.03125,0,0.018676725000318584
901015,linear,rewired,ample,rewired,0.01573866581300174,0.38220594640332195,0.026565766488545407,0.005277418750265713,0.03125,0,0.018130923000285293
901015,linear,rewired,ample,reverse,0.01573866581300174,0.38220594640332195,0.026565766488545407,0.005277418750265713,0.03125,0,0.018154974999674778
901015,linear,rewired,ample,generic_nonlinear,0.01573866581300174,0.38220594640332195,0.026565766488545407,0.005277418750265713,0.03125,0,0.023284960999831128
901015,linear,rewired,ample,generic_equivalent,0.01573866581300174,0.38220594640332195,0.026565766488545407,0.005277418750265713,0.03125,0,0.01689407100036533
901015,linear,rewired,ample,signed_intensity,0.01573866581300174,0.38220594640332195,0.026565766488545407,0.005277418750265713,0.03125,0,0.029206252999813387
901015,linear,rewired,ample,gradient,0.024179443654128312,0.37161177354364155,0.05603668195200029,0.012415593437485136,0.03125,0,0.015661030000046594
901015,linear,rewired,ample,zero_negative,0.2224590466456019,0.0,0.2514299802428926,0.19321327962476004,1.0,0,0.014902400999915244
901015,linear,rewired,scarce,full,0.018342131967579008,0.36185719860932647,0.031384589856988325,0.005305482233596728,0.03125,0,0.018897549999962848
901015,linear,rewired,scarce,no_K,0.018342131967579008,0.36185719860932647,0.031384589856988325,0.005305482233596728,0.03125,0,0.018761146000372264
901015,linear,rewired,scarce,no_W,0.018342131967579008,0.36185719860932647,0.031384589856988325,0.005305482233596728,0.03125,0,0.018841963999989275
901015,linear,rewired,scarce,no_WK,0.018342131967579008,0.36185719860932647,0.031384589856988325,0.005305482233596728,0.03125,0,0.01844261699989147
901015,linear,rewired,scarce,retuned_zero,0.018342131967579008,0.36185719860932647,0.031384589856988325,0.005305482233596728,0.03125,0,0.01875844499983259
901015,linear,rewired,scarce,rewired,0.018342131967579008,0.36185719860932647,0.031384589856988325,0.005305482233596728,0.03125,0,0.01833079800030646
901015,linear,rewired,scarce,reverse,0.018342131967579008,0.36185719860932647,0.031384589856988325,0.005305482233596728,0.03125,0,0.018669850999799564
901015,linear,rewired,scarce,generic_nonlinear,0.018342131967579008,0.36185719860932647,0.031384589856988325,0.005305482233596728,0.03125,0,0.023090508999814574
901015,linear,rewired,scarce,generic_equivalent,0.018342131967579008,0.36185719860932647,0.031384589856988325,0.005305482233596728,0.03125,0,0.01691441499991697
901015,linear,rewired,scarce,signed_intensity,0.018342131967579008,0.36185719860932647,0.031384589856988325,0.005305482233596728,0.03125,0,0.029427994000229774
901015,linear,rewired,scarce,gradient,0.024029855018103827,0.36317402772954693,0.05214275957199399,0.008995207810296637,0.03125,0,0.016179370999850562
901015,linear,rewired,scarce,zero_negative,0.2224590466456019,0.0,0.2514299802428926,0.19321327962476004,1.0,0,0.015019903000506929
901015,linear,absent,ample,full,0.016768790808743092,0.40853450006386766,0.023909234616619274,6.755285304536633e-05,0.03125,0,0.01828415599982236
901015,linear,absent,ample,no_K,0.016768790808743092,0.40853450006386766,0.023909234616619274,6.755285304536633e-05,0.03125,0,0.01864522999989049
901015,linear,absent,ample,no_W,0.016768790808743092,0.40853450006386766,0.023909234616619274,6.755285304536633e-05,0.03125,0,0.017899547999491006
901015,linear,absent,ample,no_WK,0.016768790808743092,0.40853450006386766,0.023909234616619274,6.755285304536633e-05,0.03125,0,0.018350468000221554
901015,linear,absent,ample,retuned_zero,0.016768790808743092,0.40853450006386766,0.023909234616619274,6.755285304536633e-05,0.03125,0,0.018684717999860823
901015,linear,absent,ample,rewired,0.016768790808743092,0.40853450006386766,0.023909234616619274,6.755285304536633e-05,0.03125,0,0.018744961999516363
901015,linear,absent,ample,reverse,0.016768790808743092,0.40853450006386766,0.023909234616619274,6.755285304536633e-05,0.03125,0,0.02529084900010048
901015,linear,absent,ample,generic_nonlinear,0.016768790808743092,0.40853450006386766,0.023909234616619274,6.755285304536633e-05,0.03125,0,0.016722045000506114
901015,linear,absent,ample,generic_equivalent,0.016768790808743092,0.40853450006386766,0.023909234616619274,6.755285304536633e-05,0.03125,0,0.01686327200013693
901015,linear,absent,ample,signed_intensity,0.016768790808743092,0.40853450006386766,0.023909234616619274,6.755285304536633e-05,0.03125,0,0.028640856999970765
901015,linear,absent,ample,gradient,0.017193882701541697,0.40786324191578904,0.026158772348822145,0.0008188207992007064,0.03125,0,0.0162201609996373
901015,linear,absent,ample,zero_negative,0.2224590466456019,0.0,0.2514299802428926,0.19321327962476004,1.0,0,0.014642699999740216
901015,linear,absent,scarce,full,0.0196205292902002,0.38034612880253155,0.02858937075255977,0.00032901408144347076,0.03125,0,0.018755935000569934
901015,linear,absent,scarce,no_K,0.0196205292902002,0.38034612880253155,0.02858937075255977,0.00032901408144347076,0.03125,0,0.018961660000400116
901015,linear,absent,scarce,no_W,0.0196205292902002,0.38034612880253155,0.02858937075255977,0.00032901408144347076,0.03125,0,0.01919721299992716
901015,linear,absent,scarce,no_WK,0.0196205292902002,0.38034612880253155,0.02858937075255977,0.00032901408144347076,0.03125,0,0.018976209999948424
901015,linear,absent,scarce,retuned_zero,0.0196205292902002,0.38034612880253155,0.02858937075255977,0.00032901408144347076,0.03125,0,0.019080195000299227
901015,linear,absent,scarce,rewired,0.0196205292902002,0.38034612880253155,0.02858937075255977,0.00032901408144347076,0.03125,0,0.019251450000183468
901015,linear,absent,scarce,reverse,0.0196205292902002,0.38034612880253155,0.02858937075255977,0.00032901408144347076,0.03125,0,0.027230225000096198
901015,linear,absent,scarce,generic_nonlinear,0.0196205292902002,0.38034612880253155,0.02858937075255977,0.00032901408144347076,0.03125,0,0.017723611000121764
901015,linear,absent,scarce,generic_equivalent,0.0196205292902002,0.38034612880253155,0.02858937075255977,0.00032901408144347076,0.03125,0,0.016577406000010342
901015,linear,absent,scarce,signed_intensity,0.0196205292902002,0.38034612880253155,0.02858937075255977,0.00032901408144347076,0.03125,0,0.029506251000327666
901015,linear,absent,scarce,gradient,0.019987845515420183,0.38046841393352476,0.03024618938983792,0.0009012173683655277,0.03125,0,0.016539714000089134
901015,linear,absent,scarce,zero_negative,0.2224590466456019,0.0,0.2514299802428926,0.19321327962476004,1.0,0,0.015891481000039676
901015,congestion,aligned,ample,full,0.013066421136593911,0.4051335380643772,0.021639553907966545,0.0014423822156010354,0.03125,0,0.019379586000070503
901015,congestion,aligned,ample,no_K,0.013066421136593911,0.4051335380643772,0.021639553907966545,0.0014423822156010354,0.03125,0,0.019166965999772856
901015,congestion,aligned,ample,no_W,0.013066421136593911,0.4051335380643772,0.021639553907966545,0.0014423822156010354,0.03125,0,0.01915509400043902
901015,congestion,aligned,ample,no_WK,0.013066421136593911,0.4051335380643772,0.021639553907966545,0.0014423822156010354,0.03125,0,0.019218070000079024
901015,congestion,aligned,ample,retuned_zero,0.013066421136593911,0.4051335380643772,0.021639553907966545,0.0014423822156010354,0.03125,0,0.019355223000445676
901015,congestion,aligned,ample,rewired,0.013066421136593911,0.4051335380643772,0.021639553907966545,0.0014423822156010354,0.03125,0,0.018563012000015533
901015,congestion,aligned,ample,reverse,0.013066421136593911,0.4051335380643772,0.021639553907966545,0.0014423822156010354,0.03125,0,0.019116755999732504
901015,congestion,aligned,ample,generic_nonlinear,0.013066421136593911,0.4051335380643772,0.021639553907966545,0.0014423822156010354,0.03125,0,0.01750190600012047
901015,congestion,aligned,ample,generic_equivalent,0.013066421136593911,0.4051335380643772,0.021639553907966545,0.0014423822156010354,0.03125,0,0.017058767999856173
901015,congestion,aligned,ample,signed_intensity,0.013066421136593911,0.4051335380643772,0.021639553907966545,0.001442382215601035,0.03125,0,0.029490646000169818
901015,congestion,aligned,ample,gradient,0.013689541318092543,0.4058001470933512,0.024698669826773184,0.0038567719456501924,0.03125,0,0.01597248199976775
901015,congestion,aligned,ample,zero_negative,0.2224590466456019,0.0,0.2514299802428926,0.19321327962476004,1.0,0,0.01494512599964537
901015,congestion,aligned,scarce,full,0.015793235994011563,0.3797205238895292,0.026254614955929595,0.0017049850493732648,0.03125,0,0.019087576999822886
901015,congestion,aligned,scarce,no_K,0.015793235994011563,0.3797205238895292,0.026254614955929595,0.0017049850493732648,0.03125,0,0.019040040999811936
901015,congestion,aligned,scarce,no_W,0.015793235994011563,0.3797205238895292,0.026254614955929595,0.0017049850493732648,0.03125,0,0.018653270000243083
901015,congestion,aligned,scarce,no_WK,0.015793235994011563,0.3797205238895292,0.026254614955929595,0.0017049850493732648,0.03125,0,0.018530381000005036
901015,congestion,aligned,scarce,retuned_zero,0.015793235994011563,0.3797205238895292,0.026254614955929595,0.0017049850493732648,0.03125,0,0.01908098400031122
901015,congestion,aligned,scarce,rewired,0.015793235994011563,0.3797205238895292,0.026254614955929595,0.0017049850493732648,0.03125,0,0.018473034000237476
901015,congestion,aligned,scarce,reverse,0.015793235994011563,0.3797205238895292,0.026254614955929595,0.0017049850493732648,0.03125,0,0.01946363300021403
901015,congestion,aligned,scarce,generic_nonlinear,0.015793235994011563,0.3797205238895292,0.026254614955929595,0.0017049850493732648,0.03125,0,0.01745743000043376
901015,congestion,aligned,scarce,generic_equivalent,0.015793235994011563,0.3797205238895292,0.026254614955929595,0.0017049850493732648,0.03125,0,0.017339522000099805
901015,congestion,aligned,scarce,signed_intensity,0.015793235994011563,0.3797205238895292,0.026254614955929595,0.0017049850493732648,0.03125,0,0.02934596500006137
901015,congestion,aligned,scarce,gradient,0.016417852040880084,0.3799556791054938,0.028200481440873646,0.0033832521774712,0.03125,0,0.01644484600018359
901015,congestion,aligned,scarce,zero_negative,0.2224590466456019,0.0,0.2514299802428926,0.19321327962476004,1.0,0,0.01488446900037843
901015,congestion,rewired,ample,full,0.015703134606146068,0.4048821238529098,0.0273525502082558,0.005354025670172914,0.033203125,0,0.018750637999630726
901015,congestion,rewired,ample,no_K,0.015703134606146068,0.4048821238529098,0.0273525502082558,0.005354025670172914,0.033203125,0,0.019067720000236932
901015,congestion,rewired,ample,no_W,0.015703134606146068,0.4048821238529098,0.0273525502082558,0.005354025670172914,0.033203125,0,0.018675270999494842
901015,congestion,rewired,ample,no_WK,0.015703134606146068,0.4048821238529098,0.0273525502082558,0.005354025670172914,0.033203125,0,0.019063683000069886
901015,congestion,rewired,ample,retuned_zero,0.015703134606146068,0.4048821238529098,0.0273525502082558,0.005354025670172914,0.033203125,0,0.01903312099955201
901015,congestion,rewired,ample,rewired,0.015703134606146068,0.4048821238529098,0.0273525502082558,0.005354025670172914,0.033203125,0,0.02720655700017005
901015,congestion,rewired,ample,reverse,0.015703134606146068,0.4048821238529098,0.0273525502082558,0.005354025670172914,0.033203125,0,0.018665262000183702
901015,congestion,rewired,ample,generic_nonlinear,0.015703134606146068,0.4048821238529098,0.0273525502082558,0.005354025670172914,0.033203125,0,0.017267184999695928
901015,congestion,rewired,ample,generic_equivalent,0.015703134606146068,0.4048821238529098,0.0273525502082558,0.005354025670172914,0.033203125,0,0.0174718189995815
901015,congestion,rewired,ample,signed_intensity,0.015703134606146068,0.4048821238529098,0.0273525502082558,0.005354025670172914,0.033203125,0,0.029647365999721842
901015,congestion,rewired,ample,gradient,0.019233643493498546,0.4080127123022368,0.042943907535068264,0.013615926384326018,0.03125,0,0.01669442299981938
901015,congestion,rewired,ample,zero_negative,0.2224590466456019,0.0,0.2514299802428926,0.19321327962476004,1.0,0,0.015228593999950135
901015,congestion,rewired,scarce,full,0.018881399739980657,0.37851312278740923,0.03337959399625761,0.005658723247188709,0.03125,0,0.021558645000027354
901015,congestion,rewired,scarce,no_K,0.018881399739980657,0.37851312278740923,0.03337959399625761,0.005658723247188709,0.03125,0,0.01911091799991027
901015,congestion,rewired,scarce,no_W,0.018881399739980657,0.37851312278740923,0.03337959399625761,0.005658723247188709,0.03125,0,0.019290962999889416
901015,congestion,rewired,scarce,no_WK,0.018881399739980657,0.37851312278740923,0.03337959399625761,0.005658723247188709,0.03125,0,0.019489552999743864
901015,congestion,rewired,scarce,retuned_zero,0.018881399739980657,0.37851312278740923,0.03337959399625761,0.005658723247188709,0.03125,0,0.019132251000030465
901015,congestion,rewired,scarce,rewired,0.018881399739980657,0.37851312278740923,0.03337959399625761,0.005658723247188709,0.03125,0,0.026423983999904976
901015,congestion,rewired,scarce,reverse,0.018881399739980657,0.37851312278740923,0.03337959399625761,0.005658723247188709,0.03125,0,0.01856700299953218
901015,congestion,rewired,scarce,generic_nonlinear,0.018881399739980657,0.37851312278740923,0.03337959399625761,0.005658723247188709,0.03125,0,0.017359576999865567
901015,congestion,rewired,scarce,generic_equivalent,0.018881399739980657,0.37851312278740923,0.03337959399625761,0.005658723247188709,0.03125,0,0.016677628000024924
901015,congestion,rewired,scarce,signed_intensity,0.018881399739980657,0.37851312278740923,0.03337959399625761,0.005658723247188709,0.03125,0,0.029317429999991873
901015,congestion,rewired,scarce,gradient,0.02106522714050667,0.3809797816507725,0.0407271515904528,0.008828313899589837,0.03125,0,0.016211993000410985
901015,congestion,rewired,scarce,zero_negative,0.2224590466456019,0.0,0.2514299802428926,0.19321327962476004,1.0,0,0.015259567999578394
901015,congestion,absent,ample,full,0.016768790808743092,0.40853450006386766,0.023909234616619274,6.755285304536633e-05,0.03125,0,0.018819116000145186
901015,congestion,absent,ample,no_K,0.016768790808743092,0.40853450006386766,0.023909234616619274,6.755285304536633e-05,0.03125,0,0.018895542999985082
901015,congestion,absent,ample,no_W,0.016768790808743092,0.40853450006386766,0.023909234616619274,6.755285304536633e-05,0.03125,0,0.01853672800024242
901015,congestion,absent,ample,no_WK,0.016768790808743092,0.40853450006386766,0.023909234616619274,6.755285304536633e-05,0.03125,0,0.01841514600022265
901015,congestion,absent,ample,retuned_zero,0.016768790808743092,0.40853450006386766,0.023909234616619274,6.755285304536633e-05,0.03125,0,0.019332419999955164
901015,congestion,absent,ample,rewired,0.016768790808743092,0.40853450006386766,0.023909234616619274,6.755285304536633e-05,0.03125,0,0.024919472000078713
901015,congestion,absent,ample,reverse,0.016768790808743092,0.40853450006386766,0.023909234616619274,6.755285304536633e-05,0.03125,0,0.017936977999852388
901015,congestion,absent,ample,generic_nonlinear,0.016768790808743092,0.40853450006386766,0.023909234616619274,6.755285304536633e-05,0.03125,0,0.017218234999859305
901015,congestion,absent,ample,generic_equivalent,0.016768790808743092,0.40853450006386766,0.023909234616619274,6.755285304536633e-05,0.03125,0,0.016699640000354066
901015,congestion,absent,ample,signed_intensity,0.016768790808743092,0.40853450006386766,0.023909234616619274,6.755285304536633e-05,0.03125,0,0.029118575000211422
901015,congestion,absent,ample,gradient,0.017193882701541697,0.40786324191578904,0.026158772348822145,0.0008188207992007064,0.03125,0,0.015417973000012353
901015,congestion,absent,ample,zero_negative,0.2224590466456019,0.0,0.2514299802428926,0.19321327962476004,1.0,0,0.014531754000302044
901015,congestion,absent,scarce,full,0.0196205292902002,0.38034612880253155,0.02858937075255977,0.00032901408144347076,0.03125,0,0.018766314999709266
901015,congestion,absent,scarce,no_K,0.0196205292902002,0.38034612880253155,0.02858937075255977,0.00032901408144347076,0.03125,0,0.018628827000213732
901015,congestion,absent,scarce,no_W,0.0196205292902002,0.38034612880253155,0.02858937075255977,0.00032901408144347076,0.03125,0,0.01810105699991027
901015,congestion,absent,scarce,no_WK,0.0196205292902002,0.38034612880253155,0.02858937075255977,0.00032901408144347076,0.03125,0,0.018057077999912963
901015,congestion,absent,scarce,retuned_zero,0.0196205292902002,0.38034612880253155,0.02858937075255977,0.00032901408144347076,0.03125,0,0.01833323100004236
901015,congestion,absent,scarce,rewired,0.0196205292902002,0.38034612880253155,0.02858937075255977,0.00032901408144347076,0.03125,0,0.024446159999740757
901015,congestion,absent,scarce,reverse,0.0196205292902002,0.38034612880253155,0.02858937075255977,0.00032901408144347076,0.03125,0,0.01780244799982711
901015,congestion,absent,scarce,generic_nonlinear,0.0196205292902002,0.38034612880253155,0.02858937075255977,0.00032901408144347076,0.03125,0,0.017148660999623644
901015,congestion,absent,scarce,generic_equivalent,0.0196205292902002,0.38034612880253155,0.02858937075255977,0.00032901408144347076,0.03125,0,0.01686160600013409
901015,congestion,absent,scarce,signed_intensity,0.0196205292902002,0.38034612880253155,0.02858937075255977,0.00032901408144347076,0.03125,0,0.02904140399988364
901015,congestion,absent,scarce,gradient,0.019987845515420183,0.38046841393352476,0.03024618938983792,0.0009012173683655277,0.03125,0,0.016079266000872394
901015,congestion,absent,scarce,zero_negative,0.2224590466456019,0.0,0.2514299802428926,0.19321327962476004,1.0,0,0.014577481999936026
901016,linear,aligned,ample,full,0.013959476926622034,0.4787180424835116,0.022961454725180023,0.0021076208090755636,0.03125,0,0.018388768000193068
901016,linear,aligned,ample,no_K,0.013959476926622034,0.4787180424835116,0.022961454725180023,0.0021076208090755636,0.03125,0,0.018670800000222698
901016,linear,aligned,ample,no_W,0.013959476926622034,0.4787180424835116,0.022961454725180023,0.0021076208090755636,0.03125,0,0.018182078999586793
901016,linear,aligned,ample,no_WK,0.013959476926622034,0.4787180424835116,0.022961454725180023,0.0021076208090755636,0.03125,0,0.01852704899982882
901016,linear,aligned,ample,retuned_zero,0.013959476926622034,0.4787180424835116,0.022961454725180023,0.0021076208090755636,0.03125,0,0.01838341100000207
901016,linear,aligned,ample,rewired,0.013959476926622034,0.4787180424835116,0.022961454725180023,0.0021076208090755636,0.03125,0,0.018750213999908283
901016,linear,aligned,ample,reverse,0.013959476926622034,0.4787180424835116,0.022961454725180023,0.0021076208090755636,0.03125,0,0.01883407899993017
901016,linear,aligned,ample,generic_nonlinear,0.013959476926622034,0.4787180424835116,0.022961454725180023,0.0021076208090755636,0.03125,0,0.016809515999739233
901016,linear,aligned,ample,generic_equivalent,0.013959476926622034,0.4787180424835116,0.022961454725180023,0.0021076208090755636,0.03125,0,0.016732417999719473
901016,linear,aligned,ample,signed_intensity,0.013959476926622034,0.4787180424835116,0.022961454725180023,0.0021076208090755636,0.03125,0,0.028674903000535323
901016,linear,aligned,ample,gradient,0.01508353089591035,0.47863662279992686,0.027983656209233224,0.005417661124193323,0.03125,0,0.01620630899981279
901016,linear,aligned,ample,zero_negative,0.28749254633744975,0.0,0.3019302436180215,0.30186926304461315,1.0,0,0.014721086999827548
901016,linear,aligned,scarce,full,0.021571096061203367,0.4,0.031481056727761456,0.015491658515251019,0.03125,0,0.02184507299989491
901016,linear,aligned,scarce,no_K,0.021571096061203367,0.4,0.031481056727761456,0.015491658515251019,0.03125,0,0.018648916999950416
901016,linear,aligned,scarce,no_W,0.021571096061203367,0.4,0.031481056727761456,0.015491658515251019,0.03125,0,0.018990066000128536
901016,linear,aligned,scarce,no_WK,0.021571096061203367,0.4,0.031481056727761456,0.015491658515251019,0.03125,0,0.01890578600017534
901016,linear,aligned,scarce,retuned_zero,0.021571096061203367,0.4,0.031481056727761456,0.015491658515251019,0.03125,0,0.02729117700016559
901016,linear,aligned,scarce,rewired,0.021571096061203367,0.4,0.031481056727761456,0.015491658515251019,0.03125,0,0.019534832999909213
901016,linear,aligned,scarce,reverse,0.021571096061203367,0.4,0.031481056727761456,0.015491658515251019,0.03125,0,0.019054966000169316
901016,linear,aligned,scarce,generic_nonlinear,0.021571096061203367,0.4,0.031481056727761456,0.015491658515251019,0.03125,0,0.017297295000673785
901016,linear,aligned,scarce,generic_equivalent,0.021571096061203367,0.4,0.031481056727761456,0.015491658515251019,0.03125,0,0.016344975999913913
901016,linear,aligned,scarce,signed_intensity,0.021571096061203367,0.4,0.031481056727761456,0.015491658515251019,0.03125,0,0.029322987000284684
901016,linear,aligned,scarce,gradient,0.022432414720822375,0.3999979185647837,0.034578834137000455,0.017461521960153395,0.03125,0,0.01624656600029084
901016,linear,aligned,scarce,zero_negative,0.28749254633744975,0.0,0.3019302436180215,0.30186926304461315,1.0,0,0.015153749999797128
901016,linear,rewired,ample,full,0.01709788236439513,0.4779467627017757,0.02547376060777883,0.0011804558901708049,0.03125,0,0.018699483000204964
901016,linear,rewired,ample,no_K,0.01709788236439513,0.4779467627017757,0.02547376060777883,0.0011804558901708049,0.03125,0,0.018668606999995063
901016,linear,rewired,ample,no_W,0.01709788236439513,0.4779467627017757,0.02547376060777883,0.0011804558901708049,0.03125,0,0.018564113999730125
901016,linear,rewired,ample,no_WK,0.01709788236439513,0.4779467627017757,0.02547376060777883,0.0011804558901708049,0.03125,0,0.018707210999878043
901016,linear,rewired,ample,retuned_zero,0.01709788236439513,0.4779467627017757,0.02547376060777883,0.0011804558901708049,0.03125,0,0.027323283000498577
901016,linear,rewired,ample,rewired,0.01709788236439513,0.4779467627017757,0.02547376060777883,0.0011804558901708049,0.03125,0,0.018977147000555306
901016,linear,rewired,ample,reverse,0.01709788236439513,0.4779467627017757,0.02547376060777883,0.0011804558901708049,0.03125,0,0.018111572000464093
901016,linear,rewired,ample,generic_nonlinear,0.01709788236439513,0.4779467627017757,0.02547376060777883,0.0011804558901708049,0.03125,0,0.01744841900006122
901016,linear,rewired,ample,generic_equivalent,0.01709788236439513,0.4779467627017757,0.02547376060777883,0.0011804558901708049,0.03125,0,0.01693334099996946
901016,linear,rewired,ample,signed_intensity,0.01709788236439513,0.4779467627017757,0.02547376060777883,0.0011804558901708049,0.03125,0,0.029293566000262672
901016,linear,rewired,ample,gradient,0.018012141756662117,0.4778636242643578,0.02975540842121668,0.0036448729515487334,0.03125,0,0.015537309999785975
901016,linear,rewired,ample,zero_negative,0.28749254633744975,0.0,0.3019302436180215,0.30186926304461315,1.0,0,0.014892966999980217
901016,linear,rewired,scarce,full,0.024401523141256383,0.39970833712005915,0.033402032222154786,0.014052832277253801,0.03125,0,0.01892903800029444
901016,linear,rewired,scarce,no_K,0.024401523141256383,0.39970833712005915,0.033402032222154786,0.014052832277253801,0.03125,0,0.018729133999670466
901016,linear,rewired,scarce,no_W,0.024401523141256383,0.39970833712005915,0.033402032222154786,0.014052832277253801,0.03125,0,0.01785986199911349
901016,linear,rewired,scarce,no_WK,0.024401523141256383,0.39970833712005915,0.033402032222154786,0.014052832277253801,0.03125,0,0.018302497999741263
901016,linear,rewired,scarce,retuned_zero,0.024401523141256383,0.39970833712005915,0.033402032222154786,0.014052832277253801,0.03125,0,0.019460158999606847
901016,linear,rewired,scarce,rewired,0.024401523141256383,0.39970833712005915,0.033402032222154786,0.014052832277253801,0.03125,0,0.01924711099985643
901016,linear,rewired,scarce,reverse,0.024401523141256383,0.39970833712005915,0.033402032222154786,0.014052832277253801,0.03125,0,0.018293481999819505
901016,linear,rewired,scarce,generic_nonlinear,0.024401523141256383,0.39970833712005915,0.033402032222154786,0.014052832277253801,0.03125,0,0.017374789000143664
901016,linear,rewired,scarce,generic_equivalent,0.024401523141256383,0.39970833712005915,0.033402032222154786,0.014052832277253801,0.03125,0,0.016887202999896544
901016,linear,rewired,scarce,signed_intensity,0.024401523141256383,0.39970833712005915,0.033402032222154786,0.014052832277253801,0.03125,0,0.029352280999546565
901016,linear,rewired,scarce,gradient,0.025034304583256027,0.39974126922116854,0.036141128538739825,0.01589178583635335,0.03125,0,0.016165356999749747
901016,linear,rewired,scarce,zero_negative,0.28749254633744975,0.0,0.3019302436180215,0.30186926304461315,1.0,0,0.01488136400047324
901016,linear,absent,ample,full,0.016869308966493267,0.511285665744179,0.024118170085574347,0.0005169411344368932,0.03125,0,0.018487376999871685
901016,linear,absent,ample,no_K,0.016869308966493267,0.511285665744179,0.024118170085574347,0.0005169411344368932,0.03125,0,0.018869904000212046
901016,linear,absent,ample,no_W,0.016869308966493267,0.511285665744179,0.024118170085574347,0.0005169411344368932,0.03125,0,0.018275395999751254
901016,linear,absent,ample,no_WK,0.016869308966493267,0.511285665744179,0.024118170085574347,0.0005169411344368932,0.03125,0,0.019326373999888347
901016,linear,absent,ample,retuned_zero,0.016869308966493267,0.511285665744179,0.024118170085574347,0.0005169411344368932,0.03125,0,0.025311931999681292
901016,linear,absent,ample,rewired,0.016869308966493267,0.511285665744179,0.024118170085574347,0.0005169411344368932,0.03125,0,0.018427886000210947
901016,linear,absent,ample,reverse,0.016869308966493267,0.511285665744179,0.024118170085574347,0.0005169411344368932,0.03125,0,0.018329846000028738
901016,linear,absent,ample,generic_nonlinear,0.016869308966493267,0.511285665744179,0.024118170085574347,0.0005169411344368932,0.03125,0,0.016664324999680957
901016,linear,absent,ample,generic_equivalent,0.016869308966493267,0.511285665744179,0.024118170085574347,0.0005169411344368932,0.03125,0,0.01690031200030262
901016,linear,absent,ample,signed_intensity,0.016869308966493267,0.511285665744179,0.024118170085574347,0.0005169411344368932,0.03125,0,0.028892539000082706
901016,linear,absent,ample,gradient,0.0170394565252582,0.5112603739577505,0.024975525929465014,0.0007142545625932177,0.03125,0,0.016415911000194683
901016,linear,absent,ample,zero_negative,0.28749254633744975,0.0,0.3019302436180215,0.30186926304461315,1.0,0,0.014709636000134196
901016,linear,absent,scarce,full,0.03141199629655991,0.4,0.040009605561816514,0.02388812614442601,0.03125,0,0.019503056999724322
901016,linear,absent,scarce,no_K,0.03141199629655991,0.4,0.040009605561816514,0.02388812614442601,0.03125,0,0.018802050999852327
901016,linear,absent,scarce,no_W,0.03141199629655991,0.4,0.040009605561816514,0.02388812614442601,0.03125,0,0.018481857999915974
901016,linear,absent,scarce,no_WK,0.03141199629655991,0.4,0.040009605561816514,0.02388812614442601,0.03125,0,0.0251455289999285
901016,linear,absent,scarce,retuned_zero,0.03141199629655991,0.4,0.040009605561816514,0.02388812614442601,0.03125,0,0.018687428000248474
901016,linear,absent,scarce,rewired,0.03141199629655991,0.4,0.040009605561816514,0.02388812614442601,0.03125,0,0.01848822300030406
901016,linear,absent,scarce,reverse,0.03141199629655991,0.4,0.040009605561816514,0.02388812614442601,0.03125,0,0.01843940899999552
901016,linear,absent,scarce,generic_nonlinear,0.03141199629655991,0.4,0.040009605561816514,0.02388812614442601,0.03125,0,0.017460070000026917
901016,linear,absent,scarce,generic_equivalent,0.03141199629655991,0.4,0.040009605561816514,0.02388812614442601,0.03125,0,0.016408875999729844
901016,linear,absent,scarce,signed_intensity,0.03141199629655991,0.4,0.040009605561816514,0.02388812614442601,0.03125,0,0.02933213399973056
901016,linear,absent,scarce,gradient,0.031228090458436716,0.3999999999999999,0.040391112701169095,0.023683897969829674,0.03125,0,0.01609224600019843
901016,linear,absent,scarce,zero_negative,0.28749254633744975,0.0,0.3019302436180215,0.30186926304461315,1.0,0,0.015230348999921262
901016,congestion,aligned,ample,full,0.018152557401416698,0.5233214296723212,0.029716680487144695,0.0027253524888209693,0.03125,0,0.019219234999638957
901016,congestion,aligned,ample,no_K,0.018152557401416698,0.5233214296723212,0.029716680487144695,0.0027253524888209693,0.03125,0,0.0188959149998027
901016,congestion,aligned,ample,no_W,0.018152557401416698,0.5233214296723212,0.029716680487144695,0.0027253524888209693,0.03125,0,0.018875358000116194
901016,congestion,aligned,ample,no_WK,0.018152557401416698,0.5233214296723212,0.029716680487144695,0.0027253524888209693,0.03125,0,0.026534204999848043
901016,congestion,aligned,ample,retuned_zero,0.018152557401416698,0.5233214296723212,0.029716680487144695,0.0027253524888209693,0.03125,0,0.018833103000190476
901016,congestion,aligned,ample,rewired,0.018152557401416698,0.5233214296723212,0.029716680487144695,0.0027253524888209693,0.03125,0,0.01892423199996074
901016,congestion,aligned,ample,reverse,0.018152557401416698,0.5233214296723212,0.029716680487144695,0.0027253524888209693,0.03125,0,0.01887409299996534
901016,congestion,aligned,ample,generic_nonlinear,0.018152557401416698,0.5233214296723212,0.029716680487144695,0.0027253524888209693,0.03125,0,0.018316236000202935
901016,congestion,aligned,ample,generic_equivalent,0.018152557401416698,0.5233214296723212,0.029716680487144695,0.0027253524888209693,0.03125,0,0.01727768300020216
901016,congestion,aligned,ample,signed_intensity,0.018152557401416698,0.5233214296723212,0.029716680487144695,0.0027253524888209693,0.03125,0,0.029847122000091986
901016,congestion,aligned,ample,gradient,0.01924441647322028,0.5213287476394788,0.034535384998763734,0.006054928757022674,0.03125,0,0.015646262000132083
901016,congestion,aligned,ample,zero_negative,0.28749254633744975,0.0,0.3019302436180215,0.30186926304461315,1.0,0,0.015032313000631348
901016,congestion,aligned,scarce,full,0.032109123683721194,0.39999999999999997,0.04365681929338311,0.02473184390721038,0.03125,0,0.01893407600016417
901016,congestion,aligned,scarce,no_K,0.032109123683721194,0.39999999999999997,0.04365681929338311,0.02473184390721038,0.03125,0,0.018757893999804764
901016,congestion,aligned,scarce,no_W,0.032109123683721194,0.39999999999999997,0.04365681929338311,0.02473184390721038,0.03125,0,0.018136784999683186
901016,congestion,aligned,scarce,no_WK,0.032109123683721194,0.39999999999999997,0.04365681929338311,0.02473184390721038,0.03125,0,0.018343914000070072
901016,congestion,aligned,scarce,retuned_zero,0.032109123683721194,0.39999999999999997,0.04365681929338311,0.02473184390721038,0.03125,0,0.018408903000079135
901016,congestion,aligned,scarce,rewired,0.032109123683721194,0.39999999999999997,0.04365681929338311,0.02473184390721038,0.03125,0,0.01881737000007888
901016,congestion,aligned,scarce,reverse,0.032109123683721194,0.39999999999999997,0.04365681929338311,0.02473184390721038,0.03125,0,0.018095988999846213
901016,congestion,aligned,scarce,generic_nonlinear,0.032109123683721194,0.39999999999999997,0.04365681929338311,0.02473184390721038,0.03125,0,0.017255694999676052
901016,congestion,aligned,scarce,generic_equivalent,0.032109123683721194,0.39999999999999997,0.04365681929338311,0.02473184390721038,0.03125,0,0.01699857900001689
901016,congestion,aligned,scarce,signed_intensity,0.032109123683721194,0.39999999999999997,0.04365681929338311,0.02473184390721038,0.03125,0,0.029758333999552633
901016,congestion,aligned,scarce,gradient,0.03257335269168611,0.4,0.045630837012270775,0.026022723063817498,0.03125,0,0.01637243500022123
901016,congestion,aligned,scarce,zero_negative,0.28749254633744975,0.0,0.3019302436180215,0.30186926304461315,1.0,0,0.014925733000097807
901016,congestion,rewired,ample,full,0.018400375938670013,0.5279108100958337,0.02971884463981127,0.0034095779896246613,0.03125,0,0.018611144000090007
901016,congestion,rewired,ample,no_K,0.018400375938670013,0.5279108100958337,0.02971884463981127,0.0034095779896246613,0.03125,0,0.01891412900005207
901016,congestion,rewired,ample,no_W,0.018400375938670013,0.5279108100958337,0.02971884463981127,0.0034095779896246613,0.03125,0,0.0184163880000483
901016,congestion,rewired,ample,no_WK,0.018400375938670013,0.5279108100958337,0.02971884463981127,0.0034095779896246613,0.03125,0,0.01918699899999865
901016,congestion,rewired,ample,retuned_zero,0.018400375938670013,0.5279108100958337,0.02971884463981127,0.0034095779896246613,0.03125,0,0.01902133599969602
901016,congestion,rewired,ample,rewired,0.018400375938670013,0.5279108100958337,0.02971884463981127,0.0034095779896246613,0.03125,0,0.018741963999673317
901016,congestion,rewired,ample,reverse,0.018400375938670013,0.5279108100958337,0.02971884463981127,0.0034095779896246613,0.03125,0,0.018635914000014964
901016,congestion,rewired,ample,generic_nonlinear,0.018400375938670013,0.5279108100958337,0.02971884463981127,0.0034095779896246613,0.03125,0,0.01685896900028183
901016,congestion,rewired,ample,generic_equivalent,0.018400375938670013,0.5279108100958337,0.02971884463981127,0.0034095779896246613,0.03125,0,0.01710868600048343
901016,congestion,rewired,ample,signed_intensity,0.018400375938670013,0.5279108100958337,0.02971884463981127,0.0034095779896246613,0.03125,0,0.029264446999775373
901016,congestion,rewired,ample,gradient,0.019331924165772545,0.5248642392952854,0.033846886077188144,0.00569329562918213,0.03125,0,0.016304562000016176
901016,congestion,rewired,ample,zero_negative,0.28749254633744975,0.0,0.3019302436180215,0.30186926304461315,1.0,0,0.014963383000235808
901016,congestion,rewired,scarce,full,0.03227542739707494,0.39999999999999997,0.04217998359472597,0.025240597792805866,0.03125,0,0.018982725000171286
901016,congestion,rewired,scarce,no_K,0.03227542739707494,0.39999999999999997,0.04217998359472597,0.025240597792805866,0.03125,0,0.018958437000094364
901016,congestion,rewired,scarce,no_W,0.03227542739707494,0.39999999999999997,0.04217998359472597,0.025240597792805866,0.03125,0,0.027874036999889995
901016,congestion,rewired,scarce,no_WK,0.03227542739707494,0.39999999999999997,0.04217998359472597,0.025240597792805866,0.03125,0,0.01943289099978074
901016,congestion,rewired,scarce,retuned_zero,0.03227542739707494,0.39999999999999997,0.04217998359472597,0.025240597792805866,0.03125,0,0.018757891999769072
901016,congestion,rewired,scarce,rewired,0.03227542739707494,0.39999999999999997,0.04217998359472597,0.025240597792805866,0.03125,0,0.018444807000378205
901016,congestion,rewired,scarce,reverse,0.03227542739707494,0.39999999999999997,0.04217998359472597,0.025240597792805866,0.03125,0,0.019016632999353078
901016,congestion,rewired,scarce,generic_nonlinear,0.03227542739707494,0.39999999999999997,0.04217998359472597,0.025240597792805866,0.03125,0,0.01750851899942063
901016,congestion,rewired,scarce,generic_equivalent,0.03227542739707494,0.39999999999999997,0.04217998359472597,0.025240597792805866,0.03125,0,0.016897270999891134
901016,congestion,rewired,scarce,signed_intensity,0.03227542739707494,0.39999999999999997,0.04217998359472597,0.025240597792805866,0.03125,0,0.030172435999929803
901016,congestion,rewired,scarce,gradient,0.0327206229826302,0.4,0.04491851527481472,0.026621200748821273,0.03125,0,0.01659637400024394
901016,congestion,rewired,scarce,zero_negative,0.28749254633744975,0.0,0.3019302436180215,0.30186926304461315,1.0,0,0.01545859999998811
901016,congestion,absent,ample,full,0.016869308966493267,0.511285665744179,0.024118170085574347,0.0005169411344368932,0.03125,0,0.018888235999668268
901016,congestion,absent,ample,no_K,0.016869308966493267,0.511285665744179,0.024118170085574347,0.0005169411344368932,0.03125,0,0.018883259999995516
901016,congestion,absent,ample,no_W,0.016869308966493267,0.511285665744179,0.024118170085574347,0.0005169411344368932,0.03125,0,0.026618836999887208
901016,congestion,absent,ample,no_WK,0.016869308966493267,0.511285665744179,0.024118170085574347,0.0005169411344368932,0.03125,0,0.018518882000023495
901016,congestion,absent,ample,retuned_zero,0.016869308966493267,0.511285665744179,0.024118170085574347,0.0005169411344368932,0.03125,0,0.01860886800005801
901016,congestion,absent,ample,rewired,0.016869308966493267,0.511285665744179,0.024118170085574347,0.0005169411344368932,0.03125,0,0.0183293570000842
901016,congestion,absent,ample,reverse,0.016869308966493267,0.511285665744179,0.024118170085574347,0.0005169411344368932,0.03125,0,0.018121362000272256
901016,congestion,absent,ample,generic_nonlinear,0.016869308966493267,0.511285665744179,0.024118170085574347,0.0005169411344368932,0.03125,0,0.01735981200022252
901016,congestion,absent,ample,generic_equivalent,0.016869308966493267,0.511285665744179,0.024118170085574347,0.0005169411344368932,0.03125,0,0.01675464899983581
901016,congestion,absent,ample,signed_intensity,0.016869308966493267,0.511285665744179,0.024118170085574347,0.0005169411344368932,0.03125,0,0.02974029299969061
901016,congestion,absent,ample,gradient,0.0170394565252582,0.5112603739577505,0.024975525929465014,0.0007142545625932177,0.03125,0,0.015588496000475516
901016,congestion,absent,ample,zero_negative,0.28749254633744975,0.0,0.3019302436180215,0.30186926304461315,1.0,0,0.014643632000115758
901016,congestion,absent,scarce,full,0.03141199629655991,0.4,0.040009605561816514,0.02388812614442601,0.03125,0,0.018958092999810106
901016,congestion,absent,scarce,no_K,0.03141199629655991,0.4,0.040009605561816514,0.02388812614442601,0.03125,0,0.01875348700008317
901016,congestion,absent,scarce,no_W,0.03141199629655991,0.4,0.040009605561816514,0.02388812614442601,0.03125,0,0.025061152999967362
901016,congestion,absent,scarce,no_WK,0.03141199629655991,0.4,0.040009605561816514,0.02388812614442601,0.03125,0,0.01816510899942614
901016,congestion,absent,scarce,retuned_zero,0.03141199629655991,0.4,0.040009605561816514,0.02388812614442601,0.03125,0,0.018190706000154933
901016,congestion,absent,scarce,rewired,0.03141199629655991,0.4,0.040009605561816514,0.02388812614442601,0.03125,0,0.018550434000076166
901016,congestion,absent,scarce,reverse,0.03141199629655991,0.4,0.040009605561816514,0.02388812614442601,0.03125,0,0.018062962999920273
901016,congestion,absent,scarce,generic_nonlinear,0.03141199629655991,0.4,0.040009605561816514,0.02388812614442601,0.03125,0,0.01741474900012463
901016,congestion,absent,scarce,generic_equivalent,0.03141199629655991,0.4,0.040009605561816514,0.02388812614442601,0.03125,0,0.01711519699966857
901016,congestion,absent,scarce,signed_intensity,0.03141199629655991,0.4,0.040009605561816514,0.02388812614442601,0.03125,0,0.029837522999628163
901016,congestion,absent,scarce,gradient,0.031228090458436716,0.3999999999999999,0.040391112701169095,0.023683897969829674,0.03125,0,0.015958041999851957
901016,congestion,absent,scarce,zero_negative,0.28749254633744975,0.0,0.3019302436180215,0.30186926304461315,1.0,0,0.014392560000032972
901017,linear,aligned,ample,full,0.011805029610026496,0.4843014649495071,0.019011358340163927,0.0010760290420640673,0.03125,0,0.01850480600000992
901017,linear,aligned,ample,no_K,0.011805029610026496,0.4843014649495071,0.019011358340163927,0.0010760290420640673,0.03125,0,0.01888130799989085
901017,linear,aligned,ample,no_W,0.011805029610026496,0.4843014649495071,0.019011358340163927,0.0010760290420640673,0.03125,0,0.024550655999860282
901017,linear,aligned,ample,no_WK,0.011805029610026496,0.4843014649495071,0.019011358340163927,0.0010760290420640673,0.03125,0,0.018330203000118672
901017,linear,aligned,ample,retuned_zero,0.011805029610026496,0.4843014649495071,0.019011358340163927,0.0010760290420640673,0.03125,0,0.01892121399998814
901017,linear,aligned,ample,rewired,0.011805029610026496,0.4843014649495071,0.019011358340163927,0.0010760290420640673,0.03125,0,0.018643740000015896
901017,linear,aligned,ample,reverse,0.011805029610026496,0.4843014649495071,0.019011358340163927,0.0010760290420640673,0.03125,0,0.018417666999994253
901017,linear,aligned,ample,generic_nonlinear,0.011805029610026496,0.4843014649495071,0.019011358340163927,0.0010760290420640673,0.03125,0,0.016964241000039237
901017,linear,aligned,ample,generic_equivalent,0.011805029610026496,0.4843014649495071,0.019011358340163927,0.0010760290420640673,0.03125,0,0.01698243000015509
901017,linear,aligned,ample,signed_intensity,0.011805029610026496,0.4843014649495071,0.019011358340163927,0.0010760290420640673,0.03125,0,0.028805376999684995
901017,linear,aligned,ample,gradient,0.0125004763142629,0.48651342414896426,0.022177837413456466,0.0011271030046029634,0.03125,0,0.016212869000185037
901017,linear,aligned,ample,zero_negative,0.323244456831041,0.0,0.3308357248967077,0.3757573126889855,1.0,0,0.01472515200015323
901017,linear,aligned,scarce,full,0.023272938084853735,0.39942327430422797,0.031073033081894796,0.023983428489442026,0.03125,0,0.01866402900020603
901017,linear,aligned,scarce,no_K,0.023272938084853735,0.39942327430422797,0.031073033081894796,0.023983428489442026,0.03125,0,0.018579022999631434
901017,linear,aligned,scarce,no_W,0.023272938084853735,0.39942327430422797,0.031073033081894796,0.023983428489442026,0.03125,0,0.018879547000267394
901017,linear,aligned,scarce,no_WK,0.023272938084853735,0.39942327430422797,0.031073033081894796,0.023983428489442026,0.03125,0,0.018728926999870055
901017,linear,aligned,scarce,retuned_zero,0.023272938084853735,0.39942327430422797,0.031073033081894796,0.023983428489442026,0.03125,0,0.01857976799988137
901017,linear,aligned,scarce,rewired,0.023272938084853735,0.39942327430422797,0.031073033081894796,0.023983428489442026,0.03125,0,0.019050109999852793
901017,linear,aligned,scarce,reverse,0.023272938084853735,0.39942327430422797,0.031073033081894796,0.023983428489442026,0.03125,0,0.018746499000144468
901017,linear,aligned,scarce,generic_nonlinear,0.023272938084853735,0.39942327430422797,0.031073033081894796,0.023983428489442026,0.03125,0,0.01739173000004257
901017,linear,aligned,scarce,generic_equivalent,0.023272938084853735,0.39942327430422797,0.031073033081894796,0.023983428489442026,0.03125,0,0.016609681000318233
901017,linear,aligned,scarce,signed_intensity,0.023272938084853735,0.39942327430422797,0.031073033081894796,0.023983428489442026,0.03125,0,0.029060127999969154
901017,linear,aligned,scarce,gradient,0.024292598159233354,0.3998747747069361,0.03322482308721623,0.025270711345684423,0.03125,0,0.016084709999915958
901017,linear,aligned,scarce,zero_negative,0.323244456831041,0.0,0.3308357248967077,0.3757573126889855,1.0,0,0.015245436999805406
901017,linear,rewired,ample,full,0.011838300054069233,0.4840821242252398,0.020229684573078773,0.0011104804173755027,0.03125,0,0.018773792000104095
901017,linear,rewired,ample,no_K,0.011838300054069233,0.4840821242252398,0.020229684573078773,0.0011104804173755027,0.03125,0,0.02636955400015495
901017,linear,rewired,ample,no_W,0.011838300054069233,0.4840821242252398,0.020229684573078773,0.0011104804173755027,0.03125,0,0.01840026800010719
901017,linear,rewired,ample,no_WK,0.011838300054069233,0.4840821242252398,0.020229684573078773,0.0011104804173755027,0.03125,0,0.01862358599981917
901017,linear,rewired,ample,retuned_zero,0.011838300054069233,0.4840821242252398,0.020229684573078773,0.0011104804173755027,0.03125,0,0.0184359690001088
901017,linear,rewired,ample,rewired,0.011838300054069233,0.4840821242252398,0.020229684573078773,0.0011104804173755027,0.03125,0,0.018318101000431852
901017,linear,rewired,ample,reverse,0.011838300054069233,0.4840821242252398,0.020229684573078773,0.0011104804173755027,0.03125,0,0.018287294000060683
901017,linear,rewired,ample,generic_nonlinear,0.011838300054069233,0.4840821242252398,0.020229684573078773,0.0011104804173755027,0.03125,0,0.01728010000033464
901017,linear,rewired,ample,generic_equivalent,0.011838300054069233,0.4840821242252398,0.020229684573078773,0.0011104804173755027,0.03125,0,0.016915873999892028
901017,linear,rewired,ample,signed_intensity,0.011838300054069233,0.4840821242252398,0.020229684573078773,0.0011104804173755027,0.03125,0,0.0292326889996275
901017,linear,rewired,ample,gradient,0.013714735886513191,0.4912148733432592,0.029072027799590047,0.0015009107018519204,0.03125,0,0.015533399000048576
901017,linear,rewired,ample,zero_negative,0.323244456831041,0.0,0.3308357248967077,0.3757573126889855,1.0,0,0.014744902000074944
901017,linear,rewired,scarce,full,0.023874219242394138,0.3993884158551454,0.03343934741847667,0.02542254090036007,0.03125,0,0.019016137000733124
901017,linear,rewired,scarce,no_K,0.023874219242394138,0.3993884158551454,0.03343934741847667,0.02542254090036007,0.03125,0,0.02599961699979758
901017,linear,rewired,scarce,no_W,0.023874219242394138,0.3993884158551454,0.03343934741847667,0.02542254090036007,0.03125,0,0.018624798000189458
901017,linear,rewired,scarce,no_WK,0.023874219242394138,0.3993884158551454,0.03343934741847667,0.02542254090036007,0.03125,0,0.018173146000094675
901017,linear,rewired,scarce,retuned_zero,0.023874219242394138,0.3993884158551454,0.03343934741847667,0.02542254090036007,0.03125,0,0.0181263660000468
901017,linear,rewired,scarce,rewired,0.023874219242394138,0.3993884158551454,0.03343934741847667,0.02542254090036007,0.03125,0,0.018570324000052096
901017,linear,rewired,scarce,reverse,0.023874219242394138,0.3993884158551454,0.03343934741847667,0.02542254090036007,0.03125,0,0.01836393299959127
901017,linear,rewired,scarce,generic_nonlinear,0.023874219242394138,0.3993884158551454,0.03343934741847667,0.02542254090036007,0.03125,0,0.01755223000031947
901017,linear,rewired,scarce,generic_equivalent,0.023874219242394138,0.3993884158551454,0.03343934741847667,0.02542254090036007,0.03125,0,0.016694836000226587
901017,linear,rewired,scarce,signed_intensity,0.023874219242394138,0.3993884158551454,0.03343934741847667,0.02542254090036007,0.03125,0,0.029217234000100234
901017,linear,rewired,scarce,gradient,0.025159778379455048,0.399996125739423,0.03649334150072976,0.02695506830753823,0.03125,0,0.015914496000277722
901017,linear,rewired,scarce,zero_negative,0.323244456831041,0.0,0.3308357248967077,0.3757573126889855,1.0,0,0.014633935000119891
901017,linear,absent,ample,full,0.012238534271896017,0.5180363730157425,0.01787492241059657,0.0003980592898103266,0.03125,0,0.018312584000057086
901017,linear,absent,ample,no_K,0.012238534271896017,0.5180363730157425,0.01787492241059657,0.0003980592898103266,0.03125,0,0.018967448999717362
901017,linear,absent,ample,no_W,0.012238534271896017,0.5180363730157425,0.01787492241059657,0.0003980592898103266,0.03125,0,0.01860282900003085
901017,linear,absent,ample,no_WK,0.012238534271896017,0.5180363730157425,0.01787492241059657,0.0003980592898103266,0.03125,0,0.017876471000306537
901017,linear,absent,ample,retuned_zero,0.012238534271896017,0.5180363730157425,0.01787492241059657,0.0003980592898103266,0.03125,0,0.018401406999828396
901017,linear,absent,ample,rewired,0.012238534271896017,0.5180363730157425,0.01787492241059657,0.0003980592898103266,0.03125,0,0.01857585699980291
901017,linear,absent,ample,reverse,0.012238534271896017,0.5180363730157425,0.01787492241059657,0.0003980592898103266,0.03125,0,0.0186385490000589
901017,linear,absent,ample,generic_nonlinear,0.012238534271896017,0.5180363730157425,0.01787492241059657,0.0003980592898103266,0.03125,0,0.016840546999901562
901017,linear,absent,ample,generic_equivalent,0.012238534271896017,0.5180363730157425,0.01787492241059657,0.0003980592898103266,0.03125,0,0.01672491600010062
901017,linear,absent,ample,signed_intensity,0.012238534271896017,0.5180363730157425,0.01787492241059657,0.0003980592898103266,0.03125,0,0.028508317000330408
901017,linear,absent,ample,gradient,0.012392673181633902,0.5180672202897358,0.01864716469580708,0.0006015315861828715,0.03125,0,0.0164303739998104
901017,linear,absent,ample,zero_negative,0.323244456831041,0.0,0.3308357248967077,0.3757573126889855,1.0,0,0.014554975999885755
901017,linear,absent,scarce,full,0.03191466774503385,0.39999999999999997,0.03809159310807519,0.036634324177788544,0.03125,0,0.018929867999815997
901017,linear,absent,scarce,no_K,0.03191466774503385,0.39999999999999997,0.03809159310807519,0.036634324177788544,0.03125,0,0.0249399570000719
901017,linear,absent,scarce,no_W,0.03191466774503385,0.39999999999999997,0.03809159310807519,0.036634324177788544,0.03125,0,0.01834218499976714
901017,linear,absent,scarce,no_WK,0.03191466774503385,0.39999999999999997,0.03809159310807519,0.036634324177788544,0.03125,0,0.01839763800040828
901017,linear,absent,scarce,retuned_zero,0.03191466774503385,0.39999999999999997,0.03809159310807519,0.036634324177788544,0.03125,0,0.018535463999739932
901017,linear,absent,scarce,rewired,0.03191466774503385,0.39999999999999997,0.03809159310807519,0.036634324177788544,0.03125,0,0.018811251000215634
901017,linear,absent,scarce,reverse,0.03191466774503385,0.39999999999999997,0.03809159310807519,0.036634324177788544,0.03125,0,0.01870113100000026
901017,linear,absent,scarce,generic_nonlinear,0.03191466774503385,0.39999999999999997,0.03809159310807519,0.036634324177788544,0.03125,0,0.017243727000163744
901017,linear,absent,scarce,generic_equivalent,0.03191466774503385,0.39999999999999997,0.03809159310807519,0.036634324177788544,0.03125,0,0.016141227999582952
901017,linear,absent,scarce,signed_intensity,0.03191466774503385,0.39999999999999997,0.03809159310807519,0.036634324177788544,0.03125,0,0.02942250799986823
901017,linear,absent,scarce,gradient,0.032202803428602975,0.4,0.038752922892380255,0.03697159437244649,0.03125,0,0.015901959999666815
901017,linear,absent,scarce,zero_negative,0.323244456831041,0.0,0.3308357248967077,0.3757573126889855,1.0,0,0.015037219999896934
901017,congestion,aligned,ample,full,0.012013621483833604,0.5264833858493188,0.020908123967680003,0.0020071502397817492,0.03125,0,0.024957222000011825
901017,congestion,aligned,ample,no_K,0.012013621483833604,0.5264833858493188,0.020908123967680003,0.0020071502397817492,0.03125,0,0.019131323999886263
901017,congestion,aligned,ample,no_W,0.012013621483833604,0.5264833858493188,0.020908123967680003,0.0020071502397817492,0.03125,0,0.018966333999685503
901017,congestion,aligned,ample,no_WK,0.012013621483833604,0.5264833858493188,0.020908123967680003,0.0020071502397817492,0.03125,0,0.019314971999961017
901017,congestion,aligned,ample,retuned_zero,0.012013621483833604,0.5264833858493188,0.020908123967680003,0.0020071502397817492,0.03125,0,0.0190133329996911
901017,congestion,aligned,ample,rewired,0.012013621483833604,0.5264833858493188,0.020908123967680003,0.0020071502397817492,0.03125,0,0.018772629000238794
901017,congestion,aligned,ample,reverse,0.012013621483833604,0.5264833858493188,0.020908123967680003,0.0020071502397817492,0.03125,0,0.01810073200044826
901017,congestion,aligned,ample,generic_nonlinear,0.012013621483833604,0.5264833858493188,0.020908123967680003,0.0020071502397817492,0.03125,0,0.017179609999686818
901017,congestion,aligned,ample,generic_equivalent,0.012013621483833604,0.5264833858493188,0.020908123967680003,0.0020071502397817492,0.03125,0,0.017238129999839202
901017,congestion,aligned,ample,signed_intensity,0.012013621483833604,0.5264833858493188,0.020908123967680003,0.0020071502397817492,0.03125,0,0.029636178999908225
901017,congestion,aligned,ample,gradient,0.011891802577020476,0.5236831927333033,0.01997026531012895,0.0015932421063112425,0.03125,0,0.01577224100026342
901017,congestion,aligned,ample,zero_negative,0.323244456831041,0.0,0.3308357248967077,0.3757573126889855,1.0,0,0.014668788999756543
901017,congestion,aligned,scarce,full,0.02895931294316899,0.4,0.034944707960165695,0.03360388317838233,0.03125,0,0.025392938000265985
901017,congestion,aligned,scarce,no_K,0.02895931294316899,0.4,0.034944707960165695,0.03360388317838233,0.03125,0,0.019164730999648327
901017,congestion,aligned,scarce,no_W,0.02895931294316899,0.4,0.034944707960165695,0.03360388317838233,0.03125,0,0.019041896000260294
901017,congestion,aligned,scarce,no_WK,0.02895931294316899,0.4,0.034944707960165695,0.03360388317838233,0.03125,0,0.01815363299965611
901017,congestion,aligned,scarce,retuned_zero,0.02895931294316899,0.4,0.034944707960165695,0.03360388317838233,0.03125,0,0.018265012999790997
901017,congestion,aligned,scarce,rewired,0.02895931294316899,0.4,0.034944707960165695,0.03360388317838233,0.03125,0,0.018494398999678197
901017,congestion,aligned,scarce,reverse,0.02895931294316899,0.4,0.034944707960165695,0.03360388317838233,0.03125,0,0.01814349799980164
901017,congestion,aligned,scarce,generic_nonlinear,0.02895931294316899,0.4,0.034944707960165695,0.03360388317838233,0.03125,0,0.01737945300010324
901017,congestion,aligned,scarce,generic_equivalent,0.02895931294316899,0.4,0.034944707960165695,0.03360388317838233,0.03125,0,0.01700531500011948
901017,congestion,aligned,scarce,signed_intensity,0.02895931294316899,0.4,0.034944707960165695,0.03360388317838233,0.03125,0,0.029794710999908602
901017,congestion,aligned,scarce,gradient,0.029494969724040945,0.4,0.03680607232203928,0.033436569434896486,0.03125,0,0.01654147399978001
901017,congestion,aligned,scarce,zero_negative,0.323244456831041,0.0,0.3308357248967077,0.3757573126889855,1.0,0,0.015205358000230262
901017,congestion,rewired,ample,full,0.013282112669094674,0.5212153476118608,0.021202963296752402,0.001614326841758598,0.03125,0,0.01893651999995427
901017,congestion,rewired,ample,no_K,0.013282112669094674,0.5212153476118608,0.021202963296752402,0.001614326841758598,0.03125,0,0.018447882000202753
901017,congestion,rewired,ample,no_W,0.013282112669094674,0.5212153476118608,0.021202963296752402,0.001614326841758598,0.03125,0,0.018827520999877834
901017,congestion,rewired,ample,no_WK,0.013282112669094674,0.5212153476118608,0.021202963296752402,0.001614326841758598,0.03125,0,0.018192145999591958
901017,congestion,rewired,ample,retuned_zero,0.013282112669094674,0.5212153476118608,0.021202963296752402,0.001614326841758598,0.03125,0,0.0186122059999434
901017,congestion,rewired,ample,rewired,0.013282112669094674,0.5212153476118608,0.021202963296752402,0.001614326841758598,0.03125,0,0.018331813000486363
901017,congestion,rewired,ample,reverse,0.013282112669094674,0.5212153476118608,0.021202963296752402,0.001614326841758598,0.03125,0,0.018571805000135555
901017,congestion,rewired,ample,generic_nonlinear,0.013282112669094674,0.5212153476118608,0.021202963296752402,0.001614326841758598,0.03125,0,0.01678100300028973
901017,congestion,rewired,ample,generic_equivalent,0.013282112669094674,0.5212153476118608,0.021202963296752402,0.001614326841758598,0.03125,0,0.01703741400007175
901017,congestion,rewired,ample,signed_intensity,0.013282112669094674,0.5212153476118608,0.021202963296752402,0.001614326841758598,0.03125,0,0.02899107499939646
901017,congestion,rewired,ample,gradient,0.01395983182799082,0.5223234094958091,0.02422067856856488,0.002780345034502188,0.03125,0,0.016138510000246242
901017,congestion,rewired,ample,zero_negative,0.323244456831041,0.0,0.3308357248967077,0.3757573126889855,1.0,0,0.015057992999572889
901017,congestion,rewired,scarce,full,0.031293814568878524,0.4,0.04016443353948366,0.03621810726439543,0.03125,0,0.019160734999957185
901017,congestion,rewired,scarce,no_K,0.031293814568878524,0.4,0.04016443353948366,0.03621810726439543,0.03125,0,0.018860277999806385
901017,congestion,rewired,scarce,no_W,0.031293814568878524,0.4,0.04016443353948366,0.03621810726439543,0.03125,0,0.018771581000237347
901017,congestion,rewired,scarce,no_WK,0.031293814568878524,0.4,0.04016443353948366,0.03621810726439543,0.03125,0,0.018973507000112022
901017,congestion,rewired,scarce,retuned_zero,0.031293814568878524,0.4,0.04016443353948366,0.03621810726439543,0.03125,0,0.018990623999627587
901017,congestion,rewired,scarce,rewired,0.031293814568878524,0.4,0.04016443353948366,0.03621810726439543,0.03125,0,0.018741156000146475
901017,congestion,rewired,scarce,reverse,0.031293814568878524,0.4,0.04016443353948366,0.03621810726439543,0.03125,0,0.018515046000516122
901017,congestion,rewired,scarce,generic_nonlinear,0.031293814568878524,0.4,0.04016443353948366,0.03621810726439543,0.03125,0,0.01748185599927865
901017,congestion,rewired,scarce,generic_equivalent,0.031293814568878524,0.4,0.04016443353948366,0.03621810726439543,0.03125,0,0.016578137000237803
901017,congestion,rewired,scarce,signed_intensity,0.031293814568878524,0.4,0.04016443353948366,0.03621810726439543,0.03125,0,0.029375222999874495
901017,congestion,rewired,scarce,gradient,0.03262215673824538,0.4,0.04204361692142653,0.03940525473455602,0.03125,0,0.016108056000120996
901017,congestion,rewired,scarce,zero_negative,0.323244456831041,0.0,0.3308357248967077,0.3757573126889855,1.0,0,0.022967653000137034
901017,congestion,absent,ample,full,0.012238534271896017,0.5180363730157425,0.01787492241059657,0.0003980592898103266,0.03125,0,0.019114347000254384
901017,congestion,absent,ample,no_K,0.012238534271896017,0.5180363730157425,0.01787492241059657,0.0003980592898103266,0.03125,0,0.018884854000702944
901017,congestion,absent,ample,no_W,0.012238534271896017,0.5180363730157425,0.01787492241059657,0.0003980592898103266,0.03125,0,0.01875073399946814
901017,congestion,absent,ample,no_WK,0.012238534271896017,0.5180363730157425,0.01787492241059657,0.0003980592898103266,0.03125,0,0.01889873600032388
901017,congestion,absent,ample,retuned_zero,0.012238534271896017,0.5180363730157425,0.01787492241059657,0.0003980592898103266,0.03125,0,0.01881655899967427
901017,congestion,absent,ample,rewired,0.012238534271896017,0.5180363730157425,0.01787492241059657,0.0003980592898103266,0.03125,0,0.01862443300007044
901017,congestion,absent,ample,reverse,0.012238534271896017,0.5180363730157425,0.01787492241059657,0.0003980592898103266,0.03125,0,0.017907212999659805
901017,congestion,absent,ample,generic_nonlinear,0.012238534271896017,0.5180363730157425,0.01787492241059657,0.0003980592898103266,0.03125,0,0.0172506090002571
901017,congestion,absent,ample,generic_equivalent,0.012238534271896017,0.5180363730157425,0.01787492241059657,0.0003980592898103266,0.03125,0,0.0168529520001357
901017,congestion,absent,ample,signed_intensity,0.012238534271896017,0.5180363730157425,0.01787492241059657,0.0003980592898103266,0.03125,0,0.02929763300051036
901017,congestion,absent,ample,gradient,0.012392673181633902,0.5180672202897358,0.01864716469580708,0.0006015315861828715,0.03125,0,0.015374220000126115
901017,congestion,absent,ample,zero_negative,0.323244456831041,0.0,0.3308357248967077,0.3757573126889855,1.0,0,0.02046504599996979
901017,congestion,absent,scarce,full,0.03191466774503385,0.39999999999999997,0.03809159310807519,0.036634324177788544,0.03125,0,0.018916309999667646
901017,congestion,absent,scarce,no_K,0.03191466774503385,0.39999999999999997,0.03809159310807519,0.036634324177788544,0.03125,0,0.018625986000301964
901017,congestion,absent,scarce,no_W,0.03191466774503385,0.39999999999999997,0.03809159310807519,0.036634324177788544,0.03125,0,0.018637403000241193
901017,congestion,absent,scarce,no_WK,0.03191466774503385,0.39999999999999997,0.03809159310807519,0.036634324177788544,0.03125,0,0.01800721400013572
901017,congestion,absent,scarce,retuned_zero,0.03191466774503385,0.39999999999999997,0.03809159310807519,0.036634324177788544,0.03125,0,0.017923504999941997
901017,congestion,absent,scarce,rewired,0.03191466774503385,0.39999999999999997,0.03809159310807519,0.036634324177788544,0.03125,0,0.01843586200016034
901017,congestion,absent,scarce,reverse,0.03191466774503385,0.39999999999999997,0.03809159310807519,0.036634324177788544,0.03125,0,0.01836286700012124
901017,congestion,absent,scarce,generic_nonlinear,0.03191466774503385,0.39999999999999997,0.03809159310807519,0.036634324177788544,0.03125,0,0.01714443200023652
901017,congestion,absent,scarce,generic_equivalent,0.03191466774503385,0.39999999999999997,0.03809159310807519,0.036634324177788544,0.03125,0,0.016888024000081714
901017,congestion,absent,scarce,signed_intensity,0.03191466774503385,0.39999999999999997,0.03809159310807519,0.036634324177788544,0.03125,0,0.029281214999400618
901017,congestion,absent,scarce,gradient,0.032202803428602975,0.4,0.038752922892380255,0.03697159437244649,0.03125,0,0.016162768000071992
901017,congestion,absent,scarce,zero_negative,0.323244456831041,0.0,0.3308357248967077,0.3757573126889855,1.0,0,0.021200359999284046
901018,linear,aligned,ample,full,0.010946855422801152,0.47972395169031945,0.01754928083256318,0.0004638194124834429,0.03125,0,0.018501496000396855
901018,linear,aligned,ample,no_K,0.010946855422801152,0.47972395169031945,0.01754928083256318,0.0004638194124834429,0.03125,0,0.01831012299987833
901018,linear,aligned,ample,no_W,0.010946855422801152,0.47972395169031945,0.01754928083256318,0.0004638194124834429,0.03125,0,0.018691157999683128
901018,linear,aligned,ample,no_WK,0.010946855422801152,0.47972395169031945,0.01754928083256318,0.0004638194124834429,0.03125,0,0.01848467900003925
901018,linear,aligned,ample,retuned_zero,0.010946855422801152,0.47972395169031945,0.01754928083256318,0.0004638194124834429,0.03125,0,0.01886430199994038
901018,linear,aligned,ample,rewired,0.010946855422801152,0.47972395169031945,0.01754928083256318,0.0004638194124834429,0.03125,0,0.018950768999843604
901018,linear,aligned,ample,reverse,0.010946855422801152,0.47972395169031945,0.01754928083256318,0.0004638194124834429,0.03125,0,0.018991822000032244
901018,linear,aligned,ample,generic_nonlinear,0.010946855422801152,0.47972395169031945,0.01754928083256318,0.0004638194124834429,0.03125,0,0.01705367100004196
901018,linear,aligned,ample,generic_equivalent,0.010946855422801152,0.47972395169031945,0.01754928083256318,0.0004638194124834429,0.03125,0,0.017294045000085134
901018,linear,aligned,ample,signed_intensity,0.010946855422801152,0.47972395169031945,0.01754928083256318,0.0004638194124834429,0.03125,0,0.029275912999821685
901018,linear,aligned,ample,gradient,0.011190663741347816,0.4792962777953351,0.01847754374439569,0.0010993567645264225,0.03125,0,0.01635769700021683
901018,linear,aligned,ample,zero_negative,0.27914201140256667,0.0,0.2963659510823103,0.28871741009503615,1.0,0,0.01474678100004212
901018,linear,aligned,scarce,full,0.020574122034032097,0.39745928700876104,0.02837895644495486,0.00812280328619566,0.03125,0,0.01851040899992995
901018,linear,aligned,scarce,no_K,0.020574122034032097,0.39745928700876104,0.02837895644495486,0.00812280328619566,0.03125,0,0.01884062700008826
901018,linear,aligned,scarce,no_W,0.020574122034032097,0.39745928700876104,0.02837895644495486,0.00812280328619566,0.03125,0,0.01881892499972082
901018,linear,aligned,scarce,no_WK,0.020574122034032097,0.39745928700876104,0.02837895644495486,0.00812280328619566,0.03125,0,0.019001537000065127
901018,linear,aligned,scarce,retuned_zero,0.020574122034032097,0.39745928700876104,0.02837895644495486,0.00812280328619566,0.03125,0,0.018776736999598143
901018,linear,aligned,scarce,rewired,0.020574122034032097,0.39745928700876104,0.02837895644495486,0.00812280328619566,0.03125,0,0.01872114399924385
901018,linear,aligned,scarce,reverse,0.020574122034032097,0.39745928700876104,0.02837895644495486,0.00812280328619566,0.03125,0,0.018804041000009875
901018,linear,aligned,scarce,generic_nonlinear,0.020574122034032097,0.39745928700876104,0.02837895644495486,0.00812280328619566,0.03125,0,0.017338003999725515
901018,linear,aligned,scarce,generic_equivalent,0.020574122034032097,0.39745928700876104,0.02837895644495486,0.00812280328619566,0.03125,0,0.016559426000412714
901018,linear,aligned,scarce,signed_intensity,0.020574122034032097,0.39745928700876104,0.02837895644495486,0.00812280328619566,0.03125,0,0.029407605000074
901018,linear,aligned,scarce,gradient,0.021459968077222013,0.3974739623489795,0.02912396155979551,0.009603237253736754,0.03125,0,0.022467353999900297
901018,linear,aligned,scarce,zero_negative,0.27914201140256667,0.0,0.2963659510823103,0.28871741009503615,1.0,0,0.015432791999387518
901018,linear,rewired,ample,full,0.011130021391832362,0.47962216331752117,0.018363458775626947,0.0006094278465954975,0.03125,0,0.018993700000009994
901018,linear,rewired,ample,no_K,0.011130021391832362,0.47962216331752117,0.018363458775626947,0.0006094278465954975,0.03125,0,0.018615710000290164
901018,linear,rewired,ample,no_W,0.011130021391832362,0.47962216331752117,0.018363458775626947,0.0006094278465954975,0.03125,0,0.018400032999750238
901018,linear,rewired,ample,no_WK,0.011130021391832362,0.47962216331752117,0.018363458775626947,0.0006094278465954975,0.03125,0,0.0185967220000407
901018,linear,rewired,ample,retuned_zero,0.011130021391832362,0.47962216331752117,0.018363458775626947,0.0006094278465954975,0.03125,0,0.019620022999561115
901018,linear,rewired,ample,rewired,0.011130021391832362,0.47962216331752117,0.018363458775626947,0.0006094278465954975,0.03125,0,0.019630801999483083
901018,linear,rewired,ample,reverse,0.011130021391832362,0.47962216331752117,0.018363458775626947,0.0006094278465954975,0.03125,0,0.018322703000137608
901018,linear,rewired,ample,generic_nonlinear,0.011130021391832362,0.47962216331752117,0.018363458775626947,0.0006094278465954975,0.03125,0,0.01771857800036969
901018,linear,rewired,ample,generic_equivalent,0.011130021391832362,0.47962216331752117,0.018363458775626947,0.0006094278465954975,0.03125,0,0.016895224999757374
901018,linear,rewired,ample,signed_intensity,0.011130021391832362,0.47962216331752117,0.018363458775626947,0.0006094278465954975,0.03125,0,0.035572452999815596
901018,linear,rewired,ample,gradient,0.011668354677782282,0.47902706852879273,0.020531656838171555,0.0014634922376096178,0.03125,0,0.015807181999832665
901018,linear,rewired,ample,zero_negative,0.27914201140256667,0.0,0.2963659510823103,0.28871741009503615,1.0,0,0.015227427000240823
901018,linear,rewired,scarce,full,0.02075759304066168,0.39702810050991644,0.02899207723721603,0.0077368462398485155,0.03125,0,0.019075244999726237
901018,linear,rewired,scarce,no_K,0.02075759304066168,0.39702810050991644,0.02899207723721603,0.0077368462398485155,0.03125,0,0.01872661299984202
901018,linear,rewired,scarce,no_W,0.02075759304066168,0.39702810050991644,0.02899207723721603,0.0077368462398485155,0.03125,0,0.019015522000188412
901018,linear,rewired,scarce,no_WK,0.02075759304066168,0.39702810050991644,0.02899207723721603,0.0077368462398485155,0.03125,0,0.018498207999925853
901018,linear,rewired,scarce,retuned_zero,0.02075759304066168,0.39702810050991644,0.02899207723721603,0.0077368462398485155,0.03125,0,0.01850750200026141
901018,linear,rewired,scarce,rewired,0.02075759304066168,0.39702810050991644,0.02899207723721603,0.0077368462398485155,0.03125,0,0.01846648100007542
901018,linear,rewired,scarce,reverse,0.02075759304066168,0.39702810050991644,0.02899207723721603,0.0077368462398485155,0.03125,0,0.01803054599980669
901018,linear,rewired,scarce,generic_nonlinear,0.02075759304066168,0.39702810050991644,0.02899207723721603,0.0077368462398485155,0.03125,0,0.017451982000750377
901018,linear,rewired,scarce,generic_equivalent,0.02075759304066168,0.39702810050991644,0.02899207723721603,0.0077368462398485155,0.03125,0,0.01692732600031377
901018,linear,rewired,scarce,signed_intensity,0.02075759304066168,0.39702810050991644,0.02899207723721603,0.0077368462398485155,0.03125,0,0.03570421400007717
901018,linear,rewired,scarce,gradient,0.02132407723438377,0.3971325059680414,0.029558981226835094,0.008118719554394612,0.03125,0,0.015686657999992804
901018,linear,rewired,scarce,zero_negative,0.27914201140256667,0.0,0.2963659510823103,0.28871741009503615,1.0,0,0.015081021000298733
901018,linear,absent,ample,full,0.010165097553384135,0.5140478881631614,0.014852237287661342,5.9128887969585476e-05,0.03125,0,0.018575204000740086
901018,linear,absent,ample,no_K,0.010165097553384135,0.5140478881631614,0.014852237287661342,5.9128887969585476e-05,0.03125,0,0.01847608799982936
901018,linear,absent,ample,no_W,0.010165097553384135,0.5140478881631614,0.014852237287661342,5.9128887969585476e-05,0.03125,0,0.01843338099962466
901018,linear,absent,ample,no_WK,0.010165097553384135,0.5140478881631614,0.014852237287661342,5.9128887969585476e-05,0.03125,0,0.017909991000465197
901018,linear,absent,ample,retuned_zero,0.010165097553384135,0.5140478881631614,0.014852237287661342,5.9128887969585476e-05,0.03125,0,0.0183464480001021
901018,linear,absent,ample,rewired,0.010165097553384135,0.5140478881631614,0.014852237287661342,5.9128887969585476e-05,0.03125,0,0.01867657500019959
901018,linear,absent,ample,reverse,0.010165097553384135,0.5140478881631614,0.014852237287661342,5.9128887969585476e-05,0.03125,0,0.019387496999968334
901018,linear,absent,ample,generic_nonlinear,0.010165097553384135,0.5140478881631614,0.014852237287661342,5.9128887969585476e-05,0.03125,0,0.01672180100007381
901018,linear,absent,ample,generic_equivalent,0.010165097553384135,0.5140478881631614,0.014852237287661342,5.9128887969585476e-05,0.03125,0,0.01677262599991991
901018,linear,absent,ample,signed_intensity,0.010165097553384135,0.5140478881631614,0.014852237287661342,5.9128887969585476e-05,0.03125,0,0.028951035999966734
901018,linear,absent,ample,gradient,0.010228365365287616,0.513374477021052,0.01515574140091206,0.00027992225886346305,0.03125,0,0.015408642999773292
901018,linear,absent,ample,zero_negative,0.27914201140256667,0.0,0.2963659510823103,0.28871741009503615,1.0,0,0.015452523000021756
901018,linear,absent,scarce,full,0.02710912694292919,0.3999266120359498,0.033395649698390845,0.014964562137183524,0.03125,0,0.018546288000209188
901018,linear,absent,scarce,no_K,0.02710912694292919,0.3999266120359498,0.033395649698390845,0.014964562137183524,0.03125,0,0.018825963000210777
901018,linear,absent,scarce,no_W,0.02710912694292919,0.3999266120359498,0.033395649698390845,0.014964562137183524,0.03125,0,0.018388292999929945
901018,linear,absent,scarce,no_WK,0.02710912694292919,0.3999266120359498,0.033395649698390845,0.014964562137183524,0.03125,0,0.01831145199975026
901018,linear,absent,scarce,retuned_zero,0.02710912694292919,0.3999266120359498,0.033395649698390845,0.014964562137183524,0.03125,0,0.018268315999705464
901018,linear,absent,scarce,rewired,0.02710912694292919,0.3999266120359498,0.033395649698390845,0.014964562137183524,0.03125,0,0.018530576999751247
901018,linear,absent,scarce,reverse,0.02710912694292919,0.3999266120359498,0.033395649698390845,0.014964562137183524,0.03125,0,0.01843759799947975
901018,linear,absent,scarce,generic_nonlinear,0.02710912694292919,0.3999266120359498,0.033395649698390845,0.014964562137183524,0.03125,0,0.017231757999752517
901018,linear,absent,scarce,generic_equivalent,0.02710912694292919,0.3999266120359498,0.033395649698390845,0.014964562137183524,0.03125,0,0.016066056000227036
901018,linear,absent,scarce,signed_intensity,0.02710912694292919,0.3999266120359498,0.033395649698390845,0.014964562137183524,0.03125,0,0.02949067999992394
901018,linear,absent,scarce,gradient,0.02742545966423532,0.399926889881908,0.03393759409227163,0.015711516508014885,0.03125,0,0.015807439000070644
901018,linear,absent,scarce,zero_negative,0.27914201140256667,0.0,0.2963659510823103,0.28871741009503615,1.0,0,0.015126363000092624
901018,congestion,aligned,ample,full,0.011793394547570238,0.5117619768955454,0.01963567503336181,0.0005841686568018765,0.033203125,0,0.019222521000187953
901018,congestion,aligned,ample,no_K,0.011793394547570238,0.5117619768955454,0.01963567503336181,0.0005841686568018765,0.033203125,0,0.019103217000235873
901018,congestion,aligned,ample,no_W,0.011793394547570238,0.5117619768955454,0.01963567503336181,0.0005841686568018765,0.033203125,0,0.01874961200007874
901018,congestion,aligned,ample,no_WK,0.011793394547570238,0.5117619768955454,0.01963567503336181,0.0005841686568018765,0.033203125,0,0.018555376999700002
901018,congestion,aligned,ample,retuned_zero,0.011793394547570238,0.5117619768955454,0.01963567503336181,0.0005841686568018765,0.033203125,0,0.018619331000138573
901018,congestion,aligned,ample,rewired,0.011793394547570238,0.5117619768955454,0.01963567503336181,0.0005841686568018765,0.033203125,0,0.018783442000028572
901018,congestion,aligned,ample,reverse,0.011793394547570238,0.5117619768955454,0.01963567503336181,0.0005841686568018765,0.033203125,0,0.018239889000028597
901018,congestion,aligned,ample,generic_nonlinear,0.011793394547570238,0.5117619768955454,0.01963567503336181,0.0005841686568018765,0.033203125,0,0.017235872000071595
901018,congestion,aligned,ample,generic_equivalent,0.011793394547570238,0.5117619768955454,0.01963567503336181,0.0005841686568018765,0.033203125,0,0.02429146400021409
901018,congestion,aligned,ample,signed_intensity,0.011793394547570238,0.5117619768955454,0.01963567503336181,0.0005841686568018765,0.033203125,0,0.029394129999445795
901018,congestion,aligned,ample,gradient,0.012426115478571066,0.5098477857428183,0.022420275108748083,0.0013973296285148765,0.03125,0,0.01585135799962245
901018,congestion,aligned,ample,zero_negative,0.27914201140256667,0.0,0.2963659510823103,0.28871741009503615,1.0,0,0.01528793000039741
901018,congestion,aligned,scarce,full,0.0260907192556672,0.39751580766258193,0.032040714082539674,0.011041120593597867,0.03125,0,0.0188812839998036
901018,congestion,aligned,scarce,no_K,0.0260907192556672,0.39751580766258193,0.032040714082539674,0.011041120593597867,0.03125,0,0.01870681899987403
901018,congestion,aligned,scarce,no_W,0.0260907192556672,0.39751580766258193,0.032040714082539674,0.011041120593597867,0.03125,0,0.018714165000119465
901018,congestion,aligned,scarce,no_WK,0.0260907192556672,0.39751580766258193,0.032040714082539674,0.011041120593597867,0.03125,0,0.018223248999788666
901018,congestion,aligned,scarce,retuned_zero,0.0260907192556672,0.39751580766258193,0.032040714082539674,0.011041120593597867,0.03125,0,0.01806427999991911
901018,congestion,aligned,scarce,rewired,0.0260907192556672,0.39751580766258193,0.032040714082539674,0.011041120593597867,0.03125,0,0.018499175000044943
901018,congestion,aligned,scarce,reverse,0.0260907192556672,0.39751580766258193,0.032040714082539674,0.011041120593597867,0.03125,0,0.018027751999170505
901018,congestion,aligned,scarce,generic_nonlinear,0.0260907192556672,0.39751580766258193,0.032040714082539674,0.011041120593597867,0.03125,0,0.01760679599959758
901018,congestion,aligned,scarce,generic_equivalent,0.0260907192556672,0.39751580766258193,0.032040714082539674,0.011041120593597867,0.03125,0,0.0171579260001522
901018,congestion,aligned,scarce,signed_intensity,0.0260907192556672,0.39751580766258193,0.032040714082539674,0.011041120593597867,0.03125,0,0.02947413799961396
901018,congestion,aligned,scarce,gradient,0.02746089676248884,0.39753907111935105,0.03453627442461547,0.012784211260797502,0.03125,0,0.016042785000081494
901018,congestion,aligned,scarce,zero_negative,0.27914201140256667,0.0,0.2963659510823103,0.28871741009503615,1.0,0,0.015162471999758509
901018,congestion,rewired,ample,full,0.011858243199918905,0.5130817100396385,0.019874682247767776,0.0005679201383934556,0.03125,0,0.01853625100005729
901018,congestion,rewired,ample,no_K,0.011858243199918905,0.5130817100396385,0.019874682247767776,0.0005679201383934556,0.03125,0,0.018466176000288215
901018,congestion,rewired,ample,no_W,0.011858243199918905,0.5130817100396385,0.019874682247767776,0.0005679201383934556,0.03125,0,0.01881708299993079
901018,congestion,rewired,ample,no_WK,0.011858243199918905,0.5130817100396385,0.019874682247767776,0.0005679201383934556,0.03125,0,0.017965550999917923
901018,congestion,rewired,ample,retuned_zero,0.011858243199918905,0.5130817100396385,0.019874682247767776,0.0005679201383934556,0.03125,0,0.01850830099988343
901018,congestion,rewired,ample,rewired,0.011858243199918905,0.5130817100396385,0.019874682247767776,0.0005679201383934556,0.03125,0,0.01868188700001383
901018,congestion,rewired,ample,reverse,0.011858243199918905,0.5130817100396385,0.019874682247767776,0.0005679201383934556,0.03125,0,0.01894678299993302
901018,congestion,rewired,ample,generic_nonlinear,0.011858243199918905,0.5130817100396385,0.019874682247767776,0.0005679201383934556,0.03125,0,0.016849881000041478
901018,congestion,rewired,ample,generic_equivalent,0.011858243199918905,0.5130817100396385,0.019874682247767776,0.0005679201383934556,0.03125,0,0.01768113799994353
901018,congestion,rewired,ample,signed_intensity,0.011858243199918905,0.5130817100396385,0.019874682247767776,0.0005679201383934556,0.03125,0,0.028885438000372687
901018,congestion,rewired,ample,gradient,0.012303012054196953,0.5107320665309307,0.02151126691790037,0.0015197597574859712,0.03125,0,0.015743187000339276
901018,congestion,rewired,ample,zero_negative,0.27914201140256667,0.0,0.2963659510823103,0.28871741009503615,1.0,0,0.014670362000231307
901018,congestion,rewired,scarce,full,0.026460010062445895,0.397087881843346,0.0331317986782445,0.010526648523834411,0.03125,0,0.01858460599976297
901018,congestion,rewired,scarce,no_K,0.026460010062445895,0.397087881843346,0.0331317986782445,0.010526648523834411,0.03125,0,0.01892484000006789
901018,congestion,rewired,scarce,no_W,0.026460010062445895,0.397087881843346,0.0331317986782445,0.010526648523834411,0.03125,0,0.018435486999749173
901018,congestion,rewired,scarce,no_WK,0.026460010062445895,0.397087881843346,0.0331317986782445,0.010526648523834411,0.03125,0,0.018805496000197763
901018,congestion,rewired,scarce,retuned_zero,0.026460010062445895,0.397087881843346,0.0331317986782445,0.010526648523834411,0.03125,0,0.01850965199997745
901018,congestion,rewired,scarce,rewired,0.026460010062445895,0.397087881843346,0.0331317986782445,0.010526648523834411,0.03125,0,0.018492367000646937
901018,congestion,rewired,scarce,reverse,0.026460010062445895,0.397087881843346,0.0331317986782445,0.010526648523834411,0.03125,0,0.0185214689997224
901018,congestion,rewired,scarce,generic_nonlinear,0.026460010062445895,0.397087881843346,0.0331317986782445,0.010526648523834411,0.03125,0,0.02320544800005564
901018,congestion,rewired,scarce,generic_equivalent,0.026460010062445895,0.397087881843346,0.0331317986782445,0.010526648523834411,0.03125,0,0.016425706999939393
901018,congestion,rewired,scarce,signed_intensity,0.026460010062445895,0.397087881843346,0.0331317986782445,0.010526648523834411,0.03125,0,0.02867255199964802
901018,congestion,rewired,scarce,gradient,0.026992736773698477,0.39720647045937674,0.0335535283749783,0.010860444737143555,0.03125,0,0.016112962000136122
901018,congestion,rewired,scarce,zero_negative,0.27914201140256667,0.0,0.2963659510823103,0.28871741009503615,1.0,0,0.015314610000132234
901018,congestion,absent,ample,full,0.010165097553384135,0.5140478881631614,0.014852237287661342,5.9128887969585476e-05,0.03125,0,0.018539856999666426
901018,congestion,absent,ample,no_K,0.010165097553384135,0.5140478881631614,0.014852237287661342,5.9128887969585476e-05,0.03125,0,0.01912014899994574
901018,congestion,absent,ample,no_W,0.010165097553384135,0.5140478881631614,0.014852237287661342,5.9128887969585476e-05,0.03125,0,0.018557797999847025
901018,congestion,absent,ample,no_WK,0.010165097553384135,0.5140478881631614,0.014852237287661342,5.9128887969585476e-05,0.03125,0,0.018467537000219636
901018,congestion,absent,ample,retuned_zero,0.010165097553384135,0.5140478881631614,0.014852237287661342,5.9128887969585476e-05,0.03125,0,0.018549233999749504
901018,congestion,absent,ample,rewired,0.010165097553384135,0.5140478881631614,0.014852237287661342,5.9128887969585476e-05,0.03125,0,0.018257467000182714
901018,congestion,absent,ample,reverse,0.010165097553384135,0.5140478881631614,0.014852237287661342,5.9128887969585476e-05,0.03125,0,0.018140613000184658
901018,congestion,absent,ample,generic_nonlinear,0.010165097553384135,0.5140478881631614,0.014852237287661342,5.9128887969585476e-05,0.03125,0,0.017514619000451148
901018,congestion,absent,ample,generic_equivalent,0.010165097553384135,0.5140478881631614,0.014852237287661342,5.9128887969585476e-05,0.03125,0,0.016906841999912103
901018,congestion,absent,ample,signed_intensity,0.010165097553384135,0.5140478881631614,0.014852237287661342,5.9128887969585476e-05,0.03125,0,0.02980324499986864
901018,congestion,absent,ample,gradient,0.010228365365287616,0.513374477021052,0.01515574140091206,0.00027992225886346305,0.03125,0,0.015359404999799153
901018,congestion,absent,ample,zero_negative,0.27914201140256667,0.0,0.2963659510823103,0.28871741009503615,1.0,0,0.015163023999718916
901018,congestion,absent,scarce,full,0.02710912694292919,0.3999266120359498,0.033395649698390845,0.014964562137183524,0.03125,0,0.01882523600022523
901018,congestion,absent,scarce,no_K,0.02710912694292919,0.3999266120359498,0.033395649698390845,0.014964562137183524,0.03125,0,0.01855021000034185
901018,congestion,absent,scarce,no_W,0.02710912694292919,0.3999266120359498,0.033395649698390845,0.014964562137183524,0.03125,0,0.01842730399954462
901018,congestion,absent,scarce,no_WK,0.02710912694292919,0.3999266120359498,0.033395649698390845,0.014964562137183524,0.03125,0,0.01804707400026473
901018,congestion,absent,scarce,retuned_zero,0.02710912694292919,0.3999266120359498,0.033395649698390845,0.014964562137183524,0.03125,0,0.01800209500032679
901018,congestion,absent,scarce,rewired,0.02710912694292919,0.3999266120359498,0.033395649698390845,0.014964562137183524,0.03125,0,0.01845940900000187
901018,congestion,absent,scarce,reverse,0.02710912694292919,0.3999266120359498,0.033395649698390845,0.014964562137183524,0.03125,0,0.018080830999394948
901018,congestion,absent,scarce,generic_nonlinear,0.02710912694292919,0.3999266120359498,0.033395649698390845,0.014964562137183524,0.03125,0,0.01746075000005476
901018,congestion,absent,scarce,generic_equivalent,0.02710912694292919,0.3999266120359498,0.033395649698390845,0.014964562137183524,0.03125,0,0.0163607560000969
901018,congestion,absent,scarce,signed_intensity,0.02710912694292919,0.3999266120359498,0.033395649698390845,0.014964562137183524,0.03125,0,0.029424354999662228
901018,congestion,absent,scarce,gradient,0.02742545966423532,0.399926889881908,0.03393759409227163,0.015711516508014885,0.03125,0,0.015558271000145396
901018,congestion,absent,scarce,zero_negative,0.27914201140256667,0.0,0.2963659510823103,0.28871741009503615,1.0,0,0.014914821999809647
901019,linear,aligned,ample,full,0.0071385043808053815,0.3554616702995478,0.01074198337083554,0.0006609761634571656,0.03125,0,0.01856012400014606
901019,linear,aligned,ample,no_K,0.0071385043808053815,0.3554616702995478,0.01074198337083554,0.0006609761634571656,0.03125,0,0.01848557200042933
901019,linear,aligned,ample,no_W,0.0071385043808053815,0.3554616702995478,0.01074198337083554,0.0006609761634571656,0.03125,0,0.018642760999625807
901019,linear,aligned,ample,no_WK,0.0071385043808053815,0.3554616702995478,0.01074198337083554,0.0006609761634571656,0.03125,0,0.018047959000000446
901019,linear,aligned,ample,retuned_zero,0.0071385043808053815,0.3554616702995478,0.01074198337083554,0.0006609761634571656,0.03125,0,0.01843362599959164
901019,linear,aligned,ample,rewired,0.0071385043808053815,0.3554616702995478,0.01074198337083554,0.0006609761634571656,0.03125,0,0.01845896599996877
901019,linear,aligned,ample,reverse,0.0071385043808053815,0.3554616702995478,0.01074198337083554,0.0006609761634571656,0.03125,0,0.02464226800009328
901019,linear,aligned,ample,generic_nonlinear,0.0071385043808053815,0.3554616702995478,0.01074198337083554,0.0006609761634571656,0.03125,0,0.017120772999874134
901019,linear,aligned,ample,generic_equivalent,0.0071385043808053815,0.3554616702995478,0.01074198337083554,0.0006609761634571656,0.03125,0,0.016389764000109608
901019,linear,aligned,ample,signed_intensity,0.0071385043808053815,0.3554616702995478,0.01074198337083554,0.0006609761634571656,0.03125,0,0.02855530600027123
901019,linear,aligned,ample,gradient,0.00752456371779736,0.35530887034347014,0.012573245412751186,0.0015244292931903024,0.03125,0,0.015775539999765442
901019,linear,aligned,ample,zero_negative,0.17820947622327865,0.0,0.20750624785958985,0.15276460858072305,1.0,0,0.014682688000050348
901019,linear,aligned,scarce,full,0.007206807678539606,0.3523319253205409,0.01091872300393159,0.0006609855159743531,0.03125,0,0.01833136100003685
901019,linear,aligned,scarce,no_K,0.007206807678539606,0.3523319253205409,0.01091872300393159,0.0006609855159743531,0.03125,0,0.018611902999964514
901019,linear,aligned,scarce,no_W,0.007206807678539606,0.3523319253205409,0.01091872300393159,0.0006609855159743531,0.03125,0,0.018419909999977335
901019,linear,aligned,scarce,no_WK,0.007206807678539606,0.3523319253205409,0.01091872300393159,0.0006609855159743531,0.03125,0,0.018653581999728885
901019,linear,aligned,scarce,retuned_zero,0.007206807678539606,0.3523319253205409,0.01091872300393159,0.0006609855159743531,0.03125,0,0.018563469999890003
901019,linear,aligned,scarce,rewired,0.007206807678539606,0.3523319253205409,0.01091872300393159,0.0006609855159743531,0.03125,0,0.018635618000246268
901019,linear,aligned,scarce,reverse,0.007206807678539606,0.3523319253205409,0.01091872300393159,0.0006609855159743531,0.03125,0,0.02577912900000001
901019,linear,aligned,scarce,generic_nonlinear,0.007206807678539606,0.3523319253205409,0.01091872300393159,0.0006609855159743531,0.03125,0,0.017791173000034632
901019,linear,aligned,scarce,generic_equivalent,0.007206807678539606,0.3523319253205409,0.01091872300393159,0.0006609855159743531,0.03125,0,0.016412839000395252
901019,linear,aligned,scarce,signed_intensity,0.007206807678539606,0.3523319253205409,0.01091872300393159,0.0006609855159743531,0.03125,0,0.028778362999844376
901019,linear,aligned,scarce,gradient,0.007598342859640472,0.3526364031877912,0.012736313989134376,0.0015267513317678318,0.03125,0,0.016239354999925126
901019,linear,aligned,scarce,zero_negative,0.17820947622327865,0.0,0.20750624785958985,0.15276460858072305,1.0,0,0.015084890999673917
901019,linear,rewired,ample,full,0.007055105812291358,0.35470148277321456,0.011023990699639663,0.0007011191927251705,0.03125,0,0.018820099000322443
901019,linear,rewired,ample,no_K,0.007055105812291358,0.35470148277321456,0.011023990699639663,0.0007011191927251705,0.03125,0,0.018629015000044546
901019,linear,rewired,ample,no_W,0.007055105812291358,0.35470148277321456,0.011023990699639663,0.0007011191927251705,0.03125,0,0.018722748999493888
901019,linear,rewired,ample,no_WK,0.007055105812291358,0.35470148277321456,0.011023990699639663,0.0007011191927251705,0.03125,0,0.018366130999766028
901019,linear,rewired,ample,retuned_zero,0.007055105812291358,0.35470148277321456,0.011023990699639663,0.0007011191927251705,0.03125,0,0.018517059000259906
901019,linear,rewired,ample,rewired,0.007055105812291358,0.35470148277321456,0.011023990699639663,0.0007011191927251705,0.03125,0,0.018431988000088495
901019,linear,rewired,ample,reverse,0.007055105812291358,0.35470148277321456,0.011023990699639663,0.0007011191927251705,0.03125,0,0.02422932199948491
901019,linear,rewired,ample,generic_nonlinear,0.007055105812291358,0.35470148277321456,0.011023990699639663,0.0007011191927251705,0.03125,0,0.016833858999859785
901019,linear,rewired,ample,generic_equivalent,0.007055105812291358,0.35470148277321456,0.011023990699639663,0.0007011191927251705,0.03125,0,0.016996880000021974
901019,linear,rewired,ample,signed_intensity,0.007055105812291358,0.35470148277321456,0.011023990699639663,0.0007011191927251705,0.03125,0,0.029523415999847202
901019,linear,rewired,ample,gradient,0.007236794673645346,0.35449425273049273,0.011799853000121608,0.001048044349114673,0.03125,0,0.015408815999990111
901019,linear,rewired,ample,zero_negative,0.17820947622327865,0.0,0.20750624785958985,0.15276460858072305,1.0,0,0.015122328000472862
901019,linear,rewired,scarce,full,0.0070872453501070925,0.35220775014610417,0.011102044951404861,0.0007011134083708803,0.03125,0,0.018831662000252436
901019,linear,rewired,scarce,no_K,0.0070872453501070925,0.35220775014610417,0.011102044951404861,0.0007011134083708803,0.03125,0,0.018810431000076733
901019,linear,rewired,scarce,no_W,0.0070872453501070925,0.35220775014610417,0.011102044951404861,0.0007011134083708803,0.03125,0,0.01849287600026628
901019,linear,rewired,scarce,no_WK,0.0070872453501070925,0.35220775014610417,0.011102044951404861,0.0007011134083708803,0.03125,0,0.018182330999991336
901019,linear,rewired,scarce,retuned_zero,0.0070872453501070925,0.35220775014610417,0.011102044951404861,0.0007011134083708803,0.03125,0,0.018340444000273237
901019,linear,rewired,scarce,rewired,0.0070872453501070925,0.35220775014610417,0.011102044951404861,0.0007011134083708803,0.03125,0,0.01853031699982921
901019,linear,rewired,scarce,reverse,0.0070872453501070925,0.35220775014610417,0.011102044951404861,0.0007011134083708803,0.03125,0,0.024369782999883682
901019,linear,rewired,scarce,generic_nonlinear,0.0070872453501070925,0.35220775014610417,0.011102044951404861,0.0007011134083708803,0.03125,0,0.016954285000110758
901019,linear,rewired,scarce,generic_equivalent,0.0070872453501070925,0.35220775014610417,0.011102044951404861,0.0007011134083708803,0.03125,0,0.016355410999892683
901019,linear,rewired,scarce,signed_intensity,0.0070872453501070925,0.35220775014610417,0.011102044951404861,0.0007011134083708803,0.03125,0,0.029229201000134708
901019,linear,rewired,scarce,gradient,0.0072740176196317095,0.3522045806308466,0.011900010721216379,0.001047208662084184,0.03125,0,0.01570600900009822
901019,linear,rewired,scarce,zero_negative,0.17820947622327865,0.0,0.20750624785958985,0.15276460858072305,1.0,0,0.015007912000044143
901019,linear,absent,ample,full,0.006691617992918966,0.38085186102834306,0.009980231153193757,5.835105426814175e-05,0.03125,0,0.018419843000003766
901019,linear,absent,ample,no_K,0.006691617992918966,0.38085186102834306,0.009980231153193757,5.835105426814175e-05,0.03125,0,0.018342114000176934
901019,linear,absent,ample,no_W,0.006691617992918966,0.38085186102834306,0.009980231153193757,5.835105426814175e-05,0.03125,0,0.018718171999807964
901019,linear,absent,ample,no_WK,0.006691617992918966,0.38085186102834306,0.009980231153193757,5.835105426814175e-05,0.03125,0,0.01798810700023523
901019,linear,absent,ample,retuned_zero,0.006691617992918966,0.38085186102834306,0.009980231153193757,5.835105426814175e-05,0.03125,0,0.01833259699969858
901019,linear,absent,ample,rewired,0.006691617992918966,0.38085186102834306,0.009980231153193757,5.835105426814175e-05,0.03125,0,0.018682530999512892
901019,linear,absent,ample,reverse,0.006691617992918966,0.38085186102834306,0.009980231153193757,5.835105426814175e-05,0.03125,0,0.018714699000213386
901019,linear,absent,ample,generic_nonlinear,0.006691617992918966,0.38085186102834306,0.009980231153193757,5.835105426814175e-05,0.03125,0,0.016776804999835804
901019,linear,absent,ample,generic_equivalent,0.006691617992918966,0.38085186102834306,0.009980231153193757,5.835105426814175e-05,0.03125,0,0.016485711000086667
901019,linear,absent,ample,signed_intensity,0.006691617992918966,0.38085186102834306,0.009980231153193757,5.835105426814175e-05,0.03125,0,0.02857662199983224
901019,linear,absent,ample,gradient,0.006805695464685446,0.3804938930988879,0.010562227875575576,0.00028013136704613327,0.03125,0,0.015628491000086342
901019,linear,absent,ample,zero_negative,0.17820947622327865,0.0,0.20750624785958985,0.15276460858072305,1.0,0,0.014857717999916531
901019,linear,absent,scarce,full,0.0071512596338465535,0.37110267705511724,0.011045246797027793,5.83791900913464e-05,0.03125,0,0.01825040300030878
901019,linear,absent,scarce,no_K,0.0071512596338465535,0.37110267705511724,0.011045246797027793,5.83791900913464e-05,0.03125,0,0.018600185999844143
901019,linear,absent,scarce,no_W,0.0071512596338465535,0.37110267705511724,0.011045246797027793,5.83791900913464e-05,0.03125,0,0.018330790000391062
901019,linear,absent,scarce,no_WK,0.0071512596338465535,0.37110267705511724,0.011045246797027793,5.83791900913464e-05,0.03125,0,0.018787920999727703
901019,linear,absent,scarce,retuned_zero,0.0071512596338465535,0.37110267705511724,0.011045246797027793,5.83791900913464e-05,0.03125,0,0.01855261699984112
901019,linear,absent,scarce,rewired,0.0071512596338465535,0.37110267705511724,0.011045246797027793,5.83791900913464e-05,0.03125,0,0.026930503000130557
901019,linear,absent,scarce,reverse,0.0071512596338465535,0.37110267705511724,0.011045246797027793,5.83791900913464e-05,0.03125,0,0.018751848000192695
901019,linear,absent,scarce,generic_nonlinear,0.0071512596338465535,0.37110267705511724,0.011045246797027793,5.83791900913464e-05,0.03125,0,0.017499534000307904
901019,linear,absent,scarce,generic_equivalent,0.0071512596338465535,0.37110267705511724,0.011045246797027793,5.83791900913464e-05,0.03125,0,0.01641450900012842
901019,linear,absent,scarce,signed_intensity,0.0071512596338465535,0.37110267705511724,0.011045246797027793,5.83791900913464e-05,0.03125,0,0.028614979000167295
901019,linear,absent,scarce,gradient,0.007252095552755579,0.37109054325918556,0.01155920852705171,0.0002802225096847959,0.03125,0,0.015931316000035167
901019,linear,absent,scarce,zero_negative,0.17820947622327865,0.0,0.20750624785958985,0.15276460858072305,1.0,0,0.014931806000049619
901019,congestion,aligned,ample,full,0.007253400593866716,0.37701455367874864,0.011638558256629147,0.0006829876802424554,0.03125,0,0.01886410099962177
901019,congestion,aligned,ample,no_K,0.007253400593866716,0.37701455367874864,0.011638558256629147,0.0006829876802424554,0.03125,0,0.01884326400045211
901019,congestion,aligned,ample,no_W,0.007253400593866716,0.37701455367874864,0.011638558256629147,0.0006829876802424554,0.03125,0,0.01879183800036799
901019,congestion,aligned,ample,no_WK,0.007253400593866716,0.37701455367874864,0.011638558256629147,0.0006829876802424554,0.03125,0,0.01843760199983535
901019,congestion,aligned,ample,retuned_zero,0.007253400593866716,0.37701455367874864,0.011638558256629147,0.0006829876802424554,0.03125,0,0.018793632000267735
901019,congestion,aligned,ample,rewired,0.007253400593866716,0.37701455367874864,0.011638558256629147,0.0006829876802424554,0.03125,0,0.025928759000464652
901019,congestion,aligned,ample,reverse,0.007253400593866716,0.37701455367874864,0.011638558256629147,0.0006829876802424554,0.03125,0,0.018838104000337808
901019,congestion,aligned,ample,generic_nonlinear,0.007253400593866716,0.37701455367874864,0.011638558256629147,0.0006829876802424554,0.03125,0,0.01708509699960814
901019,congestion,aligned,ample,generic_equivalent,0.007253400593866716,0.37701455367874864,0.011638558256629147,0.0006829876802424554,0.03125,0,0.016923095000379362
901019,congestion,aligned,ample,signed_intensity,0.007253400593866716,0.37701455367874864,0.011638558256629147,0.0006829876802424554,0.03125,0,0.029664811999964513
901019,congestion,aligned,ample,gradient,0.007200810612105349,0.3759232933608492,0.011130719933388057,0.0006941300107519662,0.03125,0,0.015688576000286503
901019,congestion,aligned,ample,zero_negative,0.17820947622327865,0.0,0.20750624785958985,0.15276460858072305,1.0,0,0.015580645999989429
901019,congestion,aligned,scarce,full,0.00745203880316582,0.37038687163645095,0.012106715589541343,0.0006829735374007226,0.03125,0,0.019017628999847602
901019,congestion,aligned,scarce,no_K,0.00745203880316582,0.37038687163645095,0.012106715589541343,0.0006829735374007226,0.03125,0,0.018694686999708665
901019,congestion,aligned,scarce,no_W,0.00745203880316582,0.37038687163645095,0.012106715589541343,0.0006829735374007226,0.03125,0,0.018825603999630403
901019,congestion,aligned,scarce,no_WK,0.00745203880316582,0.37038687163645095,0.012106715589541343,0.0006829735374007226,0.03125,0,0.018057328000168127
901019,congestion,aligned,scarce,retuned_zero,0.00745203880316582,0.37038687163645095,0.012106715589541343,0.0006829735374007226,0.03125,0,0.01831060499961268
901019,congestion,aligned,scarce,rewired,0.00745203880316582,0.37038687163645095,0.012106715589541343,0.0006829735374007226,0.03125,0,0.01906626100020503
901019,congestion,aligned,scarce,reverse,0.00745203880316582,0.37038687163645095,0.012106715589541343,0.0006829735374007226,0.03125,0,0.018601265999848238
901019,congestion,aligned,scarce,generic_nonlinear,0.00745203880316582,0.37038687163645095,0.012106715589541343,0.0006829735374007226,0.03125,0,0.0167219059997592
901019,congestion,aligned,scarce,generic_equivalent,0.00745203880316582,0.37038687163645095,0.012106715589541343,0.0006829735374007226,0.03125,0,0.016496533999884377
901019,congestion,aligned,scarce,signed_intensity,0.00745203880316582,0.37038687163645095,0.012106715589541345,0.0006829735374007226,0.03125,0,0.02943840099959516
901019,congestion,aligned,scarce,gradient,0.007439865626972799,0.37035593906398,0.011676439182916045,0.0006964169174943041,0.03125,0,0.01561215900045454
901019,congestion,aligned,scarce,zero_negative,0.17820947622327865,0.0,0.20750624785958985,0.15276460858072305,1.0,0,0.0149309390000667
901019,congestion,rewired,ample,full,0.00710451179413531,0.3754154204780799,0.01175336937780098,0.0007792942915104537,0.03125,0,0.018536494999523256
901019,congestion,rewired,ample,no_K,0.00710451179413531,0.3754154204780799,0.01175336937780098,0.0007792942915104537,0.03125,0,0.018800276000206395
901019,congestion,rewired,ample,no_W,0.00710451179413531,0.3754154204780799,0.01175336937780098,0.0007792942915104537,0.03125,0,0.019048293999958332
901019,congestion,rewired,ample,no_WK,0.00710451179413531,0.3754154204780799,0.01175336937780098,0.0007792942915104537,0.03125,0,0.01829735300015045
901019,congestion,rewired,ample,retuned_zero,0.00710451179413531,0.3754154204780799,0.01175336937780098,0.0007792942915104537,0.03125,0,0.018640026999833026
901019,congestion,rewired,ample,rewired,0.00710451179413531,0.3754154204780799,0.01175336937780098,0.0007792942915104537,0.03125,0,0.02458470899995291
901019,congestion,rewired,ample,reverse,0.00710451179413531,0.3754154204780799,0.01175336937780098,0.0007792942915104537,0.03125,0,0.01844237999989673
901019,congestion,rewired,ample,generic_nonlinear,0.00710451179413531,0.3754154204780799,0.01175336937780098,0.0007792942915104537,0.03125,0,0.017027342999881512
901019,congestion,rewired,ample,generic_equivalent,0.00710451179413531,0.3754154204780799,0.01175336937780098,0.0007792942915104537,0.03125,0,0.01629766599978666
901019,congestion,rewired,ample,signed_intensity,0.00710451179413531,0.3754154204780799,0.01175336937780098,0.0007792942915104537,0.03125,0,0.028650547999745868
901019,congestion,rewired,ample,gradient,0.00736964619787,0.3742309984946226,0.012879676196254406,0.001270890164041666,0.03125,0,0.015979015999505464
901019,congestion,rewired,ample,zero_negative,0.17820947622327865,0.0,0.20750624785958985,0.15276460858072305,1.0,0,0.01464591099977497
901019,congestion,rewired,scarce,full,0.007229273814435177,0.36881152679880697,0.011964099326295248,0.0007786220452862179,0.03125,0,0.01869513899919184
901019,congestion,rewired,scarce,no_K,0.007229273814435177,0.36881152679880697,0.011964099326295248,0.0007786220452862179,0.03125,0,0.018645256999491266
901019,congestion,rewired,scarce,no_W,0.007229273814435177,0.36881152679880697,0.011964099326295248,0.0007786220452862179,0.03125,0,0.018568886000025486
901019,congestion,rewired,scarce,no_WK,0.007229273814435177,0.36881152679880697,0.011964099326295248,0.0007786220452862179,0.03125,0,0.018511206000141556
901019,congestion,rewired,scarce,retuned_zero,0.007229273814435177,0.36881152679880697,0.011964099326295248,0.0007786220452862179,0.03125,0,0.024672169999973903
901019,congestion,rewired,scarce,rewired,0.007229273814435177,0.36881152679880697,0.011964099326295248,0.0007786220452862179,0.03125,0,0.01863548900001888
901019,congestion,rewired,scarce,reverse,0.007229273814435177,0.36881152679880697,0.011964099326295248,0.0007786220452862179,0.03125,0,0.01887448900055233
901019,congestion,rewired,scarce,generic_nonlinear,0.007229273814435177,0.36881152679880697,0.011964099326295248,0.0007786220452862179,0.03125,0,0.017533448999813572
901019,congestion,rewired,scarce,generic_equivalent,0.007229273814435177,0.36881152679880697,0.011964099326295248,0.0007786220452862179,0.03125,0,0.016300147999629644
901019,congestion,rewired,scarce,signed_intensity,0.007229273814435177,0.36881152679880697,0.011964099326295248,0.0007786220452862179,0.03125,0,0.029237893000129134
901019,congestion,rewired,scarce,gradient,0.007510276041358401,0.3688525000944485,0.013179308816630132,0.001268940842655633,0.03125,0,0.016493408999906478
901019,congestion,rewired,scarce,zero_negative,0.17820947622327865,0.0,0.20750624785958985,0.15276460858072305,1.0,0,0.015457342999809498
901019,congestion,absent,ample,full,0.006691617992918966,0.38085186102834306,0.009980231153193757,5.835105426814175e-05,0.03125,0,0.01886614600005032
901019,congestion,absent,ample,no_K,0.006691617992918966,0.38085186102834306,0.009980231153193757,5.835105426814175e-05,0.03125,0,0.01869547400031024
901019,congestion,absent,ample,no_W,0.006691617992918966,0.38085186102834306,0.009980231153193757,5.835105426814175e-05,0.03125,0,0.018943121999654977
901019,congestion,absent,ample,no_WK,0.006691617992918966,0.38085186102834306,0.009980231153193757,5.835105426814175e-05,0.03125,0,0.019027723000078822
901019,congestion,absent,ample,retuned_zero,0.006691617992918966,0.38085186102834306,0.009980231153193757,5.835105426814175e-05,0.03125,0,0.026021035000212578
901019,congestion,absent,ample,rewired,0.006691617992918966,0.38085186102834306,0.009980231153193757,5.835105426814175e-05,0.03125,0,0.018385804999411448
901019,congestion,absent,ample,reverse,0.006691617992918966,0.38085186102834306,0.009980231153193757,5.835105426814175e-05,0.03125,0,0.018152352000186056
901019,congestion,absent,ample,generic_nonlinear,0.006691617992918966,0.38085186102834306,0.009980231153193757,5.835105426814175e-05,0.03125,0,0.016806670000278245
901019,congestion,absent,ample,generic_equivalent,0.006691617992918966,0.38085186102834306,0.009980231153193757,5.835105426814175e-05,0.03125,0,0.01669108199951097
901019,congestion,absent,ample,signed_intensity,0.006691617992918966,0.38085186102834306,0.009980231153193757,5.835105426814175e-05,0.03125,0,0.028985263999857125
901019,congestion,absent,ample,gradient,0.006805695464685446,0.3804938930988879,0.010562227875575576,0.00028013136704613327,0.03125,0,0.01551979000009851
901019,congestion,absent,ample,zero_negative,0.17820947622327865,0.0,0.20750624785958985,0.15276460858072305,1.0,0,0.015033763000189992
901019,congestion,absent,scarce,full,0.0071512596338465535,0.37110267705511724,0.011045246797027793,5.83791900913464e-05,0.03125,0,0.018723246999627463
901019,congestion,absent,scarce,no_K,0.0071512596338465535,0.37110267705511724,0.011045246797027793,5.83791900913464e-05,0.03125,0,0.018682501000228058
901019,congestion,absent,scarce,no_W,0.0071512596338465535,0.37110267705511724,0.011045246797027793,5.83791900913464e-05,0.03125,0,0.0184325520003199
901019,congestion,absent,scarce,no_WK,0.0071512596338465535,0.37110267705511724,0.011045246797027793,5.83791900913464e-05,0.03125,0,0.01812631100034423
901019,congestion,absent,scarce,retuned_zero,0.0071512596338465535,0.37110267705511724,0.011045246797027793,5.83791900913464e-05,0.03125,0,0.018040680999490633
901019,congestion,absent,scarce,rewired,0.0071512596338465535,0.37110267705511724,0.011045246797027793,5.83791900913464e-05,0.03125,0,0.017838639999922634
901019,congestion,absent,scarce,reverse,0.0071512596338465535,0.37110267705511724,0.011045246797027793,5.83791900913464e-05,0.03125,0,0.018385379000335433
901019,congestion,absent,scarce,generic_nonlinear,0.0071512596338465535,0.37110267705511724,0.011045246797027793,5.83791900913464e-05,0.03125,0,0.01681500400013647
901019,congestion,absent,scarce,generic_equivalent,0.0071512596338465535,0.37110267705511724,0.011045246797027793,5.83791900913464e-05,0.03125,0,0.016117335999979332
901019,congestion,absent,scarce,signed_intensity,0.0071512596338465535,0.37110267705511724,0.011045246797027793,5.83791900913464e-05,0.03125,0,0.029107434999673387
901019,congestion,absent,scarce,gradient,0.007252095552755579,0.37109054325918556,0.01155920852705171,0.0002802225096847959,0.03125,0,0.01535662700013063
901019,congestion,absent,scarce,zero_negative,0.17820947622327865,0.0,0.20750624785958985,0.15276460858072305,1.0,0,0.014771975000087423
901020,linear,aligned,ample,full,0.002791677020238926,0.3753670159328287,0.0045759375554851696,0.0003967302458375909,0.03125,0,0.01858730799983732
901020,linear,aligned,ample,no_K,0.002791677020238926,0.3753670159328287,0.0045759375554851696,0.0003967302458375909,0.03125,0,0.018510932000367575
901020,linear,aligned,ample,no_W,0.002791677020238926,0.3753670159328287,0.0045759375554851696,0.0003967302458375909,0.03125,0,0.019012394999890603
901020,linear,aligned,ample,no_WK,0.002791677020238926,0.3753670159328287,0.0045759375554851696,0.0003967302458375909,0.03125,0,0.018151989999807938
901020,linear,aligned,ample,retuned_zero,0.002791677020238926,0.3753670159328287,0.0045759375554851696,0.0003967302458375909,0.03125,0,0.01867881700002272
901020,linear,aligned,ample,rewired,0.002791677020238926,0.3753670159328287,0.0045759375554851696,0.0003967302458375909,0.03125,0,0.01859419100037485
901020,linear,aligned,ample,reverse,0.002791677020238926,0.3753670159328287,0.0045759375554851696,0.0003967302458375909,0.03125,0,0.018359907000160547
901020,linear,aligned,ample,generic_nonlinear,0.002791677020238926,0.3753670159328287,0.0045759375554851696,0.0003967302458375909,0.03125,0,0.016728475000263643
901020,linear,aligned,ample,generic_equivalent,0.002791677020238926,0.3753670159328287,0.0045759375554851696,0.0003967302458375909,0.03125,0,0.016288809000059246
901020,linear,aligned,ample,signed_intensity,0.002791677020238926,0.3753670159328287,0.0045759375554851696,0.0003967302458375909,0.03125,0,0.028713190999894778
901020,linear,aligned,ample,gradient,0.0032541086101774298,0.3746623233742104,0.006664913828697465,0.0006311110903834086,0.03125,0,0.01547837200041613
901020,linear,aligned,ample,zero_negative,0.17944190816546993,0.0,0.19574259640719546,0.17527153359300854,1.0,0,0.01472805700018398
901020,linear,aligned,scarce,full,0.0028416799405951284,0.3721832588759928,0.00465325519897524,0.00039672950192701846,0.03125,0,0.018419229999778963
901020,linear,aligned,scarce,no_K,0.0028416799405951284,0.3721832588759928,0.00465325519897524,0.00039672950192701846,0.03125,0,0.018651406999993014
901020,linear,aligned,scarce,no_W,0.0028416799405951284,0.3721832588759928,0.00465325519897524,0.00039672950192701846,0.03125,0,0.018410472000141453
901020,linear,aligned,scarce,no_WK,0.0028416799405951284,0.3721832588759928,0.00465325519897524,0.00039672950192701846,0.03125,0,0.024553859000093325
901020,linear,aligned,scarce,retuned_zero,0.0028416799405951284,0.3721832588759928,0.00465325519897524,0.00039672950192701846,0.03125,0,0.01840369000086639
901020,linear,aligned,scarce,rewired,0.0028416799405951284,0.3721832588759928,0.00465325519897524,0.00039672950192701846,0.03125,0,0.01851707299977079
901020,linear,aligned,scarce,reverse,0.0028416799405951284,0.3721832588759928,0.00465325519897524,0.00039672950192701846,0.03125,0,0.018505575000119734
901020,linear,aligned,scarce,generic_nonlinear,0.0028416799405951284,0.3721832588759928,0.00465325519897524,0.00039672950192701846,0.03125,0,0.017166952999843943
901020,linear,aligned,scarce,generic_equivalent,0.0028416799405951284,0.3721832588759928,0.00465325519897524,0.00039672950192701846,0.03125,0,0.016407466000146087
901020,linear,aligned,scarce,signed_intensity,0.0028416799405951284,0.3721832588759928,0.00465325519897524,0.00039672950192701846,0.03125,0,0.02928401000036729
901020,linear,aligned,scarce,gradient,0.003326558563946444,0.3715363867755634,0.006726410236621049,0.000630843818251568,0.03125,0,0.016208993999555332
901020,linear,aligned,scarce,zero_negative,0.17944190816546993,0.0,0.19574259640719546,0.17527153359300854,1.0,0,0.015077066999367617
901020,linear,rewired,ample,full,0.0022570429534839592,0.3737523133284424,0.004282083308132655,0.00060176396438296,0.03125,0,0.01897739399976217
901020,linear,rewired,ample,no_K,0.0022570429534839592,0.3737523133284424,0.004282083308132655,0.00060176396438296,0.03125,0,0.018786999000326432
901020,linear,rewired,ample,no_W,0.0022570429534839592,0.3737523133284424,0.004282083308132655,0.00060176396438296,0.03125,0,0.018567940999673738
901020,linear,rewired,ample,no_WK,0.0022570429534839592,0.3737523133284424,0.004282083308132655,0.00060176396438296,0.03125,0,0.026190998999823023
901020,linear,rewired,ample,retuned_zero,0.0022570429534839592,0.3737523133284424,0.004282083308132655,0.00060176396438296,0.03125,0,0.018503068999962125
901020,linear,rewired,ample,rewired,0.0022570429534839592,0.3737523133284424,0.004282083308132655,0.00060176396438296,0.03125,0,0.01849331300030599
901020,linear,rewired,ample,reverse,0.0022570429534839592,0.3737523133284424,0.004282083308132655,0.00060176396438296,0.03125,0,0.018573278999554077
901020,linear,rewired,ample,generic_nonlinear,0.0022570429534839592,0.3737523133284424,0.004282083308132655,0.00060176396438296,0.03125,0,0.01681471100005183
901020,linear,rewired,ample,generic_equivalent,0.0022570429534839592,0.3737523133284424,0.004282083308132655,0.00060176396438296,0.03125,0,0.016803638000112642
901020,linear,rewired,ample,signed_intensity,0.0022570429534839592,0.3737523133284424,0.004282083308132655,0.00060176396438296,0.03125,0,0.029187396000679655
901020,linear,rewired,ample,gradient,0.003164057141539295,0.37324670848754365,0.00817721840567481,0.0010643373718202107,0.03125,0,0.01539509100041414
901020,linear,rewired,ample,zero_negative,0.17944190816546993,0.0,0.19574259640719546,0.17527153359300854,1.0,0,0.015167908000194075
901020,linear,rewired,scarce,full,0.0022976826431147595,0.37094170751015854,0.004341755842869448,0.0006017666370005488,0.03125,0,0.01890488399970991
901020,linear,rewired,scarce,no_K,0.0022976826431147595,0.37094170751015854,0.004341755842869448,0.0006017666370005488,0.03125,0,0.01862943399953565
901020,linear,rewired,scarce,no_W,0.0022976826431147595,0.37094170751015854,0.004341755842869448,0.0006017666370005488,0.03125,0,0.018542784000032952
901020,linear,rewired,scarce,no_WK,0.0022976826431147595,0.37094170751015854,0.004341755842869448,0.0006017666370005488,0.03125,0,0.024236672000370163
901020,linear,rewired,scarce,retuned_zero,0.0022976826431147595,0.37094170751015854,0.004341755842869448,0.0006017666370005488,0.03125,0,0.018163790000301105
901020,linear,rewired,scarce,rewired,0.0022976826431147595,0.37094170751015854,0.004341755842869448,0.0006017666370005488,0.03125,0,0.018202220000205216
901020,linear,rewired,scarce,reverse,0.0022976826431147595,0.37094170751015854,0.004341755842869448,0.0006017666370005488,0.03125,0,0.01851271399993948
901020,linear,rewired,scarce,generic_nonlinear,0.0022976826431147595,0.37094170751015854,0.004341755842869448,0.0006017666370005488,0.03125,0,0.01689141800034122
901020,linear,rewired,scarce,generic_equivalent,0.0022976826431147595,0.37094170751015854,0.004341755842869448,0.0006017666370005488,0.03125,0,0.016436394999743698
901020,linear,rewired,scarce,signed_intensity,0.0022976826431147595,0.37094170751015854,0.004341755842869448,0.0006017666370005488,0.03125,0,0.029315898999811907
901020,linear,rewired,scarce,gradient,0.0031824598505550685,0.37069077103386283,0.008108279857509816,0.0010641901598633604,0.03125,0,0.015502725000146711
901020,linear,rewired,scarce,zero_negative,0.17944190816546993,0.0,0.19574259640719546,0.17527153359300854,1.0,0,0.014975838000680142
901020,linear,absent,ample,full,0.0026011548551379306,0.4011295303124679,0.004570679412859258,0.00011954147955403231,0.03125,0,0.018175502000133292
901020,linear,absent,ample,no_K,0.0026011548551379306,0.4011295303124679,0.004570679412859258,0.00011954147955403231,0.03125,0,0.018065811000099075
901020,linear,absent,ample,no_W,0.0026011548551379306,0.4011295303124679,0.004570679412859258,0.00011954147955403231,0.03125,0,0.018384775000015452
901020,linear,absent,ample,no_WK,0.0026011548551379306,0.4011295303124679,0.004570679412859258,0.00011954147955403231,0.03125,0,0.02415717499980019
901020,linear,absent,ample,retuned_zero,0.0026011548551379306,0.4011295303124679,0.004570679412859258,0.00011954147955403231,0.03125,0,0.01802779199960014
901020,linear,absent,ample,rewired,0.0026011548551379306,0.4011295303124679,0.004570679412859258,0.00011954147955403231,0.03125,0,0.018343992999689362
901020,linear,absent,ample,reverse,0.0026011548551379306,0.4011295303124679,0.004570679412859258,0.00011954147955403231,0.03125,0,0.018301224000083494
901020,linear,absent,ample,generic_nonlinear,0.0026011548551379306,0.4011295303124679,0.004570679412859258,0.00011954147955403231,0.03125,0,0.01682246200005011
901020,linear,absent,ample,generic_equivalent,0.0026011548551379306,0.4011295303124679,0.004570679412859258,0.00011954147955403231,0.03125,0,0.01630264300035833
901020,linear,absent,ample,signed_intensity,0.0026011548551379306,0.4011295303124679,0.004570679412859258,0.00011954147955403233,0.03125,0,0.02873061599984794
901020,linear,absent,ample,gradient,0.0026363742252662964,0.4001826526867821,0.00469121291922984,0.00023400033071071142,0.03125,0,0.015579647000208752
901020,linear,absent,ample,zero_negative,0.17944190816546993,0.0,0.19574259640719546,0.17527153359300854,1.0,0,0.014655810999840924
901020,linear,absent,scarce,full,0.0030471948176603353,0.38952418827290713,0.0050423636276336154,0.00015325015241701115,0.03125,0,0.018516137999597504
901020,linear,absent,scarce,no_K,0.0030471948176603353,0.38952418827290713,0.0050423636276336154,0.00015325015241701115,0.03125,0,0.018930151000290607
901020,linear,absent,scarce,no_W,0.0030471948176603353,0.38952418827290713,0.0050423636276336154,0.00015325015241701115,0.03125,0,0.018529355999874042
901020,linear,absent,scarce,no_WK,0.0030471948176603353,0.38952418827290713,0.0050423636276336154,0.00015325015241701115,0.03125,0,0.01888441299996657
901020,linear,absent,scarce,retuned_zero,0.0030471948176603353,0.38952418827290713,0.0050423636276336154,0.00015325015241701115,0.03125,0,0.019054857000014636
901020,linear,absent,scarce,rewired,0.0030471948176603353,0.38952418827290713,0.0050423636276336154,0.00015325015241701115,0.03125,0,0.01912271799960763
901020,linear,absent,scarce,reverse,0.0030471948176603353,0.38952418827290713,0.0050423636276336154,0.00015325015241701115,0.03125,0,0.018696487999932287
901020,linear,absent,scarce,generic_nonlinear,0.0030471948176603353,0.38952418827290713,0.0050423636276336154,0.00015325015241701115,0.03125,0,0.017381149000073037
901020,linear,absent,scarce,generic_equivalent,0.0030471948176603353,0.38952418827290713,0.0050423636276336154,0.00015325015241701115,0.03125,0,0.016292219999911595
901020,linear,absent,scarce,signed_intensity,0.0030471948176603353,0.38952418827290713,0.0050423636276336154,0.00015325015241701115,0.03125,0,0.02879898399993408
901020,linear,absent,scarce,gradient,0.0031354656196171116,0.3891505113202115,0.005252537608468554,0.0002690379596957843,0.03125,0,0.015960647000042627
901020,linear,absent,scarce,zero_negative,0.17944190816546993,0.0,0.19574259640719546,0.17527153359300854,1.0,0,0.014931663999902867
901020,congestion,aligned,ample,full,0.0030220108947837656,0.3877953792441967,0.005069743010074513,0.0006329423158621545,0.03125,0,0.019200712999918323
901020,congestion,aligned,ample,no_K,0.0030220108947837656,0.3877953792441967,0.005069743010074513,0.0006329423158621545,0.03125,0,0.018930663999526587
901020,congestion,aligned,ample,no_W,0.0030220108947837656,0.3877953792441967,0.005069743010074513,0.0006329423158621545,0.03125,0,0.026724556999738525
901020,congestion,aligned,ample,no_WK,0.0030220108947837656,0.3877953792441967,0.005069743010074513,0.0006329423158621545,0.03125,0,0.018729873999859592
901020,congestion,aligned,ample,retuned_zero,0.0030220108947837656,0.3877953792441967,0.005069743010074513,0.0006329423158621545,0.03125,0,0.01860801499964282
901020,congestion,aligned,ample,rewired,0.0030220108947837656,0.3877953792441967,0.005069743010074513,0.0006329423158621545,0.03125,0,0.018675562000282753
901020,congestion,aligned,ample,reverse,0.0030220108947837656,0.3877953792441967,0.005069743010074513,0.0006329423158621545,0.03125,0,0.018767311000488007
901020,congestion,aligned,ample,generic_nonlinear,0.0030220108947837656,0.3877953792441967,0.005069743010074513,0.0006329423158621545,0.03125,0,0.01685483700015311
901020,congestion,aligned,ample,generic_equivalent,0.0030220108947837656,0.3877953792441967,0.005069743010074513,0.0006329423158621545,0.03125,0,0.01707541100012122
901020,congestion,aligned,ample,signed_intensity,0.0030220108947837656,0.3877953792441967,0.005069743010074513,0.0006329423158621545,0.03125,0,0.029442701000277793
901020,congestion,aligned,ample,gradient,0.0033041993660669717,0.3867679362236106,0.006274099388335498,0.000882167880736226,0.03125,0,0.01566460899954336
901020,congestion,aligned,ample,zero_negative,0.17944190816546993,0.0,0.19574259640719546,0.17527153359300854,1.0,0,0.015298418000384117
901020,congestion,aligned,scarce,full,0.0031371962365288977,0.3816657345141843,0.005061079306042969,0.0006328836493184984,0.03125,0,0.019220566999933908
901020,congestion,aligned,scarce,no_K,0.0031371962365288977,0.3816657345141843,0.005061079306042969,0.0006328836493184984,0.03125,0,0.018740839000088272
901020,congestion,aligned,scarce,no_W,0.0031371962365288977,0.3816657345141843,0.005061079306042969,0.0006328836493184984,0.03125,0,0.025261116000592665
901020,congestion,aligned,scarce,no_WK,0.0031371962365288977,0.3816657345141843,0.005061079306042969,0.0006328836493184984,0.03125,0,0.018511200999910216
901020,congestion,aligned,scarce,retuned_zero,0.0031371962365288977,0.3816657345141843,0.005061079306042969,0.0006328836493184984,0.03125,0,0.018254182999896784
901020,congestion,aligned,scarce,rewired,0.0031371962365288977,0.3816657345141843,0.005061079306042969,0.0006328836493184984,0.03125,0,0.018319501000007676
901020,congestion,aligned,scarce,reverse,0.0031371962365288977,0.3816657345141843,0.005061079306042969,0.0006328836493184984,0.03125,0,0.01868604300017296
901020,congestion,aligned,scarce,generic_nonlinear,0.0031371962365288977,0.3816657345141843,0.005061079306042969,0.0006328836493184984,0.03125,0,0.016892653000013524
901020,congestion,aligned,scarce,generic_equivalent,0.0031371962365288977,0.3816657345141843,0.005061079306042969,0.0006328836493184984,0.03125,0,0.016499150000413465
901020,congestion,aligned,scarce,signed_intensity,0.0031371962365288977,0.3816657345141843,0.005061079306042969,0.0006328836493184984,0.03125,0,0.029264738000279067
901020,congestion,aligned,scarce,gradient,0.0035147870211472802,0.3811387665867856,0.006552547110520623,0.0008820896765335778,0.03125,0,0.01564225900023075
901020,congestion,aligned,scarce,zero_negative,0.17944190816546993,0.0,0.19574259640719546,0.17527153359300854,1.0,0,0.01522606499986523
901020,congestion,rewired,ample,full,0.0026885618355216847,0.3860620262294301,0.004796613066092072,0.0005156092541087387,0.03125,0,0.018471471999532696
901020,congestion,rewired,ample,no_K,0.0026885618355216847,0.3860620262294301,0.004796613066092072,0.0005156092541087387,0.03125,0,0.018361459000061586
901020,congestion,rewired,ample,no_W,0.0026885618355216847,0.3860620262294301,0.004796613066092072,0.0005156092541087387,0.03125,0,0.01902359299992895
901020,congestion,rewired,ample,no_WK,0.0026885618355216847,0.3860620262294301,0.004796613066092072,0.0005156092541087387,0.03125,0,0.019310507000227517
901020,congestion,rewired,ample,retuned_zero,0.0026885618355216847,0.3860620262294301,0.004796613066092072,0.0005156092541087387,0.03125,0,0.018399049999970885
901020,congestion,rewired,ample,rewired,0.0026885618355216847,0.3860620262294301,0.004796613066092072,0.0005156092541087387,0.03125,0,0.018562214999974458
901020,congestion,rewired,ample,reverse,0.0026885618355216847,0.3860620262294301,0.004796613066092072,0.0005156092541087387,0.03125,0,0.01866273599989654
901020,congestion,rewired,ample,generic_nonlinear,0.0026885618355216847,0.3860620262294301,0.004796613066092072,0.0005156092541087387,0.03125,0,0.017178776999685397
901020,congestion,rewired,ample,generic_equivalent,0.0026885618355216847,0.3860620262294301,0.004796613066092072,0.0005156092541087387,0.03125,0,0.0165053640001247
901020,congestion,rewired,ample,signed_intensity,0.0026885618355216847,0.3860620262294301,0.004796613066092072,0.0005156092541087387,0.03125,0,0.028916483999523734
901020,congestion,rewired,ample,gradient,0.0031570955706247492,0.3847824804344231,0.0069628199085324805,0.0009880042746554297,0.03125,0,0.015884885000048143
901020,congestion,rewired,ample,zero_negative,0.17944190816546993,0.0,0.19574259640719546,0.17527153359300854,1.0,0,0.014758383999890157
901020,congestion,rewired,scarce,full,0.0028429630565336883,0.380558736094082,0.005017125796083796,0.000468950627681299,0.03125,0,0.018652262999808045
901020,congestion,rewired,scarce,no_K,0.0028429630565336883,0.380558736094082,0.005017125796083796,0.000468950627681299,0.03125,0,0.01882399900011933
901020,congestion,rewired,scarce,no_W,0.0028429630565336883,0.380558736094082,0.005017125796083796,0.000468950627681299,0.03125,0,0.023936627000182398
901020,congestion,rewired,scarce,no_WK,0.0028429630565336883,0.380558736094082,0.005017125796083796,0.000468950627681299,0.03125,0,0.018722840999714663
901020,congestion,rewired,scarce,retuned_zero,0.0028429630565336883,0.380558736094082,0.005017125796083796,0.000468950627681299,0.03125,0,0.01879615800044121
901020,congestion,rewired,scarce,rewired,0.0028429630565336883,0.380558736094082,0.005017125796083796,0.000468950627681299,0.03125,0,0.01862655700057303
901020,congestion,rewired,scarce,reverse,0.0028429630565336883,0.380558736094082,0.005017125796083796,0.000468950627681299,0.03125,0,0.0187642229998346
901020,congestion,rewired,scarce,generic_nonlinear,0.0028429630565336883,0.380558736094082,0.005017125796083796,0.000468950627681299,0.03125,0,0.017613963999565385
901020,congestion,rewired,scarce,generic_equivalent,0.0028429630565336883,0.380558736094082,0.005017125796083796,0.000468950627681299,0.03125,0,0.016484616999548507
901020,congestion,rewired,scarce,signed_intensity,0.0028429630565336883,0.380558736094082,0.005017125796083796,0.000468950627681299,0.03125,0,0.02916406300039398
901020,congestion,rewired,scarce,gradient,0.003336232645887054,0.3797544672521602,0.00719398110909757,0.0009880338603320067,0.03125,0,0.016330330000243976
901020,congestion,rewired,scarce,zero_negative,0.17944190816546993,0.0,0.19574259640719546,0.17527153359300854,1.0,0,0.015408323000144719
901020,congestion,absent,ample,full,0.0026011548551379306,0.4011295303124679,0.004570679412859258,0.00011954147955403231,0.03125,0,0.0190637470003594
901020,congestion,absent,ample,no_K,0.0026011548551379306,0.4011295303124679,0.004570679412859258,0.00011954147955403231,0.03125,0,0.02534425199968382
901020,congestion,absent,ample,no_W,0.0026011548551379306,0.4011295303124679,0.004570679412859258,0.00011954147955403231,0.03125,0,0.01853290200028823
901020,congestion,absent,ample,no_WK,0.0026011548551379306,0.4011295303124679,0.004570679412859258,0.00011954147955403231,0.03125,0,0.018692269999576183
901020,congestion,absent,ample,retuned_zero,0.0026011548551379306,0.4011295303124679,0.004570679412859258,0.00011954147955403231,0.03125,0,0.018588311000200974
901020,congestion,absent,ample,rewired,0.0026011548551379306,0.4011295303124679,0.004570679412859258,0.00011954147955403231,0.03125,0,0.018770010999730857
901020,congestion,absent,ample,reverse,0.0026011548551379306,0.4011295303124679,0.004570679412859258,0.00011954147955403231,0.03125,0,0.01894307299983211
901020,congestion,absent,ample,generic_nonlinear,0.0026011548551379306,0.4011295303124679,0.004570679412859258,0.00011954147955403231,0.03125,0,0.017027968000093097
901020,congestion,absent,ample,generic_equivalent,0.0026011548551379306,0.4011295303124679,0.004570679412859258,0.00011954147955403231,0.03125,0,0.01699011200014411
901020,congestion,absent,ample,signed_intensity,0.0026011548551379306,0.4011295303124679,0.004570679412859258,0.00011954147955403233,0.03125,0,0.029590756999994028
901020,congestion,absent,ample,gradient,0.0026363742252662964,0.4001826526867821,0.00469121291922984,0.00023400033071071142,0.03125,0,0.01550062300003674
901020,congestion,absent,ample,zero_negative,0.17944190816546993,0.0,0.19574259640719546,0.17527153359300854,1.0,0,0.015079985000227225
901020,congestion,absent,scarce,full,0.0030471948176603353,0.38952418827290713,0.0050423636276336154,0.00015325015241701115,0.03125,0,0.018985085999815965
901020,congestion,absent,scarce,no_K,0.0030471948176603353,0.38952418827290713,0.0050423636276336154,0.00015325015241701115,0.03125,0,0.025943271999494755
901020,congestion,absent,scarce,no_W,0.0030471948176603353,0.38952418827290713,0.0050423636276336154,0.00015325015241701115,0.03125,0,0.01854951600006416
901020,congestion,absent,scarce,no_WK,0.0030471948176603353,0.38952418827290713,0.0050423636276336154,0.00015325015241701115,0.03125,0,0.018570545999693877
901020,congestion,absent,scarce,retuned_zero,0.0030471948176603353,0.38952418827290713,0.0050423636276336154,0.00015325015241701115,0.03125,0,0.01783919299992931
901020,congestion,absent,scarce,rewired,0.0030471948176603353,0.38952418827290713,0.0050423636276336154,0.00015325015241701115,0.03125,0,0.018055464999747528
901020,congestion,absent,scarce,reverse,0.0030471948176603353,0.38952418827290713,0.0050423636276336154,0.00015325015241701115,0.03125,0,0.018851218999884622
901020,congestion,absent,scarce,generic_nonlinear,0.0030471948176603353,0.38952418827290713,0.0050423636276336154,0.00015325015241701115,0.03125,0,0.01682651599981
901020,congestion,absent,scarce,generic_equivalent,0.0030471948176603353,0.38952418827290713,0.0050423636276336154,0.00015325015241701115,0.03125,0,0.016366039000388355
901020,congestion,absent,scarce,signed_intensity,0.0030471948176603353,0.38952418827290713,0.0050423636276336154,0.00015325015241701115,0.03125,0,0.029190196000229207
901020,congestion,absent,scarce,gradient,0.0031354656196171116,0.3891505113202115,0.005252537608468554,0.0002690379596957843,0.03125,0,0.01539774800005489
901020,congestion,absent,scarce,zero_negative,0.17944190816546993,0.0,0.19574259640719546,0.17527153359300854,1.0,0,0.014963659999693846
901021,linear,aligned,ample,full,0.0023221727800051563,0.46438285094170867,0.004932549669041982,0.0011091561767568906,0.03125,0,0.018671215999859214
901021,linear,aligned,ample,no_K,0.0023221727800051563,0.46438285094170867,0.004932549669041982,0.0011091561767568906,0.03125,0,0.01875436599971181
901021,linear,aligned,ample,no_W,0.0023221727800051563,0.46438285094170867,0.004932549669041982,0.0011091561767568906,0.03125,0,0.01810110000013765
901021,linear,aligned,ample,no_WK,0.0023221727800051563,0.46438285094170867,0.004932549669041982,0.0011091561767568906,0.03125,0,0.018884555000340697
901021,linear,aligned,ample,retuned_zero,0.0023221727800051563,0.46438285094170867,0.004932549669041982,0.0011091561767568906,0.03125,0,0.01862031900037664
901021,linear,aligned,ample,rewired,0.0023221727800051563,0.46438285094170867,0.004932549669041982,0.0011091561767568906,0.03125,0,0.018923140000026706
901021,linear,aligned,ample,reverse,0.0023221727800051563,0.46438285094170867,0.004932549669041982,0.0011091561767568906,0.03125,0,0.018698348999976133
901021,linear,aligned,ample,generic_nonlinear,0.0023221727800051563,0.46438285094170867,0.004932549669041982,0.0011091561767568906,0.03125,0,0.016904592999878787
901021,linear,aligned,ample,generic_equivalent,0.0023221727800051563,0.46438285094170867,0.004932549669041982,0.0011091561767568906,0.03125,0,0.01640247099970793
901021,linear,aligned,ample,signed_intensity,0.002322172780005156,0.46438285094170867,0.00493254966904198,0.0011091561767568906,0.03125,0,0.02900463200029435
901021,linear,aligned,ample,gradient,0.003547130098439685,0.4657992549043385,0.011189306600137556,0.001611680478515305,0.03125,0,0.01576761899974599
901021,linear,aligned,ample,zero_negative,0.2788862076166211,0.0,0.30296064211127255,0.2627730796576273,1.0,0,0.014806378000457698
901021,linear,aligned,scarce,full,0.012567453293861039,0.3935302041236311,0.018132884063868485,0.0015016522826994873,0.03125,0,0.018516650000151458
901021,linear,aligned,scarce,no_K,0.012567453293861039,0.3935302041236311,0.018132884063868485,0.0015016522826994873,0.03125,0,0.01908097299980227
901021,linear,aligned,scarce,no_W,0.012567453293861039,0.3935302041236311,0.018132884063868485,0.0015016522826994873,0.03125,0,0.01860041299983095
901021,linear,aligned,scarce,no_WK,0.012567453293861039,0.3935302041236311,0.018132884063868485,0.0015016522826994873,0.03125,0,0.018597708999664064
901021,linear,aligned,scarce,retuned_zero,0.012567453293861039,0.3935302041236311,0.018132884063868485,0.0015016522826994873,0.03125,0,0.01851407200047106
901021,linear,aligned,scarce,rewired,0.012567453293861039,0.3935302041236311,0.018132884063868485,0.0015016522826994873,0.03125,0,0.018345134000128382
901021,linear,aligned,scarce,reverse,0.012567453293861039,0.3935302041236311,0.018132884063868485,0.0015016522826994873,0.03125,0,0.018573788999901808
901021,linear,aligned,scarce,generic_nonlinear,0.012567453293861039,0.3935302041236311,0.018132884063868485,0.0015016522826994873,0.03125,0,0.01775645300023143
901021,linear,aligned,scarce,generic_equivalent,0.012567453293861039,0.3935302041236311,0.018132884063868485,0.0015016522826994873,0.03125,0,0.016414346999908958
901021,linear,aligned,scarce,signed_intensity,0.012567453293861039,0.3935302041236311,0.018132884063868485,0.0015016522826994873,0.03125,0,0.02859075000003486
901021,linear,aligned,scarce,gradient,0.013763062054601441,0.39362860196052074,0.020949793414664356,0.0020917800996867442,0.03125,0,0.016057124000440126
901021,linear,aligned,scarce,zero_negative,0.2788862076166211,0.0,0.30296064211127255,0.2627730796576273,1.0,0,0.015101552999965406
901021,linear,rewired,ample,full,0.003453141993683342,0.46227185730376374,0.008290710946801972,0.0014409809480303867,0.03125,0,0.024569090000056804
901021,linear,rewired,ample,no_K,0.003453141993683342,0.46227185730376374,0.008290710946801972,0.0014409809480303867,0.03125,0,0.01879758500007256
901021,linear,rewired,ample,no_W,0.003453141993683342,0.46227185730376374,0.008290710946801972,0.0014409809480303867,0.03125,0,0.01899181300007058
901021,linear,rewired,ample,no_WK,0.003453141993683342,0.46227185730376374,0.008290710946801972,0.0014409809480303867,0.03125,0,0.01923010699988481
901021,linear,rewired,ample,retuned_zero,0.003453141993683342,0.46227185730376374,0.008290710946801972,0.0014409809480303867,0.03125,0,0.01855542600003446
901021,linear,rewired,ample,rewired,0.003453141993683342,0.46227185730376374,0.008290710946801972,0.0014409809480303867,0.03125,0,0.018668249999848285
901021,linear,rewired,ample,reverse,0.003453141993683342,0.46227185730376374,0.008290710946801972,0.0014409809480303867,0.03125,0,0.018611913999507124
901021,linear,rewired,ample,generic_nonlinear,0.003453141993683342,0.46227185730376374,0.008290710946801972,0.0014409809480303867,0.03125,0,0.016744188000245686
901021,linear,rewired,ample,generic_equivalent,0.003453141993683342,0.46227185730376374,0.008290710946801972,0.0014409809480303867,0.03125,0,0.016799183000046014
901021,linear,rewired,ample,signed_intensity,0.003453141993683342,0.46227185730376374,0.008290710946801972,0.0014409809480303867,0.03125,0,0.029355934999671263
901021,linear,rewired,ample,gradient,0.005391776426427194,0.4620519326312598,0.01784184237833267,0.003216204283825876,0.03125,0,0.015636014999984127
901021,linear,rewired,ample,zero_negative,0.2788862076166211,0.0,0.30296064211127255,0.2627730796576273,1.0,0,0.01519909799975494
901021,linear,rewired,scarce,full,0.01406719556463144,0.3923775746624466,0.022103594078645067,0.0024589349456784378,0.03125,0,0.02558803100055229
901021,linear,rewired,scarce,no_K,0.01406719556463144,0.3923775746624466,0.022103594078645067,0.0024589349456784378,0.03125,0,0.018660887000294224
901021,linear,rewired,scarce,no_W,0.01406719556463144,0.3923775746624466,0.022103594078645067,0.0024589349456784378,0.03125,0,0.018497859000547123
901021,linear,rewired,scarce,no_WK,0.01406719556463144,0.3923775746624466,0.022103594078645067,0.0024589349456784378,0.03125,0,0.018513473000155045
901021,linear,rewired,scarce,retuned_zero,0.01406719556463144,0.3923775746624466,0.022103594078645067,0.0024589349456784378,0.03125,0,0.018208365999726084
901021,linear,rewired,scarce,rewired,0.01406719556463144,0.3923775746624466,0.022103594078645067,0.0024589349456784378,0.03125,0,0.018101335999972434
901021,linear,rewired,scarce,reverse,0.01406719556463144,0.3923775746624466,0.022103594078645067,0.0024589349456784378,0.03125,0,0.01851790599960168
901021,linear,rewired,scarce,generic_nonlinear,0.01406719556463144,0.3923775746624466,0.022103594078645067,0.0024589349456784378,0.03125,0,0.016672331999814105
901021,linear,rewired,scarce,generic_equivalent,0.01406719556463144,0.3923775746624466,0.022103594078645067,0.0024589349456784378,0.03125,0,0.016286197999761498
901021,linear,rewired,scarce,signed_intensity,0.01406719556463144,0.3923775746624466,0.022103594078645067,0.0024589349456784378,0.03125,0,0.0295071529998836
901021,linear,rewired,scarce,gradient,0.015473027979907534,0.39272427295931595,0.024489236032866176,0.00378828307903989,0.03125,0,0.015796016000138025
901021,linear,rewired,scarce,zero_negative,0.2788862076166211,0.0,0.30296064211127255,0.2627730796576273,1.0,0,0.015121178000015334
901021,linear,absent,ample,full,0.002865875762162967,0.4957032265459458,0.005012386915495994,0.00010688065971171899,0.03125,0,0.0241290339997704
901021,linear,absent,ample,no_K,0.002865875762162967,0.4957032265459458,0.005012386915495994,0.00010688065971171899,0.03125,0,0.01878552300024694
901021,linear,absent,ample,no_W,0.002865875762162967,0.4957032265459458,0.005012386915495994,0.00010688065971171899,0.03125,0,0.017950573999826247
901021,linear,absent,ample,no_WK,0.002865875762162967,0.4957032265459458,0.005012386915495994,0.00010688065971171899,0.03125,0,0.01833927899980381
901021,linear,absent,ample,retuned_zero,0.002865875762162967,0.4957032265459458,0.005012386915495994,0.00010688065971171899,0.03125,0,0.018033314000035716
901021,linear,absent,ample,rewired,0.002865875762162967,0.4957032265459458,0.005012386915495994,0.00010688065971171899,0.03125,0,0.018520166999849152
901021,linear,absent,ample,reverse,0.002865875762162967,0.4957032265459458,0.005012386915495994,0.00010688065971171899,0.03125,0,0.01843463199963935
901021,linear,absent,ample,generic_nonlinear,0.002865875762162967,0.4957032265459458,0.005012386915495994,0.00010688065971171899,0.03125,0,0.016690958000879164
901021,linear,absent,ample,generic_equivalent,0.002865875762162967,0.4957032265459458,0.005012386915495994,0.00010688065971171899,0.03125,0,0.016371728999786228
901021,linear,absent,ample,signed_intensity,0.002865875762162967,0.4957032265459458,0.005012386915495994,0.00010688065971171899,0.03125,0,0.02859910200027116
901021,linear,absent,ample,gradient,0.0032840633435173537,0.49520971187089796,0.0071621211553563255,0.0004888496125307135,0.03125,0,0.01576389499967945
901021,linear,absent,ample,zero_negative,0.2788862076166211,0.0,0.30296064211127255,0.2627730796576273,1.0,0,0.014593054000329175
901021,linear,absent,scarce,full,0.018779366966634146,0.3968484285073543,0.024010297355667214,0.0033336206773984757,0.03125,0,0.02524498299987954
901021,linear,absent,scarce,no_K,0.018779366966634146,0.3968484285073543,0.024010297355667214,0.0033336206773984757,0.03125,0,0.018148280999753297
901021,linear,absent,scarce,no_W,0.018779366966634146,0.3968484285073543,0.024010297355667214,0.0033336206773984757,0.03125,0,0.018421210999804316
901021,linear,absent,scarce,no_WK,0.018779366966634146,0.3968484285073543,0.024010297355667214,0.0033336206773984757,0.03125,0,0.018395324000096025
901021,linear,absent,scarce,retuned_zero,0.018779366966634146,0.3968484285073543,0.024010297355667214,0.0033336206773984757,0.03125,0,0.018217656000501847
901021,linear,absent,scarce,rewired,0.018779366966634146,0.3968484285073543,0.024010297355667214,0.0033336206773984757,0.03125,0,0.018613343999561494
901021,linear,absent,scarce,reverse,0.018779366966634146,0.3968484285073543,0.024010297355667214,0.0033336206773984757,0.03125,0,0.01860080800003061
901021,linear,absent,scarce,generic_nonlinear,0.018779366966634146,0.3968484285073543,0.024010297355667214,0.0033336206773984757,0.03125,0,0.017310641000335636
901021,linear,absent,scarce,generic_equivalent,0.018779366966634146,0.3968484285073543,0.024010297355667214,0.0033336206773984757,0.03125,0,0.01630657100014332
901021,linear,absent,scarce,signed_intensity,0.018779366966634146,0.3968484285073543,0.024010297355667214,0.0033336206773984757,0.03125,0,0.028586675999918043
901021,linear,absent,scarce,gradient,0.019475908093477507,0.39691603601776904,0.0249854514177566,0.003247558807353982,0.03125,0,0.01597237099991844
901021,linear,absent,scarce,zero_negative,0.2788862076166211,0.0,0.30296064211127255,0.2627730796576273,1.0,0,0.015089444999830448
901021,congestion,aligned,ample,full,0.004381085185024938,0.5079809818864469,0.011654438064169917,0.002542084316108733,0.03125,0,0.019139860000223052
901021,congestion,aligned,ample,no_K,0.004381085185024938,0.5079809818864469,0.011654438064169917,0.002542084316108733,0.03125,0,0.018768483999735963
901021,congestion,aligned,ample,no_W,0.004381085185024938,0.5079809818864469,0.011654438064169917,0.002542084316108733,0.03125,0,0.018794369999682203
901021,congestion,aligned,ample,no_WK,0.004381085185024938,0.5079809818864469,0.011654438064169917,0.002542084316108733,0.03125,0,0.018781251999826054
901021,congestion,aligned,ample,retuned_zero,0.004381085185024938,0.5079809818864469,0.011654438064169917,0.002542084316108733,0.03125,0,0.01855422199980694
901021,congestion,aligned,ample,rewired,0.004381085185024938,0.5079809818864469,0.011654438064169917,0.002542084316108733,0.03125,0,0.01905082600001151
901021,congestion,aligned,ample,reverse,0.004381085185024938,0.5079809818864469,0.011654438064169917,0.002542084316108733,0.03125,0,0.01894664199937779
901021,congestion,aligned,ample,generic_nonlinear,0.004381085185024938,0.5079809818864469,0.011654438064169917,0.002542084316108733,0.03125,0,0.01721945100018729
901021,congestion,aligned,ample,generic_equivalent,0.004381085185024938,0.5079809818864469,0.011654438064169917,0.002542084316108733,0.03125,0,0.017093348999992486
901021,congestion,aligned,ample,signed_intensity,0.004381085185024938,0.5079809818864469,0.011654438064169917,0.002542084316108733,0.03125,0,0.029923820999783857
901021,congestion,aligned,ample,gradient,0.004596624834063156,0.5040032943274673,0.012445015788945912,0.001747196843405391,0.03125,0,0.01590325500006884
901021,congestion,aligned,ample,zero_negative,0.2788862076166211,0.0,0.30296064211127255,0.2627730796576273,1.0,0,0.01560638200021458
901021,congestion,aligned,scarce,full,0.018519936131715688,0.3977050562524886,0.026824027905315313,0.00563062543466206,0.03125,0,0.019252333000054023
901021,congestion,aligned,scarce,no_K,0.018519936131715688,0.3977050562524886,0.026824027905315313,0.00563062543466206,0.03125,0,0.019169807999958266
901021,congestion,aligned,scarce,no_W,0.018519936131715688,0.3977050562524886,0.026824027905315313,0.00563062543466206,0.03125,0,0.019307188000254882
901021,congestion,aligned,scarce,no_WK,0.018519936131715688,0.3977050562524886,0.026824027905315313,0.00563062543466206,0.03125,0,0.019097441999861076
901021,congestion,aligned,scarce,retuned_zero,0.018519936131715688,0.3977050562524886,0.026824027905315313,0.00563062543466206,0.03125,0,0.01831573499970318
901021,congestion,aligned,scarce,rewired,0.018519936131715688,0.3977050562524886,0.026824027905315313,0.00563062543466206,0.03125,0,0.018316015999744195
901021,congestion,aligned,scarce,reverse,0.018519936131715688,0.3977050562524886,0.026824027905315313,0.00563062543466206,0.03125,0,0.01878249200007076
901021,congestion,aligned,scarce,generic_nonlinear,0.018519936131715688,0.3977050562524886,0.026824027905315313,0.00563062543466206,0.03125,0,0.01703653900011659
901021,congestion,aligned,scarce,generic_equivalent,0.018519936131715688,0.3977050562524886,0.026824027905315313,0.00563062543466206,0.03125,0,0.016575924999983727
901021,congestion,aligned,scarce,signed_intensity,0.018519936131715688,0.3977050562524886,0.026824027905315313,0.00563062543466206,0.03125,0,0.029512717000500288
901021,congestion,aligned,scarce,gradient,0.019176018457905133,0.3978044702974968,0.02689235147440812,0.004783139607148116,0.03125,0,0.01597386099973619
901021,congestion,aligned,scarce,zero_negative,0.2788862076166211,0.0,0.30296064211127255,0.2627730796576273,1.0,0,0.020547799000155464
901021,congestion,rewired,ample,full,0.004713966784446918,0.5000824800258391,0.011836396562889527,0.0026135189639104666,0.03125,0,0.01923493900022777
901021,congestion,rewired,ample,no_K,0.004713966784446918,0.5000824800258391,0.011836396562889527,0.0026135189639104666,0.03125,0,0.018628383000020676
901021,congestion,rewired,ample,no_W,0.004713966784446918,0.5000824800258391,0.011836396562889527,0.0026135189639104666,0.03125,0,0.01829453200025455
901021,congestion,rewired,ample,no_WK,0.004713966784446918,0.5000824800258391,0.011836396562889527,0.0026135189639104666,0.03125,0,0.018972313999711332
901021,congestion,rewired,ample,retuned_zero,0.004713966784446918,0.5000824800258391,0.011836396562889527,0.0026135189639104666,0.03125,0,0.01872546799995689
901021,congestion,rewired,ample,rewired,0.004713966784446918,0.5000824800258391,0.011836396562889527,0.0026135189639104666,0.03125,0,0.01858890399972779
901021,congestion,rewired,ample,reverse,0.004713966784446918,0.5000824800258391,0.011836396562889527,0.0026135189639104666,0.03125,0,0.018662819999690328
901021,congestion,rewired,ample,generic_nonlinear,0.004713966784446918,0.5000824800258391,0.011836396562889527,0.0026135189639104666,0.03125,0,0.016878694000013184
901021,congestion,rewired,ample,generic_equivalent,0.004713966784446918,0.5000824800258391,0.011836396562889527,0.0026135189639104666,0.03125,0,0.016885376999766777
901021,congestion,rewired,ample,signed_intensity,0.004713966784446917,0.5000824800258391,0.011836396562889526,0.0026135189639104666,0.03125,0,0.0288873099999023
901021,congestion,rewired,ample,gradient,0.006395678326893325,0.49630136914174583,0.019694090312155587,0.006021642789256752,0.03125,0,0.02349782400000322
901021,congestion,rewired,ample,zero_negative,0.2788862076166211,0.0,0.30296064211127255,0.2627730796576273,1.0,0,0.014883046999898397
901021,congestion,rewired,scarce,full,0.019375295171577808,0.3971603360478391,0.029284826368525526,0.0069861861785889155,0.03125,0,0.01938455700008035
901021,congestion,rewired,scarce,no_K,0.019375295171577808,0.3971603360478391,0.029284826368525526,0.0069861861785889155,0.03125,0,0.018662533999986408
901021,congestion,rewired,scarce,no_W,0.019375295171577808,0.3971603360478391,0.029284826368525526,0.0069861861785889155,0.03125,0,0.01885652199928245
901021,congestion,rewired,scarce,no_WK,0.019375295171577808,0.3971603360478391,0.029284826368525526,0.0069861861785889155,0.03125,0,0.018762883000022157
901021,congestion,rewired,scarce,retuned_zero,0.019375295171577808,0.3971603360478391,0.029284826368525526,0.0069861861785889155,0.03125,0,0.01889199199996483
901021,congestion,rewired,scarce,rewired,0.019375295171577808,0.3971603360478391,0.029284826368525526,0.0069861861785889155,0.03125,0,0.018883478000077503
901021,congestion,rewired,scarce,reverse,0.019375295171577808,0.3971603360478391,0.029284826368525526,0.0069861861785889155,0.03125,0,0.018904996999822288
901021,congestion,rewired,scarce,generic_nonlinear,0.019375295171577808,0.3971603360478391,0.029284826368525526,0.0069861861785889155,0.03125,0,0.01760518600008254
901021,congestion,rewired,scarce,generic_equivalent,0.019375295171577808,0.3971603360478391,0.029284826368525526,0.0069861861785889155,0.03125,0,0.016514371000425854
901021,congestion,rewired,scarce,signed_intensity,0.019375295171577808,0.3971603360478391,0.029284826368525526,0.0069861861785889155,0.03125,0,0.02922997599989685
901021,congestion,rewired,scarce,gradient,0.020811339463645603,0.3975703810446687,0.032268332137287296,0.008424815699313568,0.03125,0,0.016443637000122635
901021,congestion,rewired,scarce,zero_negative,0.2788862076166211,0.0,0.30296064211127255,0.2627730796576273,1.0,0,0.015079500999320317
901021,congestion,absent,ample,full,0.002865875762162967,0.4957032265459458,0.005012386915495994,0.00010688065971171899,0.03125,0,0.01885110700044379
901021,congestion,absent,ample,no_K,0.002865875762162967,0.4957032265459458,0.005012386915495994,0.00010688065971171899,0.03125,0,0.018623043999866695
901021,congestion,absent,ample,no_W,0.002865875762162967,0.4957032265459458,0.005012386915495994,0.00010688065971171899,0.03125,0,0.01840640699992946
901021,congestion,absent,ample,no_WK,0.002865875762162967,0.4957032265459458,0.005012386915495994,0.00010688065971171899,0.03125,0,0.01843967900043708
901021,congestion,absent,ample,retuned_zero,0.002865875762162967,0.4957032265459458,0.005012386915495994,0.00010688065971171899,0.03125,0,0.018734916000084922
901021,congestion,absent,ample,rewired,0.002865875762162967,0.4957032265459458,0.005012386915495994,0.00010688065971171899,0.03125,0,0.018776396999783174
901021,congestion,absent,ample,reverse,0.002865875762162967,0.4957032265459458,0.005012386915495994,0.00010688065971171899,0.03125,0,0.019117541000298388
901021,congestion,absent,ample,generic_nonlinear,0.002865875762162967,0.4957032265459458,0.005012386915495994,0.00010688065971171899,0.03125,0,0.016787331999921662
901021,congestion,absent,ample,generic_equivalent,0.002865875762162967,0.4957032265459458,0.005012386915495994,0.00010688065971171899,0.03125,0,0.0168012750006028
901021,congestion,absent,ample,signed_intensity,0.002865875762162967,0.4957032265459458,0.005012386915495994,0.00010688065971171899,0.03125,0,0.03610952200011752
901021,congestion,absent,ample,gradient,0.0032840633435173537,0.49520971187089796,0.0071621211553563255,0.0004888496125307135,0.03125,0,0.015590870999631079
901021,congestion,absent,ample,zero_negative,0.2788862076166211,0.0,0.30296064211127255,0.2627730796576273,1.0,0,0.014717052000150943
901021,congestion,absent,scarce,full,0.018779366966634146,0.3968484285073543,0.024010297355667214,0.0033336206773984757,0.03125,0,0.018811698000206434
901021,congestion,absent,scarce,no_K,0.018779366966634146,0.3968484285073543,0.024010297355667214,0.0033336206773984757,0.03125,0,0.01857165199987776
901021,congestion,absent,scarce,no_W,0.018779366966634146,0.3968484285073543,0.024010297355667214,0.0033336206773984757,0.03125,0,0.018895993999990424
901021,congestion,absent,scarce,no_WK,0.018779366966634146,0.3968484285073543,0.024010297355667214,0.0033336206773984757,0.03125,0,0.01864339499951484
901021,congestion,absent,scarce,retuned_zero,0.018779366966634146,0.3968484285073543,0.024010297355667214,0.0033336206773984757,0.03125,0,0.018287452999857123
901021,congestion,absent,scarce,rewired,0.018779366966634146,0.3968484285073543,0.024010297355667214,0.0033336206773984757,0.03125,0,0.0180142290000731
901021,congestion,absent,scarce,reverse,0.018779366966634146,0.3968484285073543,0.024010297355667214,0.0033336206773984757,0.03125,0,0.018794326000090678
901021,congestion,absent,scarce,generic_nonlinear,0.018779366966634146,0.3968484285073543,0.024010297355667214,0.0033336206773984757,0.03125,0,0.016849228999603838
901021,congestion,absent,scarce,generic_equivalent,0.018779366966634146,0.3968484285073543,0.024010297355667214,0.0033336206773984757,0.03125,0,0.016228474000001825
901021,congestion,absent,scarce,signed_intensity,0.018779366966634146,0.3968484285073543,0.024010297355667214,0.0033336206773984757,0.03125,0,0.0358780609999485
901021,congestion,absent,scarce,gradient,0.019475908093477507,0.39691603601776904,0.0249854514177566,0.003247558807353982,0.03125,0,0.015461268999899858
901021,congestion,absent,scarce,zero_negative,0.2788862076166211,0.0,0.30296064211127255,0.2627730796576273,1.0,0,0.014731922999544622
901022,linear,aligned,ample,full,0.00589183405133908,0.45181172684630355,0.009090777960106624,0.00026983783106984053,0.03125,0,0.019024862000151188
901022,linear,aligned,ample,no_K,0.00589183405133908,0.45181172684630355,0.009090777960106624,0.00026983783106984053,0.03125,0,0.018232998000087264
901022,linear,aligned,ample,no_W,0.00589183405133908,0.45181172684630355,0.009090777960106624,0.00026983783106984053,0.03125,0,0.018047029999877395
901022,linear,aligned,ample,no_WK,0.00589183405133908,0.45181172684630355,0.009090777960106624,0.00026983783106984053,0.03125,0,0.01858594300023242
901022,linear,aligned,ample,retuned_zero,0.00589183405133908,0.45181172684630355,0.009090777960106624,0.00026983783106984053,0.03125,0,0.018134501999668373
901022,linear,aligned,ample,rewired,0.00589183405133908,0.45181172684630355,0.009090777960106624,0.00026983783106984053,0.03125,0,0.018719494999686503
901022,linear,aligned,ample,reverse,0.00589183405133908,0.45181172684630355,0.009090777960106624,0.00026983783106984053,0.03125,0,0.018679400999872087
901022,linear,aligned,ample,generic_nonlinear,0.00589183405133908,0.45181172684630355,0.009090777960106624,0.00026983783106984053,0.03125,0,0.016852862999996887
901022,linear,aligned,ample,generic_equivalent,0.00589183405133908,0.45181172684630355,0.009090777960106624,0.00026983783106984053,0.03125,0,0.01650609200044073
901022,linear,aligned,ample,signed_intensity,0.00589183405133908,0.45181172684630355,0.009090777960106624,0.00026983783106984053,0.03125,0,0.035432812999658836
901022,linear,aligned,ample,gradient,0.007200626870263307,0.45249684096981035,0.015337443817094303,0.0017963194067334746,0.03125,0,0.016213102999927287
901022,linear,aligned,ample,zero_negative,0.2663481912136722,0.0,0.2792761246988736,0.2466376322409491,1.0,0,0.014831623999839394
901022,linear,aligned,scarce,full,0.013157105406021836,0.3875156126145074,0.01937717811913314,0.003063147217095044,0.03125,0,0.0188038679998499
901022,linear,aligned,scarce,no_K,0.013157105406021836,0.3875156126145074,0.01937717811913314,0.003063147217095044,0.03125,0,0.018477209999957722
901022,linear,aligned,scarce,no_W,0.013157105406021836,0.3875156126145074,0.01937717811913314,0.003063147217095044,0.03125,0,0.018658043999380425
901022,linear,aligned,scarce,no_WK,0.013157105406021836,0.3875156126145074,0.01937717811913314,0.003063147217095044,0.03125,0,0.018887528999925962
901022,linear,aligned,scarce,retuned_zero,0.013157105406021836,0.3875156126145074,0.01937717811913314,0.003063147217095044,0.03125,0,0.018960954999954538
901022,linear,aligned,scarce,rewired,0.013157105406021836,0.3875156126145074,0.01937717811913314,0.003063147217095044,0.03125,0,0.01861389199984842
901022,linear,aligned,scarce,reverse,0.013157105406021836,0.3875156126145074,0.01937717811913314,0.003063147217095044,0.03125,0,0.01882285000039019
901022,linear,aligned,scarce,generic_nonlinear,0.013157105406021836,0.3875156126145074,0.01937717811913314,0.003063147217095044,0.03125,0,0.017455892999805656
901022,linear,aligned,scarce,generic_equivalent,0.013157105406021836,0.3875156126145074,0.01937717811913314,0.003063147217095044,0.03125,0,0.016594598000153837
901022,linear,aligned,scarce,signed_intensity,0.013157105406021836,0.3875156126145074,0.01937717811913314,0.003063147217095044,0.03125,0,0.035774716999924294
901022,linear,aligned,scarce,gradient,0.014193971316207903,0.38794015224129386,0.02291898918958567,0.004835978917533391,0.03125,0,0.015711849000297207
901022,linear,aligned,scarce,zero_negative,0.2663481912136722,0.0,0.2792761246988736,0.2466376322409491,1.0,0,0.0148198440001579
901022,linear,rewired,ample,full,0.0055741079274217835,0.4517237646597453,0.008487307623168324,0.0003598930676793165,0.03125,0,0.019130584000038198
901022,linear,rewired,ample,no_K,0.0055741079274217835,0.4517237646597453,0.008487307623168324,0.0003598930676793165,0.03125,0,0.01878192899954456
901022,linear,rewired,ample,no_W,0.0055741079274217835,0.4517237646597453,0.008487307623168324,0.0003598930676793165,0.03125,0,0.018938944000012725
901022,linear,rewired,ample,no_WK,0.0055741079274217835,0.4517237646597453,0.008487307623168324,0.0003598930676793165,0.03125,0,0.018763288000116063
901022,linear,rewired,ample,retuned_zero,0.0055741079274217835,0.4517237646597453,0.008487307623168324,0.0003598930676793165,0.03125,0,0.018699219000382072
901022,linear,rewired,ample,rewired,0.0055741079274217835,0.4517237646597453,0.008487307623168324,0.0003598930676793165,0.03125,0,0.018573493000019425
901022,linear,rewired,ample,reverse,0.0055741079274217835,0.4517237646597453,0.008487307623168324,0.0003598930676793165,0.03125,0,0.018724894000797576
901022,linear,rewired,ample,generic_nonlinear,0.0055741079274217835,0.4517237646597453,0.008487307623168324,0.0003598930676793165,0.03125,0,0.016961907000165866
901022,linear,rewired,ample,generic_equivalent,0.0055741079274217835,0.4517237646597453,0.008487307623168324,0.0003598930676793165,0.03125,0,0.016992677999667194
901022,linear,rewired,ample,signed_intensity,0.0055741079274217835,0.4517237646597453,0.008487307623168324,0.0003598930676793165,0.03125,0,0.029461971999921843
901022,linear,rewired,ample,gradient,0.006171646012623641,0.4519539058442248,0.011313352304701575,0.0014485330420446723,0.03125,0,0.015464966999957142
901022,linear,rewired,ample,zero_negative,0.2663481912136722,0.0,0.2792761246988736,0.2466376322409491,1.0,0,0.014812471000141159
901022,linear,rewired,scarce,full,0.012909775090626917,0.3879262578801071,0.018180233097981936,0.0031371753908612456,0.03125,0,0.019061054000133026
901022,linear,rewired,scarce,no_K,0.012909775090626917,0.3879262578801071,0.018180233097981936,0.0031371753908612456,0.03125,0,0.01871455499968988
901022,linear,rewired,scarce,no_W,0.012909775090626917,0.3879262578801071,0.018180233097981936,0.0031371753908612456,0.03125,0,0.018902137000452512
901022,linear,rewired,scarce,no_WK,0.012909775090626917,0.3879262578801071,0.018180233097981936,0.0031371753908612456,0.03125,0,0.018742918000384634
901022,linear,rewired,scarce,retuned_zero,0.012909775090626917,0.3879262578801071,0.018180233097981936,0.0031371753908612456,0.03125,0,0.018329917999835743
901022,linear,rewired,scarce,rewired,0.012909775090626917,0.3879262578801071,0.018180233097981936,0.0031371753908612456,0.03125,0,0.0182473379997532
901022,linear,rewired,scarce,reverse,0.012909775090626917,0.3879262578801071,0.018180233097981936,0.0031371753908612456,0.03125,0,0.018736059000104888
901022,linear,rewired,scarce,generic_nonlinear,0.012909775090626917,0.3879262578801071,0.018180233097981936,0.0031371753908612456,0.03125,0,0.016996292000044377
901022,linear,rewired,scarce,generic_equivalent,0.012909775090626917,0.3879262578801071,0.018180233097981936,0.0031371753908612456,0.03125,0,0.01684939300031374
901022,linear,rewired,scarce,signed_intensity,0.012909775090626917,0.3879262578801071,0.018180233097981936,0.0031371753908612456,0.03125,0,0.029408407999937936
901022,linear,rewired,scarce,gradient,0.013487327214581422,0.3880931082655965,0.019996930536769868,0.004731650130833492,0.03125,0,0.015758167000058165
901022,linear,rewired,scarce,zero_negative,0.2663481912136722,0.0,0.2792761246988736,0.2466376322409491,1.0,0,0.015328449999742588
901022,linear,absent,ample,full,0.006122671120046872,0.481121802401277,0.00908527249977794,0.00010616322286310727,0.03125,0,0.01887494400051537
901022,linear,absent,ample,no_K,0.006122671120046872,0.481121802401277,0.00908527249977794,0.00010616322286310727,0.03125,0,0.01841963900022847
901022,linear,absent,ample,no_W,0.006122671120046872,0.481121802401277,0.00908527249977794,0.00010616322286310727,0.03125,0,0.01835907800023051
901022,linear,absent,ample,no_WK,0.006122671120046872,0.481121802401277,0.00908527249977794,0.00010616322286310727,0.03125,0,0.01847472199949607
901022,linear,absent,ample,retuned_zero,0.006122671120046872,0.481121802401277,0.00908527249977794,0.00010616322286310727,0.03125,0,0.01787216500025579
901022,linear,absent,ample,rewired,0.006122671120046872,0.481121802401277,0.00908527249977794,0.00010616322286310727,0.03125,0,0.01852596199984191
901022,linear,absent,ample,reverse,0.006122671120046872,0.481121802401277,0.00908527249977794,0.00010616322286310727,0.03125,0,0.019001989000400954
901022,linear,absent,ample,generic_nonlinear,0.006122671120046872,0.481121802401277,0.00908527249977794,0.00010616322286310727,0.03125,0,0.01669814200027986
901022,linear,absent,ample,generic_equivalent,0.006122671120046872,0.481121802401277,0.00908527249977794,0.00010616322286310727,0.03125,0,0.016583817999958228
901022,linear,absent,ample,signed_intensity,0.006122671120046872,0.481121802401277,0.00908527249977794,0.00010616322286310727,0.03125,0,0.029262788000096407
901022,linear,absent,ample,gradient,0.0063398749062799666,0.48092001701689524,0.010209299516565861,0.0004285066194683358,0.03125,0,0.01593387300027871
901022,linear,absent,ample,zero_negative,0.2663481912136722,0.0,0.2792761246988736,0.2466376322409491,1.0,0,0.014666772000055062
901022,linear,absent,scarce,full,0.019110227098409024,0.3936140574676932,0.025296845613124935,0.007369100792447024,0.03125,0,0.01881821599988598
901022,linear,absent,scarce,no_K,0.019110227098409024,0.3936140574676932,0.025296845613124935,0.007369100792447024,0.03125,0,0.018366852999406547
901022,linear,absent,scarce,no_W,0.019110227098409024,0.3936140574676932,0.025296845613124935,0.007369100792447024,0.03125,0,0.018591042999673846
901022,linear,absent,scarce,no_WK,0.019110227098409024,0.3936140574676932,0.025296845613124935,0.007369100792447024,0.03125,0,0.01848260799977197
901022,linear,absent,scarce,retuned_zero,0.019110227098409024,0.3936140574676932,0.025296845613124935,0.007369100792447024,0.03125,0,0.018305695000151445
901022,linear,absent,scarce,rewired,0.019110227098409024,0.3936140574676932,0.025296845613124935,0.007369100792447024,0.03125,0,0.0181859529999997
901022,linear,absent,scarce,reverse,0.019110227098409024,0.3936140574676932,0.025296845613124935,0.007369100792447024,0.03125,0,0.018401517999961925
901022,linear,absent,scarce,generic_nonlinear,0.019110227098409024,0.3936140574676932,0.025296845613124935,0.007369100792447024,0.03125,0,0.0171197399997709
901022,linear,absent,scarce,generic_equivalent,0.019110227098409024,0.3936140574676932,0.025296845613124935,0.007369100792447024,0.03125,0,0.01653352600010294
901022,linear,absent,scarce,signed_intensity,0.019110227098409024,0.3936140574676932,0.025296845613124935,0.007369100792447024,0.03125,0,0.029154259000449656
901022,linear,absent,scarce,gradient,0.019301258365059464,0.39363521042719196,0.02589787808414858,0.008084538376664592,0.03125,0,0.015463664000492372
901022,linear,absent,scarce,zero_negative,0.2663481912136722,0.0,0.2792761246988736,0.2466376322409491,1.0,0,0.01468097900021803
901022,congestion,aligned,ample,full,0.006150771426967079,0.4711735864530999,0.009791211538849915,0.00045410337156715007,0.033203125,0,0.019173464999823864
901022,congestion,aligned,ample,no_K,0.006150771426967079,0.4711735864530999,0.009791211538849915,0.00045410337156715007,0.033203125,0,0.019092742000111684
901022,congestion,aligned,ample,no_W,0.006150771426967079,0.4711735864530999,0.009791211538849915,0.00045410337156715007,0.033203125,0,0.018633029999705286
901022,congestion,aligned,ample,no_WK,0.006150771426967079,0.4711735864530999,0.009791211538849915,0.00045410337156715007,0.033203125,0,0.018484532000059062
901022,congestion,aligned,ample,retuned_zero,0.006150771426967079,0.4711735864530999,0.009791211538849915,0.00045410337156715007,0.033203125,0,0.018681592999882923
901022,congestion,aligned,ample,rewired,0.006150771426967079,0.4711735864530999,0.009791211538849915,0.00045410337156715007,0.033203125,0,0.018578460000071573
901022,congestion,aligned,ample,reverse,0.006150771426967079,0.4711735864530999,0.009791211538849915,0.00045410337156715007,0.033203125,0,0.018541417999585974
901022,congestion,aligned,ample,generic_nonlinear,0.006150771426967079,0.4711735864530999,0.009791211538849915,0.00045410337156715007,0.033203125,0,0.01700007400023651
901022,congestion,aligned,ample,generic_equivalent,0.006150771426967079,0.4711735864530999,0.009791211538849915,0.00045410337156715007,0.033203125,0,0.01645428000006177
901022,congestion,aligned,ample,signed_intensity,0.006150771426967079,0.4711735864530999,0.009791211538849915,0.00045410337156715007,0.033203125,0,0.029129831999568978
901022,congestion,aligned,ample,gradient,0.007472156352177347,0.4722374567287142,0.01571482029003984,0.0018390219214540781,0.03125,0,0.015683974000126
901022,congestion,aligned,ample,zero_negative,0.2663481912136722,0.0,0.2792761246988736,0.2466376322409491,1.0,0,0.014627617000087412
901022,congestion,aligned,scarce,full,0.016276556590379375,0.3898051493480723,0.022012856381595735,0.004931616824137924,0.03125,0,0.018820906000257764
901022,congestion,aligned,scarce,no_K,0.016276556590379375,0.3898051493480723,0.022012856381595735,0.004931616824137924,0.03125,0,0.01869444199951431
901022,congestion,aligned,scarce,no_W,0.016276556590379375,0.3898051493480723,0.022012856381595735,0.004931616824137924,0.03125,0,0.01856125800031805
901022,congestion,aligned,scarce,no_WK,0.016276556590379375,0.3898051493480723,0.022012856381595735,0.004931616824137924,0.03125,0,0.018735067999898547
901022,congestion,aligned,scarce,retuned_zero,0.016276556590379375,0.3898051493480723,0.022012856381595735,0.004931616824137924,0.03125,0,0.018439685000089412
901022,congestion,aligned,scarce,rewired,0.016276556590379375,0.3898051493480723,0.022012856381595735,0.004931616824137924,0.03125,0,0.018495704000088153
901022,congestion,aligned,scarce,reverse,0.016276556590379375,0.3898051493480723,0.022012856381595735,0.004931616824137924,0.03125,0,0.019045115000210444
901022,congestion,aligned,scarce,generic_nonlinear,0.016276556590379375,0.3898051493480723,0.022012856381595735,0.004931616824137924,0.03125,0,0.017121011000313047
901022,congestion,aligned,scarce,generic_equivalent,0.016276556590379375,0.3898051493480723,0.022012856381595735,0.004931616824137924,0.03125,0,0.016494765999993888
901022,congestion,aligned,scarce,signed_intensity,0.016276556590379375,0.3898051493480723,0.022012856381595735,0.004931616824137924,0.03125,0,0.02972125599961828
901022,congestion,aligned,scarce,gradient,0.017307929864062526,0.3901858999781113,0.024916852842790268,0.0067091766031066044,0.03125,0,0.015715018000037162
901022,congestion,aligned,scarce,zero_negative,0.2663481912136722,0.0,0.2792761246988736,0.2466376322409491,1.0,0,0.014968198999895321
901022,congestion,rewired,ample,full,0.0055714039311853675,0.46825392215505235,0.00882296754755717,0.0003451671115877124,0.03125,0,0.01912218799986931
901022,congestion,rewired,ample,no_K,0.0055714039311853675,0.46825392215505235,0.00882296754755717,0.0003451671115877124,0.03125,0,0.01838051899983384
901022,congestion,rewired,ample,no_W,0.0055714039311853675,0.46825392215505235,0.00882296754755717,0.0003451671115877124,0.03125,0,0.018375066999851697
901022,congestion,rewired,ample,no_WK,0.0055714039311853675,0.46825392215505235,0.00882296754755717,0.0003451671115877124,0.03125,0,0.018603667000320456
901022,congestion,rewired,ample,retuned_zero,0.0055714039311853675,0.46825392215505235,0.00882296754755717,0.0003451671115877124,0.03125,0,0.018044774999680158
901022,congestion,rewired,ample,rewired,0.0055714039311853675,0.46825392215505235,0.00882296754755717,0.0003451671115877124,0.03125,0,0.018720477000215396
901022,congestion,rewired,ample,reverse,0.0055714039311853675,0.46825392215505235,0.00882296754755717,0.0003451671115877124,0.03125,0,0.018648475000190956
901022,congestion,rewired,ample,generic_nonlinear,0.0055714039311853675,0.46825392215505235,0.00882296754755717,0.0003451671115877124,0.03125,0,0.01704839900008892
901022,congestion,rewired,ample,generic_equivalent,0.0055714039311853675,0.46825392215505235,0.00882296754755717,0.0003451671115877124,0.03125,0,0.016511557000114863
901022,congestion,rewired,ample,signed_intensity,0.0055714039311853675,0.46825392215505235,0.00882296754755717,0.0003451671115877124,0.03125,0,0.029474567999898227
901022,congestion,rewired,ample,gradient,0.006128191299406367,0.4680179129177593,0.011449886913101065,0.002032640340779348,0.03125,0,0.016179061999878286
901022,congestion,rewired,ample,zero_negative,0.2663481912136722,0.0,0.2792761246988736,0.2466376322409491,1.0,0,0.014765564000242648
901022,congestion,rewired,scarce,full,0.015031224472525773,0.38995605953657886,0.01970420355331988,0.004699914511716518,0.03125,0,0.019043297000052917
901022,congestion,rewired,scarce,no_K,0.015031224472525773,0.38995605953657886,0.01970420355331988,0.004699914511716518,0.03125,0,0.018255456000019876
901022,congestion,rewired,scarce,no_W,0.015031224472525773,0.38995605953657886,0.01970420355331988,0.004699914511716518,0.03125,0,0.01863193800039653
901022,congestion,rewired,scarce,no_WK,0.015031224472525773,0.38995605953657886,0.01970420355331988,0.004699914511716518,0.03125,0,0.018770143999802258
901022,congestion,rewired,scarce,retuned_zero,0.015031224472525773,0.38995605953657886,0.01970420355331988,0.004699914511716518,0.03125,0,0.018795802000113326
901022,congestion,rewired,scarce,rewired,0.015031224472525773,0.38995605953657886,0.01970420355331988,0.004699914511716518,0.03125,0,0.018783818999850155
901022,congestion,rewired,scarce,reverse,0.015031224472525773,0.38995605953657886,0.01970420355331988,0.004699914511716518,0.03125,0,0.026715564000312497
901022,congestion,rewired,scarce,generic_nonlinear,0.015031224472525773,0.38995605953657886,0.01970420355331988,0.004699914511716518,0.03125,0,0.01685426700038306
901022,congestion,rewired,scarce,generic_equivalent,0.015031224472525773,0.38995605953657886,0.01970420355331988,0.004699914511716518,0.03125,0,0.01680011099966805
901022,congestion,rewired,scarce,signed_intensity,0.015031224472525773,0.38995605953657886,0.01970420355331988,0.004699914511716518,0.03125,0,0.029731997999704163
901022,congestion,rewired,scarce,gradient,0.015443058601046873,0.3900237157089029,0.02149051774217317,0.006780033505808719,0.03125,0,0.01564195900022014
901022,congestion,rewired,scarce,zero_negative,0.2663481912136722,0.0,0.2792761246988736,0.2466376322409491,1.0,0,0.014867370999525065
901022,congestion,absent,ample,full,0.006122671120046872,0.481121802401277,0.00908527249977794,0.00010616322286310727,0.03125,0,0.01903565900039439
901022,congestion,absent,ample,no_K,0.006122671120046872,0.481121802401277,0.00908527249977794,0.00010616322286310727,0.03125,0,0.01858408799995459
901022,congestion,absent,ample,no_W,0.006122671120046872,0.481121802401277,0.00908527249977794,0.00010616322286310727,0.03125,0,0.018565012999658848
901022,congestion,absent,ample,no_WK,0.006122671120046872,0.481121802401277,0.00908527249977794,0.00010616322286310727,0.03125,0,0.018665586000167878
901022,congestion,absent,ample,retuned_zero,0.006122671120046872,0.481121802401277,0.00908527249977794,0.00010616322286310727,0.03125,0,0.01848924799986662
901022,congestion,absent,ample,rewired,0.006122671120046872,0.481121802401277,0.00908527249977794,0.00010616322286310727,0.03125,0,0.018264041999657366
901022,congestion,absent,ample,reverse,0.006122671120046872,0.481121802401277,0.00908527249977794,0.00010616322286310727,0.03125,0,0.026090463999651092
901022,congestion,absent,ample,generic_nonlinear,0.006122671120046872,0.481121802401277,0.00908527249977794,0.00010616322286310727,0.03125,0,0.016752423000127692
901022,congestion,absent,ample,generic_equivalent,0.006122671120046872,0.481121802401277,0.00908527249977794,0.00010616322286310727,0.03125,0,0.016220818999954645
901022,congestion,absent,ample,signed_intensity,0.006122671120046872,0.481121802401277,0.00908527249977794,0.00010616322286310727,0.03125,0,0.029175250999742275
901022,congestion,absent,ample,gradient,0.0063398749062799666,0.48092001701689524,0.010209299516565861,0.0004285066194683358,0.03125,0,0.015526676000206407
901022,congestion,absent,ample,zero_negative,0.2663481912136722,0.0,0.2792761246988736,0.2466376322409491,1.0,0,0.014454016000115644
901022,congestion,absent,scarce,full,0.019110227098409024,0.3936140574676932,0.025296845613124935,0.007369100792447024,0.03125,0,0.019108843000026354
901022,congestion,absent,scarce,no_K,0.019110227098409024,0.3936140574676932,0.025296845613124935,0.007369100792447024,0.03125,0,0.01869478600013963
901022,congestion,absent,scarce,no_W,0.019110227098409024,0.3936140574676932,0.025296845613124935,0.007369100792447024,0.03125,0,0.018608909000249696
901022,congestion,absent,scarce,no_WK,0.019110227098409024,0.3936140574676932,0.025296845613124935,0.007369100792447024,0.03125,0,0.018484787000033975
901022,congestion,absent,scarce,retuned_zero,0.019110227098409024,0.3936140574676932,0.025296845613124935,0.007369100792447024,0.03125,0,0.018009952999932466
901022,congestion,absent,scarce,rewired,0.019110227098409024,0.3936140574676932,0.025296845613124935,0.007369100792447024,0.03125,0,0.01792954100000088
901022,congestion,absent,scarce,reverse,0.019110227098409024,0.3936140574676932,0.025296845613124935,0.007369100792447024,0.03125,0,0.01887204499996642
901022,congestion,absent,scarce,generic_nonlinear,0.019110227098409024,0.3936140574676932,0.025296845613124935,0.007369100792447024,0.03125,0,0.016728884000258404
901022,congestion,absent,scarce,generic_equivalent,0.019110227098409024,0.3936140574676932,0.025296845613124935,0.007369100792447024,0.03125,0,0.01658513999996103
901022,congestion,absent,scarce,signed_intensity,0.019110227098409024,0.3936140574676932,0.025296845613124935,0.007369100792447024,0.03125,0,0.02967150500023763
901022,congestion,absent,scarce,gradient,0.019301258365059464,0.39363521042719196,0.02589787808414858,0.008084538376664592,0.03125,0,0.015992058999984238
901022,congestion,absent,scarce,zero_negative,0.2663481912136722,0.0,0.2792761246988736,0.2466376322409491,1.0,0,0.014995201999738583
901023,linear,aligned,ample,full,0.01275882057700501,0.3828347367789394,0.018508965035142096,0.0006345732936449656,0.03125,0,0.019500633999655292
901023,linear,aligned,ample,no_K,0.01275882057700501,0.3828347367789394,0.018508965035142096,0.0006345732936449656,0.03125,0,0.018438191000143433
901023,linear,aligned,ample,no_W,0.01275882057700501,0.3828347367789394,0.018508965035142096,0.0006345732936449656,0.03125,0,0.018231110999920475
901023,linear,aligned,ample,no_WK,0.01275882057700501,0.3828347367789394,0.018508965035142096,0.0006345732936449656,0.03125,0,0.018830662000198117
901023,linear,aligned,ample,retuned_zero,0.01275882057700501,0.3828347367789394,0.018508965035142096,0.0006345732936449656,0.03125,0,0.01814592799996717
901023,linear,aligned,ample,rewired,0.01275882057700501,0.3828347367789394,0.018508965035142096,0.0006345732936449656,0.03125,0,0.018662855000059153
901023,linear,aligned,ample,reverse,0.01275882057700501,0.3828347367789394,0.018508965035142096,0.0006345732936449656,0.03125,0,0.02475218999995832
901023,linear,aligned,ample,generic_nonlinear,0.01275882057700501,0.3828347367789394,0.018508965035142096,0.0006345732936449656,0.03125,0,0.017086041999903046
901023,linear,aligned,ample,generic_equivalent,0.01275882057700501,0.3828347367789394,0.018508965035142096,0.0006345732936449656,0.03125,0,0.016898280000532395
901023,linear,aligned,ample,signed_intensity,0.01275882057700501,0.3828347367789394,0.018508965035142096,0.0006345732936449656,0.03125,0,0.029473446999702446
901023,linear,aligned,ample,gradient,0.013834174280218298,0.38248268497389837,0.02379136938689275,0.0029207699287052587,0.03125,0,0.016120797000382936
901023,linear,aligned,ample,zero_negative,0.21149422598134948,0.0,0.22614353349604102,0.20613886419491084,1.0,0,0.014656457999876693
901023,linear,aligned,scarce,full,0.0137925172967686,0.3616832695628768,0.02033999705934255,0.0006549005888761188,0.03125,0,0.01900357300013411
901023,linear,aligned,scarce,no_K,0.0137925172967686,0.3616832695628768,0.02033999705934255,0.0006549005888761188,0.03125,0,0.01835979700047119
901023,linear,aligned,scarce,no_W,0.0137925172967686,0.3616832695628768,0.02033999705934255,0.0006549005888761188,0.03125,0,0.018632267000100455
901023,linear,aligned,scarce,no_WK,0.0137925172967686,0.3616832695628768,0.02033999705934255,0.0006549005888761188,0.03125,0,0.01865951099978247
901023,linear,aligned,scarce,retuned_zero,0.0137925172967686,0.3616832695628768,0.02033999705934255,0.0006549005888761188,0.03125,0,0.018488028000206214
901023,linear,aligned,scarce,rewired,0.0137925172967686,0.3616832695628768,0.02033999705934255,0.0006549005888761188,0.03125,0,0.02732419000005848
901023,linear,aligned,scarce,reverse,0.0137925172967686,0.3616832695628768,0.02033999705934255,0.0006549005888761188,0.03125,0,0.018765872000528816
901023,linear,aligned,scarce,generic_nonlinear,0.0137925172967686,0.3616832695628768,0.02033999705934255,0.0006549005888761188,0.03125,0,0.01694416999993109
901023,linear,aligned,scarce,generic_equivalent,0.0137925172967686,0.3616832695628768,0.02033999705934255,0.0006549005888761188,0.03125,0,0.016428433999692515
901023,linear,aligned,scarce,signed_intensity,0.0137925172967686,0.3616832695628768,0.02033999705934255,0.0006549005888761188,0.03125,0,0.029319708999992145
901023,linear,aligned,scarce,gradient,0.014822405972545468,0.36203959294138466,0.02491760816808603,0.002936900389426599,0.03125,0,0.015528701000107503
901023,linear,aligned,scarce,zero_negative,0.21149422598134948,0.0,0.22614353349604102,0.20613886419491084,1.0,0,0.014698409999937212
901023,linear,rewired,ample,full,0.00953236922195648,0.3852554631300943,0.014214077511283596,0.0004718734517577776,0.03125,0,0.01902905999952509
901023,linear,rewired,ample,no_K,0.00953236922195648,0.3852554631300943,0.014214077511283596,0.0004718734517577776,0.03125,0,0.018863758999941638
901023,linear,rewired,ample,no_W,0.00953236922195648,0.3852554631300943,0.014214077511283596,0.0004718734517577776,0.03125,0,0.018512647000079596
901023,linear,rewired,ample,no_WK,0.00953236922195648,0.3852554631300943,0.014214077511283596,0.0004718734517577776,0.03125,0,0.018813225999679162
901023,linear,rewired,ample,retuned_zero,0.00953236922195648,0.3852554631300943,0.014214077511283596,0.0004718734517577776,0.03125,0,0.018738224000003356
901023,linear,rewired,ample,rewired,0.00953236922195648,0.3852554631300943,0.014214077511283596,0.0004718734517577776,0.03125,0,0.025029680000102417
901023,linear,rewired,ample,reverse,0.00953236922195648,0.3852554631300943,0.014214077511283596,0.0004718734517577776,0.03125,0,0.01881115600025396
901023,linear,rewired,ample,generic_nonlinear,0.00953236922195648,0.3852554631300943,0.014214077511283596,0.0004718734517577776,0.03125,0,0.016793603999815332
901023,linear,rewired,ample,generic_equivalent,0.00953236922195648,0.3852554631300943,0.014214077511283596,0.0004718734517577776,0.03125,0,0.016278744000260303
901023,linear,rewired,ample,signed_intensity,0.00953236922195648,0.3852554631300943,0.014214077511283596,0.00047187345175777766,0.03125,0,0.029255424999860224
901023,linear,rewired,ample,gradient,0.010966261431756857,0.38690683810811605,0.021324825940479974,0.0016922303794424177,0.03125,0,0.015730899999994108
901023,linear,rewired,ample,zero_negative,0.21149422598134948,0.0,0.22614353349604102,0.20613886419491084,1.0,0,0.01471527100034109
901023,linear,rewired,scarce,full,0.010637878071698787,0.36382543467822825,0.016144560081810262,0.0005166185268617093,0.03125,0,0.01918220699997164
901023,linear,rewired,scarce,no_K,0.010637878071698787,0.36382543467822825,0.016144560081810262,0.0005166185268617093,0.03125,0,0.01891033499993
901023,linear,rewired,scarce,no_W,0.010637878071698787,0.36382543467822825,0.016144560081810262,0.0005166185268617093,0.03125,0,0.018852726000147868
901023,linear,rewired,scarce,no_WK,0.010637878071698787,0.36382543467822825,0.016144560081810262,0.0005166185268617093,0.03125,0,0.0187259969995921
901023,linear,rewired,scarce,retuned_zero,0.010637878071698787,0.36382543467822825,0.016144560081810262,0.0005166185268617093,0.03125,0,0.01811496600009832
901023,linear,rewired,scarce,rewired,0.010637878071698787,0.36382543467822825,0.016144560081810262,0.0005166185268617093,0.03125,0,0.019104721000360314
901023,linear,rewired,scarce,reverse,0.010637878071698787,0.36382543467822825,0.016144560081810262,0.0005166185268617093,0.03125,0,0.018342154000038136
901023,linear,rewired,scarce,generic_nonlinear,0.010637878071698787,0.36382543467822825,0.016144560081810262,0.0005166185268617093,0.03125,0,0.016971763999720224
901023,linear,rewired,scarce,generic_equivalent,0.010637878071698787,0.36382543467822825,0.016144560081810262,0.0005166185268617093,0.03125,0,0.016488430000094922
901023,linear,rewired,scarce,signed_intensity,0.010637878071698787,0.36382543467822825,0.016144560081810262,0.0005166185268617091,0.03125,0,0.029430044999742222
901023,linear,rewired,scarce,gradient,0.011862034568662064,0.36570588102241325,0.02182204192194437,0.0017025137860201215,0.03125,0,0.015622231000008924
901023,linear,rewired,scarce,zero_negative,0.21149422598134948,0.0,0.22614353349604102,0.20613886419491084,1.0,0,0.015074060000017653
901023,linear,absent,ample,full,0.012236525915736443,0.4102917567053553,0.017652810961833094,7.407659095967269e-05,0.03125,0,0.018970010999851183
901023,linear,absent,ample,no_K,0.012236525915736443,0.4102917567053553,0.017652810961833094,7.407659095967269e-05,0.03125,0,0.01819043900007955
901023,linear,absent,ample,no_W,0.012236525915736443,0.4102917567053553,0.017652810961833094,7.407659095967269e-05,0.03125,0,0.018102503000363868
901023,linear,absent,ample,no_WK,0.012236525915736443,0.4102917567053553,0.017652810961833094,7.407659095967269e-05,0.03125,0,0.018526964000614043
901023,linear,absent,ample,retuned_zero,0.012236525915736443,0.4102917567053553,0.017652810961833094,7.407659095967269e-05,0.03125,0,0.018191544000444537
901023,linear,absent,ample,rewired,0.012236525915736443,0.4102917567053553,0.017652810961833094,7.407659095967269e-05,0.03125,0,0.01886486100033835
901023,linear,absent,ample,reverse,0.012236525915736443,0.4102917567053553,0.017652810961833094,7.407659095967269e-05,0.03125,0,0.018818623000470325
901023,linear,absent,ample,generic_nonlinear,0.012236525915736443,0.4102917567053553,0.017652810961833094,7.407659095967269e-05,0.03125,0,0.01708824700006062
901023,linear,absent,ample,generic_equivalent,0.012236525915736443,0.4102917567053553,0.017652810961833094,7.407659095967269e-05,0.03125,0,0.016409337000141022
901023,linear,absent,ample,signed_intensity,0.012236525915736443,0.4102917567053553,0.017652810961833094,7.407659095967269e-05,0.03125,0,0.029293621000192616
901023,linear,absent,ample,gradient,0.012382171989867224,0.4099458732838119,0.01841600545951337,0.0003072755812474697,0.03125,0,0.016203274000190504
901023,linear,absent,ample,zero_negative,0.21149422598134948,0.0,0.22614353349604102,0.20613886419491084,1.0,0,0.014614074999940385
901023,linear,absent,scarce,full,0.0157056312856652,0.37094883566449843,0.022916504164072534,0.0008053880875573275,0.03125,0,0.01928325500017536
901023,linear,absent,scarce,no_K,0.0157056312856652,0.37094883566449843,0.022916504164072534,0.0008053880875573275,0.03125,0,0.018341272000157005
901023,linear,absent,scarce,no_W,0.0157056312856652,0.37094883566449843,0.022916504164072534,0.0008053880875573275,0.03125,0,0.01925615399977687
901023,linear,absent,scarce,no_WK,0.0157056312856652,0.37094883566449843,0.022916504164072534,0.0008053880875573275,0.03125,0,0.018816620999814404
901023,linear,absent,scarce,retuned_zero,0.0157056312856652,0.37094883566449843,0.022916504164072534,0.0008053880875573275,0.03125,0,0.025049394999996366
901023,linear,absent,scarce,rewired,0.0157056312856652,0.37094883566449843,0.022916504164072534,0.0008053880875573275,0.03125,0,0.01852105299985851
901023,linear,absent,scarce,reverse,0.0157056312856652,0.37094883566449843,0.022916504164072534,0.0008053880875573275,0.03125,0,0.018586868999818762
901023,linear,absent,scarce,generic_nonlinear,0.0157056312856652,0.37094883566449843,0.022916504164072534,0.0008053880875573275,0.03125,0,0.016737245999934203
901023,linear,absent,scarce,generic_equivalent,0.0157056312856652,0.37094883566449843,0.022916504164072534,0.0008053880875573275,0.03125,0,0.016393856000206597
901023,linear,absent,scarce,signed_intensity,0.0157056312856652,0.37094883566449843,0.022916504164072534,0.0008053880875573275,0.03125,0,0.029610060999857524
901023,linear,absent,scarce,gradient,0.015731530181615834,0.3712591085210843,0.023042294469444474,0.0009526896388536162,0.03125,0,0.01567734100007101
901023,linear,absent,scarce,zero_negative,0.21149422598134948,0.0,0.22614353349604102,0.20613886419491084,1.0,0,0.014720292999925277
901023,congestion,aligned,ample,full,0.012669683937043586,0.40086301959499626,0.018479822673862948,0.000449536372245635,0.03125,0,0.019243055000117693
901023,congestion,aligned,ample,no_K,0.012669683937043586,0.40086301959499626,0.018479822673862948,0.000449536372245635,0.03125,0,0.019217057999753706
901023,congestion,aligned,ample,no_W,0.012669683937043586,0.40086301959499626,0.018479822673862948,0.000449536372245635,0.03125,0,0.018632757000375477
901023,congestion,aligned,ample,no_WK,0.012669683937043586,0.40086301959499626,0.018479822673862948,0.000449536372245635,0.03125,0,0.018853703000218047
901023,congestion,aligned,ample,retuned_zero,0.012669683937043586,0.40086301959499626,0.018479822673862948,0.000449536372245635,0.03125,0,0.02544163699968749
901023,congestion,aligned,ample,rewired,0.012669683937043586,0.40086301959499626,0.018479822673862948,0.000449536372245635,0.03125,0,0.018844054000624055
901023,congestion,aligned,ample,reverse,0.012669683937043586,0.40086301959499626,0.018479822673862948,0.000449536372245635,0.03125,0,0.018751003000318178
901023,congestion,aligned,ample,generic_nonlinear,0.012669683937043586,0.40086301959499626,0.018479822673862948,0.000449536372245635,0.03125,0,0.016971026000078382
901023,congestion,aligned,ample,generic_equivalent,0.012669683937043586,0.40086301959499626,0.018479822673862948,0.000449536372245635,0.03125,0,0.016579340000191678
901023,congestion,aligned,ample,signed_intensity,0.012669683937043586,0.40086301959499626,0.018479822673862948,0.0004495363722456349,0.03125,0,0.029697037000005366
901023,congestion,aligned,ample,gradient,0.013131212685948392,0.4004235429379771,0.020811095452631472,0.0011519387804816061,0.03125,0,0.015760124999758318
901023,congestion,aligned,ample,zero_negative,0.21149422598134948,0.0,0.22614353349604102,0.20613886419491084,1.0,0,0.014973636000036095
901023,congestion,aligned,scarce,full,0.014490049313591168,0.3704365987544467,0.021374778043686524,0.0006878603249587025,0.03125,0,0.019175748000179738
901023,congestion,aligned,scarce,no_K,0.014490049313591168,0.3704365987544467,0.021374778043686524,0.0006878603249587025,0.03125,0,0.019030935000387217
901023,congestion,aligned,scarce,no_W,0.014490049313591168,0.3704365987544467,0.021374778043686524,0.0006878603249587025,0.03125,0,0.018836203999569534
901023,congestion,aligned,scarce,no_WK,0.014490049313591168,0.3704365987544467,0.021374778043686524,0.0006878603249587025,0.03125,0,0.01899905499999477
901023,congestion,aligned,scarce,retuned_zero,0.014490049313591168,0.3704365987544467,0.021374778043686524,0.0006878603249587025,0.03125,0,0.02494248799990828
901023,congestion,aligned,scarce,rewired,0.014490049313591168,0.3704365987544467,0.021374778043686524,0.0006878603249587025,0.03125,0,0.018575058999886096
901023,congestion,aligned,scarce,reverse,0.014490049313591168,0.3704365987544467,0.021374778043686524,0.0006878603249587025,0.03125,0,0.01834338699984528
901023,congestion,aligned,scarce,generic_nonlinear,0.014490049313591168,0.3704365987544467,0.021374778043686524,0.0006878603249587025,0.03125,0,0.016886874000135776
901023,congestion,aligned,scarce,generic_equivalent,0.014490049313591168,0.3704365987544467,0.021374778043686524,0.0006878603249587025,0.03125,0,0.016689401999656184
901023,congestion,aligned,scarce,signed_intensity,0.014490049313591168,0.3704365987544467,0.021374778043686524,0.0006878603249587025,0.03125,0,0.029280544999835456
901023,congestion,aligned,scarce,gradient,0.014914626705536217,0.37094370687762723,0.02303551499051128,0.0013062133056241851,0.03125,0,0.015831449999836877
901023,congestion,aligned,scarce,zero_negative,0.21149422598134948,0.0,0.22614353349604102,0.20613886419491084,1.0,0,0.01541312399990602
901023,congestion,rewired,ample,full,0.012731038569351665,0.4000512556169923,0.019415892054381923,0.0012955236573145427,0.03125,0,0.019125655999857827
901023,congestion,rewired,ample,no_K,0.012731038569351665,0.4000512556169923,0.019415892054381923,0.0012955236573145427,0.03125,0,0.018520666999734203
901023,congestion,rewired,ample,no_W,0.012731038569351665,0.4000512556169923,0.019415892054381923,0.0012955236573145427,0.03125,0,0.01841044000002512
901023,congestion,rewired,ample,no_WK,0.012731038569351665,0.4000512556169923,0.019415892054381923,0.0012955236573145427,0.03125,0,0.018835073999866836
901023,congestion,rewired,ample,retuned_zero,0.012731038569351665,0.4000512556169923,0.019415892054381923,0.0012955236573145427,0.03125,0,0.025159699000084856
901023,congestion,rewired,ample,rewired,0.012731038569351665,0.4000512556169923,0.019415892054381923,0.0012955236573145427,0.03125,0,0.018325405000041428
901023,congestion,rewired,ample,reverse,0.012731038569351665,0.4000512556169923,0.019415892054381923,0.0012955236573145427,0.03125,0,0.019082009999692673
901023,congestion,rewired,ample,generic_nonlinear,0.012731038569351665,0.4000512556169923,0.019415892054381923,0.0012955236573145427,0.03125,0,0.017254516000093645
901023,congestion,rewired,ample,generic_equivalent,0.012731038569351665,0.4000512556169923,0.019415892054381923,0.0012955236573145427,0.03125,0,0.01692088899966393
901023,congestion,rewired,ample,signed_intensity,0.012731038569351665,0.4000512556169923,0.019415892054381923,0.0012955236573145427,0.03125,0,0.029437512999663795
901023,congestion,rewired,ample,gradient,0.013280593766020952,0.3997735702118129,0.022040932547999968,0.0011251374969974022,0.03125,0,0.016354385000454386
901023,congestion,rewired,ample,zero_negative,0.21149422598134948,0.0,0.22614353349604102,0.20613886419491084,1.0,0,0.014841407999938383
901023,congestion,rewired,scarce,full,0.014532735155940115,0.36878233471630445,0.02184686251857101,0.00116421133368286,0.03125,0,0.019116101999998136
901023,congestion,rewired,scarce,no_K,0.014532735155940115,0.36878233471630445,0.02184686251857101,0.00116421133368286,0.03125,0,0.018615139000132785
901023,congestion,rewired,scarce,no_W,0.014532735155940115,0.36878233471630445,0.02184686251857101,0.00116421133368286,0.03125,0,0.019270641000275646
901023,congestion,rewired,scarce,no_WK,0.014532735155940115,0.36878233471630445,0.02184686251857101,0.00116421133368286,0.03125,0,0.018635370000140483
901023,congestion,rewired,scarce,retuned_zero,0.014532735155940115,0.36878233471630445,0.02184686251857101,0.00116421133368286,0.03125,0,0.019043149000253834
901023,congestion,rewired,scarce,rewired,0.014532735155940115,0.36878233471630445,0.02184686251857101,0.00116421133368286,0.03125,0,0.018737101000340317
901023,congestion,rewired,scarce,reverse,0.014532735155940115,0.36878233471630445,0.02184686251857101,0.00116421133368286,0.03125,0,0.01891771700013578
901023,congestion,rewired,scarce,generic_nonlinear,0.014532735155940115,0.36878233471630445,0.02184686251857101,0.00116421133368286,0.03125,0,0.017045644999939213
901023,congestion,rewired,scarce,generic_equivalent,0.014532735155940115,0.36878233471630445,0.02184686251857101,0.00116421133368286,0.03125,0,0.016496146999827488
901023,congestion,rewired,scarce,signed_intensity,0.014532735155940115,0.36878233471630445,0.02184686251857101,0.00116421133368286,0.03125,0,0.029538318000561503
901023,congestion,rewired,scarce,gradient,0.015098220674194295,0.3703909815240771,0.02399226531858031,0.0013038447202035417,0.03125,0,0.015603673999976309
901023,congestion,rewired,scarce,zero_negative,0.21149422598134948,0.0,0.22614353349604102,0.20613886419491084,1.0,0,0.014720193999835374
901023,congestion,absent,ample,full,0.012236525915736443,0.4102917567053553,0.017652810961833094,7.407659095967269e-05,0.03125,0,0.018835412999635537
901023,congestion,absent,ample,no_K,0.012236525915736443,0.4102917567053553,0.017652810961833094,7.407659095967269e-05,0.03125,0,0.01859311700007993
901023,congestion,absent,ample,no_W,0.012236525915736443,0.4102917567053553,0.017652810961833094,7.407659095967269e-05,0.03125,0,0.018862221000233603
901023,congestion,absent,ample,no_WK,0.012236525915736443,0.4102917567053553,0.017652810961833094,7.407659095967269e-05,0.03125,0,0.024880533999578347
901023,congestion,absent,ample,retuned_zero,0.012236525915736443,0.4102917567053553,0.017652810961833094,7.407659095967269e-05,0.03125,0,0.018482351000102426
901023,congestion,absent,ample,rewired,0.012236525915736443,0.4102917567053553,0.017652810961833094,7.407659095967269e-05,0.03125,0,0.01855191099991771
901023,congestion,absent,ample,reverse,0.012236525915736443,0.4102917567053553,0.017652810961833094,7.407659095967269e-05,0.03125,0,0.018312144000219632
901023,congestion,absent,ample,generic_nonlinear,0.012236525915736443,0.4102917567053553,0.017652810961833094,7.407659095967269e-05,0.03125,0,0.017498643000294578
901023,congestion,absent,ample,generic_equivalent,0.012236525915736443,0.4102917567053553,0.017652810961833094,7.407659095967269e-05,0.03125,0,0.016307059000155277
901023,congestion,absent,ample,signed_intensity,0.012236525915736443,0.4102917567053553,0.017652810961833094,7.407659095967269e-05,0.03125,0,0.029268557999898803
901023,congestion,absent,ample,gradient,0.012382171989867224,0.4099458732838119,0.01841600545951337,0.0003072755812474697,0.03125,0,0.015470058000005338
901023,congestion,absent,ample,zero_negative,0.21149422598134948,0.0,0.22614353349604102,0.20613886419491084,1.0,0,0.014599467000266486
901023,congestion,absent,scarce,full,0.0157056312856652,0.37094883566449843,0.022916504164072534,0.0008053880875573275,0.03125,0,0.019266499000195836
901023,congestion,absent,scarce,no_K,0.0157056312856652,0.37094883566449843,0.022916504164072534,0.0008053880875573275,0.03125,0,0.018860985999879176
901023,congestion,absent,scarce,no_W,0.0157056312856652,0.37094883566449843,0.022916504164072534,0.0008053880875573275,0.03125,0,0.018763988999864978
901023,congestion,absent,scarce,no_WK,0.0157056312856652,0.37094883566449843,0.022916504164072534,0.0008053880875573275,0.03125,0,0.027201361000095403
901023,congestion,absent,scarce,retuned_zero,0.0157056312856652,0.37094883566449843,0.022916504164072534,0.0008053880875573275,0.03125,0,0.01845950000006269
901023,congestion,absent,scarce,rewired,0.0157056312856652,0.37094883566449843,0.022916504164072534,0.0008053880875573275,0.03125,0,0.01784463099977529
901023,congestion,absent,scarce,reverse,0.0157056312856652,0.37094883566449843,0.022916504164072534,0.0008053880875573275,0.03125,0,0.017971344999750727
901023,congestion,absent,scarce,generic_nonlinear,0.0157056312856652,0.37094883566449843,0.022916504164072534,0.0008053880875573275,0.03125,0,0.016734850000204915
901023,congestion,absent,scarce,generic_equivalent,0.0157056312856652,0.37094883566449843,0.022916504164072534,0.0008053880875573275,0.03125,0,0.016415724999774284
901023,congestion,absent,scarce,signed_intensity,0.0157056312856652,0.37094883566449843,0.022916504164072534,0.0008053880875573275,0.03125,0,0.028967564999732076
901023,congestion,absent,scarce,gradient,0.015731530181615834,0.3712591085210843,0.023042294469444474,0.0009526896388536162,0.03125,0,0.015351993000194852
901023,congestion,absent,scarce,zero_negative,0.21149422598134948,0.0,0.22614353349604102,0.20613886419491084,1.0,0,0.014879175000032774
901024,linear,aligned,ample,full,0.005545567021798958,0.36765707694373584,0.009731610395859442,0.0008509990085565905,0.03125,0,0.018900786000187964
901024,linear,aligned,ample,no_K,0.005545567021798958,0.36765707694373584,0.009731610395859442,0.0008509990085565905,0.03125,0,0.01826415700003281
901024,linear,aligned,ample,no_W,0.005545567021798958,0.36765707694373584,0.009731610395859442,0.0008509990085565905,0.03125,0,0.01807632800051806
901024,linear,aligned,ample,no_WK,0.005545567021798958,0.36765707694373584,0.009731610395859442,0.0008509990085565905,0.03125,0,0.018846628999767745
901024,linear,aligned,ample,retuned_zero,0.005545567021798958,0.36765707694373584,0.009731610395859442,0.0008509990085565905,0.03125,0,0.018443535999836058
901024,linear,aligned,ample,rewired,0.005545567021798958,0.36765707694373584,0.009731610395859442,0.0008509990085565905,0.03125,0,0.018206611999630695
901024,linear,aligned,ample,reverse,0.005545567021798958,0.36765707694373584,0.009731610395859442,0.0008509990085565905,0.03125,0,0.018578833999811195
901024,linear,aligned,ample,generic_nonlinear,0.005545567021798958,0.36765707694373584,0.009731610395859442,0.0008509990085565905,0.03125,0,0.016739598999777172
901024,linear,aligned,ample,generic_equivalent,0.005545567021798958,0.36765707694373584,0.009731610395859442,0.0008509990085565905,0.03125,0,0.016960369000173614
901024,linear,aligned,ample,signed_intensity,0.005545567021798958,0.36765707694373584,0.009731610395859442,0.0008509990085565905,0.03125,0,0.02938795099987601
901024,linear,aligned,ample,gradient,0.0066971256946096675,0.36658752958776236,0.01541656516446041,0.004157995093850479,0.03125,0,0.01620036299976846
901024,linear,aligned,ample,zero_negative,0.18110362032350058,0.0,0.20229419686137828,0.1972919188311161,1.0,0,0.014587453000615369
901024,linear,aligned,scarce,full,0.00549903166279446,0.36439143232112187,0.0097474207390582,0.0008577277112311711,0.03125,0,0.018903585999680672
901024,linear,aligned,scarce,no_K,0.00549903166279446,0.36439143232112187,0.0097474207390582,0.0008577277112311711,0.03125,0,0.018231076999938978
901024,linear,aligned,scarce,no_W,0.00549903166279446,0.36439143232112187,0.0097474207390582,0.0008577277112311711,0.03125,0,0.01849017899996852
901024,linear,aligned,scarce,no_WK,0.00549903166279446,0.36439143232112187,0.0097474207390582,0.0008577277112311711,0.03125,0,0.024749516000269978
901024,linear,aligned,scarce,retuned_zero,0.00549903166279446,0.36439143232112187,0.0097474207390582,0.0008577277112311711,0.03125,0,0.018391205000000355
901024,linear,aligned,scarce,rewired,0.00549903166279446,0.36439143232112187,0.0097474207390582,0.0008577277112311711,0.03125,0,0.018443555000089873
901024,linear,aligned,scarce,reverse,0.00549903166279446,0.36439143232112187,0.0097474207390582,0.0008577277112311711,0.03125,0,0.018787245000055464
901024,linear,aligned,scarce,generic_nonlinear,0.00549903166279446,0.36439143232112187,0.0097474207390582,0.0008577277112311711,0.03125,0,0.016877305999855707
901024,linear,aligned,scarce,generic_equivalent,0.00549903166279446,0.36439143232112187,0.0097474207390582,0.0008577277112311711,0.03125,0,0.01649440599942409
901024,linear,aligned,scarce,signed_intensity,0.00549903166279446,0.36439143232112187,0.0097474207390582,0.0008577277112311711,0.03125,0,0.029336207000312697
901024,linear,aligned,scarce,gradient,0.006667028260269803,0.36359613395452994,0.015420274410171545,0.004154821959501124,0.03125,0,0.015683761999696344
901024,linear,aligned,scarce,zero_negative,0.18110362032350058,0.0,0.20229419686137828,0.1972919188311161,1.0,0,0.014947614000107023
901024,linear,rewired,ample,full,0.0047427784809050905,0.3698523890411723,0.008561589008043869,0.0010389381194627195,0.03125,0,0.018964710999512135
901024,linear,rewired,ample,no_K,0.0047427784809050905,0.3698523890411723,0.008561589008043869,0.0010389381194627195,0.03125,0,0.018705922000037845
901024,linear,rewired,ample,no_W,0.0047427784809050905,0.3698523890411723,0.008561589008043869,0.0010389381194627195,0.03125,0,0.025000937000470458
901024,linear,rewired,ample,no_WK,0.0047427784809050905,0.3698523890411723,0.008561589008043869,0.0010389381194627195,0.03125,0,0.018807698999978584
901024,linear,rewired,ample,retuned_zero,0.0047427784809050905,0.3698523890411723,0.008561589008043869,0.0010389381194627195,0.03125,0,0.018744999999682932
901024,linear,rewired,ample,rewired,0.0047427784809050905,0.3698523890411723,0.008561589008043869,0.0010389381194627195,0.03125,0,0.01851010400019959
901024,linear,rewired,ample,reverse,0.0047427784809050905,0.3698523890411723,0.008561589008043869,0.0010389381194627195,0.03125,0,0.018535692999989806
901024,linear,rewired,ample,generic_nonlinear,0.0047427784809050905,0.3698523890411723,0.008561589008043869,0.0010389381194627195,0.03125,0,0.01682688099998586
901024,linear,rewired,ample,generic_equivalent,0.0047427784809050905,0.3698523890411723,0.008561589008043869,0.0010389381194627195,0.03125,0,0.016296213999964948
901024,linear,rewired,ample,signed_intensity,0.0047427784809050905,0.3698523890411723,0.008561589008043869,0.0010389381194627195,0.03125,0,0.029199216000336037
901024,linear,rewired,ample,gradient,0.005282345172291914,0.3716228372601611,0.010973922766118487,0.0014783137772050518,0.03125,0,0.0155675600003633
901024,linear,rewired,ample,zero_negative,0.18110362032350058,0.0,0.20229419686137828,0.1972919188311161,1.0,0,0.014779909999958818
901024,linear,rewired,scarce,full,0.00470178684156078,0.3663744817479567,0.008593983882654584,0.0010664639426496735,0.03125,0,0.019020596000132173
901024,linear,rewired,scarce,no_K,0.00470178684156078,0.3663744817479567,0.008593983882654584,0.0010664639426496735,0.03125,0,0.018699384000171904
901024,linear,rewired,scarce,no_W,0.00470178684156078,0.3663744817479567,0.008593983882654584,0.0010664639426496735,0.03125,0,0.02665791000003992
901024,linear,rewired,scarce,no_WK,0.00470178684156078,0.3663744817479567,0.008593983882654584,0.0010664639426496735,0.03125,0,0.018596047999892562
901024,linear,rewired,scarce,retuned_zero,0.00470178684156078,0.3663744817479567,0.008593983882654584,0.0010664639426496735,0.03125,0,0.018452056999933575
901024,linear,rewired,scarce,rewired,0.00470178684156078,0.3663744817479567,0.008593983882654584,0.0010664639426496735,0.03125,0,0.01807733499947517
901024,linear,rewired,scarce,reverse,0.00470178684156078,0.3663744817479567,0.008593983882654584,0.0010664639426496735,0.03125,0,0.018000829000015983
901024,linear,rewired,scarce,generic_nonlinear,0.00470178684156078,0.3663744817479567,0.008593983882654584,0.0010664639426496735,0.03125,0,0.01736934600018003
901024,linear,rewired,scarce,generic_equivalent,0.00470178684156078,0.3663744817479567,0.008593983882654584,0.0010664639426496735,0.03125,0,0.01658990599992194
901024,linear,rewired,scarce,signed_intensity,0.00470178684156078,0.3663744817479567,0.008593983882654584,0.0010664639426496735,0.03125,0,0.029348669999990307
901024,linear,rewired,scarce,gradient,0.005221094566374993,0.36767023009484456,0.010749717972557672,0.0015049903503176207,0.03125,0,0.01553169899978002
901024,linear,rewired,scarce,zero_negative,0.18110362032350058,0.0,0.20229419686137828,0.1972919188311161,1.0,0,0.015172805000133849
901024,linear,absent,ample,full,0.004964573710862841,0.39330154719958876,0.007903101920703889,9.021930238929362e-05,0.03125,0,0.018590587999881336
901024,linear,absent,ample,no_K,0.004964573710862841,0.39330154719958876,0.007903101920703889,9.021930238929362e-05,0.03125,0,0.018169243999409446
901024,linear,absent,ample,no_W,0.004964573710862841,0.39330154719958876,0.007903101920703889,9.021930238929362e-05,0.03125,0,0.018672903999743085
901024,linear,absent,ample,no_WK,0.004964573710862841,0.39330154719958876,0.007903101920703889,9.021930238929362e-05,0.03125,0,0.01835353500018755
901024,linear,absent,ample,retuned_zero,0.004964573710862841,0.39330154719958876,0.007903101920703889,9.021930238929362e-05,0.03125,0,0.01899424500004443
901024,linear,absent,ample,rewired,0.004964573710862841,0.39330154719958876,0.007903101920703889,9.021930238929362e-05,0.03125,0,0.01816189600032203
901024,linear,absent,ample,reverse,0.004964573710862841,0.39330154719958876,0.007903101920703889,9.021930238929362e-05,0.03125,0,0.018669370999873536
901024,linear,absent,ample,generic_nonlinear,0.004964573710862841,0.39330154719958876,0.007903101920703889,9.021930238929362e-05,0.03125,0,0.01657475500030614
901024,linear,absent,ample,generic_equivalent,0.004964573710862841,0.39330154719958876,0.007903101920703889,9.021930238929362e-05,0.03125,0,0.016523168000219357
901024,linear,absent,ample,signed_intensity,0.004964573710862841,0.39330154719958876,0.007903101920703889,9.021930238929362e-05,0.03125,0,0.029101204000710368
901024,linear,absent,ample,gradient,0.005136563782868349,0.3930901758818096,0.008800654929312325,0.0005948261846684035,0.03125,0,0.016167438000252332
901024,linear,absent,ample,zero_negative,0.18110362032350058,0.0,0.20229419686137828,0.1972919188311161,1.0,0,0.014522281999688857
901024,linear,absent,scarce,full,0.005320836125489921,0.3817393801689577,0.008492768501033544,0.0006347324530924666,0.03125,0,0.018746056999532357
901024,linear,absent,scarce,no_K,0.005320836125489921,0.3817393801689577,0.008492768501033544,0.0006347324530924666,0.03125,0,0.018354333999752726
901024,linear,absent,scarce,no_W,0.005320836125489921,0.3817393801689577,0.008492768501033544,0.0006347324530924666,0.03125,0,0.018886218999909943
901024,linear,absent,scarce,no_WK,0.005320836125489921,0.3817393801689577,0.008492768501033544,0.0006347324530924666,0.03125,0,0.01834921799991207
901024,linear,absent,scarce,retuned_zero,0.005320836125489921,0.3817393801689577,0.008492768501033544,0.0006347324530924666,0.03125,0,0.01859037799960106
901024,linear,absent,scarce,rewired,0.005320836125489921,0.3817393801689577,0.008492768501033544,0.0006347324530924666,0.03125,0,0.018876166000097783
901024,linear,absent,scarce,reverse,0.005320836125489921,0.3817393801689577,0.008492768501033544,0.0006347324530924666,0.03125,0,0.018778026999711983
901024,linear,absent,scarce,generic_nonlinear,0.005320836125489921,0.3817393801689577,0.008492768501033544,0.0006347324530924666,0.03125,0,0.01684320100025616
901024,linear,absent,scarce,generic_equivalent,0.005320836125489921,0.3817393801689577,0.008492768501033544,0.0006347324530924666,0.03125,0,0.016393699000389006
901024,linear,absent,scarce,signed_intensity,0.005320836125489921,0.3817393801689577,0.008492768501033544,0.0006347324530924666,0.03125,0,0.029116662000205906
901024,linear,absent,scarce,gradient,0.005493819145939795,0.38148812046101155,0.00928380670059988,0.0010841099689469769,0.03125,0,0.01550997899983031
901024,linear,absent,scarce,zero_negative,0.18110362032350058,0.0,0.20229419686137828,0.1972919188311161,1.0,0,0.014749242999641865
901024,congestion,aligned,ample,full,0.005421385712297439,0.37865041313246306,0.00931514327194001,0.0006453922154139833,0.03125,0,0.018940027000041937
901024,congestion,aligned,ample,no_K,0.005421385712297439,0.37865041313246306,0.00931514327194001,0.0006453922154139833,0.03125,0,0.025735976999897048
901024,congestion,aligned,ample,no_W,0.005421385712297439,0.37865041313246306,0.00931514327194001,0.0006453922154139833,0.03125,0,0.01890210400046044
901024,congestion,aligned,ample,no_WK,0.005421385712297439,0.37865041313246306,0.00931514327194001,0.0006453922154139833,0.03125,0,0.018646393000153694
901024,congestion,aligned,ample,retuned_zero,0.005421385712297439,0.37865041313246306,0.00931514327194001,0.0006453922154139833,0.03125,0,0.018788871000026575
901024,congestion,aligned,ample,rewired,0.005421385712297439,0.37865041313246306,0.00931514327194001,0.0006453922154139833,0.03125,0,0.018828159999600302
901024,congestion,aligned,ample,reverse,0.005421385712297439,0.37865041313246306,0.00931514327194001,0.0006453922154139833,0.03125,0,0.018862073999741824
901024,congestion,aligned,ample,generic_nonlinear,0.005421385712297439,0.37865041313246306,0.00931514327194001,0.0006453922154139833,0.03125,0,0.016876913000260174
901024,congestion,aligned,ample,generic_equivalent,0.005421385712297439,0.37865041313246306,0.00931514327194001,0.0006453922154139833,0.03125,0,0.01647426099987115
901024,congestion,aligned,ample,signed_intensity,0.005421385712297439,0.37865041313246306,0.00931514327194001,0.0006453922154139833,0.03125,0,0.02968650199983358
901024,congestion,aligned,ample,gradient,0.00579951671642473,0.37820409956577145,0.011071545377855775,0.0015135996464957046,0.03125,0,0.015697948999957134
901024,congestion,aligned,ample,zero_negative,0.18110362032350058,0.0,0.20229419686137828,0.1972919188311161,1.0,0,0.014799074999984896
901024,congestion,aligned,scarce,full,0.005488246236332878,0.37169088835113706,0.00924662827141793,0.0006731163101658091,0.03125,0,0.019219453999824054
901024,congestion,aligned,scarce,no_K,0.005488246236332878,0.37169088835113706,0.00924662827141793,0.0006731163101658091,0.03125,0,0.02535330600034058
901024,congestion,aligned,scarce,no_W,0.005488246236332878,0.37169088835113706,0.00924662827141793,0.0006731163101658091,0.03125,0,0.018848265999963587
901024,congestion,aligned,scarce,no_WK,0.005488246236332878,0.37169088835113706,0.00924662827141793,0.0006731163101658091,0.03125,0,0.018715234000012515
901024,congestion,aligned,scarce,retuned_zero,0.005488246236332878,0.37169088835113706,0.00924662827141793,0.0006731163101658091,0.03125,0,0.018832623999742282
901024,congestion,aligned,scarce,rewired,0.005488246236332878,0.37169088835113706,0.00924662827141793,0.0006731163101658091,0.03125,0,0.01798927199973832
901024,congestion,aligned,scarce,reverse,0.005488246236332878,0.37169088835113706,0.00924662827141793,0.0006731163101658091,0.03125,0,0.018208452999601832
901024,congestion,aligned,scarce,generic_nonlinear,0.005488246236332878,0.37169088835113706,0.00924662827141793,0.0006731163101658091,0.03125,0,0.017023636999851988
901024,congestion,aligned,scarce,generic_equivalent,0.005488246236332878,0.37169088835113706,0.00924662827141793,0.0006731163101658091,0.03125,0,0.01658201899982714
901024,congestion,aligned,scarce,signed_intensity,0.005488246236332878,0.37169088835113706,0.00924662827141793,0.0006731163101658091,0.03125,0,0.029385342999717068
901024,congestion,aligned,scarce,gradient,0.005898048203108011,0.37127123650545873,0.01102495889239854,0.0015278130006459029,0.03125,0,0.015722749999895314
901024,congestion,aligned,scarce,zero_negative,0.18110362032350058,0.0,0.20229419686137828,0.1972919188311161,1.0,0,0.01563270800028249
901024,congestion,rewired,ample,full,0.004634666570489287,0.3813509015951427,0.008574036591484428,0.0010495574203082296,0.03125,0,0.019038199999954486
901024,congestion,rewired,ample,no_K,0.004634666570489287,0.3813509015951427,0.008574036591484428,0.0010495574203082296,0.03125,0,0.025166521999892666
901024,congestion,rewired,ample,no_W,0.004634666570489287,0.3813509015951427,0.008574036591484428,0.0010495574203082296,0.03125,0,0.018437577000042893
901024,congestion,rewired,ample,no_WK,0.004634666570489287,0.3813509015951427,0.008574036591484428,0.0010495574203082296,0.03125,0,0.01840965000030792
901024,congestion,rewired,ample,retuned_zero,0.004634666570489287,0.3813509015951427,0.008574036591484428,0.0010495574203082296,0.03125,0,0.018644996000034553
901024,congestion,rewired,ample,rewired,0.004634666570489287,0.3813509015951427,0.008574036591484428,0.0010495574203082296,0.03125,0,0.018467944999656538
901024,congestion,rewired,ample,reverse,0.004634666570489287,0.3813509015951427,0.008574036591484428,0.0010495574203082296,0.03125,0,0.018994740000437105
901024,congestion,rewired,ample,generic_nonlinear,0.004634666570489287,0.3813509015951427,0.008574036591484428,0.0010495574203082296,0.03125,0,0.016920838000487493
901024,congestion,rewired,ample,generic_equivalent,0.004634666570489287,0.3813509015951427,0.008574036591484428,0.0010495574203082296,0.03125,0,0.016557759000022543
901024,congestion,rewired,ample,signed_intensity,0.004634666570489287,0.3813509015951427,0.008574036591484428,0.0010495574203082296,0.03125,0,0.029688298999985818
901024,congestion,rewired,ample,gradient,0.005560258508372319,0.38392709116410795,0.01292720329878115,0.002127263995710593,0.03125,0,0.01634158400031538
901024,congestion,rewired,ample,zero_negative,0.18110362032350058,0.0,0.20229419686137828,0.1972919188311161,1.0,0,0.01478893999990305
901024,congestion,rewired,scarce,full,0.004755165810114936,0.3747936514120479,0.008674277286098006,0.0011155721272788183,0.03125,0,0.019192481000061434
901024,congestion,rewired,scarce,no_K,0.004755165810114936,0.3747936514120479,0.008674277286098006,0.0011155721272788183,0.03125,0,0.02543617499998163
901024,congestion,rewired,scarce,no_W,0.004755165810114936,0.3747936514120479,0.008674277286098006,0.0011155721272788183,0.03125,0,0.018517129000258592
901024,congestion,rewired,scarce,no_WK,0.004755165810114936,0.3747936514120479,0.008674277286098006,0.0011155721272788183,0.03125,0,0.01891843499998913
901024,congestion,rewired,scarce,retuned_zero,0.004755165810114936,0.3747936514120479,0.008674277286098006,0.0011155721272788183,0.03125,0,0.019040251999740576
901024,congestion,rewired,scarce,rewired,0.004755165810114936,0.3747936514120479,0.008674277286098006,0.0011155721272788183,0.03125,0,0.019196223999927042
901024,congestion,rewired,scarce,reverse,0.004755165810114936,0.3747936514120479,0.008674277286098006,0.0011155721272788183,0.03125,0,0.018862462000015512
901024,congestion,rewired,scarce,generic_nonlinear,0.004755165810114936,0.3747936514120479,0.008674277286098006,0.0011155721272788183,0.03125,0,0.016978891999883672
901024,congestion,rewired,scarce,generic_equivalent,0.004755165810114936,0.3747936514120479,0.008674277286098006,0.0011155721272788183,0.03125,0,0.016632702000094923
901024,congestion,rewired,scarce,signed_intensity,0.004755165810114936,0.3747936514120479,0.008674277286098006,0.0011155721272788183,0.03125,0,0.02958946599983392
901024,congestion,rewired,scarce,gradient,0.005599353907059384,0.3754280782962442,0.012397352355916274,0.0022202222094784433,0.03125,0,0.015903034999837473
901024,congestion,rewired,scarce,zero_negative,0.18110362032350058,0.0,0.20229419686137828,0.1972919188311161,1.0,0,0.014873528999771679
901024,congestion,absent,ample,full,0.004964573710862841,0.39330154719958876,0.007903101920703889,9.021930238929362e-05,0.03125,0,0.018988955000054375
901024,congestion,absent,ample,no_K,0.004964573710862841,0.39330154719958876,0.007903101920703889,9.021930238929362e-05,0.03125,0,0.01869182500036004
901024,congestion,absent,ample,no_W,0.004964573710862841,0.39330154719958876,0.007903101920703889,9.021930238929362e-05,0.03125,0,0.01846074100029682
901024,congestion,absent,ample,no_WK,0.004964573710862841,0.39330154719958876,0.007903101920703889,9.021930238929362e-05,0.03125,0,0.018590880000203924
901024,congestion,absent,ample,retuned_zero,0.004964573710862841,0.39330154719958876,0.007903101920703889,9.021930238929362e-05,0.03125,0,0.01854373400010445
901024,congestion,absent,ample,rewired,0.004964573710862841,0.39330154719958876,0.007903101920703889,9.021930238929362e-05,0.03125,0,0.018475747000309184
901024,congestion,absent,ample,reverse,0.004964573710862841,0.39330154719958876,0.007903101920703889,9.021930238929362e-05,0.03125,0,0.018564747999789688
901024,congestion,absent,ample,generic_nonlinear,0.004964573710862841,0.39330154719958876,0.007903101920703889,9.021930238929362e-05,0.03125,0,0.017120514999874104
901024,congestion,absent,ample,generic_equivalent,0.004964573710862841,0.39330154719958876,0.007903101920703889,9.021930238929362e-05,0.03125,0,0.016475461000084124
901024,congestion,absent,ample,signed_intensity,0.004964573710862841,0.39330154719958876,0.007903101920703889,9.021930238929362e-05,0.03125,0,0.0293198339996934
901024,congestion,absent,ample,gradient,0.005136563782868349,0.3930901758818096,0.008800654929312325,0.0005948261846684035,0.03125,0,0.015696968999634464
901024,congestion,absent,ample,zero_negative,0.18110362032350058,0.0,0.20229419686137828,0.1972919188311161,1.0,0,0.014821764999737752
901024,congestion,absent,scarce,full,0.005320836125489921,0.3817393801689577,0.008492768501033544,0.0006347324530924666,0.03125,0,0.02496128100023043
901024,congestion,absent,scarce,no_K,0.005320836125489921,0.3817393801689577,0.008492768501033544,0.0006347324530924666,0.03125,0,0.018677458000354363
901024,congestion,absent,scarce,no_W,0.005320836125489921,0.3817393801689577,0.008492768501033544,0.0006347324530924666,0.03125,0,0.01869019600013644
901024,congestion,absent,scarce,no_WK,0.005320836125489921,0.3817393801689577,0.008492768501033544,0.0006347324530924666,0.03125,0,0.018475222000006397
901024,congestion,absent,scarce,retuned_zero,0.005320836125489921,0.3817393801689577,0.008492768501033544,0.0006347324530924666,0.03125,0,0.018654500000309326
901024,congestion,absent,scarce,rewired,0.005320836125489921,0.3817393801689577,0.008492768501033544,0.0006347324530924666,0.03125,0,0.018212248000054387
901024,congestion,absent,scarce,reverse,0.005320836125489921,0.3817393801689577,0.008492768501033544,0.0006347324530924666,0.03125,0,0.01805067000003646
901024,congestion,absent,scarce,generic_nonlinear,0.005320836125489921,0.3817393801689577,0.008492768501033544,0.0006347324530924666,0.03125,0,0.016720219000376346
901024,congestion,absent,scarce,generic_equivalent,0.005320836125489921,0.3817393801689577,0.008492768501033544,0.0006347324530924666,0.03125,0,0.016367734000027667
901024,congestion,absent,scarce,signed_intensity,0.005320836125489921,0.3817393801689577,0.008492768501033544,0.0006347324530924666,0.03125,0,0.029682697999646734
901024,congestion,absent,scarce,gradient,0.005493819145939795,0.38148812046101155,0.00928380670059988,0.0010841099689469769,0.03125,0,0.015647333000003982
901024,congestion,absent,scarce,zero_negative,0.18110362032350058,0.0,0.20229419686137828,0.1972919188311161,1.0,0,0.015189912000096228
901025,linear,aligned,ample,full,0.00725472513031139,0.4527534789249758,0.017700339697091182,0.004981984386640395,0.03125,0,0.0253100389996348
901025,linear,aligned,ample,no_K,0.00725472513031139,0.4527534789249758,0.017700339697091182,0.004981984386640395,0.03125,0,0.01882275100001607
901025,linear,aligned,ample,no_W,0.00725472513031139,0.4527534789249758,0.017700339697091182,0.004981984386640395,0.03125,0,0.018434643000261985
901025,linear,aligned,ample,no_WK,0.00725472513031139,0.4527534789249758,0.017700339697091182,0.004981984386640395,0.03125,0,0.01806277800034195
901025,linear,aligned,ample,retuned_zero,0.00725472513031139,0.4527534789249758,0.017700339697091182,0.004981984386640395,0.03125,0,0.018593186999794398
901025,linear,aligned,ample,rewired,0.00725472513031139,0.4527534789249758,0.017700339697091182,0.004981984386640395,0.03125,0,0.018093727000234594
901025,linear,aligned,ample,reverse,0.00725472513031139,0.4527534789249758,0.017700339697091182,0.004981984386640395,0.03125,0,0.01854905999988432
901025,linear,aligned,ample,generic_nonlinear,0.00725472513031139,0.4527534789249758,0.017700339697091182,0.004981984386640395,0.03125,0,0.016894527000488324
901025,linear,aligned,ample,generic_equivalent,0.00725472513031139,0.4527534789249758,0.017700339697091182,0.004981984386640395,0.03125,0,0.016457949999846733
901025,linear,aligned,ample,signed_intensity,0.00725472513031139,0.4527534789249758,0.017700339697091182,0.004981984386640395,0.03125,0,0.02906884099996887
901025,linear,aligned,ample,gradient,0.009003100855730715,0.4514137062692877,0.025429486799114432,0.00951345185151205,0.03125,0,0.0160357990000648
901025,linear,aligned,ample,zero_negative,0.27249258959745015,0.0,0.28681645535629324,0.2621998884353094,1.0,0,0.01521998799978519
901025,linear,aligned,scarce,full,0.0153611210180265,0.3867914090845104,0.030167229015970524,0.012296074889980822,0.03125,0,0.019084519999921667
901025,linear,aligned,scarce,no_K,0.0153611210180265,0.3867914090845104,0.030167229015970524,0.012296074889980822,0.03125,0,0.01887530199979892
901025,linear,aligned,scarce,no_W,0.0153611210180265,0.3867914090845104,0.030167229015970524,0.012296074889980822,0.03125,0,0.018361016999790536
901025,linear,aligned,scarce,no_WK,0.0153611210180265,0.3867914090845104,0.030167229015970524,0.012296074889980822,0.03125,0,0.01888003300012997
901025,linear,aligned,scarce,retuned_zero,0.0153611210180265,0.3867914090845104,0.030167229015970524,0.012296074889980822,0.03125,0,0.01868643200009501
901025,linear,aligned,scarce,rewired,0.0153611210180265,0.3867914090845104,0.030167229015970524,0.012296074889980822,0.03125,0,0.018714604000308555
901025,linear,aligned,scarce,reverse,0.0153611210180265,0.3867914090845104,0.030167229015970524,0.012296074889980822,0.03125,0,0.01875472599982686
901025,linear,aligned,scarce,generic_nonlinear,0.0153611210180265,0.3867914090845104,0.030167229015970524,0.012296074889980822,0.03125,0,0.016947318999882555
901025,linear,aligned,scarce,generic_equivalent,0.0153611210180265,0.3867914090845104,0.030167229015970524,0.012296074889980822,0.03125,0,0.016612351000048875
901025,linear,aligned,scarce,signed_intensity,0.0153611210180265,0.3867914090845104,0.030167229015970524,0.012296074889980822,0.03125,0,0.029511543999944934
901025,linear,aligned,scarce,gradient,0.016392549134894935,0.38653449399156187,0.03310224769162372,0.017212530387115788,0.03125,0,0.015616186999807269
901025,linear,aligned,scarce,zero_negative,0.27249258959745015,0.0,0.28681645535629324,0.2621998884353094,1.0,0,0.014672165999911613
901025,linear,rewired,ample,full,0.005633809775326186,0.4596240382107622,0.012244796900876105,0.003943649145908219,0.03125,0,0.025091125000130887
901025,linear,rewired,ample,no_K,0.005633809775326186,0.4596240382107622,0.012244796900876105,0.003943649145908219,0.03125,0,0.018848234999666147
901025,linear,rewired,ample,no_W,0.005633809775326186,0.4596240382107622,0.012244796900876105,0.003943649145908219,0.03125,0,0.01889435799984085
901025,linear,rewired,ample,no_WK,0.005633809775326186,0.4596240382107622,0.012244796900876105,0.003943649145908219,0.03125,0,0.018713404999800787
901025,linear,rewired,ample,retuned_zero,0.005633809775326186,0.4596240382107622,0.012244796900876105,0.003943649145908219,0.03125,0,0.018945994000034716
901025,linear,rewired,ample,rewired,0.005633809775326186,0.4596240382107622,0.012244796900876105,0.003943649145908219,0.03125,0,0.018663657000104195
901025,linear,rewired,ample,reverse,0.005633809775326186,0.4596240382107622,0.012244796900876105,0.003943649145908219,0.03125,0,0.01897792899973183
901025,linear,rewired,ample,generic_nonlinear,0.005633809775326186,0.4596240382107622,0.012244796900876105,0.003943649145908219,0.03125,0,0.017234967999741002
901025,linear,rewired,ample,generic_equivalent,0.005633809775326186,0.4596240382107622,0.012244796900876105,0.003943649145908219,0.03125,0,0.01660671100040645
901025,linear,rewired,ample,signed_intensity,0.005633809775326186,0.4596240382107622,0.012244796900876105,0.003943649145908219,0.03125,0,0.02938519899998937
901025,linear,rewired,ample,gradient,0.008014714563543367,0.45903309857394736,0.022127539726992676,0.008921835270075756,0.03125,0,0.015460446999895794
901025,linear,rewired,ample,zero_negative,0.27249258959745015,0.0,0.28681645535629324,0.2621998884353094,1.0,0,0.021143019000305685
901025,linear,rewired,scarce,full,0.013637473040107654,0.39128273391379453,0.023706862459123165,0.01209002612100402,0.03125,0,0.01929906199990228
901025,linear,rewired,scarce,no_K,0.013637473040107654,0.39128273391379453,0.023706862459123165,0.01209002612100402,0.03125,0,0.01878128300023718
901025,linear,rewired,scarce,no_W,0.013637473040107654,0.39128273391379453,0.023706862459123165,0.01209002612100402,0.03125,0,0.018602823999970042
901025,linear,rewired,scarce,no_WK,0.013637473040107654,0.39128273391379453,0.023706862459123165,0.01209002612100402,0.03125,0,0.01844812099977844
901025,linear,rewired,scarce,retuned_zero,0.013637473040107654,0.39128273391379453,0.023706862459123165,0.01209002612100402,0.03125,0,0.018669511000098282
901025,linear,rewired,scarce,rewired,0.013637473040107654,0.39128273391379453,0.023706862459123165,0.01209002612100402,0.03125,0,0.018317385999694125
901025,linear,rewired,scarce,reverse,0.013637473040107654,0.39128273391379453,0.023706862459123165,0.01209002612100402,0.03125,0,0.01801106700014543
901025,linear,rewired,scarce,generic_nonlinear,0.013637473040107654,0.39128273391379453,0.023706862459123165,0.01209002612100402,0.03125,0,0.016827042000045367
901025,linear,rewired,scarce,generic_equivalent,0.013637473040107654,0.39128273391379453,0.023706862459123165,0.01209002612100402,0.03125,0,0.016457427999739593
901025,linear,rewired,scarce,signed_intensity,0.013637473040107654,0.39128273391379453,0.023706862459123165,0.01209002612100402,0.03125,0,0.029232759999501923
901025,linear,rewired,scarce,gradient,0.015414536610060339,0.3908227146400433,0.029493324914151714,0.01596894731938295,0.03125,0,0.01569708599970454
901025,linear,rewired,scarce,zero_negative,0.27249258959745015,0.0,0.28681645535629324,0.2621998884353094,1.0,0,0.015382715000271219
901025,linear,absent,ample,full,0.005018151798741078,0.48877512958442654,0.007615996144614991,0.00010925247652492013,0.03125,0,0.018636246999960804
901025,linear,absent,ample,no_K,0.005018151798741078,0.48877512958442654,0.007615996144614991,0.00010925247652492013,0.03125,0,0.018483374000140884
901025,linear,absent,ample,no_W,0.005018151798741078,0.48877512958442654,0.007615996144614991,0.00010925247652492013,0.03125,0,0.018122304999963035
901025,linear,absent,ample,no_WK,0.005018151798741078,0.48877512958442654,0.007615996144614991,0.00010925247652492013,0.03125,0,0.017909539999891422
901025,linear,absent,ample,retuned_zero,0.005018151798741078,0.48877512958442654,0.007615996144614991,0.00010925247652492013,0.03125,0,0.018227196000054846
901025,linear,absent,ample,rewired,0.005018151798741078,0.48877512958442654,0.007615996144614991,0.00010925247652492013,0.03125,0,0.017952972000045975
901025,linear,absent,ample,reverse,0.005018151798741078,0.48877512958442654,0.007615996144614991,0.00010925247652492013,0.03125,0,0.018388258000300084
901025,linear,absent,ample,generic_nonlinear,0.005018151798741078,0.48877512958442654,0.007615996144614991,0.00010925247652492013,0.03125,0,0.016716469999948913
901025,linear,absent,ample,generic_equivalent,0.005018151798741078,0.48877512958442654,0.007615996144614991,0.00010925247652492013,0.03125,0,0.016392390000248724
901025,linear,absent,ample,signed_intensity,0.005018151798741078,0.48877512958442654,0.007615996144614991,0.00010925247652492013,0.03125,0,0.02938147400033131
901025,linear,absent,ample,gradient,0.00538010638004696,0.4882268823913218,0.009453616558406524,0.001132439498156148,0.03125,0,0.023453066999707062
901025,linear,absent,ample,zero_negative,0.27249258959745015,0.0,0.28681645535629324,0.2621998884353094,1.0,0,0.01480275599971037
901025,linear,absent,scarce,full,0.01876608236776093,0.39480686348926164,0.02622214057649434,0.013915883040617222,0.03125,0,0.018383137999933297
901025,linear,absent,scarce,no_K,0.01876608236776093,0.39480686348926164,0.02622214057649434,0.013915883040617222,0.03125,0,0.018696691000343435
901025,linear,absent,scarce,no_W,0.01876608236776093,0.39480686348926164,0.02622214057649434,0.013915883040617222,0.03125,0,0.018122346999973615
901025,linear,absent,scarce,no_WK,0.01876608236776093,0.39480686348926164,0.02622214057649434,0.013915883040617222,0.03125,0,0.018385564999675807
901025,linear,absent,scarce,retuned_zero,0.01876608236776093,0.39480686348926164,0.02622214057649434,0.013915883040617222,0.03125,0,0.0184311179997394
901025,linear,absent,scarce,rewired,0.01876608236776093,0.39480686348926164,0.02622214057649434,0.013915883040617222,0.03125,0,0.018547965000209388
901025,linear,absent,scarce,reverse,0.01876608236776093,0.39480686348926164,0.02622214057649434,0.013915883040617222,0.03125,0,0.01883431000010205
901025,linear,absent,scarce,generic_nonlinear,0.01876608236776093,0.39480686348926164,0.02622214057649434,0.013915883040617222,0.03125,0,0.016908264000505824
901025,linear,absent,scarce,generic_equivalent,0.01876608236776093,0.39480686348926164,0.02622214057649434,0.013915883040617222,0.03125,0,0.01647423600007869
901025,linear,absent,scarce,signed_intensity,0.01876608236776093,0.39480686348926164,0.02622214057649434,0.013915883040617222,0.03125,0,0.02936335000026702
901025,linear,absent,scarce,gradient,0.018846307284174142,0.3948005136282582,0.02686199115773941,0.014777036441128441,0.03125,0,0.021749717000204782
901025,linear,absent,scarce,zero_negative,0.27249258959745015,0.0,0.28681645535629324,0.2621998884353094,1.0,0,0.01504612299999053
901025,congestion,aligned,ample,full,0.006646881370982016,0.4630416558801256,0.015290065814141192,0.002982236627655713,0.03125,0,0.01888791599981232
901025,congestion,aligned,ample,no_K,0.006646881370982016,0.4630416558801256,0.015290065814141192,0.002982236627655713,0.03125,0,0.018858442999714953
901025,congestion,aligned,ample,no_W,0.006646881370982016,0.4630416558801256,0.015290065814141192,0.002982236627655713,0.03125,0,0.018837720000249192
901025,congestion,aligned,ample,no_WK,0.006646881370982016,0.4630416558801256,0.015290065814141192,0.002982236627655713,0.03125,0,0.01855323600000247
901025,congestion,aligned,ample,retuned_zero,0.006646881370982016,0.4630416558801256,0.015290065814141192,0.002982236627655713,0.03125,0,0.018568536000088898
901025,congestion,aligned,ample,rewired,0.006646881370982016,0.4630416558801256,0.015290065814141192,0.002982236627655713,0.03125,0,0.01862299099940401
901025,congestion,aligned,ample,reverse,0.006646881370982016,0.4630416558801256,0.015290065814141192,0.002982236627655713,0.03125,0,0.01880872099991393
901025,congestion,aligned,ample,generic_nonlinear,0.006646881370982016,0.4630416558801256,0.015290065814141192,0.002982236627655713,0.03125,0,0.01679593000017121
901025,congestion,aligned,ample,generic_equivalent,0.006646881370982016,0.4630416558801256,0.015290065814141192,0.002982236627655713,0.03125,0,0.016469489000030535
901025,congestion,aligned,ample,signed_intensity,0.006646881370982016,0.4630416558801256,0.015290065814141192,0.002982236627655713,0.03125,0,0.029349205999722017
901025,congestion,aligned,ample,gradient,0.007526674284528703,0.4629533439906655,0.018971205614467843,0.0044936440438308484,0.03125,0,0.022169778999909795
901025,congestion,aligned,ample,zero_negative,0.27249258959745015,0.0,0.28681645535629324,0.2621998884353094,1.0,0,0.015285667999876296
901025,congestion,aligned,scarce,full,0.015374787927752074,0.39048172276167886,0.028384544512014942,0.011136100137815332,0.03125,0,0.01915501900032268
901025,congestion,aligned,scarce,no_K,0.015374787927752074,0.39048172276167886,0.028384544512014942,0.011136100137815332,0.03125,0,0.018669148999947538
901025,congestion,aligned,scarce,no_W,0.015374787927752074,0.39048172276167886,0.028384544512014942,0.011136100137815332,0.03125,0,0.018762394999896514
901025,congestion,aligned,scarce,no_WK,0.015374787927752074,0.39048172276167886,0.028384544512014942,0.011136100137815332,0.03125,0,0.018530138999778956
901025,congestion,aligned,scarce,retuned_zero,0.015374787927752074,0.39048172276167886,0.028384544512014942,0.011136100137815332,0.03125,0,0.018667427000025327
901025,congestion,aligned,scarce,rewired,0.015374787927752074,0.39048172276167886,0.028384544512014942,0.011136100137815332,0.03125,0,0.018335268000328142
901025,congestion,aligned,scarce,reverse,0.015374787927752074,0.39048172276167886,0.028384544512014942,0.011136100137815332,0.03125,0,0.01827309399971
901025,congestion,aligned,scarce,generic_nonlinear,0.015374787927752074,0.39048172276167886,0.028384544512014942,0.011136100137815332,0.03125,0,0.016900508999867725
901025,congestion,aligned,scarce,generic_equivalent,0.015374787927752074,0.39048172276167886,0.028384544512014942,0.011136100137815332,0.03125,0,0.016671804999930373
901025,congestion,aligned,scarce,signed_intensity,0.015374787927752074,0.39048172276167886,0.028384544512014942,0.011136100137815332,0.03125,0,0.03821443199996111
901025,congestion,aligned,scarce,gradient,0.015900365569241272,0.3902397148851977,0.028688983944449156,0.013988615876586556,0.03125,0,0.015883621000227777
901025,congestion,aligned,scarce,zero_negative,0.27249258959745015,0.0,0.28681645535629324,0.2621998884353094,1.0,0,0.014904627999783315
901025,congestion,rewired,ample,full,0.006625019450899362,0.467293962649086,0.014492002565699507,0.003960398405960272,0.03125,0,0.01949809499984667
901025,congestion,rewired,ample,no_K,0.006625019450899362,0.467293962649086,0.014492002565699507,0.003960398405960272,0.03125,0,0.019032242999742266
901025,congestion,rewired,ample,no_W,0.006625019450899362,0.467293962649086,0.014492002565699507,0.003960398405960272,0.03125,0,0.018419773000232453
901025,congestion,rewired,ample,no_WK,0.006625019450899362,0.467293962649086,0.014492002565699507,0.003960398405960272,0.03125,0,0.018143802000167852
901025,congestion,rewired,ample,retuned_zero,0.006625019450899362,0.467293962649086,0.014492002565699507,0.003960398405960272,0.03125,0,0.018579955999769027
901025,congestion,rewired,ample,rewired,0.006625019450899362,0.467293962649086,0.014492002565699507,0.003960398405960272,0.03125,0,0.018426224999814167
901025,congestion,rewired,ample,reverse,0.006625019450899362,0.467293962649086,0.014492002565699507,0.003960398405960272,0.03125,0,0.01863469200060308
901025,congestion,rewired,ample,generic_nonlinear,0.006625019450899362,0.467293962649086,0.014492002565699507,0.003960398405960272,0.03125,0,0.016855337999857056
901025,congestion,rewired,ample,generic_equivalent,0.006625019450899362,0.467293962649086,0.014492002565699507,0.003960398405960272,0.03125,0,0.016557556999714507
901025,congestion,rewired,ample,signed_intensity,0.006625019450899362,0.467293962649086,0.014492002565699507,0.003960398405960272,0.03125,0,0.03529188600015232
901025,congestion,rewired,ample,gradient,0.008626910074228951,0.46728076521504425,0.022577871904989902,0.00734997287182861,0.03125,0,0.016278504999945653
901025,congestion,rewired,ample,zero_negative,0.27249258959745015,0.0,0.28681645535629324,0.2621998884353094,1.0,0,0.014649080000026515
901025,congestion,rewired,scarce,full,0.014976394704438182,0.3942134935644395,0.02525519821064913,0.012660328735533443,0.03125,0,0.018694536999760203
901025,congestion,rewired,scarce,no_K,0.014976394704438182,0.3942134935644395,0.02525519821064913,0.012660328735533443,0.03125,0,0.018878550000067662
901025,congestion,rewired,scarce,no_W,0.014976394704438182,0.3942134935644395,0.02525519821064913,0.012660328735533443,0.03125,0,0.01807540999976709
901025,congestion,rewired,scarce,no_WK,0.014976394704438182,0.3942134935644395,0.02525519821064913,0.012660328735533443,0.03125,0,0.018504308999979457
901025,congestion,rewired,scarce,retuned_zero,0.014976394704438182,0.3942134935644395,0.02525519821064913,0.012660328735533443,0.03125,0,0.01850667599995859
901025,congestion,rewired,scarce,rewired,0.014976394704438182,0.3942134935644395,0.02525519821064913,0.012660328735533443,0.03125,0,0.018677545999707945
901025,congestion,rewired,scarce,reverse,0.014976394704438182,0.3942134935644395,0.02525519821064913,0.012660328735533443,0.03125,0,0.018620010999370606
901025,congestion,rewired,scarce,generic_nonlinear,0.014976394704438182,0.3942134935644395,0.02525519821064913,0.012660328735533443,0.03125,0,0.01684449799995491
901025,congestion,rewired,scarce,generic_equivalent,0.014976394704438182,0.3942134935644395,0.02525519821064913,0.012660328735533443,0.03125,0,0.016615984000168282
901025,congestion,rewired,scarce,signed_intensity,0.014976394704438182,0.3942134935644395,0.02525519821064913,0.012660328735533443,0.03125,0,0.02960073799977181
901025,congestion,rewired,scarce,gradient,0.016630103176512867,0.39368209269508814,0.03018373653973472,0.015157985834653817,0.03125,0,0.016394055000148455
901025,congestion,rewired,scarce,zero_negative,0.27249258959745015,0.0,0.28681645535629324,0.2621998884353094,1.0,0,0.014859088999912728
901025,congestion,absent,ample,full,0.005018151798741078,0.48877512958442654,0.007615996144614991,0.00010925247652492013,0.03125,0,0.01914420300005304
901025,congestion,absent,ample,no_K,0.005018151798741078,0.48877512958442654,0.007615996144614991,0.00010925247652492013,0.03125,0,0.01882274000001871
901025,congestion,absent,ample,no_W,0.005018151798741078,0.48877512958442654,0.007615996144614991,0.00010925247652492013,0.03125,0,0.018448766000119576
901025,congestion,absent,ample,no_WK,0.005018151798741078,0.48877512958442654,0.007615996144614991,0.00010925247652492013,0.03125,0,0.018614919000356167
901025,congestion,absent,ample,retuned_zero,0.005018151798741078,0.48877512958442654,0.007615996144614991,0.00010925247652492013,0.03125,0,0.01862794200008011
901025,congestion,absent,ample,rewired,0.005018151798741078,0.48877512958442654,0.007615996144614991,0.00010925247652492013,0.03125,0,0.018394552000359
901025,congestion,absent,ample,reverse,0.005018151798741078,0.48877512958442654,0.007615996144614991,0.00010925247652492013,0.03125,0,0.018906408000020747
901025,congestion,absent,ample,generic_nonlinear,0.005018151798741078,0.48877512958442654,0.007615996144614991,0.00010925247652492013,0.03125,0,0.016774725999880502
901025,congestion,absent,ample,generic_equivalent,0.005018151798741078,0.48877512958442654,0.007615996144614991,0.00010925247652492013,0.03125,0,0.016513765000524927
901025,congestion,absent,ample,signed_intensity,0.005018151798741078,0.48877512958442654,0.007615996144614991,0.00010925247652492013,0.03125,0,0.03585785699999633
901025,congestion,absent,ample,gradient,0.00538010638004696,0.4882268823913218,0.009453616558406524,0.001132439498156148,0.03125,0,0.016476256000430567
901025,congestion,absent,ample,zero_negative,0.27249258959745015,0.0,0.28681645535629324,0.2621998884353094,1.0,0,0.01528274799989049
901025,congestion,absent,scarce,full,0.01876608236776093,0.39480686348926164,0.02622214057649434,0.013915883040617222,0.03125,0,0.018860204000475278
901025,congestion,absent,scarce,no_K,0.01876608236776093,0.39480686348926164,0.02622214057649434,0.013915883040617222,0.03125,0,0.01881544299970983
901025,congestion,absent,scarce,no_W,0.01876608236776093,0.39480686348926164,0.02622214057649434,0.013915883040617222,0.03125,0,0.01884474100006628
901025,congestion,absent,scarce,no_WK,0.01876608236776093,0.39480686348926164,0.02622214057649434,0.013915883040617222,0.03125,0,0.0185147949997031
901025,congestion,absent,scarce,retuned_zero,0.01876608236776093,0.39480686348926164,0.02622214057649434,0.013915883040617222,0.03125,0,0.01867526200010161
901025,congestion,absent,scarce,rewired,0.01876608236776093,0.39480686348926164,0.02622214057649434,0.013915883040617222,0.03125,0,0.018076385999847844
901025,congestion,absent,scarce,reverse,0.01876608236776093,0.39480686348926164,0.02622214057649434,0.013915883040617222,0.03125,0,0.01814413100044021
901025,congestion,absent,scarce,generic_nonlinear,0.01876608236776093,0.39480686348926164,0.02622214057649434,0.013915883040617222,0.03125,0,0.017634255999496418
901025,congestion,absent,scarce,generic_equivalent,0.01876608236776093,0.39480686348926164,0.02622214057649434,0.013915883040617222,0.03125,0,0.02233739199999718
901025,congestion,absent,scarce,signed_intensity,0.01876608236776093,0.39480686348926164,0.02622214057649434,0.013915883040617222,0.03125,0,0.02926359400015599
901025,congestion,absent,scarce,gradient,0.018846307284174142,0.3948005136282582,0.02686199115773941,0.014777036441128441,0.03125,0,0.015467634000117414
901025,congestion,absent,scarce,zero_negative,0.27249258959745015,0.0,0.28681645535629324,0.2621998884353094,1.0,0,0.014665832000332557
901026,linear,aligned,ample,full,0.005998650996631206,0.32997522672526647,0.009388864235045596,0.0010325694635579766,0.03125,0,0.018887775000052898
901026,linear,aligned,ample,no_K,0.005998650996631206,0.32997522672526647,0.009388864235045596,0.0010325694635579766,0.03125,0,0.018778644000121858
901026,linear,aligned,ample,no_W,0.005998650996631206,0.32997522672526647,0.009388864235045596,0.0010325694635579766,0.03125,0,0.018264308999675904
901026,linear,aligned,ample,no_WK,0.005998650996631206,0.32997522672526647,0.009388864235045596,0.0010325694635579766,0.03125,0,0.01808792900038725
901026,linear,aligned,ample,retuned_zero,0.005998650996631206,0.32997522672526647,0.009388864235045596,0.0010325694635579766,0.03125,0,0.018683136999868566
901026,linear,aligned,ample,rewired,0.005998650996631206,0.32997522672526647,0.009388864235045596,0.0010325694635579766,0.03125,0,0.018335582000020167
901026,linear,aligned,ample,reverse,0.005998650996631206,0.32997522672526647,0.009388864235045596,0.0010325694635579766,0.03125,0,0.01848279499995442
901026,linear,aligned,ample,generic_nonlinear,0.005998650996631206,0.32997522672526647,0.009388864235045596,0.0010325694635579766,0.03125,0,0.016769758999828355
901026,linear,aligned,ample,generic_equivalent,0.005998650996631206,0.32997522672526647,0.009388864235045596,0.0010325694635579766,0.03125,0,0.022269105000077616
901026,linear,aligned,ample,signed_intensity,0.005998650996631206,0.32997522672526647,0.009388864235045596,0.0010325694635579766,0.03125,0,0.029321179999669766
901026,linear,aligned,ample,gradient,0.0066493616484085295,0.33030096032042033,0.01218983853548652,0.001929404966125361,0.03125,0,0.01615854300018782
901026,linear,aligned,ample,zero_negative,0.16824679909620763,0.0,0.17876778519230319,0.18786113125917386,1.0,0,0.014590087000442509
901026,linear,aligned,scarce,full,0.005998650996631206,0.32997522672526647,0.009388864235045596,0.0010325694635579766,0.03125,0,0.018940008000129183
901026,linear,aligned,scarce,no_K,0.005998650996631206,0.32997522672526647,0.009388864235045596,0.0010325694635579766,0.03125,0,0.019067840999753116
901026,linear,aligned,scarce,no_W,0.005998650996631206,0.32997522672526647,0.009388864235045596,0.0010325694635579766,0.03125,0,0.01840066000056595
901026,linear,aligned,scarce,no_WK,0.005998650996631206,0.32997522672526647,0.009388864235045596,0.0010325694635579766,0.03125,0,0.019021997000209012
901026,linear,aligned,scarce,retuned_zero,0.005998650996631206,0.32997522672526647,0.009388864235045596,0.0010325694635579766,0.03125,0,0.018346902999837766
901026,linear,aligned,scarce,rewired,0.005998650996631206,0.32997522672526647,0.009388864235045596,0.0010325694635579766,0.03125,0,0.01914589100027797
901026,linear,aligned,scarce,reverse,0.005998650996631206,0.32997522672526647,0.009388864235045596,0.0010325694635579766,0.03125,0,0.018982494000113093
901026,linear,aligned,scarce,generic_nonlinear,0.005998650996631206,0.32997522672526647,0.009388864235045596,0.0010325694635579766,0.03125,0,0.01695110700012492
901026,linear,aligned,scarce,generic_equivalent,0.005998650996631206,0.32997522672526647,0.009388864235045596,0.0010325694635579766,0.03125,0,0.022606051000650496
901026,linear,aligned,scarce,signed_intensity,0.005998650996631206,0.32997522672526647,0.009388864235045596,0.0010325694635579766,0.03125,0,0.028692564999801107
901026,linear,aligned,scarce,gradient,0.0066493616484085295,0.33030096032042033,0.01218983853548652,0.001929404966125361,0.03125,0,0.016371818999687093
901026,linear,aligned,scarce,zero_negative,0.16824679909620763,0.0,0.17876778519230319,0.18786113125917386,1.0,0,0.014924829000221962
901026,linear,rewired,ample,full,0.006026630029077871,0.3292900956363607,0.009628793590095037,0.001490199580419839,0.03125,0,0.01895211999988078
901026,linear,rewired,ample,no_K,0.006026630029077871,0.3292900956363607,0.009628793590095037,0.001490199580419839,0.03125,0,0.01874563499973192
901026,linear,rewired,ample,no_W,0.006026630029077871,0.3292900956363607,0.009628793590095037,0.001490199580419839,0.03125,0,0.018553938999843922
901026,linear,rewired,ample,no_WK,0.006026630029077871,0.3292900956363607,0.009628793590095037,0.001490199580419839,0.03125,0,0.01851206200018396
901026,linear,rewired,ample,retuned_zero,0.006026630029077871,0.3292900956363607,0.009628793590095037,0.001490199580419839,0.03125,0,0.018674344000089604
901026,linear,rewired,ample,rewired,0.006026630029077871,0.3292900956363607,0.009628793590095037,0.001490199580419839,0.03125,0,0.018645704999869395
901026,linear,rewired,ample,reverse,0.006026630029077871,0.3292900956363607,0.009628793590095037,0.001490199580419839,0.03125,0,0.01881924099996013
901026,linear,rewired,ample,generic_nonlinear,0.006026630029077871,0.3292900956363607,0.009628793590095037,0.001490199580419839,0.03125,0,0.02537366300003896
901026,linear,rewired,ample,generic_equivalent,0.006026630029077871,0.3292900956363607,0.009628793590095037,0.001490199580419839,0.03125,0,0.016543349999892598
901026,linear,rewired,ample,signed_intensity,0.006026630029077871,0.3292900956363607,0.009628793590095037,0.001490199580419839,0.03125,0,0.029646884000214868
901026,linear,rewired,ample,gradient,0.007247701080454081,0.32823386001523724,0.014466271922686465,0.004870637289786771,0.03125,0,0.016347752000001492
901026,linear,rewired,ample,zero_negative,0.16824679909620763,0.0,0.17876778519230319,0.18786113125917386,1.0,0,0.015159468000490506
901026,linear,rewired,scarce,full,0.006026630029077871,0.3292900956363607,0.009628793590095037,0.001490199580419839,0.03125,0,0.018903342000044177
901026,linear,rewired,scarce,no_K,0.006026630029077871,0.3292900956363607,0.009628793590095037,0.001490199580419839,0.03125,0,0.0189673919999791
901026,linear,rewired,scarce,no_W,0.006026630029077871,0.3292900956363607,0.009628793590095037,0.001490199580419839,0.03125,0,0.01898491099984767
901026,linear,rewired,scarce,no_WK,0.006026630029077871,0.3292900956363607,0.009628793590095037,0.001490199580419839,0.03125,0,0.018776009000305294
901026,linear,rewired,scarce,retuned_zero,0.006026630029077871,0.3292900956363607,0.009628793590095037,0.001490199580419839,0.03125,0,0.018549504000191064
901026,linear,rewired,scarce,rewired,0.006026630029077871,0.3292900956363607,0.009628793590095037,0.001490199580419839,0.03125,0,0.018101341000260618
901026,linear,rewired,scarce,reverse,0.006026630029077871,0.3292900956363607,0.009628793590095037,0.001490199580419839,0.03125,0,0.018454681000321216
901026,linear,rewired,scarce,generic_nonlinear,0.006026630029077871,0.3292900956363607,0.009628793590095037,0.001490199580419839,0.03125,0,0.023672443999998904
901026,linear,rewired,scarce,generic_equivalent,0.006026630029077871,0.3292900956363607,0.009628793590095037,0.001490199580419839,0.03125,0,0.01705404899973928
901026,linear,rewired,scarce,signed_intensity,0.006026630029077871,0.3292900956363607,0.009628793590095037,0.001490199580419839,0.03125,0,0.029605920999983937
901026,linear,rewired,scarce,gradient,0.007247701080454081,0.32823386001523724,0.014466271922686465,0.004870637289786771,0.03125,0,0.015665662999936103
901026,linear,rewired,scarce,zero_negative,0.16824679909620763,0.0,0.17876778519230319,0.18786113125917386,1.0,0,0.014917750000108754
901026,linear,absent,ample,full,0.004939835836424162,0.35297058640532075,0.006968918196937782,8.196551633218453e-05,0.03125,0,0.018913294999549635
901026,linear,absent,ample,no_K,0.004939835836424162,0.35297058640532075,0.006968918196937782,8.196551633218453e-05,0.03125,0,0.018660758000180522
901026,linear,absent,ample,no_W,0.004939835836424162,0.35297058640532075,0.006968918196937782,8.196551633218453e-05,0.03125,0,0.01805917199999385
901026,linear,absent,ample,no_WK,0.004939835836424162,0.35297058640532075,0.006968918196937782,8.196551633218453e-05,0.03125,0,0.01802667099940436
901026,linear,absent,ample,retuned_zero,0.004939835836424162,0.35297058640532075,0.006968918196937782,8.196551633218453e-05,0.03125,0,0.01873367500002132
901026,linear,absent,ample,rewired,0.004939835836424162,0.35297058640532075,0.006968918196937782,8.196551633218453e-05,0.03125,0,0.018083430000103817
901026,linear,absent,ample,reverse,0.004939835836424162,0.35297058640532075,0.006968918196937782,8.196551633218453e-05,0.03125,0,0.01845488199967349
901026,linear,absent,ample,generic_nonlinear,0.004939835836424162,0.35297058640532075,0.006968918196937782,8.196551633218453e-05,0.03125,0,0.022747610000010354
901026,linear,absent,ample,generic_equivalent,0.004939835836424162,0.35297058640532075,0.006968918196937782,8.196551633218453e-05,0.03125,0,0.017146871999898394
901026,linear,absent,ample,signed_intensity,0.004939835836424162,0.35297058640532075,0.006968918196937782,8.196551633218453e-05,0.03125,0,0.02913146799966171
901026,linear,absent,ample,gradient,0.0050234367571648925,0.3529173066140264,0.007396500319399188,0.00019980129540234467,0.03125,0,0.016037005000100635
901026,linear,absent,ample,zero_negative,0.16824679909620763,0.0,0.17876778519230319,0.18786113125917386,1.0,0,0.01460132400012526
901026,linear,absent,scarce,full,0.004929834870127183,0.35171692205258176,0.006970172004223366,8.107672931128947e-05,0.03125,0,0.018451921999769638
901026,linear,absent,scarce,no_K,0.004929834870127183,0.35171692205258176,0.006970172004223366,8.107672931128947e-05,0.03125,0,0.018877741999801856
901026,linear,absent,scarce,no_W,0.004929834870127183,0.35171692205258176,0.006970172004223366,8.107672931128947e-05,0.03125,0,0.018300301999715884
901026,linear,absent,scarce,no_WK,0.004929834870127183,0.35171692205258176,0.006970172004223366,8.107672931128947e-05,0.03125,0,0.01843857499972046
901026,linear,absent,scarce,retuned_zero,0.004929834870127183,0.35171692205258176,0.006970172004223366,8.107672931128947e-05,0.03125,0,0.018454747000362204
901026,linear,absent,scarce,rewired,0.004929834870127183,0.35171692205258176,0.006970172004223366,8.107672931128947e-05,0.03125,0,0.018485987000303794
901026,linear,absent,scarce,reverse,0.004929834870127183,0.35171692205258176,0.006970172004223366,8.107672931128947e-05,0.03125,0,0.025827352999897357
901026,linear,absent,scarce,generic_nonlinear,0.004929834870127183,0.35171692205258176,0.006970172004223366,8.107672931128947e-05,0.03125,0,0.01663463100021545
901026,linear,absent,scarce,generic_equivalent,0.004929834870127183,0.35171692205258176,0.006970172004223366,8.107672931128947e-05,0.03125,0,0.016832892999843807
901026,linear,absent,scarce,signed_intensity,0.004929834870127183,0.35171692205258176,0.006970172004223366,8.107672931128947e-05,0.03125,0,0.028958643999658307
901026,linear,absent,scarce,gradient,0.005017685280080637,0.35176322951194966,0.007403423584529643,0.00020033417771168628,0.03125,0,0.015930726999556555
901026,linear,absent,scarce,zero_negative,0.16824679909620763,0.0,0.17876778519230319,0.18786113125917386,1.0,0,0.01455461599954333
901026,congestion,aligned,ample,full,0.005743311832445824,0.3453744326020022,0.009438215842835312,0.0009167524790219167,0.03125,0,0.018953422000038245
901026,congestion,aligned,ample,no_K,0.005743311832445824,0.3453744326020022,0.009438215842835312,0.0009167524790219167,0.03125,0,0.018916210999634586
901026,congestion,aligned,ample,no_W,0.005743311832445824,0.3453744326020022,0.009438215842835312,0.0009167524790219167,0.03125,0,0.01865225699992834
901026,congestion,aligned,ample,no_WK,0.005743311832445824,0.3453744326020022,0.009438215842835312,0.0009167524790219167,0.03125,0,0.018950216000007458
901026,congestion,aligned,ample,retuned_zero,0.005743311832445824,0.3453744326020022,0.009438215842835312,0.0009167524790219167,0.03125,0,0.019184774000109428
901026,congestion,aligned,ample,rewired,0.005743311832445824,0.3453744326020022,0.009438215842835312,0.0009167524790219167,0.03125,0,0.01914797599965823
901026,congestion,aligned,ample,reverse,0.005743311832445824,0.3453744326020022,0.009438215842835312,0.0009167524790219167,0.03125,0,0.02552820799979827
901026,congestion,aligned,ample,generic_nonlinear,0.005743311832445824,0.3453744326020022,0.009438215842835312,0.0009167524790219167,0.03125,0,0.01757480899982511
901026,congestion,aligned,ample,generic_equivalent,0.005743311832445824,0.3453744326020022,0.009438215842835312,0.0009167524790219167,0.03125,0,0.016517509999914637
901026,congestion,aligned,ample,signed_intensity,0.005743311832445824,0.3453744326020022,0.009438215842835312,0.0009167524790219167,0.03125,0,0.029445007000049372
901026,congestion,aligned,ample,gradient,0.006408136278497045,0.34525324644568434,0.01232780410503431,0.001974189447625476,0.03125,0,0.01634407800037252
901026,congestion,aligned,ample,zero_negative,0.16824679909620763,0.0,0.17876778519230319,0.18786113125917386,1.0,0,0.015236574000027758
901026,congestion,aligned,scarce,full,0.005736217950590722,0.3446730588911243,0.009430931829039585,0.0009169414050488709,0.03125,0,0.0190108689993167
901026,congestion,aligned,scarce,no_K,0.005736217950590722,0.3446730588911243,0.009430931829039585,0.0009169414050488709,0.03125,0,0.018889225000009446
901026,congestion,aligned,scarce,no_W,0.005736217950590722,0.3446730588911243,0.009430931829039585,0.0009169414050488709,0.03125,0,0.018761967000045843
901026,congestion,aligned,scarce,no_WK,0.005736217950590722,0.3446730588911243,0.009430931829039585,0.0009169414050488709,0.03125,0,0.019063530000039464
901026,congestion,aligned,scarce,retuned_zero,0.005736217950590722,0.3446730588911243,0.009430931829039585,0.0009169414050488709,0.03125,0,0.01923894100019652
901026,congestion,aligned,scarce,rewired,0.005736217950590722,0.3446730588911243,0.009430931829039585,0.0009169414050488709,0.03125,0,0.018439712999736457
901026,congestion,aligned,scarce,reverse,0.005736217950590722,0.3446730588911243,0.009430931829039585,0.0009169414050488709,0.03125,0,0.0186520339997287
901026,congestion,aligned,scarce,generic_nonlinear,0.005736217950590722,0.3446730588911243,0.009430931829039585,0.0009169414050488709,0.03125,0,0.017686331999925642
901026,congestion,aligned,scarce,generic_equivalent,0.005736217950590722,0.3446730588911243,0.009430931829039585,0.0009169414050488709,0.03125,0,0.017290775000105896
901026,congestion,aligned,scarce,signed_intensity,0.005736217950590722,0.3446730588911243,0.009430931829039585,0.0009169414050488709,0.03125,0,0.02959392099995739
901026,congestion,aligned,scarce,gradient,0.006403712790929471,0.34471768397444325,0.01232679995746986,0.001974231010311782,0.03125,0,0.015818113000193534
901026,congestion,aligned,scarce,zero_negative,0.16824679909620763,0.0,0.17876778519230319,0.18786113125917386,1.0,0,0.014888782999832983
901026,congestion,rewired,ample,full,0.005755250028771187,0.34409673917950034,0.009385060787361297,0.0013527432631491886,0.03125,0,0.01931560699978263
901026,congestion,rewired,ample,no_K,0.005755250028771187,0.34409673917950034,0.009385060787361297,0.0013527432631491886,0.03125,0,0.01915736799981005
901026,congestion,rewired,ample,no_W,0.005755250028771187,0.34409673917950034,0.009385060787361297,0.0013527432631491886,0.03125,0,0.018418514999893887
901026,congestion,rewired,ample,no_WK,0.005755250028771187,0.34409673917950034,0.009385060787361297,0.0013527432631491886,0.03125,0,0.018026458999202077
901026,congestion,rewired,ample,retuned_zero,0.005755250028771187,0.34409673917950034,0.009385060787361297,0.0013527432631491886,0.03125,0,0.01853714899982606
901026,congestion,rewired,ample,rewired,0.005755250028771187,0.34409673917950034,0.009385060787361297,0.0013527432631491886,0.03125,0,0.018184958000063034
901026,congestion,rewired,ample,reverse,0.005755250028771187,0.34409673917950034,0.009385060787361297,0.0013527432631491886,0.03125,0,0.01905092600026137
901026,congestion,rewired,ample,generic_nonlinear,0.005755250028771187,0.34409673917950034,0.009385060787361297,0.0013527432631491886,0.03125,0,0.017404728000087744
901026,congestion,rewired,ample,generic_equivalent,0.005755250028771187,0.34409673917950034,0.009385060787361297,0.0013527432631491886,0.03125,0,0.017064407000475512
901026,congestion,rewired,ample,signed_intensity,0.005755250028771187,0.34409673917950034,0.009385060787361297,0.0013527432631491886,0.03125,0,0.029198085999667
901026,congestion,rewired,ample,gradient,0.006743038953651012,0.3431700125223882,0.013576464822164498,0.003461688596783247,0.03125,0,0.016395882999859168
901026,congestion,rewired,ample,zero_negative,0.16824679909620763,0.0,0.17876778519230319,0.18786113125917386,1.0,0,0.014849235999804478
901026,congestion,rewired,scarce,full,0.005755388667735773,0.3436036231381957,0.009388902747649709,0.0013527983511230969,0.03125,0,0.01863143800017042
901026,congestion,rewired,scarce,no_K,0.005755388667735773,0.3436036231381957,0.009388902747649709,0.0013527983511230969,0.03125,0,0.018841401000088354
901026,congestion,rewired,scarce,no_W,0.005755388667735773,0.3436036231381957,0.009388902747649709,0.0013527983511230969,0.03125,0,0.018370387000345545
901026,congestion,rewired,scarce,no_WK,0.005755388667735773,0.3436036231381957,0.009388902747649709,0.0013527983511230969,0.03125,0,0.01876979399986567
901026,congestion,rewired,scarce,retuned_zero,0.005755388667735773,0.3436036231381957,0.009388902747649709,0.0013527983511230969,0.03125,0,0.018667532999927516
901026,congestion,rewired,scarce,rewired,0.005755388667735773,0.3436036231381957,0.009388902747649709,0.0013527983511230969,0.03125,0,0.0260298610000973
901026,congestion,rewired,scarce,reverse,0.005755388667735773,0.3436036231381957,0.009388902747649709,0.0013527983511230969,0.03125,0,0.018878040999823043
901026,congestion,rewired,scarce,generic_nonlinear,0.005755388667735773,0.3436036231381957,0.009388902747649709,0.0013527983511230969,0.03125,0,0.01687698000000637
901026,congestion,rewired,scarce,generic_equivalent,0.005755388667735773,0.3436036231381957,0.009388902747649709,0.0013527983511230969,0.03125,0,0.01726096500027552
901026,congestion,rewired,scarce,signed_intensity,0.005755388667735773,0.3436036231381957,0.009388902747649709,0.0013527983511230969,0.03125,0,0.029309950999959256
901026,congestion,rewired,scarce,gradient,0.0067426810699581135,0.34282297589141775,0.013576653822644133,0.003461742808225852,0.03125,0,0.016162899000164543
901026,congestion,rewired,scarce,zero_negative,0.16824679909620763,0.0,0.17876778519230319,0.18786113125917386,1.0,0,0.01495837600015193
901026,congestion,absent,ample,full,0.004939835836424162,0.35297058640532075,0.006968918196937782,8.196551633218453e-05,0.03125,0,0.01865578699988646
901026,congestion,absent,ample,no_K,0.004939835836424162,0.35297058640532075,0.006968918196937782,8.196551633218453e-05,0.03125,0,0.01858207099979836
901026,congestion,absent,ample,no_W,0.004939835836424162,0.35297058640532075,0.006968918196937782,8.196551633218453e-05,0.03125,0,0.018840056999920307
901026,congestion,absent,ample,no_WK,0.004939835836424162,0.35297058640532075,0.006968918196937782,8.196551633218453e-05,0.03125,0,0.018377311000392638
901026,congestion,absent,ample,retuned_zero,0.004939835836424162,0.35297058640532075,0.006968918196937782,8.196551633218453e-05,0.03125,0,0.018527841999684824
901026,congestion,absent,ample,rewired,0.004939835836424162,0.35297058640532075,0.006968918196937782,8.196551633218453e-05,0.03125,0,0.025841452999543435
901026,congestion,absent,ample,reverse,0.004939835836424162,0.35297058640532075,0.006968918196937782,8.196551633218453e-05,0.03125,0,0.01841933199983714
901026,congestion,absent,ample,generic_nonlinear,0.004939835836424162,0.35297058640532075,0.006968918196937782,8.196551633218453e-05,0.03125,0,0.017277032999970743
901026,congestion,absent,ample,generic_equivalent,0.004939835836424162,0.35297058640532075,0.006968918196937782,8.196551633218453e-05,0.03125,0,0.016240973000549275
901026,congestion,absent,ample,signed_intensity,0.004939835836424162,0.35297058640532075,0.006968918196937782,8.196551633218453e-05,0.03125,0,0.029034275000014986
901026,congestion,absent,ample,gradient,0.0050234367571648925,0.3529173066140264,0.007396500319399188,0.00019980129540234467,0.03125,0,0.015839037999910488
901026,congestion,absent,ample,zero_negative,0.16824679909620763,0.0,0.17876778519230319,0.18786113125917386,1.0,0,0.0149782429994616
901026,congestion,absent,scarce,full,0.004929834870127183,0.35171692205258176,0.006970172004223366,8.107672931128947e-05,0.03125,0,0.01908967599990774
901026,congestion,absent,scarce,no_K,0.004929834870127183,0.35171692205258176,0.006970172004223366,8.107672931128947e-05,0.03125,0,0.018637857000328495
901026,congestion,absent,scarce,no_W,0.004929834870127183,0.35171692205258176,0.006970172004223366,8.107672931128947e-05,0.03125,0,0.018378323000206365
901026,congestion,absent,scarce,no_WK,0.004929834870127183,0.35171692205258176,0.006970172004223366,8.107672931128947e-05,0.03125,0,0.01846094299980905
901026,congestion,absent,scarce,retuned_zero,0.004929834870127183,0.35171692205258176,0.006970172004223366,8.107672931128947e-05,0.03125,0,0.018751805999897897
901026,congestion,absent,scarce,rewired,0.004929834870127183,0.35171692205258176,0.006970172004223366,8.107672931128947e-05,0.03125,0,0.026644932000351673
901026,congestion,absent,scarce,reverse,0.004929834870127183,0.35171692205258176,0.006970172004223366,8.107672931128947e-05,0.03125,0,0.01860299200029658
901026,congestion,absent,scarce,generic_nonlinear,0.004929834870127183,0.35171692205258176,0.006970172004223366,8.107672931128947e-05,0.03125,0,0.01738546699999688
901026,congestion,absent,scarce,generic_equivalent,0.004929834870127183,0.35171692205258176,0.006970172004223366,8.107672931128947e-05,0.03125,0,0.016563501000007363
901026,congestion,absent,scarce,signed_intensity,0.004929834870127183,0.35171692205258176,0.006970172004223366,8.107672931128947e-05,0.03125,0,0.02923246300019855
901026,congestion,absent,scarce,gradient,0.005017685280080637,0.35176322951194966,0.007403423584529643,0.00020033417771168628,0.03125,0,0.01547998199993117
901026,congestion,absent,scarce,zero_negative,0.16824679909620763,0.0,0.17876778519230319,0.18786113125917386,1.0,0,0.014703321000126834
901027,linear,aligned,ample,full,0.004864645725478397,0.38721567215115393,0.016505253079173412,0.003752756246461651,0.03125,0,0.018842456000243146
901027,linear,aligned,ample,no_K,0.004864645725478397,0.38721567215115393,0.016505253079173412,0.003752756246461651,0.03125,0,0.018767381000031946
901027,linear,aligned,ample,no_W,0.004864645725478397,0.38721567215115393,0.016505253079173412,0.003752756246461651,0.03125,0,0.01824238199952788
901027,linear,aligned,ample,no_WK,0.004864645725478397,0.38721567215115393,0.016505253079173412,0.003752756246461651,0.03125,0,0.018261767000012696
901027,linear,aligned,ample,retuned_zero,0.004864645725478397,0.38721567215115393,0.016505253079173412,0.003752756246461651,0.03125,0,0.01865694100001747
901027,linear,aligned,ample,rewired,0.004864645725478397,0.38721567215115393,0.016505253079173412,0.003752756246461651,0.03125,0,0.02489897700019128
901027,linear,aligned,ample,reverse,0.004864645725478397,0.38721567215115393,0.016505253079173412,0.003752756246461651,0.03125,0,0.01840582100010124
901027,linear,aligned,ample,generic_nonlinear,0.004864645725478397,0.38721567215115393,0.016505253079173412,0.003752756246461651,0.03125,0,0.017402242000059687
901027,linear,aligned,ample,generic_equivalent,0.004864645725478397,0.38721567215115393,0.016505253079173412,0.003752756246461651,0.03125,0,0.01717188399970837
901027,linear,aligned,ample,signed_intensity,0.004864645725478397,0.38721567215115393,0.016505253079173412,0.003752756246461651,0.03125,0,0.029704629000036675
901027,linear,aligned,ample,gradient,0.006515068030292963,0.38942029110599585,0.02246607249097728,0.0034251655306936383,0.03125,0,0.016306752999696528
901027,linear,aligned,ample,zero_negative,0.19629839284912964,0.0,0.2188485274789076,0.17680453371559765,1.0,0,0.01470768599983785
901027,linear,aligned,scarce,full,0.004555191598130354,0.37898567371664293,0.014625891066112161,0.002310887462025751,0.03125,0,0.01862512599979027
901027,linear,aligned,scarce,no_K,0.004555191598130354,0.37898567371664293,0.014625891066112161,0.002310887462025751,0.03125,0,0.01900580100004845
901027,linear,aligned,scarce,no_W,0.004555191598130354,0.37898567371664293,0.014625891066112161,0.002310887462025751,0.03125,0,0.018229406000330073
901027,linear,aligned,scarce,no_WK,0.004555191598130354,0.37898567371664293,0.014625891066112161,0.002310887462025751,0.03125,0,0.018695228000524367
901027,linear,aligned,scarce,retuned_zero,0.004555191598130354,0.37898567371664293,0.014625891066112161,0.002310887462025751,0.03125,0,0.018534722999788755
901027,linear,aligned,scarce,rewired,0.004555191598130354,0.37898567371664293,0.014625891066112161,0.002310887462025751,0.03125,0,0.018800789999886547
901027,linear,aligned,scarce,reverse,0.004555191598130354,0.37898567371664293,0.014625891066112161,0.002310887462025751,0.03125,0,0.01872724000014614
901027,linear,aligned,scarce,generic_nonlinear,0.004555191598130354,0.37898567371664293,0.014625891066112161,0.002310887462025751,0.03125,0,0.016869765000478765
901027,linear,aligned,scarce,generic_equivalent,0.004555191598130354,0.37898567371664293,0.014625891066112161,0.002310887462025751,0.03125,0,0.016975520000016786
901027,linear,aligned,scarce,signed_intensity,0.004555191598130354,0.37898567371664293,0.014625891066112161,0.002310887462025751,0.03125,0,0.028824795000161885
901027,linear,aligned,scarce,gradient,0.0065319100937571645,0.38279759594710583,0.022417553000679397,0.003207657739646352,0.03125,0,0.01603912499984972
901027,linear,aligned,scarce,zero_negative,0.19629839284912964,0.0,0.2188485274789076,0.17680453371559765,1.0,0,0.014672128000256635
901027,linear,rewired,ample,full,0.005306079630755764,0.38767857055299976,0.01786706506560162,0.0032391094186300026,0.03125,0,0.018785347999823898
901027,linear,rewired,ample,no_K,0.005306079630755764,0.38767857055299976,0.01786706506560162,0.0032391094186300026,0.03125,0,0.01871882400001823
901027,linear,rewired,ample,no_W,0.005306079630755764,0.38767857055299976,0.01786706506560162,0.0032391094186300026,0.03125,0,0.018830186999593934
901027,linear,rewired,ample,no_WK,0.005306079630755764,0.38767857055299976,0.01786706506560162,0.0032391094186300026,0.03125,0,0.018479094999861445
901027,linear,rewired,ample,retuned_zero,0.005306079630755764,0.38767857055299976,0.01786706506560162,0.0032391094186300026,0.03125,0,0.025573906999852625
901027,linear,rewired,ample,rewired,0.005306079630755764,0.38767857055299976,0.01786706506560162,0.0032391094186300026,0.03125,0,0.018688596000060897
901027,linear,rewired,ample,reverse,0.005306079630755764,0.38767857055299976,0.01786706506560162,0.0032391094186300026,0.03125,0,0.018949035000332515
901027,linear,rewired,ample,generic_nonlinear,0.005306079630755764,0.38767857055299976,0.01786706506560162,0.0032391094186300026,0.03125,0,0.017486125999880642
901027,linear,rewired,ample,generic_equivalent,0.005306079630755764,0.38767857055299976,0.01786706506560162,0.0032391094186300026,0.03125,0,0.016517952000299374
901027,linear,rewired,ample,signed_intensity,0.005306079630755764,0.38767857055299976,0.01786706506560162,0.0032391094186300026,0.03125,0,0.029472458000327606
901027,linear,rewired,ample,gradient,0.0063644137734437094,0.392759340911704,0.02143549688097378,0.0032185573949117885,0.03125,0,0.01612648999952171
901027,linear,rewired,ample,zero_negative,0.19629839284912964,0.0,0.2188485274789076,0.17680453371559765,1.0,0,0.01520435799960751
901027,linear,rewired,scarce,full,0.005273123017757281,0.38025218618226797,0.017077481870650918,0.0027300542431672554,0.03125,0,0.01910320999996884
901027,linear,rewired,scarce,no_K,0.005273123017757281,0.38025218618226797,0.017077481870650918,0.0027300542431672554,0.03125,0,0.018972699000130433
901027,linear,rewired,scarce,no_W,0.005273123017757281,0.38025218618226797,0.017077481870650918,0.0027300542431672554,0.03125,0,0.019051905999958763
901027,linear,rewired,scarce,no_WK,0.005273123017757281,0.38025218618226797,0.017077481870650918,0.0027300542431672554,0.03125,0,0.018633905000285722
901027,linear,rewired,scarce,retuned_zero,0.005273123017757281,0.38025218618226797,0.017077481870650918,0.0027300542431672554,0.03125,0,0.024990349000006518
901027,linear,rewired,scarce,rewired,0.005273123017757281,0.38025218618226797,0.017077481870650918,0.0027300542431672554,0.03125,0,0.018540877000475575
901027,linear,rewired,scarce,reverse,0.005273123017757281,0.38025218618226797,0.017077481870650918,0.0027300542431672554,0.03125,0,0.018038171000057446
901027,linear,rewired,scarce,generic_nonlinear,0.005273123017757281,0.38025218618226797,0.017077481870650918,0.0027300542431672554,0.03125,0,0.017560450999724253
901027,linear,rewired,scarce,generic_equivalent,0.005273123017757281,0.38025218618226797,0.017077481870650918,0.0027300542431672554,0.03125,0,0.017064353999842297
901027,linear,rewired,scarce,signed_intensity,0.00527312301775728,0.38025218618226797,0.017077481870650914,0.0027300542431672554,0.03125,0,0.02940763700013349
901027,linear,rewired,scarce,gradient,0.006498906134195045,0.38514122585670685,0.02137946242555221,0.003403927481761083,0.03125,0,0.015581462999705309
901027,linear,rewired,scarce,zero_negative,0.19629839284912964,0.0,0.2188485274789076,0.17680453371559765,1.0,0,0.014699425999822324
901027,linear,absent,ample,full,0.0018610560312858988,0.41715066340091583,0.003937456623029204,0.0005580268935200647,0.03125,0,0.01891801900040946
901027,linear,absent,ample,no_K,0.0018610560312858988,0.41715066340091583,0.003937456623029204,0.0005580268935200647,0.03125,0,0.018630126000289238
901027,linear,absent,ample,no_W,0.0018610560312858988,0.41715066340091583,0.003937456623029204,0.0005580268935200647,0.03125,0,0.018103300000234412
901027,linear,absent,ample,no_WK,0.0018610560312858988,0.41715066340091583,0.003937456623029204,0.0005580268935200647,0.03125,0,0.018061462999639843
901027,linear,absent,ample,retuned_zero,0.0018610560312858988,0.41715066340091583,0.003937456623029204,0.0005580268935200647,0.03125,0,0.018680775999825983
901027,linear,absent,ample,rewired,0.0018610560312858988,0.41715066340091583,0.003937456623029204,0.0005580268935200647,0.03125,0,0.018699850000245988
901027,linear,absent,ample,reverse,0.0018610560312858988,0.41715066340091583,0.003937456623029204,0.0005580268935200647,0.03125,0,0.01814984099951289
901027,linear,absent,ample,generic_nonlinear,0.0018610560312858988,0.41715066340091583,0.003937456623029204,0.0005580268935200647,0.03125,0,0.017221877999929802
901027,linear,absent,ample,generic_equivalent,0.0018610560312858988,0.41715066340091583,0.003937456623029204,0.0005580268935200647,0.03125,0,0.017091832999938106
901027,linear,absent,ample,signed_intensity,0.0018610560312858988,0.41715066340091583,0.003937456623029204,0.0005580268935200647,0.03125,0,0.029522641000312433
901027,linear,absent,ample,gradient,0.0020944276806068073,0.4179870801495988,0.005086178209245303,0.0005199211282142195,0.03125,0,0.016093339999827094
901027,linear,absent,ample,zero_negative,0.19629839284912964,0.0,0.2188485274789076,0.17680453371559765,1.0,0,0.014468898999723478
901027,linear,absent,scarce,full,0.002809313655206696,0.3964235115538965,0.005001789490547107,0.0016559262417329993,0.03125,0,0.018818818000340798
901027,linear,absent,scarce,no_K,0.002809313655206696,0.3964235115538965,0.005001789490547107,0.0016559262417329993,0.03125,0,0.01918901000016149
901027,linear,absent,scarce,no_W,0.002809313655206696,0.3964235115538965,0.005001789490547107,0.0016559262417329993,0.03125,0,0.018532744999674833
901027,linear,absent,scarce,no_WK,0.002809313655206696,0.3964235115538965,0.005001789490547107,0.0016559262417329993,0.03125,0,0.018968394000012267
901027,linear,absent,scarce,retuned_zero,0.002809313655206696,0.3964235115538965,0.005001789490547107,0.0016559262417329993,0.03125,0,0.02589421099946776
901027,linear,absent,scarce,rewired,0.002809313655206696,0.3964235115538965,0.005001789490547107,0.0016559262417329993,0.03125,0,0.01865514400049051
901027,linear,absent,scarce,reverse,0.002809313655206696,0.3964235115538965,0.005001789490547107,0.0016559262417329993,0.03125,0,0.018809130999898116
901027,linear,absent,scarce,generic_nonlinear,0.002809313655206696,0.3964235115538965,0.005001789490547107,0.0016559262417329993,0.03125,0,0.017087360999425982
901027,linear,absent,scarce,generic_equivalent,0.002809313655206696,0.3964235115538965,0.005001789490547107,0.0016559262417329993,0.03125,0,0.016858764000176052
901027,linear,absent,scarce,signed_intensity,0.002809313655206696,0.3964235115538965,0.005001789490547107,0.0016559262417329993,0.03125,0,0.02912810099996932
901027,linear,absent,scarce,gradient,0.003176528560420935,0.3964746671584273,0.0065764669010420634,0.0018357012875353804,0.03125,0,0.016003694000005453
901027,linear,absent,scarce,zero_negative,0.19629839284912964,0.0,0.2188485274789076,0.17680453371559765,1.0,0,0.014472653000154878
901027,congestion,aligned,ample,full,0.005450286098667728,0.4151668173699218,0.018803223645902433,0.0035118052645535846,0.033203125,0,0.019068167000284575
901027,congestion,aligned,ample,no_K,0.005450286098667728,0.4151668173699218,0.018803223645902433,0.0035118052645535846,0.033203125,0,0.01902238100018394
901027,congestion,aligned,ample,no_W,0.005450286098667728,0.4151668173699218,0.018803223645902433,0.0035118052645535846,0.033203125,0,0.01916922299972157
901027,congestion,aligned,ample,no_WK,0.005450286098667728,0.4151668173699218,0.018803223645902433,0.0035118052645535846,0.033203125,0,0.02609535900000992
901027,congestion,aligned,ample,retuned_zero,0.005450286098667728,0.4151668173699218,0.018803223645902433,0.0035118052645535846,0.033203125,0,0.018572301000176594
901027,congestion,aligned,ample,rewired,0.005450286098667728,0.4151668173699218,0.018803223645902433,0.0035118052645535846,0.033203125,0,0.018820034999976087
901027,congestion,aligned,ample,reverse,0.005450286098667728,0.4151668173699218,0.018803223645902433,0.0035118052645535846,0.033203125,0,0.018721828999900936
901027,congestion,aligned,ample,generic_nonlinear,0.005450286098667728,0.4151668173699218,0.018803223645902433,0.0035118052645535846,0.033203125,0,0.017718280999872604
901027,congestion,aligned,ample,generic_equivalent,0.005450286098667728,0.4151668173699218,0.018803223645902433,0.0035118052645535846,0.033203125,0,0.01664059999990286
901027,congestion,aligned,ample,signed_intensity,0.005450286098667728,0.4151668173699218,0.018803223645902433,0.0035118052645535846,0.033203125,0,0.030133867000017744
901027,congestion,aligned,ample,gradient,0.006399116090399152,0.4159920111459215,0.022178273421866086,0.0027481872495915124,0.03125,0,0.016174276999606718
901027,congestion,aligned,ample,zero_negative,0.19629839284912964,0.0,0.2188485274789076,0.17680453371559765,1.0,0,0.015459930999952576
901027,congestion,aligned,scarce,full,0.005954770235462526,0.3911413471689214,0.017373093692947972,0.003123195020864792,0.03125,0,0.019260358000337874
901027,congestion,aligned,scarce,no_K,0.005954770235462526,0.3911413471689214,0.017373093692947972,0.003123195020864792,0.03125,0,0.01917007200046328
901027,congestion,aligned,scarce,no_W,0.005954770235462526,0.3911413471689214,0.017373093692947972,0.003123195020864792,0.03125,0,0.018684170999790695
901027,congestion,aligned,scarce,no_WK,0.005954770235462526,0.3911413471689214,0.017373093692947972,0.003123195020864792,0.03125,0,0.025474445999861928
901027,congestion,aligned,scarce,retuned_zero,0.005954770235462526,0.3911413471689214,0.017373093692947972,0.003123195020864792,0.03125,0,0.01899733999999853
901027,congestion,aligned,scarce,rewired,0.005954770235462526,0.3911413471689214,0.017373093692947972,0.003123195020864792,0.03125,0,0.018991849999736132
901027,congestion,aligned,scarce,reverse,0.005954770235462526,0.3911413471689214,0.017373093692947972,0.003123195020864792,0.03125,0,0.018329540999957317
901027,congestion,aligned,scarce,generic_nonlinear,0.005954770235462526,0.3911413471689214,0.017373093692947972,0.003123195020864792,0.03125,0,0.0175410809999903
901027,congestion,aligned,scarce,generic_equivalent,0.005954770235462526,0.3911413471689214,0.017373093692947972,0.003123195020864792,0.03125,0,0.016936526999700163
901027,congestion,aligned,scarce,signed_intensity,0.005954770235462526,0.3911413471689214,0.017373093692947972,0.003123195020864792,0.03125,0,0.029428776999964157
901027,congestion,aligned,scarce,gradient,0.007272220609700927,0.39276283897425723,0.022646916704187437,0.0035436068722924804,0.03125,0,0.015668662999814842
901027,congestion,aligned,scarce,zero_negative,0.19629839284912964,0.0,0.2188485274789076,0.17680453371559765,1.0,0,0.01475312400009443
901027,congestion,rewired,ample,full,0.004480499100940949,0.4165433783255111,0.014519174659075165,0.003417247590891434,0.033203125,0,0.019151563000320948
901027,congestion,rewired,ample,no_K,0.004480499100940949,0.4165433783255111,0.014519174659075165,0.003417247590891434,0.033203125,0,0.018889341999965836
901027,congestion,rewired,ample,no_W,0.004480499100940949,0.4165433783255111,0.014519174659075165,0.003417247590891434,0.033203125,0,0.0183895360003703
901027,congestion,rewired,ample,no_WK,0.004480499100940949,0.4165433783255111,0.014519174659075165,0.003417247590891434,0.033203125,0,0.018797747000007803
901027,congestion,rewired,ample,retuned_zero,0.004480499100940949,0.4165433783255111,0.014519174659075165,0.003417247590891434,0.033203125,0,0.018247000000371827
901027,congestion,rewired,ample,rewired,0.004480499100940949,0.4165433783255111,0.014519174659075165,0.003417247590891434,0.033203125,0,0.018990830000291226
901027,congestion,rewired,ample,reverse,0.004480499100940949,0.4165433783255111,0.014519174659075165,0.003417247590891434,0.033203125,0,0.01822520899952451
901027,congestion,rewired,ample,generic_nonlinear,0.004480499100940949,0.4165433783255111,0.014519174659075165,0.003417247590891434,0.033203125,0,0.017433048000214058
901027,congestion,rewired,ample,generic_equivalent,0.004480499100940949,0.4165433783255111,0.014519174659075165,0.003417247590891434,0.033203125,0,0.01694750899991959
901027,congestion,rewired,ample,signed_intensity,0.004480499100940949,0.4165433783255111,0.014519174659075165,0.003417247590891434,0.033203125,0,0.029583945999945627
901027,congestion,rewired,ample,gradient,0.005277163093153672,0.4186936562478132,0.01749788064364156,0.0038813808634103287,0.03125,0,0.01653835400020398
901027,congestion,rewired,ample,zero_negative,0.19629839284912964,0.0,0.2188485274789076,0.17680453371559765,1.0,0,0.014721163000160686
901027,congestion,rewired,scarce,full,0.005444090003098234,0.39332859298064454,0.014545067173069165,0.003840038684857217,0.03125,0,0.018704181000430253
901027,congestion,rewired,scarce,no_K,0.005444090003098234,0.39332859298064454,0.014545067173069165,0.003840038684857217,0.03125,0,0.018975757999896814
901027,congestion,rewired,scarce,no_W,0.005444090003098234,0.39332859298064454,0.014545067173069165,0.003840038684857217,0.03125,0,0.018250745000443658
901027,congestion,rewired,scarce,no_WK,0.005444090003098234,0.39332859298064454,0.014545067173069165,0.003840038684857217,0.03125,0,0.01930932500039262
901027,congestion,rewired,scarce,retuned_zero,0.005444090003098234,0.39332859298064454,0.014545067173069165,0.003840038684857217,0.03125,0,0.018701030999864088
901027,congestion,rewired,scarce,rewired,0.005444090003098234,0.39332859298064454,0.014545067173069165,0.003840038684857217,0.03125,0,0.018770583000332408
901027,congestion,rewired,scarce,reverse,0.005444090003098234,0.39332859298064454,0.014545067173069165,0.003840038684857217,0.03125,0,0.018797205999703692
901027,congestion,rewired,scarce,generic_nonlinear,0.005444090003098234,0.39332859298064454,0.014545067173069165,0.003840038684857217,0.03125,0,0.016898791999722107
901027,congestion,rewired,scarce,generic_equivalent,0.005444090003098234,0.39332859298064454,0.014545067173069165,0.003840038684857217,0.03125,0,0.017894739999519516
901027,congestion,rewired,scarce,signed_intensity,0.005444090003098234,0.39332859298064454,0.014545067173069165,0.003840038684857217,0.03125,0,0.029650463999814747
901027,congestion,rewired,scarce,gradient,0.006473086652731415,0.39434706414146636,0.0184334946574962,0.005113348591527913,0.03125,0,0.016845702999773948
901027,congestion,rewired,scarce,zero_negative,0.19629839284912964,0.0,0.2188485274789076,0.17680453371559765,1.0,0,0.014727176000008058
901027,congestion,absent,ample,full,0.0018610560312858988,0.41715066340091583,0.003937456623029204,0.0005580268935200647,0.03125,0,0.018774430999997094
901027,congestion,absent,ample,no_K,0.0018610560312858988,0.41715066340091583,0.003937456623029204,0.0005580268935200647,0.03125,0,0.018493771000123616
901027,congestion,absent,ample,no_W,0.0018610560312858988,0.41715066340091583,0.003937456623029204,0.0005580268935200647,0.03125,0,0.025615279000021474
901027,congestion,absent,ample,no_WK,0.0018610560312858988,0.41715066340091583,0.003937456623029204,0.0005580268935200647,0.03125,0,0.018546040000103403
901027,congestion,absent,ample,retuned_zero,0.0018610560312858988,0.41715066340091583,0.003937456623029204,0.0005580268935200647,0.03125,0,0.0185534979999602
901027,congestion,absent,ample,rewired,0.0018610560312858988,0.41715066340091583,0.003937456623029204,0.0005580268935200647,0.03125,0,0.01866648700024598
901027,congestion,absent,ample,reverse,0.0018610560312858988,0.41715066340091583,0.003937456623029204,0.0005580268935200647,0.03125,0,0.018545136999932765
901027,congestion,absent,ample,generic_nonlinear,0.0018610560312858988,0.41715066340091583,0.003937456623029204,0.0005580268935200647,0.03125,0,0.01730389599958926
901027,congestion,absent,ample,generic_equivalent,0.0018610560312858988,0.41715066340091583,0.003937456623029204,0.0005580268935200647,0.03125,0,0.01639848300015956
901027,congestion,absent,ample,signed_intensity,0.0018610560312858988,0.41715066340091583,0.003937456623029204,0.0005580268935200647,0.03125,0,0.029135705000044254
901027,congestion,absent,ample,gradient,0.0020944276806068073,0.4179870801495988,0.005086178209245303,0.0005199211282142195,0.03125,0,0.01590232399996694
901027,congestion,absent,ample,zero_negative,0.19629839284912964,0.0,0.2188485274789076,0.17680453371559765,1.0,0,0.015201092999916455
901027,congestion,absent,scarce,full,0.002809313655206696,0.3964235115538965,0.005001789490547107,0.0016559262417329993,0.03125,0,0.018834562000165533
901027,congestion,absent,scarce,no_K,0.002809313655206696,0.3964235115538965,0.005001789490547107,0.0016559262417329993,0.03125,0,0.018658711999648858
901027,congestion,absent,scarce,no_W,0.002809313655206696,0.3964235115538965,0.005001789490547107,0.0016559262417329993,0.03125,0,0.02532567900010463
901027,congestion,absent,scarce,no_WK,0.002809313655206696,0.3964235115538965,0.005001789490547107,0.0016559262417329993,0.03125,0,0.018608936999953585
901027,congestion,absent,scarce,retuned_zero,0.002809313655206696,0.3964235115538965,0.005001789490547107,0.0016559262417329993,0.03125,0,0.018541814000172963
901027,congestion,absent,scarce,rewired,0.002809313655206696,0.3964235115538965,0.005001789490547107,0.0016559262417329993,0.03125,0,0.01848429100004978
901027,congestion,absent,scarce,reverse,0.002809313655206696,0.3964235115538965,0.005001789490547107,0.0016559262417329993,0.03125,0,0.01804484200005163
901027,congestion,absent,scarce,generic_nonlinear,0.002809313655206696,0.3964235115538965,0.005001789490547107,0.0016559262417329993,0.03125,0,0.01750098900009789
901027,congestion,absent,scarce,generic_equivalent,0.002809313655206696,0.3964235115538965,0.005001789490547107,0.0016559262417329993,0.03125,0,0.01727525800015428
901027,congestion,absent,scarce,signed_intensity,0.002809313655206696,0.3964235115538965,0.005001789490547107,0.0016559262417329993,0.03125,0,0.030049395999697026
901027,congestion,absent,scarce,gradient,0.003176528560420935,0.3964746671584273,0.0065764669010420634,0.0018357012875353804,0.03125,0,0.015689033000001018
901027,congestion,absent,scarce,zero_negative,0.19629839284912964,0.0,0.2188485274789076,0.17680453371559765,1.0,0,0.014728630000035992
901028,linear,aligned,ample,full,0.004075542822871087,0.37957842620061366,0.008170299185821473,0.00041591124076933853,0.03125,0,0.01933599600050684
901028,linear,aligned,ample,no_K,0.004075542822871087,0.37957842620061366,0.008170299185821473,0.00041591124076933853,0.03125,0,0.019165186000066115
901028,linear,aligned,ample,no_W,0.004075542822871087,0.37957842620061366,0.008170299185821473,0.00041591124076933853,0.03125,0,0.025736167000388832
901028,linear,aligned,ample,no_WK,0.004075542822871087,0.37957842620061366,0.008170299185821473,0.00041591124076933853,0.03125,0,0.01840642100057721
901028,linear,aligned,ample,retuned_zero,0.004075542822871087,0.37957842620061366,0.008170299185821473,0.00041591124076933853,0.03125,0,0.01858210700015661
901028,linear,aligned,ample,rewired,0.004075542822871087,0.37957842620061366,0.008170299185821473,0.00041591124076933853,0.03125,0,0.01885275400007913
901028,linear,aligned,ample,reverse,0.004075542822871087,0.37957842620061366,0.008170299185821473,0.00041591124076933853,0.03125,0,0.01830332599979556
901028,linear,aligned,ample,generic_nonlinear,0.004075542822871087,0.37957842620061366,0.008170299185821473,0.00041591124076933853,0.03125,0,0.017502405000129784
901028,linear,aligned,ample,generic_equivalent,0.004075542822871087,0.37957842620061366,0.008170299185821473,0.00041591124076933853,0.03125,0,0.018314415000077133
901028,linear,aligned,ample,signed_intensity,0.004075542822871087,0.37957842620061366,0.008170299185821473,0.00041591124076933853,0.03125,0,0.029550149000442616
901028,linear,aligned,ample,gradient,0.00458271637418942,0.38073111733225967,0.010446039698658595,0.0006271237673840049,0.03125,0,0.016181928000094103
901028,linear,aligned,ample,zero_negative,0.2010015661837024,0.0,0.21648224843738653,0.23271992567387287,1.0,0,0.01520281799997747
901028,linear,aligned,scarce,full,0.0040722685339840015,0.37377774047697143,0.008157747422979778,0.00039869585059150176,0.03125,0,0.01929448499981845
901028,linear,aligned,scarce,no_K,0.0040722685339840015,0.37377774047697143,0.008157747422979778,0.00039869585059150176,0.03125,0,0.018892804000188335
901028,linear,aligned,scarce,no_W,0.0040722685339840015,0.37377774047697143,0.008157747422979778,0.00039869585059150176,0.03125,0,0.026997664000532495
901028,linear,aligned,scarce,no_WK,0.0040722685339840015,0.37377774047697143,0.008157747422979778,0.00039869585059150176,0.03125,0,0.018081460000075822
901028,linear,aligned,scarce,retuned_zero,0.0040722685339840015,0.37377774047697143,0.008157747422979778,0.00039869585059150176,0.03125,0,0.018605859999468066
901028,linear,aligned,scarce,rewired,0.0040722685339840015,0.37377774047697143,0.008157747422979778,0.00039869585059150176,0.03125,0,0.018572936999987633
901028,linear,aligned,scarce,reverse,0.0040722685339840015,0.37377774047697143,0.008157747422979778,0.00039869585059150176,0.03125,0,0.018599139000059495
901028,linear,aligned,scarce,generic_nonlinear,0.0040722685339840015,0.37377774047697143,0.008157747422979778,0.00039869585059150176,0.03125,0,0.01686822699946333
901028,linear,aligned,scarce,generic_equivalent,0.0040722685339840015,0.37377774047697143,0.008157747422979778,0.00039869585059150176,0.03125,0,0.01718540900037624
901028,linear,aligned,scarce,signed_intensity,0.0040722685339840015,0.37377774047697143,0.008157747422979778,0.00039869585059150176,0.03125,0,0.029184540999835917
901028,linear,aligned,scarce,gradient,0.004642611021014816,0.3743054093333205,0.010367969301944047,0.0006205907665852795,0.03125,0,0.016633690000219303
901028,linear,aligned,scarce,zero_negative,0.2010015661837024,0.0,0.21648224843738653,0.23271992567387287,1.0,0,0.014821350000147504
901028,linear,rewired,ample,full,0.0034188018846930744,0.3820283069295993,0.00524277627596481,0.0004908053640974898,0.03125,0,0.019122568999648593
901028,linear,rewired,ample,no_K,0.0034188018846930744,0.3820283069295993,0.00524277627596481,0.0004908053640974898,0.03125,0,0.018754747999707888
901028,linear,rewired,ample,no_W,0.0034188018846930744,0.3820283069295993,0.00524277627596481,0.0004908053640974898,0.03125,0,0.019516786999872693
901028,linear,rewired,ample,no_WK,0.0034188018846930744,0.3820283069295993,0.00524277627596481,0.0004908053640974898,0.03125,0,0.019890819999943687
901028,linear,rewired,ample,retuned_zero,0.0034188018846930744,0.3820283069295993,0.00524277627596481,0.0004908053640974898,0.03125,0,0.019080516999963493
901028,linear,rewired,ample,rewired,0.0034188018846930744,0.3820283069295993,0.00524277627596481,0.0004908053640974898,0.03125,0,0.018939253999917582
901028,linear,rewired,ample,reverse,0.0034188018846930744,0.3820283069295993,0.00524277627596481,0.0004908053640974898,0.03125,0,0.019013223999877482
901028,linear,rewired,ample,generic_nonlinear,0.0034188018846930744,0.3820283069295993,0.00524277627596481,0.0004908053640974898,0.03125,0,0.017774311999858128
901028,linear,rewired,ample,generic_equivalent,0.0034188018846930744,0.3820283069295993,0.00524277627596481,0.0004908053640974898,0.03125,0,0.016616686999839203
901028,linear,rewired,ample,signed_intensity,0.0034188018846930744,0.3820283069295993,0.00524277627596481,0.0004908053640974898,0.03125,0,0.029881419999640002
901028,linear,rewired,ample,gradient,0.004156757475942969,0.38296626244258936,0.008997411054699117,0.0010527115937626675,0.03125,0,0.016942988999744557
901028,linear,rewired,ample,zero_negative,0.2010015661837024,0.0,0.21648224843738653,0.23271992567387287,1.0,0,0.015813943000239306
901028,linear,rewired,scarce,full,0.0033266434711556993,0.37576882351463914,0.00518768799698388,0.0004746431126536375,0.03125,0,0.019303330999491664
901028,linear,rewired,scarce,no_K,0.0033266434711556993,0.37576882351463914,0.00518768799698388,0.0004746431126536375,0.03125,0,0.02802409399981798
901028,linear,rewired,scarce,no_W,0.0033266434711556993,0.37576882351463914,0.00518768799698388,0.0004746431126536375,0.03125,0,0.019218026999851645
901028,linear,rewired,scarce,no_WK,0.0033266434711556993,0.37576882351463914,0.00518768799698388,0.0004746431126536375,0.03125,0,0.019264982000265718
901028,linear,rewired,scarce,retuned_zero,0.0033266434711556993,0.37576882351463914,0.00518768799698388,0.0004746431126536375,0.03125,0,0.019387361999974928
901028,linear,rewired,scarce,rewired,0.0033266434711556993,0.37576882351463914,0.00518768799698388,0.0004746431126536375,0.03125,0,0.01929365499989899
901028,linear,rewired,scarce,reverse,0.0033266434711556993,0.37576882351463914,0.00518768799698388,0.0004746431126536375,0.03125,0,0.018575962999705098
901028,linear,rewired,scarce,generic_nonlinear,0.0033266434711556993,0.37576882351463914,0.00518768799698388,0.0004746431126536375,0.03125,0,0.017834554000160097
901028,linear,rewired,scarce,generic_equivalent,0.0033266434711556993,0.37576882351463914,0.00518768799698388,0.0004746431126536375,0.03125,0,0.017341206999560654
901028,linear,rewired,scarce,signed_intensity,0.0033266434711556993,0.37576882351463914,0.00518768799698388,0.0004746431126536375,0.03125,0,0.029908026999919457
901028,linear,rewired,scarce,gradient,0.004135886229929673,0.37632607289036396,0.008983509337883036,0.0010469050774433131,0.03125,0,0.015857518000018445
901028,linear,rewired,scarce,zero_negative,0.2010015661837024,0.0,0.21648224843738653,0.23271992567387287,1.0,0,0.014914595999982794
901028,linear,absent,ample,full,0.0039219868450201326,0.4063867284251046,0.006100563425568876,0.00011211563527153729,0.03125,0,0.01920098599987341
901028,linear,absent,ample,no_K,0.0039219868450201326,0.4063867284251046,0.006100563425568876,0.00011211563527153729,0.03125,0,0.02706652900002382
901028,linear,absent,ample,no_W,0.0039219868450201326,0.4063867284251046,0.006100563425568876,0.00011211563527153729,0.03125,0,0.018818744999805403
901028,linear,absent,ample,no_WK,0.0039219868450201326,0.4063867284251046,0.006100563425568876,0.00011211563527153729,0.03125,0,0.018309616000351525
901028,linear,absent,ample,retuned_zero,0.0039219868450201326,0.4063867284251046,0.006100563425568876,0.00011211563527153729,0.03125,0,0.018157636999831084
901028,linear,absent,ample,rewired,0.0039219868450201326,0.4063867284251046,0.006100563425568876,0.00011211563527153729,0.03125,0,0.018738336999945204
901028,linear,absent,ample,reverse,0.0039219868450201326,0.4063867284251046,0.006100563425568876,0.00011211563527153729,0.03125,0,0.0178762530006793
901028,linear,absent,ample,generic_nonlinear,0.0039219868450201326,0.4063867284251046,0.006100563425568876,0.00011211563527153729,0.03125,0,0.01768662599988602
901028,linear,absent,ample,generic_equivalent,0.0039219868450201326,0.4063867284251046,0.006100563425568876,0.00011211563527153729,0.03125,0,0.01717937200049846
901028,linear,absent,ample,signed_intensity,0.0039219868450201326,0.4063867284251046,0.006100563425568876,0.00011211563527153729,0.03125,0,0.02928465000019287
901028,linear,absent,ample,gradient,0.004068224313980129,0.4068227815674847,0.006812315487345778,0.0003192392669504626,0.03125,0,0.01613663400041787
901028,linear,absent,ample,zero_negative,0.2010015661837024,0.0,0.21648224843738653,0.23271992567387287,1.0,0,0.01458317900005568
901028,linear,absent,scarce,full,0.004611072835212008,0.38962664416823733,0.006933512438876491,0.0008834034933721526,0.03125,0,0.018454707000216786
901028,linear,absent,scarce,no_K,0.004611072835212008,0.38962664416823733,0.006933512438876491,0.0008834034933721526,0.03125,0,0.01923166200003834
901028,linear,absent,scarce,no_W,0.004611072835212008,0.38962664416823733,0.006933512438876491,0.0008834034933721526,0.03125,0,0.018408735999855708
901028,linear,absent,scarce,no_WK,0.004611072835212008,0.38962664416823733,0.006933512438876491,0.0008834034933721526,0.03125,0,0.018459472999893478
901028,linear,absent,scarce,retuned_zero,0.004611072835212008,0.38962664416823733,0.006933512438876491,0.0008834034933721526,0.03125,0,0.01873526499974787
901028,linear,absent,scarce,rewired,0.004611072835212008,0.38962664416823733,0.006933512438876491,0.0008834034933721526,0.03125,0,0.018586231999449865
901028,linear,absent,scarce,reverse,0.004611072835212008,0.38962664416823733,0.006933512438876491,0.0008834034933721526,0.03125,0,0.018927098000119713
901028,linear,absent,scarce,generic_nonlinear,0.004611072835212008,0.38962664416823733,0.006933512438876491,0.0008834034933721526,0.03125,0,0.016888873999732823
901028,linear,absent,scarce,generic_equivalent,0.004611072835212008,0.38962664416823733,0.006933512438876491,0.0008834034933721526,0.03125,0,0.016811912000036955
901028,linear,absent,scarce,signed_intensity,0.004611072835212008,0.38962664416823733,0.006933512438876491,0.0008834034933721526,0.03125,0,0.028739188000088234
901028,linear,absent,scarce,gradient,0.004823418110178265,0.3894477338128047,0.007613323128271153,0.0011145956157628928,0.03125,0,0.01633559700007936
901028,linear,absent,scarce,zero_negative,0.2010015661837024,0.0,0.21648224843738653,0.23271992567387287,1.0,0,0.014863000000104876
901028,congestion,aligned,ample,full,0.004755051320574556,0.39360228138964165,0.008929660117702314,0.00037891206150377074,0.03125,0,0.019293788999505068
901028,congestion,aligned,ample,no_K,0.004755051320574556,0.39360228138964165,0.008929660117702314,0.00037891206150377074,0.03125,0,0.026277559000050132
901028,congestion,aligned,ample,no_W,0.004755051320574556,0.39360228138964165,0.008929660117702314,0.00037891206150377074,0.03125,0,0.019174483999904623
901028,congestion,aligned,ample,no_WK,0.004755051320574556,0.39360228138964165,0.008929660117702314,0.00037891206150377074,0.03125,0,0.019048411000085252
901028,congestion,aligned,ample,retuned_zero,0.004755051320574556,0.39360228138964165,0.008929660117702314,0.00037891206150377074,0.03125,0,0.019170273000156612
901028,congestion,aligned,ample,rewired,0.004755051320574556,0.39360228138964165,0.008929660117702314,0.00037891206150377074,0.03125,0,0.0190106120001019
901028,congestion,aligned,ample,reverse,0.004755051320574556,0.39360228138964165,0.008929660117702314,0.00037891206150377074,0.03125,0,0.019134567999913088
901028,congestion,aligned,ample,generic_nonlinear,0.004755051320574556,0.39360228138964165,0.008929660117702314,0.00037891206150377074,0.03125,0,0.017535720999831028
901028,congestion,aligned,ample,generic_equivalent,0.004755051320574556,0.39360228138964165,0.008929660117702314,0.00037891206150377074,0.03125,0,0.016769743999986986
901028,congestion,aligned,ample,signed_intensity,0.004755051320574556,0.39360228138964165,0.008929660117702314,0.00037891206150377074,0.03125,0,0.02956376900004898
901028,congestion,aligned,ample,gradient,0.004776492309821929,0.39326542311742274,0.008814851009384608,0.0005996257947240295,0.03125,0,0.016234466000184966
901028,congestion,aligned,ample,zero_negative,0.2010015661837024,0.0,0.21648224843738653,0.23271992567387287,1.0,0,0.0152727430000823
901028,congestion,aligned,scarce,full,0.0048816656665938525,0.3842506069106524,0.009310880630263462,0.000706380303620464,0.03125,0,0.0260627420000219
901028,congestion,aligned,scarce,no_K,0.0048816656665938525,0.3842506069106524,0.009310880630263462,0.000706380303620464,0.03125,0,0.01909283899976799
901028,congestion,aligned,scarce,no_W,0.0048816656665938525,0.3842506069106524,0.009310880630263462,0.000706380303620464,0.03125,0,0.018872949000012795
901028,congestion,aligned,scarce,no_WK,0.0048816656665938525,0.3842506069106524,0.009310880630263462,0.000706380303620464,0.03125,0,0.018998665000310666
901028,congestion,aligned,scarce,retuned_zero,0.0048816656665938525,0.3842506069106524,0.009310880630263462,0.000706380303620464,0.03125,0,0.018697143000281358
901028,congestion,aligned,scarce,rewired,0.0048816656665938525,0.3842506069106524,0.009310880630263462,0.000706380303620464,0.03125,0,0.018613843999787605
901028,congestion,aligned,scarce,reverse,0.0048816656665938525,0.3842506069106524,0.009310880630263462,0.000706380303620464,0.03125,0,0.018470334999733495
901028,congestion,aligned,scarce,generic_nonlinear,0.0048816656665938525,0.3842506069106524,0.009310880630263462,0.000706380303620464,0.03125,0,0.017510426000228563
901028,congestion,aligned,scarce,generic_equivalent,0.0048816656665938525,0.3842506069106524,0.009310880630263462,0.000706380303620464,0.03125,0,0.017302513999823077
901028,congestion,aligned,scarce,signed_intensity,0.0048816656665938525,0.3842506069106524,0.009310880630263462,0.000706380303620464,0.03125,0,0.02955344400015747
901028,congestion,aligned,scarce,gradient,0.00499120905569068,0.3834848187539045,0.009205962003972678,0.0008981246513946178,0.03125,0,0.015814521000152126
901028,congestion,aligned,scarce,zero_negative,0.2010015661837024,0.0,0.21648224843738653,0.23271992567387287,1.0,0,0.01523418800007903
901028,congestion,rewired,ample,full,0.00374616867706596,0.39722600625149673,0.005442177887563356,0.0004759081123877208,0.03125,0,0.02761760799990043
901028,congestion,rewired,ample,no_K,0.00374616867706596,0.39722600625149673,0.005442177887563356,0.0004759081123877208,0.03125,0,0.019120973999861235
901028,congestion,rewired,ample,no_W,0.00374616867706596,0.39722600625149673,0.005442177887563356,0.0004759081123877208,0.03125,0,0.018855242999961774
901028,congestion,rewired,ample,no_WK,0.00374616867706596,0.39722600625149673,0.005442177887563356,0.0004759081123877208,0.03125,0,0.01836228999997047
901028,congestion,rewired,ample,retuned_zero,0.00374616867706596,0.39722600625149673,0.005442177887563356,0.0004759081123877208,0.03125,0,0.01860545199997432
901028,congestion,rewired,ample,rewired,0.00374616867706596,0.39722600625149673,0.005442177887563356,0.0004759081123877208,0.03125,0,0.01858283399985794
901028,congestion,rewired,ample,reverse,0.00374616867706596,0.39722600625149673,0.005442177887563356,0.0004759081123877208,0.03125,0,0.018612972000369155
901028,congestion,rewired,ample,generic_nonlinear,0.00374616867706596,0.39722600625149673,0.005442177887563356,0.0004759081123877208,0.03125,0,0.0176675519995797
901028,congestion,rewired,ample,generic_equivalent,0.00374616867706596,0.39722600625149673,0.005442177887563356,0.0004759081123877208,0.03125,0,0.017080570999894462
901028,congestion,rewired,ample,signed_intensity,0.00374616867706596,0.39722600625149673,0.005442177887563356,0.0004759081123877208,0.03125,0,0.029619522000132292
901028,congestion,rewired,ample,gradient,0.004556994712445344,0.39685431723972775,0.009655476707918524,0.0012813019627585548,0.03125,0,0.016325389999963136
901028,congestion,rewired,ample,zero_negative,0.2010015661837024,0.0,0.21648224843738653,0.23271992567387287,1.0,0,0.01484408599986864
901028,congestion,rewired,scarce,full,0.0037916458838885858,0.3864375289689481,0.005746537151822695,0.0006521815878232698,0.03125,0,0.019149911000397424
901028,congestion,rewired,scarce,no_K,0.0037916458838885858,0.3864375289689481,0.005746537151822695,0.0006521815878232698,0.03125,0,0.01867597099953855
901028,congestion,rewired,scarce,no_W,0.0037916458838885858,0.3864375289689481,0.005746537151822695,0.0006521815878232698,0.03125,0,0.01881137599991689
901028,congestion,rewired,scarce,no_WK,0.0037916458838885858,0.3864375289689481,0.005746537151822695,0.0006521815878232698,0.03125,0,0.018291886000099566
901028,congestion,rewired,scarce,retuned_zero,0.0037916458838885858,0.3864375289689481,0.005746537151822695,0.0006521815878232698,0.03125,0,0.018828178000205753
901028,congestion,rewired,scarce,rewired,0.0037916458838885858,0.3864375289689481,0.005746537151822695,0.0006521815878232698,0.03125,0,0.018496687999970618
901028,congestion,rewired,scarce,reverse,0.0037916458838885858,0.3864375289689481,0.005746537151822695,0.0006521815878232698,0.03125,0,0.018890633000012258
901028,congestion,rewired,scarce,generic_nonlinear,0.0037916458838885858,0.3864375289689481,0.005746537151822695,0.0006521815878232698,0.03125,0,0.01705197699970995
901028,congestion,rewired,scarce,generic_equivalent,0.0037916458838885858,0.3864375289689481,0.005746537151822695,0.0006521815878232698,0.03125,0,0.017138643000066622
901028,congestion,rewired,scarce,signed_intensity,0.0037916458838885858,0.3864375289689481,0.005746537151822695,0.0006521815878232698,0.03125,0,0.028950155000131872
901028,congestion,rewired,scarce,gradient,0.004697756438512902,0.38630378139786564,0.010026534903925981,0.00147872835315795,0.03125,0,0.016216733999783628
901028,congestion,rewired,scarce,zero_negative,0.2010015661837024,0.0,0.21648224843738653,0.23271992567387287,1.0,0,0.01486236900007043
901028,congestion,absent,ample,full,0.0039219868450201326,0.4063867284251046,0.006100563425568876,0.00011211563527153729,0.03125,0,0.01942525899960401
901028,congestion,absent,ample,no_K,0.0039219868450201326,0.4063867284251046,0.006100563425568876,0.00011211563527153729,0.03125,0,0.018681922000041595
901028,congestion,absent,ample,no_W,0.0039219868450201326,0.4063867284251046,0.006100563425568876,0.00011211563527153729,0.03125,0,0.01918053899998995
901028,congestion,absent,ample,no_WK,0.0039219868450201326,0.4063867284251046,0.006100563425568876,0.00011211563527153729,0.03125,0,0.01982089299991685
901028,congestion,absent,ample,retuned_zero,0.0039219868450201326,0.4063867284251046,0.006100563425568876,0.00011211563527153729,0.03125,0,0.018999796000059632
901028,congestion,absent,ample,rewired,0.0039219868450201326,0.4063867284251046,0.006100563425568876,0.00011211563527153729,0.03125,0,0.018811469999604924
901028,congestion,absent,ample,reverse,0.0039219868450201326,0.4063867284251046,0.006100563425568876,0.00011211563527153729,0.03125,0,0.01884821899960798
901028,congestion,absent,ample,generic_nonlinear,0.0039219868450201326,0.4063867284251046,0.006100563425568876,0.00011211563527153729,0.03125,0,0.017338152000320406
901028,congestion,absent,ample,generic_equivalent,0.0039219868450201326,0.4063867284251046,0.006100563425568876,0.00011211563527153729,0.03125,0,0.016522446000351465
901028,congestion,absent,ample,signed_intensity,0.0039219868450201326,0.4063867284251046,0.006100563425568876,0.00011211563527153729,0.03125,0,0.029709053000146923
901028,congestion,absent,ample,gradient,0.004068224313980129,0.4068227815674847,0.006812315487345778,0.0003192392669504626,0.03125,0,0.016161514000032184
901028,congestion,absent,ample,zero_negative,0.2010015661837024,0.0,0.21648224843738653,0.23271992567387287,1.0,0,0.023165032000349584
901028,congestion,absent,scarce,full,0.004611072835212008,0.38962664416823733,0.006933512438876491,0.0008834034933721526,0.03125,0,0.018862684000509944
901028,congestion,absent,scarce,no_K,0.004611072835212008,0.38962664416823733,0.006933512438876491,0.0008834034933721526,0.03125,0,0.018603573000007145
901028,congestion,absent,scarce,no_W,0.004611072835212008,0.38962664416823733,0.006933512438876491,0.0008834034933721526,0.03125,0,0.01904720000021598
901028,congestion,absent,scarce,no_WK,0.004611072835212008,0.38962664416823733,0.006933512438876491,0.0008834034933721526,0.03125,0,0.018601377000152297
901028,congestion,absent,scarce,retuned_zero,0.004611072835212008,0.38962664416823733,0.006933512438876491,0.0008834034933721526,0.03125,0,0.018514088000017637
901028,congestion,absent,scarce,rewired,0.004611072835212008,0.38962664416823733,0.006933512438876491,0.0008834034933721526,0.03125,0,0.01849416799990422
901028,congestion,absent,scarce,reverse,0.004611072835212008,0.38962664416823733,0.006933512438876491,0.0008834034933721526,0.03125,0,0.018202998999925057
901028,congestion,absent,scarce,generic_nonlinear,0.004611072835212008,0.38962664416823733,0.006933512438876491,0.0008834034933721526,0.03125,0,0.01750266399977818
901028,congestion,absent,scarce,generic_equivalent,0.004611072835212008,0.38962664416823733,0.006933512438876491,0.0008834034933721526,0.03125,0,0.0170956829999227
901028,congestion,absent,scarce,signed_intensity,0.004611072835212008,0.38962664416823733,0.006933512438876491,0.0008834034933721526,0.03125,0,0.029271310999831712
901028,congestion,absent,scarce,gradient,0.004823418110178265,0.3894477338128047,0.007613323128271153,0.0011145956157628928,0.03125,0,0.01558875299946294
901028,congestion,absent,scarce,zero_negative,0.2010015661837024,0.0,0.21648224843738653,0.23271992567387287,1.0,0,0.021297248999871954
901029,linear,aligned,ample,full,0.0022533335752838238,0.3965716388710199,0.006254051569249981,0.0023523381697545098,0.03125,0,0.019221679999645858
901029,linear,aligned,ample,no_K,0.0022533335752838238,0.3965716388710199,0.006254051569249981,0.0023523381697545098,0.03125,0,0.018972229000155494
901029,linear,aligned,ample,no_W,0.0022533335752838238,0.3965716388710199,0.006254051569249981,0.0023523381697545098,0.03125,0,0.019004162000271663
901029,linear,aligned,ample,no_WK,0.0022533335752838238,0.3965716388710199,0.006254051569249981,0.0023523381697545098,0.03125,0,0.018177527000034388
901029,linear,aligned,ample,retuned_zero,0.0022533335752838238,0.3965716388710199,0.006254051569249981,0.0023523381697545098,0.03125,0,0.01817368399991892
901029,linear,aligned,ample,rewired,0.0022533335752838238,0.3965716388710199,0.006254051569249981,0.0023523381697545098,0.03125,0,0.018829089999826465
901029,linear,aligned,ample,reverse,0.0022533335752838238,0.3965716388710199,0.006254051569249981,0.0023523381697545098,0.03125,0,0.018085548999692946
901029,linear,aligned,ample,generic_nonlinear,0.0022533335752838238,0.3965716388710199,0.006254051569249981,0.0023523381697545098,0.03125,0,0.017332105999685155
901029,linear,aligned,ample,generic_equivalent,0.0022533335752838238,0.3965716388710199,0.006254051569249981,0.0023523381697545098,0.03125,0,0.016897456999686256
901029,linear,aligned,ample,signed_intensity,0.0022533335752838238,0.3965716388710199,0.006254051569249981,0.0023523381697545098,0.03125,0,0.029465007000510468
901029,linear,aligned,ample,gradient,0.005362035634974926,0.39574074225991673,0.01881288045885631,0.012709332309972881,0.03125,0,0.016493327000318914
901029,linear,aligned,ample,zero_negative,0.20647951572343407,0.0,0.22443289344569997,0.21765001952144442,1.0,0,0.02130095499978779
901029,linear,aligned,scarce,full,0.002321211302725061,0.38472963902390395,0.0067529138682780885,0.00262130472373586,0.03125,0,0.018629279000037968
901029,linear,aligned,scarce,no_K,0.002321211302725061,0.38472963902390395,0.0067529138682780885,0.00262130472373586,0.03125,0,0.018683397999780027
901029,linear,aligned,scarce,no_W,0.002321211302725061,0.38472963902390395,0.0067529138682780885,0.00262130472373586,0.03125,0,0.019316088999914882
901029,linear,aligned,scarce,no_WK,0.002321211302725061,0.38472963902390395,0.0067529138682780885,0.00262130472373586,0.03125,0,0.01836940499958928
901029,linear,aligned,scarce,retuned_zero,0.002321211302725061,0.38472963902390395,0.0067529138682780885,0.00262130472373586,0.03125,0,0.01868138399970576
901029,linear,aligned,scarce,rewired,0.002321211302725061,0.38472963902390395,0.0067529138682780885,0.00262130472373586,0.03125,0,0.018794892000016716
901029,linear,aligned,scarce,reverse,0.002321211302725061,0.38472963902390395,0.0067529138682780885,0.00262130472373586,0.03125,0,0.018674401999874135
901029,linear,aligned,scarce,generic_nonlinear,0.002321211302725061,0.38472963902390395,0.0067529138682780885,0.00262130472373586,0.03125,0,0.01683166100036715
901029,linear,aligned,scarce,generic_equivalent,0.002321211302725061,0.38472963902390395,0.0067529138682780885,0.00262130472373586,0.03125,0,0.017280298999992283
901029,linear,aligned,scarce,signed_intensity,0.002321211302725061,0.38472963902390395,0.0067529138682780885,0.00262130472373586,0.03125,0,0.028890972999874975
901029,linear,aligned,scarce,gradient,0.005312482922501388,0.3841795108623748,0.01902983689105812,0.012467262991980008,0.03125,0,0.016386136000164697
901029,linear,aligned,scarce,zero_negative,0.20647951572343407,0.0,0.22443289344569997,0.21765001952144442,1.0,0,0.014886390000356187
901029,linear,rewired,ample,full,0.0027007740714543116,0.4005183116364489,0.006510531948969721,0.002247873750717306,0.03125,0,0.018790273999911733
901029,linear,rewired,ample,no_K,0.0027007740714543116,0.4005183116364489,0.006510531948969721,0.002247873750717306,0.03125,0,0.01914959899988844
901029,linear,rewired,ample,no_W,0.0027007740714543116,0.4005183116364489,0.006510531948969721,0.002247873750717306,0.03125,0,0.01901892399979488
901029,linear,rewired,ample,no_WK,0.0027007740714543116,0.4005183116364489,0.006510531948969721,0.002247873750717306,0.03125,0,0.0197162999998568
901029,linear,rewired,ample,retuned_zero,0.0027007740714543116,0.4005183116364489,0.006510531948969721,0.002247873750717306,0.03125,0,0.01917794600058187
901029,linear,rewired,ample,rewired,0.0027007740714543116,0.4005183116364489,0.006510531948969721,0.002247873750717306,0.03125,0,0.01936257699998123
901029,linear,rewired,ample,reverse,0.0027007740714543116,0.4005183116364489,0.006510531948969721,0.002247873750717306,0.03125,0,0.019350438999879316
901029,linear,rewired,ample,generic_nonlinear,0.0027007740714543116,0.4005183116364489,0.006510531948969721,0.002247873750717306,0.03125,0,0.017991863999668567
901029,linear,rewired,ample,generic_equivalent,0.0027007740714543116,0.4005183116364489,0.006510531948969721,0.002247873750717306,0.03125,0,0.0169698689999791
901029,linear,rewired,ample,signed_intensity,0.0027007740714543116,0.4005183116364489,0.006510531948969721,0.0022478737507173065,0.03125,0,0.029771250999829135
901029,linear,rewired,ample,gradient,0.004584660640612871,0.3993390645525254,0.015274580788063555,0.008026931667787663,0.03125,0,0.022888698000883778
901029,linear,rewired,ample,zero_negative,0.20647951572343407,0.0,0.22443289344569997,0.21765001952144442,1.0,0,0.015360118999922179
901029,linear,rewired,scarce,full,0.0028746545763541132,0.38483575005172677,0.006923957289040876,0.0024712153515285265,0.03125,0,0.019423978999839164
901029,linear,rewired,scarce,no_K,0.0028746545763541132,0.38483575005172677,0.006923957289040876,0.0024712153515285265,0.03125,0,0.019412333000218496
901029,linear,rewired,scarce,no_W,0.0028746545763541132,0.38483575005172677,0.006923957289040876,0.0024712153515285265,0.03125,0,0.0188728000001106
901029,linear,rewired,scarce,no_WK,0.0028746545763541132,0.38483575005172677,0.006923957289040876,0.0024712153515285265,0.03125,0,0.01864010000002736
901029,linear,rewired,scarce,retuned_zero,0.0028746545763541132,0.38483575005172677,0.006923957289040876,0.0024712153515285265,0.03125,0,0.018960983000283704
901029,linear,rewired,scarce,rewired,0.0028746545763541132,0.38483575005172677,0.006923957289040876,0.0024712153515285265,0.03125,0,0.018620462999763276
901029,linear,rewired,scarce,reverse,0.0028746545763541132,0.38483575005172677,0.006923957289040876,0.0024712153515285265,0.03125,0,0.018526377999819488
901029,linear,rewired,scarce,generic_nonlinear,0.0028746545763541132,0.38483575005172677,0.006923957289040876,0.0024712153515285265,0.03125,0,0.017422453000108362
901029,linear,rewired,scarce,generic_equivalent,0.0028746545763541132,0.38483575005172677,0.006923957289040876,0.0024712153515285265,0.03125,0,0.01700675999950363
901029,linear,rewired,scarce,signed_intensity,0.0028746545763541132,0.38483575005172677,0.006923957289040876,0.0024712153515285265,0.03125,0,0.03704086599998391
901029,linear,rewired,scarce,gradient,0.004792061300747979,0.3855785369829261,0.015584716993018097,0.008439362960719963,0.03125,0,0.01568430799983389
901029,linear,rewired,scarce,zero_negative,0.20647951572343407,0.0,0.22443289344569997,0.21765001952144442,1.0,0,0.01553413799996406
901029,linear,absent,ample,full,0.0023432573482066506,0.4221117286399306,0.003578980638269088,7.78679585639647e-05,0.03125,0,0.019181991999971615
901029,linear,absent,ample,no_K,0.0023432573482066506,0.4221117286399306,0.003578980638269088,7.78679585639647e-05,0.03125,0,0.018955391999952553
901029,linear,absent,ample,no_W,0.0023432573482066506,0.4221117286399306,0.003578980638269088,7.78679585639647e-05,0.03125,0,0.018586277999759204
901029,linear,absent,ample,no_WK,0.0023432573482066506,0.4221117286399306,0.003578980638269088,7.78679585639647e-05,0.03125,0,0.018101577999743768
901029,linear,absent,ample,retuned_zero,0.0023432573482066506,0.4221117286399306,0.003578980638269088,7.78679585639647e-05,0.03125,0,0.018017117000169947
901029,linear,absent,ample,rewired,0.0023432573482066506,0.4221117286399306,0.003578980638269088,7.78679585639647e-05,0.03125,0,0.018500566000000163
901029,linear,absent,ample,reverse,0.0023432573482066506,0.4221117286399306,0.003578980638269088,7.78679585639647e-05,0.03125,0,0.018220057000121415
901029,linear,absent,ample,generic_nonlinear,0.0023432573482066506,0.4221117286399306,0.003578980638269088,7.78679585639647e-05,0.03125,0,0.01736227100070664
901029,linear,absent,ample,generic_equivalent,0.0023432573482066506,0.4221117286399306,0.003578980638269088,7.78679585639647e-05,0.03125,0,0.016967886000145427
901029,linear,absent,ample,signed_intensity,0.0023432573482066506,0.4221117286399306,0.003578980638269088,7.78679585639647e-05,0.03125,0,0.03654657300052122
901029,linear,absent,ample,gradient,0.0025895837514735122,0.42212343188789164,0.004871416933287132,0.0006776173906499389,0.03125,0,0.015580114999863781
901029,linear,absent,ample,zero_negative,0.20647951572343407,0.0,0.22443289344569997,0.21765001952144442,1.0,0,0.014887371999520838
901029,linear,absent,scarce,full,0.003995863902828491,0.3911766403736642,0.006811134239063536,0.0029567424377001626,0.03125,0,0.01848573300020462
901029,linear,absent,scarce,no_K,0.003995863902828491,0.3911766403736642,0.006811134239063536,0.0029567424377001626,0.03125,0,0.018303441999705683
901029,linear,absent,scarce,no_W,0.003995863902828491,0.3911766403736642,0.006811134239063536,0.0029567424377001626,0.03125,0,0.018838242999834165
901029,linear,absent,scarce,no_WK,0.003995863902828491,0.3911766403736642,0.006811134239063536,0.0029567424377001626,0.03125,0,0.018107198000450353
901029,linear,absent,scarce,retuned_zero,0.003995863902828491,0.3911766403736642,0.006811134239063536,0.0029567424377001626,0.03125,0,0.018665762999830804
901029,linear,absent,scarce,rewired,0.003995863902828491,0.3911766403736642,0.006811134239063536,0.0029567424377001626,0.03125,0,0.018632134000029055
901029,linear,absent,scarce,reverse,0.003995863902828491,0.3911766403736642,0.006811134239063536,0.0029567424377001626,0.03125,0,0.018786249000186217
901029,linear,absent,scarce,generic_nonlinear,0.003995863902828491,0.3911766403736642,0.006811134239063536,0.0029567424377001626,0.03125,0,0.016869226999915554
901029,linear,absent,scarce,generic_equivalent,0.003995863902828491,0.3911766403736642,0.006811134239063536,0.0029567424377001626,0.03125,0,0.016936421999673712
901029,linear,absent,scarce,signed_intensity,0.003995863902828491,0.3911766403736642,0.006811134239063536,0.0029567424377001626,0.03125,0,0.028955585999767663
901029,linear,absent,scarce,gradient,0.00426294476891851,0.3913308418537286,0.007952022185196752,0.003578666795711007,0.03125,0,0.015600519000258828
901029,linear,absent,scarce,zero_negative,0.20647951572343407,0.0,0.22443289344569997,0.21765001952144442,1.0,0,0.014815286999976252
901029,congestion,aligned,ample,full,0.001959265700612297,0.41545354649590427,0.005915924840573039,0.0023018240186143857,0.03125,0,0.018895862000363195
901029,congestion,aligned,ample,no_K,0.001959265700612297,0.41545354649590427,0.005915924840573039,0.0023018240186143857,0.03125,0,0.018832424999516206
901029,congestion,aligned,ample,no_W,0.001959265700612297,0.41545354649590427,0.005915924840573039,0.0023018240186143857,0.03125,0,0.01896103700016738
901029,congestion,aligned,ample,no_WK,0.001959265700612297,0.41545354649590427,0.005915924840573039,0.0023018240186143857,0.03125,0,0.01933256200015876
901029,congestion,aligned,ample,retuned_zero,0.001959265700612297,0.41545354649590427,0.005915924840573039,0.0023018240186143857,0.03125,0,0.019456507000370493
901029,congestion,aligned,ample,rewired,0.001959265700612297,0.41545354649590427,0.005915924840573039,0.0023018240186143857,0.03125,0,0.018970156000193583
901029,congestion,aligned,ample,reverse,0.001959265700612297,0.41545354649590427,0.005915924840573039,0.0023018240186143857,0.03125,0,0.018859179999935805
901029,congestion,aligned,ample,generic_nonlinear,0.001959265700612297,0.41545354649590427,0.005915924840573039,0.0023018240186143857,0.03125,0,0.017481514000166953
901029,congestion,aligned,ample,generic_equivalent,0.001959265700612297,0.41545354649590427,0.005915924840573039,0.0023018240186143857,0.03125,0,0.01643118599980653
901029,congestion,aligned,ample,signed_intensity,0.001959265700612297,0.41545354649590427,0.005915924840573039,0.0023018240186143857,0.03125,0,0.02986020200035
901029,congestion,aligned,ample,gradient,0.004002076586395315,0.4150639313142501,0.015369970966343502,0.008929507075404684,0.03125,0,0.016232165000246823
901029,congestion,aligned,ample,zero_negative,0.20647951572343407,0.0,0.22443289344569997,0.21765001952144442,1.0,0,0.015402518999792392
901029,congestion,aligned,scarce,full,0.002797137123197735,0.39146921540859575,0.007489767544604503,0.003515135574035574,0.03125,0,0.019195780000416107
901029,congestion,aligned,scarce,no_K,0.002797137123197735,0.39146921540859575,0.007489767544604503,0.003515135574035574,0.03125,0,0.019028293999838297
901029,congestion,aligned,scarce,no_W,0.002797137123197735,0.39146921540859575,0.007489767544604503,0.003515135574035574,0.03125,0,0.019046343000240995
901029,congestion,aligned,scarce,no_WK,0.002797137123197735,0.39146921540859575,0.007489767544604503,0.003515135574035574,0.03125,0,0.018867944999612973
901029,congestion,aligned,scarce,retuned_zero,0.002797137123197735,0.39146921540859575,0.007489767544604503,0.003515135574035574,0.03125,0,0.018972459999702096
901029,congestion,aligned,scarce,rewired,0.002797137123197735,0.39146921540859575,0.007489767544604503,0.003515135574035574,0.03125,0,0.01870787900003279
901029,congestion,aligned,scarce,reverse,0.002797137123197735,0.39146921540859575,0.007489767544604503,0.003515135574035574,0.03125,0,0.018435273999898527
901029,congestion,aligned,scarce,generic_nonlinear,0.002797137123197735,0.39146921540859575,0.007489767544604503,0.003515135574035574,0.03125,0,0.017547980000131247
901029,congestion,aligned,scarce,generic_equivalent,0.002797137123197735,0.39146921540859575,0.007489767544604503,0.003515135574035574,0.03125,0,0.02490841500031138
901029,congestion,aligned,scarce,signed_intensity,0.002797137123197735,0.39146921540859575,0.007489767544604503,0.003515135574035574,0.03125,0,0.029816778000110844
901029,congestion,aligned,scarce,gradient,0.004671938080733091,0.39137324367452997,0.016119663073953537,0.00947613257078866,0.03125,0,0.01582606900007022
901029,congestion,aligned,scarce,zero_negative,0.20647951572343407,0.0,0.22443289344569997,0.21765001952144442,1.0,0,0.015233545999649323
901029,congestion,rewired,ample,full,0.002358146360516772,0.4222062782745413,0.005637778453009422,0.00178406746882035,0.03125,0,0.019216230000324686
901029,congestion,rewired,ample,no_K,0.002358146360516772,0.4222062782745413,0.005637778453009422,0.00178406746882035,0.03125,0,0.018873125999903095
901029,congestion,rewired,ample,no_W,0.002358146360516772,0.4222062782745413,0.005637778453009422,0.00178406746882035,0.03125,0,0.01919087299978628
901029,congestion,rewired,ample,no_WK,0.002358146360516772,0.4222062782745413,0.005637778453009422,0.00178406746882035,0.03125,0,0.018127953000089292
901029,congestion,rewired,ample,retuned_zero,0.002358146360516772,0.4222062782745413,0.005637778453009422,0.00178406746882035,0.03125,0,0.018450952000023335
901029,congestion,rewired,ample,rewired,0.002358146360516772,0.4222062782745413,0.005637778453009422,0.00178406746882035,0.03125,0,0.018686694999928477
901029,congestion,rewired,ample,reverse,0.002358146360516772,0.4222062782745413,0.005637778453009422,0.00178406746882035,0.03125,0,0.01834312599982013
901029,congestion,rewired,ample,generic_nonlinear,0.002358146360516772,0.4222062782745413,0.005637778453009422,0.00178406746882035,0.03125,0,0.01779005700018388
901029,congestion,rewired,ample,generic_equivalent,0.002358146360516772,0.4222062782745413,0.005637778453009422,0.00178406746882035,0.03125,0,0.017352039999991575
901029,congestion,rewired,ample,signed_intensity,0.002358146360516772,0.4222062782745413,0.005637778453009422,0.00178406746882035,0.03125,0,0.029751520000104392
901029,congestion,rewired,ample,gradient,0.0036362998062451726,0.4228760142449369,0.011538384118169528,0.004509834637841746,0.03125,0,0.01572531100003971
901029,congestion,rewired,ample,zero_negative,0.20647951572343407,0.0,0.22443289344569997,0.21765001952144442,1.0,0,0.015419712000038999
901029,congestion,rewired,scarce,full,0.0035272859807953666,0.3923823167009469,0.00757937990231139,0.0035482929188638446,0.03125,0,0.01891926900003682
901029,congestion,rewired,scarce,no_K,0.0035272859807953666,0.3923823167009469,0.00757937990231139,0.0035482929188638446,0.03125,0,0.018662401000028694
901029,congestion,rewired,scarce,no_W,0.0035272859807953666,0.3923823167009469,0.00757937990231139,0.0035482929188638446,0.03125,0,0.018769367999766473
901029,congestion,rewired,scarce,no_WK,0.0035272859807953666,0.3923823167009469,0.00757937990231139,0.0035482929188638446,0.03125,0,0.018145313000218266
901029,congestion,rewired,scarce,retuned_zero,0.0035272859807953666,0.3923823167009469,0.00757937990231139,0.0035482929188638446,0.03125,0,0.018806874000119933
901029,congestion,rewired,scarce,rewired,0.0035272859807953666,0.3923823167009469,0.00757937990231139,0.0035482929188638446,0.03125,0,0.01879570600004854
901029,congestion,rewired,scarce,reverse,0.0035272859807953666,0.3923823167009469,0.00757937990231139,0.0035482929188638446,0.03125,0,0.018974013999638828
901029,congestion,rewired,scarce,generic_nonlinear,0.0035272859807953666,0.3923823167009469,0.00757937990231139,0.0035482929188638446,0.03125,0,0.016974031000074774
901029,congestion,rewired,scarce,generic_equivalent,0.0035272859807953666,0.3923823167009469,0.00757937990231139,0.0035482929188638446,0.03125,0,0.01738428000010117
901029,congestion,rewired,scarce,signed_intensity,0.0035272859807953666,0.3923823167009469,0.00757937990231139,0.0035482929188638446,0.03125,0,0.02917459299976599
901029,congestion,rewired,scarce,gradient,0.004744706028722142,0.3933825212049058,0.012479215233459606,0.00623693763713005,0.03125,0,0.01576424000006682
901029,congestion,rewired,scarce,zero_negative,0.20647951572343407,0.0,0.22443289344569997,0.21765001952144442,1.0,0,0.014753692999988743
901029,congestion,absent,ample,full,0.0023432573482066506,0.4221117286399306,0.003578980638269088,7.78679585639647e-05,0.03125,0,0.018426385999930517
901029,congestion,absent,ample,no_K,0.0023432573482066506,0.4221117286399306,0.003578980638269088,7.78679585639647e-05,0.03125,0,0.01879119300019738
901029,congestion,absent,ample,no_W,0.0023432573482066506,0.4221117286399306,0.003578980638269088,7.78679585639647e-05,0.03125,0,0.01866932500030316
901029,congestion,absent,ample,no_WK,0.0023432573482066506,0.4221117286399306,0.003578980638269088,7.78679585639647e-05,0.03125,0,0.018479438000042592
901029,congestion,absent,ample,retuned_zero,0.0023432573482066506,0.4221117286399306,0.003578980638269088,7.78679585639647e-05,0.03125,0,0.018438872999809064
901029,congestion,absent,ample,rewired,0.0023432573482066506,0.4221117286399306,0.003578980638269088,7.78679585639647e-05,0.03125,0,0.018388828999832185
901029,congestion,absent,ample,reverse,0.0023432573482066506,0.4221117286399306,0.003578980638269088,7.78679585639647e-05,0.03125,0,0.018672140000091986
901029,congestion,absent,ample,generic_nonlinear,0.0023432573482066506,0.4221117286399306,0.003578980638269088,7.78679585639647e-05,0.03125,0,0.025507872999810388
901029,congestion,absent,ample,generic_equivalent,0.0023432573482066506,0.4221117286399306,0.003578980638269088,7.78679585639647e-05,0.03125,0,0.016470491999655223
901029,congestion,absent,ample,signed_intensity,0.0023432573482066506,0.4221117286399306,0.003578980638269088,7.78679585639647e-05,0.03125,0,0.028973516999883486
901029,congestion,absent,ample,gradient,0.0025895837514735122,0.42212343188789164,0.004871416933287132,0.0006776173906499389,0.03125,0,0.015888299999630817
901029,congestion,absent,ample,zero_negative,0.20647951572343407,0.0,0.22443289344569997,0.21765001952144442,1.0,0,0.015128848999836464
901029,congestion,absent,scarce,full,0.003995863902828491,0.3911766403736642,0.006811134239063536,0.0029567424377001626,0.03125,0,0.019120663999729004
901029,congestion,absent,scarce,no_K,0.003995863902828491,0.3911766403736642,0.006811134239063536,0.0029567424377001626,0.03125,0,0.018860810999342448
901029,congestion,absent,scarce,no_W,0.003995863902828491,0.3911766403736642,0.006811134239063536,0.0029567424377001626,0.03125,0,0.01937425499983192
901029,congestion,absent,scarce,no_WK,0.003995863902828491,0.3911766403736642,0.006811134239063536,0.0029567424377001626,0.03125,0,0.01920699999976705
901029,congestion,absent,scarce,retuned_zero,0.003995863902828491,0.3911766403736642,0.006811134239063536,0.0029567424377001626,0.03125,0,0.019654989000002843
901029,congestion,absent,scarce,rewired,0.003995863902828491,0.3911766403736642,0.006811134239063536,0.0029567424377001626,0.03125,0,0.019398380999916753
901029,congestion,absent,scarce,reverse,0.003995863902828491,0.3911766403736642,0.006811134239063536,0.0029567424377001626,0.03125,0,0.01837649799972496
901029,congestion,absent,scarce,generic_nonlinear,0.003995863902828491,0.3911766403736642,0.006811134239063536,0.0029567424377001626,0.03125,0,0.017643023000459834
901029,congestion,absent,scarce,generic_equivalent,0.003995863902828491,0.3911766403736642,0.006811134239063536,0.0029567424377001626,0.03125,0,0.016785115000232054
901029,congestion,absent,scarce,signed_intensity,0.003995863902828491,0.3911766403736642,0.006811134239063536,0.0029567424377001626,0.03125,0,0.029452460000072733
901029,congestion,absent,scarce,gradient,0.00426294476891851,0.3913308418537286,0.007952022185196752,0.003578666795711007,0.03125,0,0.0155689219998294
901029,congestion,absent,scarce,zero_negative,0.20647951572343407,0.0,0.22443289344569997,0.21765001952144442,1.0,0,0.015181213000516891
901030,linear,aligned,ample,full,0.002309867600251849,0.39628434678749813,0.005826232300814003,0.0030843131022908823,0.03125,0,0.019252950999884888
901030,linear,aligned,ample,no_K,0.002309867600251849,0.39628434678749813,0.005826232300814003,0.0030843131022908823,0.03125,0,0.018934980000040014
901030,linear,aligned,ample,no_W,0.002309867600251849,0.39628434678749813,0.005826232300814003,0.0030843131022908823,0.03125,0,0.018868752000173572
901030,linear,aligned,ample,no_WK,0.002309867600251849,0.39628434678749813,0.005826232300814003,0.0030843131022908823,0.03125,0,0.01846996799980616
901030,linear,aligned,ample,retuned_zero,0.002309867600251849,0.39628434678749813,0.005826232300814003,0.0030843131022908823,0.03125,0,0.01808405399987123
901030,linear,aligned,ample,rewired,0.002309867600251849,0.39628434678749813,0.005826232300814003,0.0030843131022908823,0.03125,0,0.01852941400028385
901030,linear,aligned,ample,reverse,0.002309867600251849,0.39628434678749813,0.005826232300814003,0.0030843131022908823,0.03125,0,0.018176741000047514
901030,linear,aligned,ample,generic_nonlinear,0.002309867600251849,0.39628434678749813,0.005826232300814003,0.0030843131022908823,0.03125,0,0.01775029900016989
901030,linear,aligned,ample,generic_equivalent,0.002309867600251849,0.39628434678749813,0.005826232300814003,0.0030843131022908823,0.03125,0,0.01692088499970623
901030,linear,aligned,ample,signed_intensity,0.002309867600251849,0.39628434678749813,0.005826232300814003,0.0030843131022908823,0.03125,0,0.02973289699986026
901030,linear,aligned,ample,gradient,0.0035163011054431008,0.39767206127949234,0.011314202302807242,0.0040301589493730505,0.03125,0,0.015662168999881487
901030,linear,aligned,ample,zero_negative,0.20407409544530275,0.0,0.20642006003102323,0.2686727317500489,1.0,0,0.015358440999989398
901030,linear,aligned,scarce,full,0.0051848959034447,0.3602980956891929,0.008440671790956518,0.00907897213753115,0.03125,0,0.01875585899978205
901030,linear,aligned,scarce,no_K,0.0051848959034447,0.3602980956891929,0.008440671790956518,0.00907897213753115,0.03125,0,0.018603320000295298
901030,linear,aligned,scarce,no_W,0.0051848959034447,0.3602980956891929,0.008440671790956518,0.00907897213753115,0.03125,0,0.01888293599967028
901030,linear,aligned,scarce,no_WK,0.0051848959034447,0.3602980956891929,0.008440671790956518,0.00907897213753115,0.03125,0,0.018284810999887213
901030,linear,aligned,scarce,retuned_zero,0.0051848959034447,0.3602980956891929,0.008440671790956518,0.00907897213753115,0.03125,0,0.018585009999583235
901030,linear,aligned,scarce,rewired,0.0051848959034447,0.3602980956891929,0.008440671790956518,0.00907897213753115,0.03125,0,0.018770966000374756
901030,linear,aligned,scarce,reverse,0.0051848959034447,0.3602980956891929,0.008440671790956518,0.00907897213753115,0.03125,0,0.027331882999703794
901030,linear,aligned,scarce,generic_nonlinear,0.0051848959034447,0.3602980956891929,0.008440671790956518,0.00907897213753115,0.03125,0,0.017124583000224902
901030,linear,aligned,scarce,generic_equivalent,0.0051848959034447,0.3602980956891929,0.008440671790956518,0.00907897213753115,0.03125,0,0.01663193699943122
901030,linear,aligned,scarce,signed_intensity,0.0051848959034447,0.3602980956891929,0.008440671790956518,0.00907897213753115,0.03125,0,0.029144567999992432
901030,linear,aligned,scarce,gradient,0.006307215783405172,0.3610912810749356,0.01198900761115119,0.010320781711546358,0.03125,0,0.015613292999773876
901030,linear,aligned,scarce,zero_negative,0.20407409544530275,0.0,0.20642006003102323,0.2686727317500489,1.0,0,0.015245667999920443
901030,linear,rewired,ample,full,0.0024239752414842034,0.39691414606813935,0.005456279441409861,0.0022130219360898215,0.03125,0,0.01871108500029095
901030,linear,rewired,ample,no_K,0.0024239752414842034,0.39691414606813935,0.005456279441409861,0.0022130219360898215,0.03125,0,0.018995359000427925
901030,linear,rewired,ample,no_W,0.0024239752414842034,0.39691414606813935,0.005456279441409861,0.0022130219360898215,0.03125,0,0.01900665500005516
901030,linear,rewired,ample,no_WK,0.0024239752414842034,0.39691414606813935,0.005456279441409861,0.0022130219360898215,0.03125,0,0.01903616900023053
901030,linear,rewired,ample,retuned_zero,0.0024239752414842034,0.39691414606813935,0.005456279441409861,0.0022130219360898215,0.03125,0,0.018874044000085632
901030,linear,rewired,ample,rewired,0.0024239752414842034,0.39691414606813935,0.005456279441409861,0.0022130219360898215,0.03125,0,0.01892727200021227
901030,linear,rewired,ample,reverse,0.0024239752414842034,0.39691414606813935,0.005456279441409861,0.0022130219360898215,0.03125,0,0.026838626999506232
901030,linear,rewired,ample,generic_nonlinear,0.0024239752414842034,0.39691414606813935,0.005456279441409861,0.0022130219360898215,0.03125,0,0.017355384999746093
901030,linear,rewired,ample,generic_equivalent,0.0024239752414842034,0.39691414606813935,0.005456279441409861,0.0022130219360898215,0.03125,0,0.01668222999956015
901030,linear,rewired,ample,signed_intensity,0.0024239752414842034,0.39691414606813935,0.005456279441409861,0.002213021936089821,0.03125,0,0.028896616000167796
901030,linear,rewired,ample,gradient,0.0033911682427556276,0.398199292989102,0.009844504605947206,0.0023256445254504956,0.03125,0,0.01632862299993576
901030,linear,rewired,ample,zero_negative,0.20407409544530275,0.0,0.20642006003102323,0.2686727317500489,1.0,0,0.015584172000274066
901030,linear,rewired,scarce,full,0.005132573904549928,0.3598175819980337,0.007758623311869216,0.007624354306379222,0.03125,0,0.019141918000570968
901030,linear,rewired,scarce,no_K,0.005132573904549928,0.3598175819980337,0.007758623311869216,0.007624354306379222,0.03125,0,0.018931711999869094
901030,linear,rewired,scarce,no_W,0.005132573904549928,0.3598175819980337,0.007758623311869216,0.007624354306379222,0.03125,0,0.019386410999686632
901030,linear,rewired,scarce,no_WK,0.005132573904549928,0.3598175819980337,0.007758623311869216,0.007624354306379222,0.03125,0,0.019081853999978193
901030,linear,rewired,scarce,retuned_zero,0.005132573904549928,0.3598175819980337,0.007758623311869216,0.007624354306379222,0.03125,0,0.01906132900001012
901030,linear,rewired,scarce,rewired,0.005132573904549928,0.3598175819980337,0.007758623311869216,0.007624354306379222,0.03125,0,0.018846978999874864
901030,linear,rewired,scarce,reverse,0.005132573904549928,0.3598175819980337,0.007758623311869216,0.007624354306379222,0.03125,0,0.025915067000028102
901030,linear,rewired,scarce,generic_nonlinear,0.005132573904549928,0.3598175819980337,0.007758623311869216,0.007624354306379222,0.03125,0,0.017050423000227966
901030,linear,rewired,scarce,generic_equivalent,0.005132573904549928,0.3598175819980337,0.007758623311869216,0.007624354306379222,0.03125,0,0.01722911799964777
901030,linear,rewired,scarce,signed_intensity,0.005132573904549928,0.3598175819980337,0.007758623311869216,0.007624354306379222,0.03125,0,0.029614500999798565
901030,linear,rewired,scarce,gradient,0.00610058886893919,0.3605919653186751,0.010819619286979417,0.008303121122697144,0.03125,0,0.01588080700014416
901030,linear,rewired,scarce,zero_negative,0.20407409544530275,0.0,0.20642006003102323,0.2686727317500489,1.0,0,0.015370267999969656
901030,linear,absent,ample,full,0.0014505589378497597,0.42515504646653135,0.002426926933763686,0.0001731026502813654,0.03125,0,0.0192048739997972
901030,linear,absent,ample,no_K,0.0014505589378497597,0.42515504646653135,0.002426926933763686,0.0001731026502813654,0.03125,0,0.01883754699997553
901030,linear,absent,ample,no_W,0.0014505589378497597,0.42515504646653135,0.002426926933763686,0.0001731026502813654,0.03125,0,0.018649479000544034
901030,linear,absent,ample,no_WK,0.0014505589378497597,0.42515504646653135,0.002426926933763686,0.0001731026502813654,0.03125,0,0.01826646199975812
901030,linear,absent,ample,retuned_zero,0.0014505589378497597,0.42515504646653135,0.002426926933763686,0.0001731026502813654,0.03125,0,0.017918733999863434
901030,linear,absent,ample,rewired,0.0014505589378497597,0.42515504646653135,0.002426926933763686,0.0001731026502813654,0.03125,0,0.019789274000117985
901030,linear,absent,ample,reverse,0.0014505589378497597,0.42515504646653135,0.002426926933763686,0.0001731026502813654,0.03125,0,0.02776926100005994
901030,linear,absent,ample,generic_nonlinear,0.0014505589378497597,0.42515504646653135,0.002426926933763686,0.0001731026502813654,0.03125,0,0.01709828100035793
901030,linear,absent,ample,generic_equivalent,0.0014505589378497597,0.42515504646653135,0.002426926933763686,0.0001731026502813654,0.03125,0,0.0165221700000302
901030,linear,absent,ample,signed_intensity,0.0014505589378497597,0.42515504646653135,0.002426926933763686,0.0001731026502813654,0.03125,0,0.02977979099989625
901030,linear,absent,ample,gradient,0.0017289621041770668,0.4241570128036979,0.0038825027305457,0.0010505404606760969,0.03125,0,0.015545180999993136
901030,linear,absent,ample,zero_negative,0.20407409544530275,0.0,0.20642006003102323,0.2686727317500489,1.0,0,0.014983946999507225
901030,linear,absent,scarce,full,0.007862174851938939,0.36928236534510533,0.008914117665199393,0.013275302102040906,0.03125,0,0.01867749800015872
901030,linear,absent,scarce,no_K,0.007862174851938939,0.36928236534510533,0.008914117665199393,0.013275302102040906,0.03125,0,0.018261425999753556
901030,linear,absent,scarce,no_W,0.007862174851938939,0.36928236534510533,0.008914117665199393,0.013275302102040906,0.03125,0,0.01903053600011617
901030,linear,absent,scarce,no_WK,0.007862174851938939,0.36928236534510533,0.008914117665199393,0.013275302102040906,0.03125,0,0.01813146300014523
901030,linear,absent,scarce,retuned_zero,0.007862174851938939,0.36928236534510533,0.008914117665199393,0.013275302102040906,0.03125,0,0.018619596999826626
901030,linear,absent,scarce,rewired,0.007862174851938939,0.36928236534510533,0.008914117665199393,0.013275302102040906,0.03125,0,0.018850198999416534
901030,linear,absent,scarce,reverse,0.007862174851938939,0.36928236534510533,0.008914117665199393,0.013275302102040906,0.03125,0,0.018856824000351935
901030,linear,absent,scarce,generic_nonlinear,0.007862174851938939,0.36928236534510533,0.008914117665199393,0.013275302102040906,0.03125,0,0.016933941999923263
901030,linear,absent,scarce,generic_equivalent,0.007862174851938939,0.36928236534510533,0.008914117665199393,0.013275302102040906,0.03125,0,0.016610756000034144
901030,linear,absent,scarce,signed_intensity,0.007862174851938939,0.36928236534510533,0.008914117665199393,0.013275302102040906,0.03125,0,0.029153645000121742
901030,linear,absent,scarce,gradient,0.008252911195927269,0.3695238103390587,0.0100104749869068,0.014095623613593764,0.03125,0,0.015732243000115886
901030,linear,absent,scarce,zero_negative,0.20407409544530275,0.0,0.20642006003102323,0.2686727317500489,1.0,0,0.014746548999710285
901030,congestion,aligned,ample,full,0.002688804869149606,0.41755509823738335,0.006663311793598618,0.0031798629852881743,0.03125,0,0.019149780000191186
901030,congestion,aligned,ample,no_K,0.002688804869149606,0.41755509823738335,0.006663311793598618,0.0031798629852881743,0.03125,0,0.0195279260000234
901030,congestion,aligned,ample,no_W,0.002688804869149606,0.41755509823738335,0.006663311793598618,0.0031798629852881743,0.03125,0,0.019171679999715252
901030,congestion,aligned,ample,no_WK,0.002688804869149606,0.41755509823738335,0.006663311793598618,0.0031798629852881743,0.03125,0,0.01896528099985062
901030,congestion,aligned,ample,retuned_zero,0.002688804869149606,0.41755509823738335,0.006663311793598618,0.0031798629852881743,0.03125,0,0.018909931999644414
901030,congestion,aligned,ample,rewired,0.002688804869149606,0.41755509823738335,0.006663311793598618,0.0031798629852881743,0.03125,0,0.02755946199988557
901030,congestion,aligned,ample,reverse,0.002688804869149606,0.41755509823738335,0.006663311793598618,0.0031798629852881743,0.03125,0,0.0193597879998606
901030,congestion,aligned,ample,generic_nonlinear,0.002688804869149606,0.41755509823738335,0.006663311793598618,0.0031798629852881743,0.03125,0,0.017682235000336277
901030,congestion,aligned,ample,generic_equivalent,0.002688804869149606,0.41755509823738335,0.006663311793598618,0.0031798629852881743,0.03125,0,0.016685463999749572
901030,congestion,aligned,ample,signed_intensity,0.002688804869149606,0.41755509823738335,0.006663311793598618,0.0031798629852881743,0.03125,0,0.02893756900016342
901030,congestion,aligned,ample,gradient,0.003737148281408617,0.41760338075876446,0.011222372695504162,0.003925380208060884,0.03125,0,0.016398679000189986
901030,congestion,aligned,ample,zero_negative,0.20407409544530275,0.0,0.20642006003102323,0.2686727317500489,1.0,0,0.015289050999456322
901030,congestion,aligned,scarce,full,0.007597867647869103,0.36525163904495317,0.009220573651556022,0.010500340791824584,0.03125,0,0.01934337099999084
901030,congestion,aligned,scarce,no_K,0.007597867647869103,0.36525163904495317,0.009220573651556022,0.010500340791824584,0.03125,0,0.018944905000523704
901030,congestion,aligned,scarce,no_W,0.007597867647869103,0.36525163904495317,0.009220573651556022,0.010500340791824584,0.03125,0,0.019129544000122678
901030,congestion,aligned,scarce,no_WK,0.007597867647869103,0.36525163904495317,0.009220573651556022,0.010500340791824584,0.03125,0,0.018805128000053628
901030,congestion,aligned,scarce,retuned_zero,0.007597867647869103,0.36525163904495317,0.009220573651556022,0.010500340791824584,0.03125,0,0.018617787000039243
901030,congestion,aligned,scarce,rewired,0.007597867647869103,0.36525163904495317,0.009220573651556022,0.010500340791824584,0.03125,0,0.026721569999722306
901030,congestion,aligned,scarce,reverse,0.007597867647869103,0.36525163904495317,0.009220573651556022,0.010500340791824584,0.03125,0,0.019004316999769344
901030,congestion,aligned,scarce,generic_nonlinear,0.007597867647869103,0.36525163904495317,0.009220573651556022,0.010500340791824584,0.03125,0,0.017412436000086018
901030,congestion,aligned,scarce,generic_equivalent,0.007597867647869103,0.36525163904495317,0.009220573651556022,0.010500340791824584,0.03125,0,0.01713124100024288
901030,congestion,aligned,scarce,signed_intensity,0.007597867647869103,0.36525163904495317,0.009220573651556022,0.010500340791824584,0.03125,0,0.02965372900047214
901030,congestion,aligned,scarce,gradient,0.008767881709400368,0.3655451155070894,0.012332527107478652,0.011895532610312922,0.03125,0,0.015709335000110514
901030,congestion,aligned,scarce,zero_negative,0.20407409544530275,0.0,0.20642006003102323,0.2686727317500489,1.0,0,0.015123784999843792
901030,congestion,rewired,ample,full,0.0027152475189388186,0.41701754811697667,0.006188250273203175,0.0024617920798937383,0.03125,0,0.019397824000179753
901030,congestion,rewired,ample,no_K,0.0027152475189388186,0.41701754811697667,0.006188250273203175,0.0024617920798937383,0.03125,0,0.019104332000040358
901030,congestion,rewired,ample,no_W,0.0027152475189388186,0.41701754811697667,0.006188250273203175,0.0024617920798937383,0.03125,0,0.018673193000040555
901030,congestion,rewired,ample,no_WK,0.0027152475189388186,0.41701754811697667,0.006188250273203175,0.0024617920798937383,0.03125,0,0.018212451000010788
901030,congestion,rewired,ample,retuned_zero,0.0027152475189388186,0.41701754811697667,0.006188250273203175,0.0024617920798937383,0.03125,0,0.018226286000412983
901030,congestion,rewired,ample,rewired,0.0027152475189388186,0.41701754811697667,0.006188250273203175,0.0024617920798937383,0.03125,0,0.019189373999893178
901030,congestion,rewired,ample,reverse,0.0027152475189388186,0.41701754811697667,0.006188250273203175,0.0024617920798937383,0.03125,0,0.018829844999970646
901030,congestion,rewired,ample,generic_nonlinear,0.0027152475189388186,0.41701754811697667,0.006188250273203175,0.0024617920798937383,0.03125,0,0.016946696000104566
901030,congestion,rewired,ample,generic_equivalent,0.0027152475189388186,0.41701754811697667,0.006188250273203175,0.0024617920798937383,0.03125,0,0.016334053999628395
901030,congestion,rewired,ample,signed_intensity,0.0027152475189388186,0.41701754811697667,0.006188250273203175,0.0024617920798937383,0.03125,0,0.029268350000052124
901030,congestion,rewired,ample,gradient,0.00392839126077316,0.4177088644548579,0.011722426449083036,0.0033862472706641385,0.03125,0,0.015736756000023888
901030,congestion,rewired,ample,zero_negative,0.20407409544530275,0.0,0.20642006003102323,0.2686727317500489,1.0,0,0.015155589000073633
901030,congestion,rewired,scarce,full,0.00782813268803188,0.3635735026141811,0.009228152011820466,0.010453806044423825,0.03125,0,0.018743496000013238
901030,congestion,rewired,scarce,no_K,0.00782813268803188,0.3635735026141811,0.009228152011820466,0.010453806044423825,0.03125,0,0.018298868999806928
901030,congestion,rewired,scarce,no_W,0.00782813268803188,0.3635735026141811,0.009228152011820466,0.010453806044423825,0.03125,0,0.018869950000350855
901030,congestion,rewired,scarce,no_WK,0.00782813268803188,0.3635735026141811,0.009228152011820466,0.010453806044423825,0.03125,0,0.018224648999819237
901030,congestion,rewired,scarce,retuned_zero,0.00782813268803188,0.3635735026141811,0.009228152011820466,0.010453806044423825,0.03125,0,0.01870999599998413
901030,congestion,rewired,scarce,rewired,0.00782813268803188,0.3635735026141811,0.009228152011820466,0.010453806044423825,0.03125,0,0.024862157000200114
901030,congestion,rewired,scarce,reverse,0.00782813268803188,0.3635735026141811,0.009228152011820466,0.010453806044423825,0.03125,0,0.018976057999907425
901030,congestion,rewired,scarce,generic_nonlinear,0.00782813268803188,0.3635735026141811,0.009228152011820466,0.010453806044423825,0.03125,0,0.017411657000025116
901030,congestion,rewired,scarce,generic_equivalent,0.00782813268803188,0.3635735026141811,0.009228152011820466,0.010453806044423825,0.03125,0,0.01679310599990913
901030,congestion,rewired,scarce,signed_intensity,0.00782813268803188,0.3635735026141811,0.009228152011820466,0.010453806044423825,0.03125,0,0.028986631000293528
901030,congestion,rewired,scarce,gradient,0.009211484656155879,0.36414625115543947,0.012936381711490271,0.0122860619085179,0.03125,0,0.01584911700030034
901030,congestion,rewired,scarce,zero_negative,0.20407409544530275,0.0,0.20642006003102323,0.2686727317500489,1.0,0,0.014857239000264144
901030,congestion,absent,ample,full,0.0014505589378497597,0.42515504646653135,0.002426926933763686,0.0001731026502813654,0.03125,0,0.018292384000119455
901030,congestion,absent,ample,no_K,0.0014505589378497597,0.42515504646653135,0.002426926933763686,0.0001731026502813654,0.03125,0,0.019229854999991858
901030,congestion,absent,ample,no_W,0.0014505589378497597,0.42515504646653135,0.002426926933763686,0.0001731026502813654,0.03125,0,0.01853859900018051
901030,congestion,absent,ample,no_WK,0.0014505589378497597,0.42515504646653135,0.002426926933763686,0.0001731026502813654,0.03125,0,0.018580926999675285
901030,congestion,absent,ample,retuned_zero,0.0014505589378497597,0.42515504646653135,0.002426926933763686,0.0001731026502813654,0.03125,0,0.026358792999758407
901030,congestion,absent,ample,rewired,0.0014505589378497597,0.42515504646653135,0.002426926933763686,0.0001731026502813654,0.03125,0,0.01856392300049947
901030,congestion,absent,ample,reverse,0.0014505589378497597,0.42515504646653135,0.002426926933763686,0.0001731026502813654,0.03125,0,0.018923045000349248
901030,congestion,absent,ample,generic_nonlinear,0.0014505589378497597,0.42515504646653135,0.002426926933763686,0.0001731026502813654,0.03125,0,0.017606824999802484
901030,congestion,absent,ample,generic_equivalent,0.0014505589378497597,0.42515504646653135,0.002426926933763686,0.0001731026502813654,0.03125,0,0.016491855000140276
901030,congestion,absent,ample,signed_intensity,0.0014505589378497597,0.42515504646653135,0.002426926933763686,0.0001731026502813654,0.03125,0,0.02867645500020899
901030,congestion,absent,ample,gradient,0.0017289621041770668,0.4241570128036979,0.0038825027305457,0.0010505404606760969,0.03125,0,0.015962465999791675
901030,congestion,absent,ample,zero_negative,0.20407409544530275,0.0,0.20642006003102323,0.2686727317500489,1.0,0,0.015106093000269993
901030,congestion,absent,scarce,full,0.007862174851938939,0.36928236534510533,0.008914117665199393,0.013275302102040906,0.03125,0,0.0191191329998901
901030,congestion,absent,scarce,no_K,0.007862174851938939,0.36928236534510533,0.008914117665199393,0.013275302102040906,0.03125,0,0.018862338000019463
901030,congestion,absent,scarce,no_W,0.007862174851938939,0.36928236534510533,0.008914117665199393,0.013275302102040906,0.03125,0,0.01875540299977274
901030,congestion,absent,scarce,no_WK,0.007862174851938939,0.36928236534510533,0.008914117665199393,0.013275302102040906,0.03125,0,0.01879114000030313
901030,congestion,absent,scarce,retuned_zero,0.007862174851938939,0.36928236534510533,0.008914117665199393,0.013275302102040906,0.03125,0,0.02791249299974652
901030,congestion,absent,scarce,rewired,0.007862174851938939,0.36928236534510533,0.008914117665199393,0.013275302102040906,0.03125,0,0.018573143000367054
901030,congestion,absent,scarce,reverse,0.007862174851938939,0.36928236534510533,0.008914117665199393,0.013275302102040906,0.03125,0,0.018822546999956558
901030,congestion,absent,scarce,generic_nonlinear,0.007862174851938939,0.36928236534510533,0.008914117665199393,0.013275302102040906,0.03125,0,0.01667239200048698
901030,congestion,absent,scarce,generic_equivalent,0.007862174851938939,0.36928236534510533,0.008914117665199393,0.013275302102040906,0.03125,0,0.016975570000283824
901030,congestion,absent,scarce,signed_intensity,0.007862174851938939,0.36928236534510533,0.008914117665199393,0.013275302102040906,0.03125,0,0.02969911600001751
901030,congestion,absent,scarce,gradient,0.008252911195927269,0.3695238103390587,0.0100104749869068,0.014095623613593764,0.03125,0,0.015536692999887691
901030,congestion,absent,scarce,zero_negative,0.20407409544530275,0.0,0.20642006003102323,0.2686727317500489,1.0,0,0.015073879000169654
901031,linear,aligned,ample,full,0.01020605887385603,0.4135232159031642,0.017446622921777736,0.0011924441114938603,0.03125,0,0.01891852200003541
901031,linear,aligned,ample,no_K,0.01020605887385603,0.4135232159031642,0.017446622921777736,0.0011924441114938603,0.03125,0,0.018641719999948236
901031,linear,aligned,ample,no_W,0.01020605887385603,0.4135232159031642,0.017446622921777736,0.0011924441114938603,0.03125,0,0.01885207700013325
901031,linear,aligned,ample,no_WK,0.01020605887385603,0.4135232159031642,0.017446622921777736,0.0011924441114938603,0.03125,0,0.018312543000263304
901031,linear,aligned,ample,retuned_zero,0.01020605887385603,0.4135232159031642,0.017446622921777736,0.0011924441114938603,0.03125,0,0.018448261999708393
901031,linear,aligned,ample,rewired,0.01020605887385603,0.4135232159031642,0.017446622921777736,0.0011924441114938603,0.03125,0,0.018079268999827036
901031,linear,aligned,ample,reverse,0.01020605887385603,0.4135232159031642,0.017446622921777736,0.0011924441114938603,0.03125,0,0.018365426999821466
901031,linear,aligned,ample,generic_nonlinear,0.01020605887385603,0.4135232159031642,0.017446622921777736,0.0011924441114938603,0.03125,0,0.01685855199997377
901031,linear,aligned,ample,generic_equivalent,0.01020605887385603,0.4135232159031642,0.017446622921777736,0.0011924441114938603,0.03125,0,0.01644195299979856
901031,linear,aligned,ample,signed_intensity,0.01020605887385603,0.4135232159031642,0.017446622921777736,0.0011924441114938603,0.03125,0,0.02976131599996279
901031,linear,aligned,ample,gradient,0.011372460633836044,0.4137744360026455,0.023025453863576694,0.002106672127773647,0.03125,0,0.015587416000244048
901031,linear,aligned,ample,zero_negative,0.24437824636252103,0.0,0.2819071928070515,0.1906275672237055,1.0,0,0.014990387999887389
901031,linear,aligned,scarce,full,0.012314914113946805,0.3870494336038811,0.021277140292131375,0.0011964441119731355,0.03125,0,0.018739125000536205
901031,linear,aligned,scarce,no_K,0.012314914113946805,0.3870494336038811,0.021277140292131375,0.0011964441119731355,0.03125,0,0.026261858000282245
901031,linear,aligned,scarce,no_W,0.012314914113946805,0.3870494336038811,0.021277140292131375,0.0011964441119731355,0.03125,0,0.018736581999746704
901031,linear,aligned,scarce,no_WK,0.012314914113946805,0.3870494336038811,0.021277140292131375,0.0011964441119731355,0.03125,0,0.018046076000302946
901031,linear,aligned,scarce,retuned_zero,0.012314914113946805,0.3870494336038811,0.021277140292131375,0.0011964441119731355,0.03125,0,0.025354031999938798
901031,linear,aligned,scarce,rewired,0.012314914113946805,0.3870494336038811,0.021277140292131375,0.0011964441119731355,0.03125,0,0.018749622000086674
901031,linear,aligned,scarce,reverse,0.012314914113946805,0.3870494336038811,0.021277140292131375,0.0011964441119731355,0.03125,0,0.018562475000067025
901031,linear,aligned,scarce,generic_nonlinear,0.012314914113946805,0.3870494336038811,0.021277140292131375,0.0011964441119731355,0.03125,0,0.016778395999892837
901031,linear,aligned,scarce,generic_equivalent,0.012314914113946805,0.3870494336038811,0.021277140292131375,0.0011964441119731355,0.03125,0,0.016435878999914166
901031,linear,aligned,scarce,signed_intensity,0.012314914113946805,0.3870494336038811,0.021277140292131375,0.0011964441119731355,0.03125,0,0.028747347000035006
901031,linear,aligned,scarce,gradient,0.013195890511463427,0.38763709448972516,0.024544395044522854,0.0019256886659049692,0.03125,0,0.015537431999860019
901031,linear,aligned,scarce,zero_negative,0.24437824636252103,0.0,0.2819071928070515,0.1906275672237055,1.0,0,0.01472669899982293
901031,linear,rewired,ample,full,0.00909542295705442,0.4151792148591652,0.015617564266785983,0.0010416985672222702,0.03125,0,0.018561393000368298
901031,linear,rewired,ample,no_K,0.00909542295705442,0.4151792148591652,0.015617564266785983,0.0010416985672222702,0.03125,0,0.01898553900002753
901031,linear,rewired,ample,no_W,0.00909542295705442,0.4151792148591652,0.015617564266785983,0.0010416985672222702,0.03125,0,0.018757958000549024
901031,linear,rewired,ample,no_WK,0.00909542295705442,0.4151792148591652,0.015617564266785983,0.0010416985672222702,0.03125,0,0.025452056999711203
901031,linear,rewired,ample,retuned_zero,0.00909542295705442,0.4151792148591652,0.015617564266785983,0.0010416985672222702,0.03125,0,0.01847666300000128
901031,linear,rewired,ample,rewired,0.00909542295705442,0.4151792148591652,0.015617564266785983,0.0010416985672222702,0.03125,0,0.01856801299976496
901031,linear,rewired,ample,reverse,0.00909542295705442,0.4151792148591652,0.015617564266785983,0.0010416985672222702,0.03125,0,0.018800655999882565
901031,linear,rewired,ample,generic_nonlinear,0.00909542295705442,0.4151792148591652,0.015617564266785983,0.0010416985672222702,0.03125,0,0.01746028100018293
901031,linear,rewired,ample,generic_equivalent,0.00909542295705442,0.4151792148591652,0.015617564266785983,0.0010416985672222702,0.03125,0,0.016558312000142905
901031,linear,rewired,ample,signed_intensity,0.00909542295705442,0.4151792148591652,0.015617564266785983,0.0010416985672222702,0.03125,0,0.029323785000030966
901031,linear,rewired,ample,gradient,0.012671857044337853,0.4216466520448525,0.029800798476235634,0.011733226994937045,0.03125,0,0.016497896000203127
901031,linear,rewired,ample,zero_negative,0.24437824636252103,0.0,0.2819071928070515,0.1906275672237055,1.0,0,0.015436540000678178
901031,linear,rewired,scarce,full,0.011693907021214742,0.3853373370073289,0.0204055805650458,0.0010415157455233078,0.03125,0,0.019467898000300465
901031,linear,rewired,scarce,no_K,0.011693907021214742,0.3853373370073289,0.0204055805650458,0.0010415157455233078,0.03125,0,0.018809013000520736
901031,linear,rewired,scarce,no_W,0.011693907021214742,0.3853373370073289,0.0204055805650458,0.0010415157455233078,0.03125,0,0.018647559000271485
901031,linear,rewired,scarce,no_WK,0.011693907021214742,0.3853373370073289,0.0204055805650458,0.0010415157455233078,0.03125,0,0.025872736000053465
901031,linear,rewired,scarce,retuned_zero,0.011693907021214742,0.3853373370073289,0.0204055805650458,0.0010415157455233078,0.03125,0,0.01882614299972829
901031,linear,rewired,scarce,rewired,0.011693907021214742,0.3853373370073289,0.0204055805650458,0.0010415157455233078,0.03125,0,0.018658262000485593
901031,linear,rewired,scarce,reverse,0.011693907021214742,0.3853373370073289,0.0204055805650458,0.0010415157455233078,0.03125,0,0.018495953999831727
901031,linear,rewired,scarce,generic_nonlinear,0.011693907021214742,0.3853373370073289,0.0204055805650458,0.0010415157455233078,0.03125,0,0.017055639000261635
901031,linear,rewired,scarce,generic_equivalent,0.011693907021214742,0.3853373370073289,0.0204055805650458,0.0010415157455233078,0.03125,0,0.01709544499999538
901031,linear,rewired,scarce,signed_intensity,0.011693907021214742,0.3853373370073289,0.0204055805650458,0.0010415157455233078,0.03125,0,0.02947283999986894
901031,linear,rewired,scarce,gradient,0.014447472358033057,0.3888837903270013,0.029967703249392814,0.007619331978077607,0.03125,0,0.01587574699982497
901031,linear,rewired,scarce,zero_negative,0.24437824636252103,0.0,0.2819071928070515,0.1906275672237055,1.0,0,0.01523518699991655
901031,linear,absent,ample,full,0.012542948154141875,0.43907532420520445,0.018481930084170945,0.00012475366793483246,0.03125,0,0.01870172499985756
901031,linear,absent,ample,no_K,0.012542948154141875,0.43907532420520445,0.018481930084170945,0.00012475366793483246,0.03125,0,0.0188202529998307
901031,linear,absent,ample,no_W,0.012542948154141875,0.43907532420520445,0.018481930084170945,0.00012475366793483246,0.03125,0,0.018479682999895886
901031,linear,absent,ample,no_WK,0.012542948154141875,0.43907532420520445,0.018481930084170945,0.00012475366793483246,0.03125,0,0.025964253000609006
901031,linear,absent,ample,retuned_zero,0.012542948154141875,0.43907532420520445,0.018481930084170945,0.00012475366793483246,0.03125,0,0.017779631999815138
901031,linear,absent,ample,rewired,0.012542948154141875,0.43907532420520445,0.018481930084170945,0.00012475366793483246,0.03125,0,0.018407454999930906
901031,linear,absent,ample,reverse,0.012542948154141875,0.43907532420520445,0.018481930084170945,0.00012475366793483246,0.03125,0,0.01881499200004555
901031,linear,absent,ample,generic_nonlinear,0.012542948154141875,0.43907532420520445,0.018481930084170945,0.00012475366793483246,0.03125,0,0.01674163400031148
901031,linear,absent,ample,generic_equivalent,0.012542948154141875,0.43907532420520445,0.018481930084170945,0.00012475366793483246,0.03125,0,0.016282875000115382
901031,linear,absent,ample,signed_intensity,0.012542948154141875,0.43907532420520445,0.018481930084170945,0.00012475366793483246,0.03125,0,0.02926308799999333
901031,linear,absent,ample,gradient,0.012960386158344685,0.4394319700312999,0.02066351074527015,0.000325978171725434,0.03125,0,0.015565147000131674
901031,linear,absent,ample,zero_negative,0.24437824636252103,0.0,0.2819071928070515,0.1906275672237055,1.0,0,0.014991494999549104
901031,linear,absent,scarce,full,0.017028995272483582,0.3947757608067166,0.026332525274125527,0.00022862330133080052,0.03125,0,0.018341581999948176
901031,linear,absent,scarce,no_K,0.017028995272483582,0.3947757608067166,0.026332525274125527,0.00022862330133080052,0.03125,0,0.01822047299975793
901031,linear,absent,scarce,no_W,0.017028995272483582,0.3947757608067166,0.026332525274125527,0.00022862330133080052,0.03125,0,0.01855291899966005
901031,linear,absent,scarce,no_WK,0.017028995272483582,0.3947757608067166,0.026332525274125527,0.00022862330133080052,0.03125,0,0.025951133999853937
901031,linear,absent,scarce,retuned_zero,0.017028995272483582,0.3947757608067166,0.026332525274125527,0.00022862330133080052,0.03125,0,0.01802544600013789
901031,linear,absent,scarce,rewired,0.017028995272483582,0.3947757608067166,0.026332525274125527,0.00022862330133080052,0.03125,0,0.018499944000438973
901031,linear,absent,scarce,reverse,0.017028995272483582,0.3947757608067166,0.026332525274125527,0.00022862330133080052,0.03125,0,0.01859104699991576
901031,linear,absent,scarce,generic_nonlinear,0.017028995272483582,0.3947757608067166,0.026332525274125527,0.00022862330133080052,0.03125,0,0.016639790000169796
901031,linear,absent,scarce,generic_equivalent,0.017028995272483582,0.3947757608067166,0.026332525274125527,0.00022862330133080052,0.03125,0,0.016348912999603726
901031,linear,absent,scarce,signed_intensity,0.017028995272483582,0.3947757608067166,0.026332525274125527,0.00022862330133080052,0.03125,0,0.02881096700031094
901031,linear,absent,scarce,gradient,0.017515921746923062,0.39483303833971206,0.027503344783727273,0.0003588747696371997,0.03125,0,0.015603909999981624
901031,linear,absent,scarce,zero_negative,0.24437824636252103,0.0,0.2819071928070515,0.1906275672237055,1.0,0,0.014595657999279865
901031,congestion,aligned,ample,full,0.010840507102000081,0.443329142276061,0.01886525310189892,0.0012035147745127722,0.03125,0,0.018568044000005557
901031,congestion,aligned,ample,no_K,0.010840507102000081,0.443329142276061,0.01886525310189892,0.0012035147745127722,0.03125,0,0.01902167900027507
901031,congestion,aligned,ample,no_W,0.010840507102000081,0.443329142276061,0.01886525310189892,0.0012035147745127722,0.03125,0,0.018828241999528927
901031,congestion,aligned,ample,no_WK,0.010840507102000081,0.443329142276061,0.01886525310189892,0.0012035147745127722,0.03125,0,0.018748476999633112
901031,congestion,aligned,ample,retuned_zero,0.010840507102000081,0.443329142276061,0.01886525310189892,0.0012035147745127722,0.03125,0,0.018807750000007672
901031,congestion,aligned,ample,rewired,0.010840507102000081,0.443329142276061,0.01886525310189892,0.0012035147745127722,0.03125,0,0.018693261000294115
901031,congestion,aligned,ample,reverse,0.010840507102000081,0.443329142276061,0.01886525310189892,0.0012035147745127722,0.03125,0,0.018807152000192673
901031,congestion,aligned,ample,generic_nonlinear,0.010840507102000081,0.443329142276061,0.01886525310189892,0.0012035147745127722,0.03125,0,0.017467598000109774
901031,congestion,aligned,ample,generic_equivalent,0.010840507102000081,0.443329142276061,0.01886525310189892,0.0012035147745127722,0.03125,0,0.016413269000622677
901031,congestion,aligned,ample,signed_intensity,0.010840507102000081,0.443329142276061,0.01886525310189892,0.0012035147745127722,0.03125,0,0.028994818999819927
901031,congestion,aligned,ample,gradient,0.01198886842654483,0.44281055414022075,0.0244714030097041,0.002356924147380807,0.03125,0,0.016098109000097338
901031,congestion,aligned,ample,zero_negative,0.24437824636252103,0.0,0.2819071928070515,0.1906275672237055,1.0,0,0.01535273799999004
901031,congestion,aligned,scarce,full,0.01500051280419547,0.39615719062357935,0.025385968691478286,0.0013043728085617929,0.03125,0,0.019192756999814264
901031,congestion,aligned,scarce,no_K,0.01500051280419547,0.39615719062357935,0.025385968691478286,0.0013043728085617929,0.03125,0,0.01893169699991404
901031,congestion,aligned,scarce,no_W,0.01500051280419547,0.39615719062357935,0.025385968691478286,0.0013043728085617929,0.03125,0,0.025909862000219164
901031,congestion,aligned,scarce,no_WK,0.01500051280419547,0.39615719062357935,0.025385968691478286,0.0013043728085617929,0.03125,0,0.018753572000264285
901031,congestion,aligned,scarce,retuned_zero,0.01500051280419547,0.39615719062357935,0.025385968691478286,0.0013043728085617929,0.03125,0,0.018650135000370938
901031,congestion,aligned,scarce,rewired,0.01500051280419547,0.39615719062357935,0.025385968691478286,0.0013043728085617929,0.03125,0,0.018923983000149747
901031,congestion,aligned,scarce,reverse,0.01500051280419547,0.39615719062357935,0.025385968691478286,0.0013043728085617929,0.03125,0,0.018956680999849596
901031,congestion,aligned,scarce,generic_nonlinear,0.01500051280419547,0.39615719062357935,0.025385968691478286,0.0013043728085617929,0.03125,0,0.017129936999936035
901031,congestion,aligned,scarce,generic_equivalent,0.01500051280419547,0.39615719062357935,0.025385968691478286,0.0013043728085617929,0.03125,0,0.01709874199980277
901031,congestion,aligned,scarce,signed_intensity,0.01500051280419547,0.39615719062357935,0.025385968691478286,0.0013043728085617929,0.03125,0,0.02936827799959474
901031,congestion,aligned,scarce,gradient,0.015777429503583698,0.39613475500635453,0.028237993837059064,0.0022296985511125918,0.03125,0,0.015676824000308898
901031,congestion,aligned,scarce,zero_negative,0.24437824636252103,0.0,0.2819071928070515,0.1906275672237055,1.0,0,0.015549060999944686
901031,congestion,rewired,ample,full,0.010600256590300904,0.4434611136641406,0.018305677538754072,0.001282462183928521,0.03125,0,0.019125349999569607
901031,congestion,rewired,ample,no_K,0.010600256590300904,0.4434611136641406,0.018305677538754072,0.001282462183928521,0.03125,0,0.01911466599966616
901031,congestion,rewired,ample,no_W,0.010600256590300904,0.4434611136641406,0.018305677538754072,0.001282462183928521,0.03125,0,0.025660122999795476
901031,congestion,rewired,ample,no_WK,0.010600256590300904,0.4434611136641406,0.018305677538754072,0.001282462183928521,0.03125,0,0.018711257000177284
901031,congestion,rewired,ample,retuned_zero,0.010600256590300904,0.4434611136641406,0.018305677538754072,0.001282462183928521,0.03125,0,0.018375560000322366
901031,congestion,rewired,ample,rewired,0.010600256590300904,0.4434611136641406,0.018305677538754072,0.001282462183928521,0.03125,0,0.01839287500018827
901031,congestion,rewired,ample,reverse,0.010600256590300904,0.4434611136641406,0.018305677538754072,0.001282462183928521,0.03125,0,0.018848513999785155
901031,congestion,rewired,ample,generic_nonlinear,0.010600256590300904,0.4434611136641406,0.018305677538754072,0.001282462183928521,0.03125,0,0.01697818999974743
901031,congestion,rewired,ample,generic_equivalent,0.010600256590300904,0.4434611136641406,0.018305677538754072,0.001282462183928521,0.03125,0,0.0165612460000375
901031,congestion,rewired,ample,signed_intensity,0.010600256590300904,0.4434611136641406,0.018305677538754072,0.001282462183928521,0.03125,0,0.029760654999904546
901031,congestion,rewired,ample,gradient,0.013607777586223193,0.44791725765364543,0.030624581700077116,0.01058956085370451,0.03125,0,0.0158325079999031
901031,congestion,rewired,ample,zero_negative,0.24437824636252103,0.0,0.2819071928070515,0.1906275672237055,1.0,0,0.01508379599943055
901031,congestion,rewired,scarce,full,0.015071025424095982,0.3954277114704979,0.025593951931241726,0.0014424772810473388,0.03125,0,0.0185745219998239
901031,congestion,rewired,scarce,no_K,0.015071025424095982,0.3954277114704979,0.025593951931241726,0.0014424772810473388,0.03125,0,0.0185360079997281
901031,congestion,rewired,scarce,no_W,0.015071025424095982,0.3954277114704979,0.025593951931241726,0.0014424772810473388,0.03125,0,0.0193759970001679
901031,congestion,rewired,scarce,no_WK,0.015071025424095982,0.3954277114704979,0.025593951931241726,0.0014424772810473388,0.03125,0,0.018932258000120328
901031,congestion,rewired,scarce,retuned_zero,0.015071025424095982,0.3954277114704979,0.025593951931241726,0.0014424772810473388,0.03125,0,0.018639439999844853
901031,congestion,rewired,scarce,rewired,0.015071025424095982,0.3954277114704979,0.025593951931241726,0.0014424772810473388,0.03125,0,0.018657388999713476
901031,congestion,rewired,scarce,reverse,0.015071025424095982,0.3954277114704979,0.025593951931241726,0.0014424772810473388,0.03125,0,0.01859550100039087
901031,congestion,rewired,scarce,generic_nonlinear,0.015071025424095982,0.3954277114704979,0.025593951931241726,0.0014424772810473388,0.03125,0,0.017076366999958736
901031,congestion,rewired,scarce,generic_equivalent,0.015071025424095982,0.3954277114704979,0.025593951931241726,0.0014424772810473388,0.03125,0,0.016539304999980686
901031,congestion,rewired,scarce,signed_intensity,0.015071025424095982,0.3954277114704979,0.025593951931241726,0.0014424772810473388,0.03125,0,0.029245508000144582
901031,congestion,rewired,scarce,gradient,0.017503820986097717,0.39616825352104934,0.03336560279535717,0.006498907258173316,0.03125,0,0.01592312799988349
901031,congestion,rewired,scarce,zero_negative,0.24437824636252103,0.0,0.2819071928070515,0.1906275672237055,1.0,0,0.014942377999943801
901031,congestion,absent,ample,full,0.012542948154141875,0.43907532420520445,0.018481930084170945,0.00012475366793483246,0.03125,0,0.018611135000128343
901031,congestion,absent,ample,no_K,0.012542948154141875,0.43907532420520445,0.018481930084170945,0.00012475366793483246,0.03125,0,0.018767466999861426
901031,congestion,absent,ample,no_W,0.012542948154141875,0.43907532420520445,0.018481930084170945,0.00012475366793483246,0.03125,0,0.025769143000047734
901031,congestion,absent,ample,no_WK,0.012542948154141875,0.43907532420520445,0.018481930084170945,0.00012475366793483246,0.03125,0,0.018595680000032644
901031,congestion,absent,ample,retuned_zero,0.012542948154141875,0.43907532420520445,0.018481930084170945,0.00012475366793483246,0.03125,0,0.018703284999673997
901031,congestion,absent,ample,rewired,0.012542948154141875,0.43907532420520445,0.018481930084170945,0.00012475366793483246,0.03125,0,0.018964805999587497
901031,congestion,absent,ample,reverse,0.012542948154141875,0.43907532420520445,0.018481930084170945,0.00012475366793483246,0.03125,0,0.018768111000326826
901031,congestion,absent,ample,generic_nonlinear,0.012542948154141875,0.43907532420520445,0.018481930084170945,0.00012475366793483246,0.03125,0,0.01753531299976885
901031,congestion,absent,ample,generic_equivalent,0.012542948154141875,0.43907532420520445,0.018481930084170945,0.00012475366793483246,0.03125,0,0.016206980999754705
901031,congestion,absent,ample,signed_intensity,0.012542948154141875,0.43907532420520445,0.018481930084170945,0.00012475366793483246,0.03125,0,0.028573623000454518
901031,congestion,absent,ample,gradient,0.012960386158344685,0.4394319700312999,0.02066351074527015,0.000325978171725434,0.03125,0,0.0160084199997641
901031,congestion,absent,ample,zero_negative,0.24437824636252103,0.0,0.2819071928070515,0.1906275672237055,1.0,0,0.015081006999764668
901031,congestion,absent,scarce,full,0.017028995272483582,0.3947757608067166,0.026332525274125527,0.00022862330133080052,0.03125,0,0.018935530999613093
901031,congestion,absent,scarce,no_K,0.017028995272483582,0.3947757608067166,0.026332525274125527,0.00022862330133080052,0.03125,0,0.02654299200071364
901031,congestion,absent,scarce,no_W,0.017028995272483582,0.3947757608067166,0.026332525274125527,0.00022862330133080052,0.03125,0,0.01866415699959134
901031,congestion,absent,scarce,no_WK,0.017028995272483582,0.3947757608067166,0.026332525274125527,0.00022862330133080052,0.03125,0,0.01866988099959599
901031,congestion,absent,scarce,retuned_zero,0.017028995272483582,0.3947757608067166,0.026332525274125527,0.00022862330133080052,0.03125,0,0.018769037999788907
901031,congestion,absent,scarce,rewired,0.017028995272483582,0.3947757608067166,0.026332525274125527,0.00022862330133080052,0.03125,0,0.01859692600010021
901031,congestion,absent,scarce,reverse,0.017028995272483582,0.3947757608067166,0.026332525274125527,0.00022862330133080052,0.03125,0,0.01853679500021599
901031,congestion,absent,scarce,generic_nonlinear,0.017028995272483582,0.3947757608067166,0.026332525274125527,0.00022862330133080052,0.03125,0,0.016936162000092736
901031,congestion,absent,scarce,generic_equivalent,0.017028995272483582,0.3947757608067166,0.026332525274125527,0.00022862330133080052,0.03125,0,0.016873134999968897
901031,congestion,absent,scarce,signed_intensity,0.017028995272483582,0.3947757608067166,0.026332525274125527,0.00022862330133080052,0.03125,0,0.02927839199992377
901031,congestion,absent,scarce,gradient,0.017515921746923062,0.39483303833971206,0.027503344783727273,0.0003588747696371997,0.03125,0,0.01575094599991189
901031,congestion,absent,scarce,zero_negative,0.24437824636252103,0.0,0.2819071928070515,0.1906275672237055,1.0,0,0.015100472000256104
901032,linear,aligned,ample,full,0.011078792678419356,0.38295011471577656,0.020510246643453592,0.0016336614295823773,0.03125,0,0.01916888799962635
901032,linear,aligned,ample,no_K,0.011078792678419356,0.38295011471577656,0.020510246643453592,0.0016336614295823773,0.03125,0,0.02602931499978922
901032,linear,aligned,ample,no_W,0.011078792678419356,0.38295011471577656,0.020510246643453592,0.0016336614295823773,0.03125,0,0.018761829999675683
901032,linear,aligned,ample,no_WK,0.011078792678419356,0.38295011471577656,0.020510246643453592,0.0016336614295823773,0.03125,0,0.018619432999798846
901032,linear,aligned,ample,retuned_zero,0.011078792678419356,0.38295011471577656,0.020510246643453592,0.0016336614295823773,0.03125,0,0.018103406000022915
901032,linear,aligned,ample,rewired,0.011078792678419356,0.38295011471577656,0.020510246643453592,0.0016336614295823773,0.03125,0,0.018160682999905475
901032,linear,aligned,ample,reverse,0.011078792678419356,0.38295011471577656,0.020510246643453592,0.0016336614295823773,0.03125,0,0.018761054000037802
901032,linear,aligned,ample,generic_nonlinear,0.011078792678419356,0.38295011471577656,0.020510246643453592,0.0016336614295823773,0.03125,0,0.01700348300028054
901032,linear,aligned,ample,generic_equivalent,0.011078792678419356,0.38295011471577656,0.020510246643453592,0.0016336614295823773,0.03125,0,0.016500624999991942
901032,linear,aligned,ample,signed_intensity,0.011078792678419356,0.38295011471577656,0.020510246643453592,0.0016336614295823773,0.03125,0,0.029260169999872687
901032,linear,aligned,ample,gradient,0.012082751222672475,0.382577880567767,0.02529969644247271,0.0029958694096166266,0.03125,0,0.015618234000100983
901032,linear,aligned,ample,zero_negative,0.1945171985395088,0.0,0.2039916600450837,0.20396340053530673,1.0,0,0.015290989999812155
901032,linear,aligned,scarce,full,0.011349661865977863,0.3726506597505773,0.02048163891294456,0.001635592646317722,0.03125,0,0.01855469499952278
901032,linear,aligned,scarce,no_K,0.011349661865977863,0.3726506597505773,0.02048163891294456,0.001635592646317722,0.03125,0,0.019253886000399234
901032,linear,aligned,scarce,no_W,0.011349661865977863,0.3726506597505773,0.02048163891294456,0.001635592646317722,0.03125,0,0.018732751999777975
901032,linear,aligned,scarce,no_WK,0.011349661865977863,0.3726506597505773,0.02048163891294456,0.001635592646317722,0.03125,0,0.018763724000109505
901032,linear,aligned,scarce,retuned_zero,0.011349661865977863,0.3726506597505773,0.02048163891294456,0.001635592646317722,0.03125,0,0.018387455000208774
901032,linear,aligned,scarce,rewired,0.011349661865977863,0.3726506597505773,0.02048163891294456,0.001635592646317722,0.03125,0,0.018713393000155065
901032,linear,aligned,scarce,reverse,0.011349661865977863,0.3726506597505773,0.02048163891294456,0.001635592646317722,0.03125,0,0.018817505000072288
901032,linear,aligned,scarce,generic_nonlinear,0.011349661865977863,0.3726506597505773,0.02048163891294456,0.001635592646317722,0.03125,0,0.01692950900002188
901032,linear,aligned,scarce,generic_equivalent,0.011349661865977863,0.3726506597505773,0.02048163891294456,0.001635592646317722,0.03125,0,0.016449419000139187
901032,linear,aligned,scarce,signed_intensity,0.011349661865977863,0.3726506597505773,0.02048163891294456,0.001635592646317722,0.03125,0,0.029072798000072453
901032,linear,aligned,scarce,gradient,0.012378524395027207,0.37260354857320654,0.025306841317097196,0.00311114775004325,0.03125,0,0.015735847999906127
901032,linear,aligned,scarce,zero_negative,0.1945171985395088,0.0,0.2039916600450837,0.20396340053530673,1.0,0,0.014912329000196678
901032,linear,rewired,ample,full,0.013653699381213934,0.38188514379076666,0.0227091106847896,0.0005430768240086187,0.03125,0,0.018416699000511016
901032,linear,rewired,ample,no_K,0.013653699381213934,0.38188514379076666,0.0227091106847896,0.0005430768240086187,0.03125,0,0.019370881999407175
901032,linear,rewired,ample,no_W,0.013653699381213934,0.38188514379076666,0.0227091106847896,0.0005430768240086187,0.03125,0,0.018963125000539094
901032,linear,rewired,ample,no_WK,0.013653699381213934,0.38188514379076666,0.0227091106847896,0.0005430768240086187,0.03125,0,0.01869210799981147
901032,linear,rewired,ample,retuned_zero,0.013653699381213934,0.38188514379076666,0.0227091106847896,0.0005430768240086187,0.03125,0,0.018931097999939084
901032,linear,rewired,ample,rewired,0.013653699381213934,0.38188514379076666,0.0227091106847896,0.0005430768240086187,0.03125,0,0.018712573999835058
901032,linear,rewired,ample,reverse,0.013653699381213934,0.38188514379076666,0.0227091106847896,0.0005430768240086187,0.03125,0,0.018548843000075976
901032,linear,rewired,ample,generic_nonlinear,0.013653699381213934,0.38188514379076666,0.0227091106847896,0.0005430768240086187,0.03125,0,0.017444629000465284
901032,linear,rewired,ample,generic_equivalent,0.013653699381213934,0.38188514379076666,0.0227091106847896,0.0005430768240086187,0.03125,0,0.016457923999837476
901032,linear,rewired,ample,signed_intensity,0.013653699381213934,0.38188514379076666,0.0227091106847896,0.0005430768240086187,0.03125,0,0.028741145000026336
901032,linear,rewired,ample,gradient,0.014198527371099143,0.38251120638832725,0.025147054760024903,0.0016166023621383323,0.03125,0,0.01616542899967044
901032,linear,rewired,ample,zero_negative,0.1945171985395088,0.0,0.2039916600450837,0.20396340053530673,1.0,0,0.01553252900004054
901032,linear,rewired,scarce,full,0.014003834340888019,0.37183486414730393,0.02287836260278266,0.0007239285589601445,0.03125,0,0.02708975299992744
901032,linear,rewired,scarce,no_K,0.014003834340888019,0.37183486414730393,0.02287836260278266,0.0007239285589601445,0.03125,0,0.019199926999988293
901032,linear,rewired,scarce,no_W,0.014003834340888019,0.37183486414730393,0.02287836260278266,0.0007239285589601445,0.03125,0,0.019071913999482604
901032,linear,rewired,scarce,no_WK,0.014003834340888019,0.37183486414730393,0.02287836260278266,0.0007239285589601445,0.03125,0,0.019112210000059804
901032,linear,rewired,scarce,retuned_zero,0.014003834340888019,0.37183486414730393,0.02287836260278266,0.0007239285589601445,0.03125,0,0.019378064000534323
901032,linear,rewired,scarce,rewired,0.014003834340888019,0.37183486414730393,0.02287836260278266,0.0007239285589601445,0.03125,0,0.0187289559997339
901032,linear,rewired,scarce,reverse,0.014003834340888019,0.37183486414730393,0.02287836260278266,0.0007239285589601445,0.03125,0,0.018977059000064855
901032,linear,rewired,scarce,generic_nonlinear,0.014003834340888019,0.37183486414730393,0.02287836260278266,0.0007239285589601445,0.03125,0,0.016958696999779477
901032,linear,rewired,scarce,generic_equivalent,0.014003834340888019,0.37183486414730393,0.02287836260278266,0.0007239285589601445,0.03125,0,0.017627460999676714
901032,linear,rewired,scarce,signed_intensity,0.014003834340888019,0.37183486414730393,0.02287836260278266,0.0007239285589601445,0.03125,0,0.02966149599956225
901032,linear,rewired,scarce,gradient,0.014582610789805899,0.3719307594307502,0.025162820345985184,0.0018068427125555874,0.03125,0,0.015953795999848808
901032,linear,rewired,scarce,zero_negative,0.1945171985395088,0.0,0.2039916600450837,0.20396340053530673,1.0,0,0.015217012000277919
901032,linear,absent,ample,full,0.012402577817215496,0.4108476533309061,0.01789814503740128,0.00013863002043109382,0.03125,0,0.025305127000365246
901032,linear,absent,ample,no_K,0.012402577817215496,0.4108476533309061,0.01789814503740128,0.00013863002043109382,0.03125,0,0.018862278000256083
901032,linear,absent,ample,no_W,0.012402577817215496,0.4108476533309061,0.01789814503740128,0.00013863002043109382,0.03125,0,0.0187403810002138
901032,linear,absent,ample,no_WK,0.012402577817215496,0.4108476533309061,0.01789814503740128,0.00013863002043109382,0.03125,0,0.018565982000382064
901032,linear,absent,ample,retuned_zero,0.012402577817215496,0.4108476533309061,0.01789814503740128,0.00013863002043109382,0.03125,0,0.018109110999944278
901032,linear,absent,ample,rewired,0.012402577817215496,0.4108476533309061,0.01789814503740128,0.00013863002043109382,0.03125,0,0.018176922000066043
901032,linear,absent,ample,reverse,0.012402577817215496,0.4108476533309061,0.01789814503740128,0.00013863002043109382,0.03125,0,0.018682617999843387
901032,linear,absent,ample,generic_nonlinear,0.012402577817215496,0.4108476533309061,0.01789814503740128,0.00013863002043109382,0.03125,0,0.016942100999983722
901032,linear,absent,ample,generic_equivalent,0.012402577817215496,0.4108476533309061,0.01789814503740128,0.00013863002043109382,0.03125,0,0.016407755999523488
901032,linear,absent,ample,signed_intensity,0.012402577817215496,0.4108476533309061,0.01789814503740128,0.00013863002043109382,0.03125,0,0.02944000900009769
901032,linear,absent,ample,gradient,0.012620696636335516,0.4102410301465664,0.01901377885943983,0.00042025343348467924,0.03125,0,0.015611065000200597
901032,linear,absent,ample,zero_negative,0.1945171985395088,0.0,0.2039916600450837,0.20396340053530673,1.0,0,0.014981910999892989
901032,linear,absent,scarce,full,0.014113711841799118,0.3839496107249014,0.019460880979443568,0.0017234603266520526,0.03125,0,0.02480320100062272
901032,linear,absent,scarce,no_K,0.014113711841799118,0.3839496107249014,0.019460880979443568,0.0017234603266520526,0.03125,0,0.01831959599979882
901032,linear,absent,scarce,no_W,0.014113711841799118,0.3839496107249014,0.019460880979443568,0.0017234603266520526,0.03125,0,0.018179463000194573
901032,linear,absent,scarce,no_WK,0.014113711841799118,0.3839496107249014,0.019460880979443568,0.0017234603266520526,0.03125,0,0.018521948000170596
901032,linear,absent,scarce,retuned_zero,0.014113711841799118,0.3839496107249014,0.019460880979443568,0.0017234603266520526,0.03125,0,0.017869312000073023
901032,linear,absent,scarce,rewired,0.014113711841799118,0.3839496107249014,0.019460880979443568,0.0017234603266520526,0.03125,0,0.018443803999730335
901032,linear,absent,scarce,reverse,0.014113711841799118,0.3839496107249014,0.019460880979443568,0.0017234603266520526,0.03125,0,0.01825392999990072
901032,linear,absent,scarce,generic_nonlinear,0.014113711841799118,0.3839496107249014,0.019460880979443568,0.0017234603266520526,0.03125,0,0.016868088000023818
901032,linear,absent,scarce,generic_equivalent,0.014113711841799118,0.3839496107249014,0.019460880979443568,0.0017234603266520526,0.03125,0,0.016437232999578555
901032,linear,absent,scarce,signed_intensity,0.014113711841799118,0.3839496107249014,0.019460880979443568,0.0017234603266520526,0.03125,0,0.02870053700121389
901032,linear,absent,scarce,gradient,0.014359769808355669,0.3836504933070218,0.020538286384217317,0.001993110224588042,0.03125,0,0.015901394000252367
901032,linear,absent,scarce,zero_negative,0.1945171985395088,0.0,0.2039916600450837,0.20396340053530673,1.0,0,0.01464577600006578
901032,congestion,aligned,ample,full,0.010938604520715014,0.41218459369167215,0.01932744430884824,0.0011025288093272712,0.03125,0,0.025041747999694053
901032,congestion,aligned,ample,no_K,0.010938604520715014,0.41218459369167215,0.01932744430884824,0.0011025288093272712,0.03125,0,0.018727639999497114
901032,congestion,aligned,ample,no_W,0.010938604520715014,0.41218459369167215,0.01932744430884824,0.0011025288093272712,0.03125,0,0.018802891000063937
901032,congestion,aligned,ample,no_WK,0.010938604520715014,0.41218459369167215,0.01932744430884824,0.0011025288093272712,0.03125,0,0.019152234999978646
901032,congestion,aligned,ample,retuned_zero,0.010938604520715014,0.41218459369167215,0.01932744430884824,0.0011025288093272712,0.03125,0,0.019108245998950224
901032,congestion,aligned,ample,rewired,0.010938604520715014,0.41218459369167215,0.01932744430884824,0.0011025288093272712,0.03125,0,0.018978753999135733
901032,congestion,aligned,ample,reverse,0.010938604520715014,0.41218459369167215,0.01932744430884824,0.0011025288093272712,0.03125,0,0.01891687899956196
901032,congestion,aligned,ample,generic_nonlinear,0.010938604520715014,0.41218459369167215,0.01932744430884824,0.0011025288093272712,0.03125,0,0.017561900001510367
901032,congestion,aligned,ample,generic_equivalent,0.010938604520715014,0.41218459369167215,0.01932744430884824,0.0011025288093272712,0.03125,0,0.01649491999990005
901032,congestion,aligned,ample,signed_intensity,0.010938604520715014,0.41218459369167215,0.01932744430884824,0.0011025288093272712,0.03125,0,0.02940294799907406
901032,congestion,aligned,ample,gradient,0.011874568916009503,0.4100282449420892,0.023669744281172665,0.0019982105256147282,0.03125,0,0.016162502999918615
901032,congestion,aligned,ample,zero_negative,0.1945171985395088,0.0,0.2039916600450837,0.20396340053530673,1.0,0,0.015260934999446363
901032,congestion,aligned,scarce,full,0.012290576527420494,0.3823788188929572,0.019963005187557586,0.002501163531834861,0.03125,0,0.019113024000375844
901032,congestion,aligned,scarce,no_K,0.012290576527420494,0.3823788188929572,0.019963005187557586,0.002501163531834861,0.03125,0,0.019155949000037253
901032,congestion,aligned,scarce,no_W,0.012290576527420494,0.3823788188929572,0.019963005187557586,0.002501163531834861,0.03125,0,0.01899187300000449
901032,congestion,aligned,scarce,no_WK,0.012290576527420494,0.3823788188929572,0.019963005187557586,0.002501163531834861,0.03125,0,0.01890158399919528
901032,congestion,aligned,scarce,retuned_zero,0.012290576527420494,0.3823788188929572,0.019963005187557586,0.002501163531834861,0.03125,0,0.019002337999950214
901032,congestion,aligned,scarce,rewired,0.012290576527420494,0.3823788188929572,0.019963005187557586,0.002501163531834861,0.03125,0,0.01871604799987381
901032,congestion,aligned,scarce,reverse,0.012290576527420494,0.3823788188929572,0.019963005187557586,0.002501163531834861,0.03125,0,0.0190059969994536
901032,congestion,aligned,scarce,generic_nonlinear,0.012290576527420494,0.3823788188929572,0.019963005187557586,0.002501163531834861,0.03125,0,0.016859534000218446
901032,congestion,aligned,scarce,generic_equivalent,0.012290576527420494,0.3823788188929572,0.019963005187557586,0.002501163531834861,0.03125,0,0.01703355700033171
901032,congestion,aligned,scarce,signed_intensity,0.012290576527420494,0.3823788188929572,0.019963005187557586,0.002501163531834861,0.03125,0,0.029349767000894644
901032,congestion,aligned,scarce,gradient,0.013263437316043687,0.3817664800165561,0.024332079009404237,0.0035410072968231235,0.03125,0,0.015946753999401153
901032,congestion,aligned,scarce,zero_negative,0.1945171985395088,0.0,0.2039916600450837,0.20396340053530673,1.0,0,0.015503877999890392
901032,congestion,rewired,ample,full,0.013727069777589421,0.40645409200014315,0.022404517277356432,0.0009429084623522264,0.03125,0,0.019064113000240468
901032,congestion,rewired,ample,no_K,0.013727069777589421,0.40645409200014315,0.022404517277356432,0.0009429084623522264,0.03125,0,0.019084991000113405
901032,congestion,rewired,ample,no_W,0.013727069777589421,0.40645409200014315,0.022404517277356432,0.0009429084623522264,0.03125,0,0.01885233300015443
901032,congestion,rewired,ample,no_WK,0.013727069777589421,0.40645409200014315,0.022404517277356432,0.0009429084623522264,0.03125,0,0.018874642999890057
901032,congestion,rewired,ample,retuned_zero,0.013727069777589421,0.40645409200014315,0.022404517277356432,0.0009429084623522264,0.03125,0,0.018432194999149942
901032,congestion,rewired,ample,rewired,0.013727069777589421,0.40645409200014315,0.022404517277356432,0.0009429084623522264,0.03125,0,0.01808953499960353
901032,congestion,rewired,ample,reverse,0.013727069777589421,0.40645409200014315,0.022404517277356432,0.0009429084623522264,0.03125,0,0.018945942999266663
901032,congestion,rewired,ample,generic_nonlinear,0.013727069777589421,0.40645409200014315,0.022404517277356432,0.0009429084623522264,0.03125,0,0.016977223000367303
901032,congestion,rewired,ample,generic_equivalent,0.013727069777589421,0.40645409200014315,0.022404517277356432,0.0009429084623522264,0.03125,0,0.016652901999691494
901032,congestion,rewired,ample,signed_intensity,0.013727069777589421,0.40645409200014315,0.022404517277356432,0.0009429084623522264,0.03125,0,0.029658861000257275
901032,congestion,rewired,ample,gradient,0.014214381410637189,0.40713716117700777,0.024353437011469095,0.001599592916898628,0.03125,0,0.015769291000083285
901032,congestion,rewired,ample,zero_negative,0.1945171985395088,0.0,0.2039916600450837,0.20396340053530673,1.0,0,0.021214735999365075
901032,congestion,rewired,scarce,full,0.015186496929086777,0.38087730556100985,0.023597034639763453,0.002727530946934222,0.03125,0,0.01912677400002849
901032,congestion,rewired,scarce,no_K,0.015186496929086777,0.38087730556100985,0.023597034639763453,0.002727530946934222,0.03125,0,0.018481902999837985
901032,congestion,rewired,scarce,no_W,0.015186496929086777,0.38087730556100985,0.023597034639763453,0.002727530946934222,0.03125,0,0.01852526499931173
901032,congestion,rewired,scarce,no_WK,0.015186496929086777,0.38087730556100985,0.023597034639763453,0.002727530946934222,0.03125,0,0.01884213199957685
901032,congestion,rewired,scarce,retuned_zero,0.015186496929086777,0.38087730556100985,0.023597034639763453,0.002727530946934222,0.03125,0,0.01836048800032586
901032,congestion,rewired,scarce,rewired,0.015186496929086777,0.38087730556100985,0.023597034639763453,0.002727530946934222,0.03125,0,0.018579002000137734
901032,congestion,rewired,scarce,reverse,0.015186496929086777,0.38087730556100985,0.023597034639763453,0.002727530946934222,0.03125,0,0.019430762999718354
901032,congestion,rewired,scarce,generic_nonlinear,0.015186496929086777,0.38087730556100985,0.023597034639763453,0.002727530946934222,0.03125,0,0.01693758599890316
901032,congestion,rewired,scarce,generic_equivalent,0.015186496929086777,0.38087730556100985,0.023597034639763453,0.002727530946934222,0.03125,0,0.016590690000271024
901032,congestion,rewired,scarce,signed_intensity,0.015186496929086777,0.38087730556100985,0.023597034639763453,0.002727530946934222,0.03125,0,0.029102221999210087
901032,congestion,rewired,scarce,gradient,0.015706972057189468,0.38019234592542256,0.025045718311856823,0.003348435283336128,0.03125,0,0.023273893998975836
901032,congestion,rewired,scarce,zero_negative,0.1945171985395088,0.0,0.2039916600450837,0.20396340053530673,1.0,0,0.014758220999738114
901032,congestion,absent,ample,full,0.012402577817215496,0.4108476533309061,0.01789814503740128,0.00013863002043109382,0.03125,0,0.018849665000061577
901032,congestion,absent,ample,no_K,0.012402577817215496,0.4108476533309061,0.01789814503740128,0.00013863002043109382,0.03125,0,0.018241745000068477
901032,congestion,absent,ample,no_W,0.012402577817215496,0.4108476533309061,0.01789814503740128,0.00013863002043109382,0.03125,0,0.01880941700085259
901032,congestion,absent,ample,no_WK,0.012402577817215496,0.4108476533309061,0.01789814503740128,0.00013863002043109382,0.03125,0,0.01852894999979071
901032,congestion,absent,ample,retuned_zero,0.012402577817215496,0.4108476533309061,0.01789814503740128,0.00013863002043109382,0.03125,0,0.018773473000237573
901032,congestion,absent,ample,rewired,0.012402577817215496,0.4108476533309061,0.01789814503740128,0.00013863002043109382,0.03125,0,0.01849653099952775
901032,congestion,absent,ample,reverse,0.012402577817215496,0.4108476533309061,0.01789814503740128,0.00013863002043109382,0.03125,0,0.01851087799934703
901032,congestion,absent,ample,generic_nonlinear,0.012402577817215496,0.4108476533309061,0.01789814503740128,0.00013863002043109382,0.03125,0,0.017118930000378896
901032,congestion,absent,ample,generic_equivalent,0.012402577817215496,0.4108476533309061,0.01789814503740128,0.00013863002043109382,0.03125,0,0.016253089000201726
901032,congestion,absent,ample,signed_intensity,0.012402577817215496,0.4108476533309061,0.01789814503740128,0.00013863002043109382,0.03125,0,0.029051416999891444
901032,congestion,absent,ample,gradient,0.012620696636335516,0.4102410301465664,0.01901377885943983,0.00042025343348467924,0.03125,0,0.016227168999421338
901032,congestion,absent,ample,zero_negative,0.1945171985395088,0.0,0.2039916600450837,0.20396340053530673,1.0,0,0.014503708999995979
901032,congestion,absent,scarce,full,0.014113711841799118,0.3839496107249014,0.019460880979443568,0.0017234603266520526,0.03125,0,0.019033197998851392
901032,congestion,absent,scarce,no_K,0.014113711841799118,0.3839496107249014,0.019460880979443568,0.0017234603266520526,0.03125,0,0.01898789600056716
901032,congestion,absent,scarce,no_W,0.014113711841799118,0.3839496107249014,0.019460880979443568,0.0017234603266520526,0.03125,0,0.018887033000055453
901032,congestion,absent,scarce,no_WK,0.014113711841799118,0.3839496107249014,0.019460880979443568,0.0017234603266520526,0.03125,0,0.018535897999754525
901032,congestion,absent,scarce,retuned_zero,0.014113711841799118,0.3839496107249014,0.019460880979443568,0.0017234603266520526,0.03125,0,0.018425731000547785
901032,congestion,absent,scarce,rewired,0.014113711841799118,0.3839496107249014,0.019460880979443568,0.0017234603266520526,0.03125,0,0.018869575999815424
901032,congestion,absent,scarce,reverse,0.014113711841799118,0.3839496107249014,0.019460880979443568,0.0017234603266520526,0.03125,0,0.018743828000197027
901032,congestion,absent,scarce,generic_nonlinear,0.014113711841799118,0.3839496107249014,0.019460880979443568,0.0017234603266520526,0.03125,0,0.0168742650000695
901032,congestion,absent,scarce,generic_equivalent,0.014113711841799118,0.3839496107249014,0.019460880979443568,0.0017234603266520526,0.03125,0,0.017047634999812544
901032,congestion,absent,scarce,signed_intensity,0.014113711841799118,0.3839496107249014,0.019460880979443568,0.0017234603266520526,0.03125,0,0.03891543799966257
901032,congestion,absent,scarce,gradient,0.014359769808355669,0.3836504933070218,0.020538286384217317,0.001993110224588042,0.03125,0,0.015564281000706615
901032,congestion,absent,scarce,zero_negative,0.1945171985395088,0.0,0.2039916600450837,0.20396340053530673,1.0,0,0.014628335999873343
901033,linear,aligned,ample,full,0.001296082793555975,0.4422886402839259,0.004248279330823211,0.0005258447419820373,0.03125,0,0.019259637999653023
901033,linear,aligned,ample,no_K,0.001296082793555975,0.4422886402839259,0.004248279330823211,0.0005258447419820373,0.03125,0,0.018744097999729092
901033,linear,aligned,ample,no_W,0.001296082793555975,0.4422886402839259,0.004248279330823211,0.0005258447419820373,0.03125,0,0.018527172000176506
901033,linear,aligned,ample,no_WK,0.001296082793555975,0.4422886402839259,0.004248279330823211,0.0005258447419820373,0.03125,0,0.018843217000153345
901033,linear,aligned,ample,retuned_zero,0.001296082793555975,0.4422886402839259,0.004248279330823211,0.0005258447419820373,0.03125,0,0.018217957000160823
901033,linear,aligned,ample,rewired,0.001296082793555975,0.4422886402839259,0.004248279330823211,0.0005258447419820373,0.03125,0,0.018257996999636816
901033,linear,aligned,ample,reverse,0.001296082793555975,0.4422886402839259,0.004248279330823211,0.0005258447419820373,0.03125,0,0.018767600999694878
901033,linear,aligned,ample,generic_nonlinear,0.001296082793555975,0.4422886402839259,0.004248279330823211,0.0005258447419820373,0.03125,0,0.01675175099921944
901033,linear,aligned,ample,generic_equivalent,0.001296082793555975,0.4422886402839259,0.004248279330823211,0.0005258447419820373,0.03125,0,0.01648887299938906
901033,linear,aligned,ample,signed_intensity,0.001296082793555975,0.4422886402839259,0.004248279330823211,0.0005258447419820373,0.03125,0,0.036167676998616116
901033,linear,aligned,ample,gradient,0.0041160962825718215,0.43700793114794756,0.017515335825087536,0.010443003545803176,0.03125,0,0.01586111899939624
901033,linear,aligned,ample,zero_negative,0.2523999340023815,0.0,0.2548545402805223,0.28220835504319813,1.0,0,0.015293442999336548
901033,linear,aligned,scarce,full,0.007573337127354313,0.3837869833049514,0.01016817246778355,0.010711227845620263,0.03125,0,0.019106098000065685
901033,linear,aligned,scarce,no_K,0.007573337127354313,0.3837869833049514,0.01016817246778355,0.010711227845620263,0.03125,0,0.018505158999914784
901033,linear,aligned,scarce,no_W,0.007573337127354313,0.3837869833049514,0.01016817246778355,0.010711227845620263,0.03125,0,0.018213454999681744
901033,linear,aligned,scarce,no_WK,0.007573337127354313,0.3837869833049514,0.01016817246778355,0.010711227845620263,0.03125,0,0.019191109999837863
901033,linear,aligned,scarce,retuned_zero,0.007573337127354313,0.3837869833049514,0.01016817246778355,0.010711227845620263,0.03125,0,0.018228066999085968
901033,linear,aligned,scarce,rewired,0.007573337127354313,0.3837869833049514,0.01016817246778355,0.010711227845620263,0.03125,0,0.018700789999229528
901033,linear,aligned,scarce,reverse,0.007573337127354313,0.3837869833049514,0.01016817246778355,0.010711227845620263,0.03125,0,0.018720159000622516
901033,linear,aligned,scarce,generic_nonlinear,0.007573337127354313,0.3837869833049514,0.01016817246778355,0.010711227845620263,0.03125,0,0.01697616800004198
901033,linear,aligned,scarce,generic_equivalent,0.007573337127354313,0.3837869833049514,0.01016817246778355,0.010711227845620263,0.03125,0,0.016575487000523026
901033,linear,aligned,scarce,signed_intensity,0.007573337127354313,0.3837869833049514,0.01016817246778355,0.010711227845620263,0.03125,0,0.03569100400034131
901033,linear,aligned,scarce,gradient,0.00995592108954162,0.3840211778093802,0.019456655376849468,0.018423084436237976,0.03125,0,0.01624991100004536
901033,linear,aligned,scarce,zero_negative,0.2523999340023815,0.0,0.2548545402805223,0.28220835504319813,1.0,0,0.016598653999722046
901033,linear,rewired,ample,full,0.0015133019747737928,0.44007843062566465,0.003334459850631167,0.0011622316071713522,0.03125,0,0.018945432000009532
901033,linear,rewired,ample,no_K,0.0015133019747737928,0.44007843062566465,0.003334459850631167,0.0011622316071713522,0.03125,0,0.01847272099894326
901033,linear,rewired,ample,no_W,0.0015133019747737928,0.44007843062566465,0.003334459850631167,0.0011622316071713522,0.03125,0,0.01869875899978979
901033,linear,rewired,ample,no_WK,0.0015133019747737928,0.44007843062566465,0.003334459850631167,0.0011622316071713522,0.03125,0,0.018691122000632276
901033,linear,rewired,ample,retuned_zero,0.0015133019747737928,0.44007843062566465,0.003334459850631167,0.0011622316071713522,0.03125,0,0.01858083800084387
901033,linear,rewired,ample,rewired,0.0015133019747737928,0.44007843062566465,0.003334459850631167,0.0011622316071713522,0.03125,0,0.01868253000020559
901033,linear,rewired,ample,reverse,0.0015133019747737928,0.44007843062566465,0.003334459850631167,0.0011622316071713522,0.03125,0,0.01873496700056876
901033,linear,rewired,ample,generic_nonlinear,0.0015133019747737928,0.44007843062566465,0.003334459850631167,0.0011622316071713522,0.03125,0,0.01728594199971667
901033,linear,rewired,ample,generic_equivalent,0.0015133019747737928,0.44007843062566465,0.003334459850631167,0.0011622316071713522,0.03125,0,0.0165720899998405
901033,linear,rewired,ample,signed_intensity,0.0015133019747737928,0.44007843062566465,0.003334459850631167,0.0011622316071713522,0.03125,0,0.03543828199951804
901033,linear,rewired,ample,gradient,0.0037673775376424142,0.43657532483285233,0.013882151917455988,0.008995698576598595,0.03125,0,0.015596834999996645
901033,linear,rewired,ample,zero_negative,0.2523999340023815,0.0,0.2548545402805223,0.28220835504319813,1.0,0,0.014953334999745493
901033,linear,rewired,scarce,full,0.0077176445387735155,0.38279870602141775,0.008414787712430627,0.010395455597091064,0.03125,0,0.019244846001015503
901033,linear,rewired,scarce,no_K,0.0077176445387735155,0.38279870602141775,0.008414787712430627,0.010395455597091064,0.03125,0,0.01899371499996505
901033,linear,rewired,scarce,no_W,0.0077176445387735155,0.38279870602141775,0.008414787712430627,0.010395455597091064,0.03125,0,0.01880846400001701
901033,linear,rewired,scarce,no_WK,0.0077176445387735155,0.38279870602141775,0.008414787712430627,0.010395455597091064,0.03125,0,0.018775815000253715
901033,linear,rewired,scarce,retuned_zero,0.0077176445387735155,0.38279870602141775,0.008414787712430627,0.010395455597091064,0.03125,0,0.018900202000168065
901033,linear,rewired,scarce,rewired,0.0077176445387735155,0.38279870602141775,0.008414787712430627,0.010395455597091064,0.03125,0,0.018985419000046022
901033,linear,rewired,scarce,reverse,0.0077176445387735155,0.38279870602141775,0.008414787712430627,0.010395455597091064,0.03125,0,0.01873524999973597
901033,linear,rewired,scarce,generic_nonlinear,0.0077176445387735155,0.38279870602141775,0.008414787712430627,0.010395455597091064,0.03125,0,0.016879049000067425
901033,linear,rewired,scarce,generic_equivalent,0.0077176445387735155,0.38279870602141775,0.008414787712430627,0.010395455597091064,0.03125,0,0.017018268000128955
901033,linear,rewired,scarce,signed_intensity,0.007717644538773515,0.38279870602141775,0.008414787712430627,0.010395455597091064,0.03125,0,0.029350041999123277
901033,linear,rewired,scarce,gradient,0.010079445975393743,0.3831001592245394,0.016015440033966228,0.017236021089250556,0.03125,0,0.01590204299998277
901033,linear,rewired,scarce,zero_negative,0.2523999340023815,0.0,0.2548545402805223,0.28220835504319813,1.0,0,0.015011732999596461
901033,linear,absent,ample,full,0.0012171735619433452,0.4700383854349314,0.002324696526211457,0.00027999219983664686,0.03125,0,0.01882947200010676
901033,linear,absent,ample,no_K,0.0012171735619433452,0.4700383854349314,0.002324696526211457,0.00027999219983664686,0.03125,0,0.018737118000103692
901033,linear,absent,ample,no_W,0.0012171735619433452,0.4700383854349314,0.002324696526211457,0.00027999219983664686,0.03125,0,0.018945342999700188
901033,linear,absent,ample,no_WK,0.0012171735619433452,0.4700383854349314,0.002324696526211457,0.00027999219983664686,0.03125,0,0.01880789199924493
901033,linear,absent,ample,retuned_zero,0.0012171735619433452,0.4700383854349314,0.002324696526211457,0.00027999219983664686,0.03125,0,0.01852024599975266
901033,linear,absent,ample,rewired,0.0012171735619433452,0.4700383854349314,0.002324696526211457,0.00027999219983664686,0.03125,0,0.01838900399980048
901033,linear,absent,ample,reverse,0.0012171735619433452,0.4700383854349314,0.002324696526211457,0.00027999219983664686,0.03125,0,0.018460000000573018
901033,linear,absent,ample,generic_nonlinear,0.0012171735619433452,0.4700383854349314,0.002324696526211457,0.00027999219983664686,0.03125,0,0.01706506800076113
901033,linear,absent,ample,generic_equivalent,0.0012171735619433452,0.4700383854349314,0.002324696526211457,0.00027999219983664686,0.03125,0,0.016888398999526544
901033,linear,absent,ample,signed_intensity,0.0012171735619433452,0.4700383854349314,0.002324696526211457,0.00027999219983664686,0.03125,0,0.02951145600025029
901033,linear,absent,ample,gradient,0.001669634321746029,0.46854774394408943,0.004661710397464289,0.001984683253203872,0.03125,0,0.015589315999136488
901033,linear,absent,ample,zero_negative,0.2523999340023815,0.0,0.2548545402805223,0.28220835504319813,1.0,0,0.015077226000130395
901033,linear,absent,scarce,full,0.012564815147158327,0.3876840913672992,0.012539692397486521,0.01739332791016068,0.03125,0,0.018963635000204704
901033,linear,absent,scarce,no_K,0.012564815147158327,0.3876840913672992,0.012539692397486521,0.01739332791016068,0.03125,0,0.018845577000433877
901033,linear,absent,scarce,no_W,0.012564815147158327,0.3876840913672992,0.012539692397486521,0.01739332791016068,0.03125,0,0.018533252000793254
901033,linear,absent,scarce,no_WK,0.012564815147158327,0.3876840913672992,0.012539692397486521,0.01739332791016068,0.03125,0,0.01863366599991423
901033,linear,absent,scarce,retuned_zero,0.012564815147158327,0.3876840913672992,0.012539692397486521,0.01739332791016068,0.03125,0,0.01798738599995886
901033,linear,absent,scarce,rewired,0.012564815147158327,0.3876840913672992,0.012539692397486521,0.01739332791016068,0.03125,0,0.018937247000053503
901033,linear,absent,scarce,reverse,0.012564815147158327,0.3876840913672992,0.012539692397486521,0.01739332791016068,0.03125,0,0.018577740000296217
901033,linear,absent,scarce,generic_nonlinear,0.012564815147158327,0.3876840913672992,0.012539692397486521,0.01739332791016068,0.03125,0,0.01673329899995224
901033,linear,absent,scarce,generic_equivalent,0.012564815147158327,0.3876840913672992,0.012539692397486521,0.01739332791016068,0.03125,0,0.016545104000329047
901033,linear,absent,scarce,signed_intensity,0.012564815147158327,0.3876840913672992,0.012539692397486523,0.01739332791016068,0.03125,0,0.029300298000407565
901033,linear,absent,scarce,gradient,0.013359182208265007,0.38772255975292036,0.014061007545115743,0.019704223994362526,0.03125,0,0.015926744999205766
901033,linear,absent,scarce,zero_negative,0.2523999340023815,0.0,0.2548545402805223,0.28220835504319813,1.0,0,0.014683449000699511
901033,congestion,aligned,ample,full,0.002822014720804185,0.4855140816152144,0.008923589156405452,0.0015458583230878514,0.03125,0,0.018872617999932118
901033,congestion,aligned,ample,no_K,0.002822014720804185,0.4855140816152144,0.008923589156405452,0.0015458583230878514,0.03125,0,0.018443651999859867
901033,congestion,aligned,ample,no_W,0.002822014720804185,0.4855140816152144,0.008923589156405452,0.0015458583230878514,0.03125,0,0.018794291999711277
901033,congestion,aligned,ample,no_WK,0.002822014720804185,0.4855140816152144,0.008923589156405452,0.0015458583230878514,0.03125,0,0.01888298200015015
901033,congestion,aligned,ample,retuned_zero,0.002822014720804185,0.4855140816152144,0.008923589156405452,0.0015458583230878514,0.03125,0,0.019079358999761098
901033,congestion,aligned,ample,rewired,0.002822014720804185,0.4855140816152144,0.008923589156405452,0.0015458583230878514,0.03125,0,0.018877310000107173
901033,congestion,aligned,ample,reverse,0.002822014720804185,0.4855140816152144,0.008923589156405452,0.0015458583230878514,0.03125,0,0.018680649999737398
901033,congestion,aligned,ample,generic_nonlinear,0.002822014720804185,0.4855140816152144,0.008923589156405452,0.0015458583230878514,0.03125,0,0.01738883599921337
901033,congestion,aligned,ample,generic_equivalent,0.002822014720804185,0.4855140816152144,0.008923589156405452,0.0015458583230878514,0.03125,0,0.016677418999620386
901033,congestion,aligned,ample,signed_intensity,0.002822014720804185,0.4855140816152144,0.008923589156405452,0.0015458583230878518,0.03125,0,0.029728654000336974
901033,congestion,aligned,ample,gradient,0.0053268218604326355,0.4750246119540449,0.019671343948381128,0.01239144756545459,0.03125,0,0.01588469600017106
901033,congestion,aligned,ample,zero_negative,0.2523999340023815,0.0,0.2548545402805223,0.28220835504319813,1.0,0,0.014828537000425968
901033,congestion,aligned,scarce,full,0.013834557872738488,0.38976573910375123,0.014362387479802683,0.01650490827216924,0.03125,0,0.019624772000383928
901033,congestion,aligned,scarce,no_K,0.013834557872738488,0.38976573910375123,0.014362387479802683,0.01650490827216924,0.03125,0,0.019084583999642746
901033,congestion,aligned,scarce,no_W,0.013834557872738488,0.38976573910375123,0.014362387479802683,0.01650490827216924,0.03125,0,0.019097587001056127
901033,congestion,aligned,scarce,no_WK,0.013834557872738488,0.38976573910375123,0.014362387479802683,0.01650490827216924,0.03125,0,0.018690371998559385
901033,congestion,aligned,scarce,retuned_zero,0.013834557872738488,0.38976573910375123,0.014362387479802683,0.01650490827216924,0.03125,0,0.018568762999279897
901033,congestion,aligned,scarce,rewired,0.013834557872738488,0.38976573910375123,0.014362387479802683,0.01650490827216924,0.03125,0,0.018792644000313885
901033,congestion,aligned,scarce,reverse,0.013834557872738488,0.38976573910375123,0.014362387479802683,0.01650490827216924,0.03125,0,0.018754791999640474
901033,congestion,aligned,scarce,generic_nonlinear,0.013834557872738488,0.38976573910375123,0.014362387479802683,0.01650490827216924,0.03125,0,0.01712787300095897
901033,congestion,aligned,scarce,generic_equivalent,0.013834557872738488,0.38976573910375123,0.014362387479802683,0.01650490827216924,0.03125,0,0.016518755000220153
901033,congestion,aligned,scarce,signed_intensity,0.013834557872738488,0.38976573910375123,0.014362387479802683,0.01650490827216924,0.03125,0,0.029038485000114633
901033,congestion,aligned,scarce,gradient,0.016009323913171888,0.389968412375824,0.02211555736901595,0.02432308565935816,0.03125,0,0.01573208299998896
901033,congestion,aligned,scarce,zero_negative,0.2523999340023815,0.0,0.2548545402805223,0.28220835504319813,1.0,0,0.01485501000001932
901033,congestion,rewired,ample,full,0.0032784564201943874,0.48019450546369224,0.00869683897970055,0.0017403240032168366,0.03125,0,0.018914771000254404
901033,congestion,rewired,ample,no_K,0.0032784564201943874,0.48019450546369224,0.00869683897970055,0.0017403240032168366,0.03125,0,0.01913019199844257
901033,congestion,rewired,ample,no_W,0.0032784564201943874,0.48019450546369224,0.00869683897970055,0.0017403240032168366,0.03125,0,0.018738761000804516
901033,congestion,rewired,ample,no_WK,0.0032784564201943874,0.48019450546369224,0.00869683897970055,0.0017403240032168366,0.03125,0,0.01886054799967951
901033,congestion,rewired,ample,retuned_zero,0.0032784564201943874,0.48019450546369224,0.00869683897970055,0.0017403240032168366,0.03125,0,0.01810869499979617
901033,congestion,rewired,ample,rewired,0.0032784564201943874,0.48019450546369224,0.00869683897970055,0.0017403240032168366,0.03125,0,0.018166248000284213
901033,congestion,rewired,ample,reverse,0.0032784564201943874,0.48019450546369224,0.00869683897970055,0.0017403240032168366,0.03125,0,0.01879547999942588
901033,congestion,rewired,ample,generic_nonlinear,0.0032784564201943874,0.48019450546369224,0.00869683897970055,0.0017403240032168366,0.03125,0,0.017158082999344515
901033,congestion,rewired,ample,generic_equivalent,0.0032784564201943874,0.48019450546369224,0.00869683897970055,0.0017403240032168366,0.03125,0,0.01648676999991494
901033,congestion,rewired,ample,signed_intensity,0.0032784564201943874,0.48019450546369224,0.00869683897970055,0.0017403240032168366,0.03125,0,0.029427881000287925
901033,congestion,rewired,ample,gradient,0.006648868648306225,0.4705585769617405,0.02351580464062952,0.016034573702635918,0.03125,0,0.015741984999408487
901033,congestion,rewired,ample,zero_negative,0.2523999340023815,0.0,0.2548545402805223,0.28220835504319813,1.0,0,0.015164590000267708
901033,congestion,rewired,scarce,full,0.013927005717964295,0.387559443069007,0.01312019568472559,0.015573280429202353,0.03125,0,0.01896053499979189
901033,congestion,rewired,scarce,no_K,0.013927005717964295,0.387559443069007,0.01312019568472559,0.015573280429202353,0.03125,0,0.01838559599968903
901033,congestion,rewired,scarce,no_W,0.013927005717964295,0.387559443069007,0.01312019568472559,0.015573280429202353,0.03125,0,0.018224272000793462
901033,congestion,rewired,scarce,no_WK,0.013927005717964295,0.387559443069007,0.01312019568472559,0.015573280429202353,0.03125,0,0.018536362000645568
901033,congestion,rewired,scarce,retuned_zero,0.013927005717964295,0.387559443069007,0.01312019568472559,0.015573280429202353,0.03125,0,0.018201908000037292
901033,congestion,rewired,scarce,rewired,0.013927005717964295,0.387559443069007,0.01312019568472559,0.015573280429202353,0.03125,0,0.018716891999474683
901033,congestion,rewired,scarce,reverse,0.013927005717964295,0.387559443069007,0.01312019568472559,0.015573280429202353,0.03125,0,0.019292561999691316
901033,congestion,rewired,scarce,generic_nonlinear,0.013927005717964295,0.387559443069007,0.01312019568472559,0.015573280429202353,0.03125,0,0.017113148998646466
901033,congestion,rewired,scarce,generic_equivalent,0.013927005717964295,0.387559443069007,0.01312019568472559,0.015573280429202353,0.03125,0,0.016713980000531592
901033,congestion,rewired,scarce,signed_intensity,0.013927005717964295,0.387559443069007,0.01312019568472559,0.015573280429202353,0.03125,0,0.029707870000606817
901033,congestion,rewired,scarce,gradient,0.016997542089665182,0.38758699511649164,0.024746394006709,0.026231116680993045,0.03125,0,0.0162475960004258
901033,congestion,rewired,scarce,zero_negative,0.2523999340023815,0.0,0.2548545402805223,0.28220835504319813,1.0,0,0.014883603000043877
901033,congestion,absent,ample,full,0.0012171735619433452,0.4700383854349314,0.002324696526211457,0.00027999219983664686,0.03125,0,0.01875068800018198
901033,congestion,absent,ample,no_K,0.0012171735619433452,0.4700383854349314,0.002324696526211457,0.00027999219983664686,0.03125,0,0.018158497999593237
901033,congestion,absent,ample,no_W,0.0012171735619433452,0.4700383854349314,0.002324696526211457,0.00027999219983664686,0.03125,0,0.018566239999358913
901033,congestion,absent,ample,no_WK,0.0012171735619433452,0.4700383854349314,0.002324696526211457,0.00027999219983664686,0.03125,0,0.018376600999090442
901033,congestion,absent,ample,retuned_zero,0.0012171735619433452,0.4700383854349314,0.002324696526211457,0.00027999219983664686,0.03125,0,0.01846039299982749
901033,congestion,absent,ample,rewired,0.0012171735619433452,0.4700383854349314,0.002324696526211457,0.00027999219983664686,0.03125,0,0.018466632000468053
901033,congestion,absent,ample,reverse,0.0012171735619433452,0.4700383854349314,0.002324696526211457,0.00027999219983664686,0.03125,0,0.0254642069997999
901033,congestion,absent,ample,generic_nonlinear,0.0012171735619433452,0.4700383854349314,0.002324696526211457,0.00027999219983664686,0.03125,0,0.016614642999343232
901033,congestion,absent,ample,generic_equivalent,0.0012171735619433452,0.4700383854349314,0.002324696526211457,0.00027999219983664686,0.03125,0,0.01645039400011683
901033,congestion,absent,ample,signed_intensity,0.0012171735619433452,0.4700383854349314,0.002324696526211457,0.00027999219983664686,0.03125,0,0.029189202999987174
901033,congestion,absent,ample,gradient,0.001669634321746029,0.46854774394408943,0.004661710397464289,0.001984683253203872,0.03125,0,0.015505396999742516
901033,congestion,absent,ample,zero_negative,0.2523999340023815,0.0,0.2548545402805223,0.28220835504319813,1.0,0,0.01461500599896226
901033,congestion,absent,scarce,full,0.012564815147158327,0.3876840913672992,0.012539692397486521,0.01739332791016068,0.03125,0,0.019057983000379863
901033,congestion,absent,scarce,no_K,0.012564815147158327,0.3876840913672992,0.012539692397486521,0.01739332791016068,0.03125,0,0.018865961999836145
901033,congestion,absent,scarce,no_W,0.012564815147158327,0.3876840913672992,0.012539692397486521,0.01739332791016068,0.03125,0,0.018760129999691344
901033,congestion,absent,scarce,no_WK,0.012564815147158327,0.3876840913672992,0.012539692397486521,0.01739332791016068,0.03125,0,0.01857283400090637
901033,congestion,absent,scarce,retuned_zero,0.012564815147158327,0.3876840913672992,0.012539692397486521,0.01739332791016068,0.03125,0,0.018869492999101567
901033,congestion,absent,scarce,rewired,0.012564815147158327,0.3876840913672992,0.012539692397486521,0.01739332791016068,0.03125,0,0.018508472999428704
901033,congestion,absent,scarce,reverse,0.012564815147158327,0.3876840913672992,0.012539692397486521,0.01739332791016068,0.03125,0,0.02674863599975197
901033,congestion,absent,scarce,generic_nonlinear,0.012564815147158327,0.3876840913672992,0.012539692397486521,0.01739332791016068,0.03125,0,0.016920421999657265
901033,congestion,absent,scarce,generic_equivalent,0.012564815147158327,0.3876840913672992,0.012539692397486521,0.01739332791016068,0.03125,0,0.016555383999843798
901033,congestion,absent,scarce,signed_intensity,0.012564815147158327,0.3876840913672992,0.012539692397486523,0.01739332791016068,0.03125,0,0.029303797000125087
901033,congestion,absent,scarce,gradient,0.013359182208265007,0.38772255975292036,0.014061007545115743,0.019704223994362526,0.03125,0,0.015476946999683605
901033,congestion,absent,scarce,zero_negative,0.2523999340023815,0.0,0.2548545402805223,0.28220835504319813,1.0,0,0.014615183000614707
901034,linear,aligned,ample,full,0.009959544959613799,0.42343002554770404,0.019098710630735382,0.002213782440791766,0.03125,0,0.019268300000248928
901034,linear,aligned,ample,no_K,0.009959544959613799,0.42343002554770404,0.019098710630735382,0.002213782440791766,0.03125,0,0.018768784999679156
901034,linear,aligned,ample,no_W,0.009959544959613799,0.42343002554770404,0.019098710630735382,0.002213782440791766,0.03125,0,0.018933817000743147
901034,linear,aligned,ample,no_WK,0.009959544959613799,0.42343002554770404,0.019098710630735382,0.002213782440791766,0.03125,0,0.01884146800000508
901034,linear,aligned,ample,retuned_zero,0.009959544959613799,0.42343002554770404,0.019098710630735382,0.002213782440791766,0.03125,0,0.018580823999513996
901034,linear,aligned,ample,rewired,0.009959544959613799,0.42343002554770404,0.019098710630735382,0.002213782440791766,0.03125,0,0.018300500000918873
901034,linear,aligned,ample,reverse,0.009959544959613799,0.42343002554770404,0.019098710630735382,0.002213782440791766,0.03125,0,0.01912893200005783
901034,linear,aligned,ample,generic_nonlinear,0.009959544959613799,0.42343002554770404,0.019098710630735382,0.002213782440791766,0.03125,0,0.017051859000389413
901034,linear,aligned,ample,generic_equivalent,0.009959544959613799,0.42343002554770404,0.019098710630735382,0.002213782440791766,0.03125,0,0.016489261000742772
901034,linear,aligned,ample,signed_intensity,0.009959544959613799,0.42343002554770404,0.019098710630735382,0.002213782440791766,0.03125,0,0.02953332499987482
901034,linear,aligned,ample,gradient,0.012058309189710396,0.4203509952761728,0.028721349091714168,0.007895516322916562,0.03125,0,0.015648336999447565
901034,linear,aligned,ample,zero_negative,0.23706473965769873,0.0,0.2533624842905966,0.26015952727992875,1.0,0,0.01505064299976766
901034,linear,aligned,scarce,full,0.012207316741628008,0.3870036657389902,0.021646354423906375,0.006797154353420745,0.03125,0,0.019112964999408177
901034,linear,aligned,scarce,no_K,0.012207316741628008,0.3870036657389902,0.021646354423906375,0.006797154353420745,0.03125,0,0.01834863799899722
901034,linear,aligned,scarce,no_W,0.012207316741628008,0.3870036657389902,0.021646354423906375,0.006797154353420745,0.03125,0,0.018325414999594614
901034,linear,aligned,scarce,no_WK,0.012207316741628008,0.3870036657389902,0.021646354423906375,0.006797154353420745,0.03125,0,0.01867344599986609
901034,linear,aligned,scarce,retuned_zero,0.012207316741628008,0.3870036657389902,0.021646354423906375,0.006797154353420745,0.03125,0,0.018046078999873316
901034,linear,aligned,scarce,rewired,0.012207316741628008,0.3870036657389902,0.021646354423906375,0.006797154353420745,0.03125,0,0.0184263800001645
901034,linear,aligned,scarce,reverse,0.012207316741628008,0.3870036657389902,0.021646354423906375,0.006797154353420745,0.03125,0,0.025057531000584277
901034,linear,aligned,scarce,generic_nonlinear,0.012207316741628008,0.3870036657389902,0.021646354423906375,0.006797154353420745,0.03125,0,0.017100516999903448
901034,linear,aligned,scarce,generic_equivalent,0.012207316741628008,0.3870036657389902,0.021646354423906375,0.006797154353420745,0.03125,0,0.01647459399998752
901034,linear,aligned,scarce,signed_intensity,0.012207316741628008,0.3870036657389902,0.021646354423906375,0.006797154353420745,0.03125,0,0.029718409999759388
901034,linear,aligned,scarce,gradient,0.01432065232857387,0.38667978724248114,0.030478720295392756,0.012466977534872973,0.03125,0,0.016066106000153013
901034,linear,aligned,scarce,zero_negative,0.23706473965769873,0.0,0.2533624842905966,0.26015952727992875,1.0,0,0.014657751000981989
901034,linear,rewired,ample,full,0.010971536425299423,0.4236948645369606,0.019040075557961514,0.0028099594536728847,0.03125,0,0.019018751999738015
901034,linear,rewired,ample,no_K,0.010971536425299423,0.4236948645369606,0.019040075557961514,0.0028099594536728847,0.03125,0,0.018626050000193572
901034,linear,rewired,ample,no_W,0.010971536425299423,0.4236948645369606,0.019040075557961514,0.0028099594536728847,0.03125,0,0.0187899459996288
901034,linear,rewired,ample,no_WK,0.010971536425299423,0.4236948645369606,0.019040075557961514,0.0028099594536728847,0.03125,0,0.0190239470001643
901034,linear,rewired,ample,retuned_zero,0.010971536425299423,0.4236948645369606,0.019040075557961514,0.0028099594536728847,0.03125,0,0.018755640999756906
901034,linear,rewired,ample,rewired,0.010971536425299423,0.4236948645369606,0.019040075557961514,0.0028099594536728847,0.03125,0,0.027742701000647685
901034,linear,rewired,ample,reverse,0.010971536425299423,0.4236948645369606,0.019040075557961514,0.0028099594536728847,0.03125,0,0.018769246999681855
901034,linear,rewired,ample,generic_nonlinear,0.010971536425299423,0.4236948645369606,0.019040075557961514,0.0028099594536728847,0.03125,0,0.01696317200037356
901034,linear,rewired,ample,generic_equivalent,0.010971536425299423,0.4236948645369606,0.019040075557961514,0.0028099594536728847,0.03125,0,0.016459570000165513
901034,linear,rewired,ample,signed_intensity,0.010971536425299423,0.4236948645369606,0.019040075557961514,0.0028099594536728847,0.03125,0,0.02965883899958044
901034,linear,rewired,ample,gradient,0.011846331467805768,0.42306069464379564,0.022753323029262335,0.004247814082356046,0.03125,0,0.015883116000054542
901034,linear,rewired,ample,zero_negative,0.23706473965769873,0.0,0.2533624842905966,0.26015952727992875,1.0,0,0.01480914699936875
901034,linear,rewired,scarce,full,0.013732285871763499,0.386190185233948,0.02226127116982915,0.009051044124767498,0.03125,0,0.019195586000819276
901034,linear,rewired,scarce,no_K,0.013732285871763499,0.386190185233948,0.02226127116982915,0.009051044124767498,0.03125,0,0.018843411000261767
901034,linear,rewired,scarce,no_W,0.013732285871763499,0.386190185233948,0.02226127116982915,0.009051044124767498,0.03125,0,0.018753509000589474
901034,linear,rewired,scarce,no_WK,0.013732285871763499,0.386190185233948,0.02226127116982915,0.009051044124767498,0.03125,0,0.018940077000820565
901034,linear,rewired,scarce,retuned_zero,0.013732285871763499,0.386190185233948,0.02226127116982915,0.009051044124767498,0.03125,0,0.01859365100017385
901034,linear,rewired,scarce,rewired,0.013732285871763499,0.386190185233948,0.02226127116982915,0.009051044124767498,0.03125,0,0.026382739999576188
901034,linear,rewired,scarce,reverse,0.013732285871763499,0.386190185233948,0.02226127116982915,0.009051044124767498,0.03125,0,0.018667644999936783
901034,linear,rewired,scarce,generic_nonlinear,0.013732285871763499,0.386190185233948,0.02226127116982915,0.009051044124767498,0.03125,0,0.01685683800019433
901034,linear,rewired,scarce,generic_equivalent,0.013732285871763499,0.386190185233948,0.02226127116982915,0.009051044124767498,0.03125,0,0.016679010000075323
901034,linear,rewired,scarce,signed_intensity,0.013732285871763499,0.386190185233948,0.02226127116982915,0.009051044124767498,0.03125,0,0.029503065999733735
901034,linear,rewired,scarce,gradient,0.014693275355373549,0.38676845514073255,0.02470977114237058,0.010789511556752555,0.03125,0,0.015712689000110913
901034,linear,rewired,scarce,zero_negative,0.23706473965769873,0.0,0.2533624842905966,0.26015952727992875,1.0,0,0.014847760999828097
901034,linear,absent,ample,full,0.011143892404222176,0.45308402352778443,0.016250753794381904,0.00010922331880813238,0.03125,0,0.01886868299982325
901034,linear,absent,ample,no_K,0.011143892404222176,0.45308402352778443,0.016250753794381904,0.00010922331880813238,0.03125,0,0.019142436000151974
901034,linear,absent,ample,no_W,0.011143892404222176,0.45308402352778443,0.016250753794381904,0.00010922331880813238,0.03125,0,0.01865792300054636
901034,linear,absent,ample,no_WK,0.011143892404222176,0.45308402352778443,0.016250753794381904,0.00010922331880813238,0.03125,0,0.018855600000165396
901034,linear,absent,ample,retuned_zero,0.011143892404222176,0.45308402352778443,0.016250753794381904,0.00010922331880813238,0.03125,0,0.01808648399935464
901034,linear,absent,ample,rewired,0.011143892404222176,0.45308402352778443,0.016250753794381904,0.00010922331880813238,0.03125,0,0.01828229399995962
901034,linear,absent,ample,reverse,0.011143892404222176,0.45308402352778443,0.016250753794381904,0.00010922331880813238,0.03125,0,0.018258131000720823
901034,linear,absent,ample,generic_nonlinear,0.011143892404222176,0.45308402352778443,0.016250753794381904,0.00010922331880813238,0.03125,0,0.017107538000345812
901034,linear,absent,ample,generic_equivalent,0.011143892404222176,0.45308402352778443,0.016250753794381904,0.00010922331880813238,0.03125,0,0.016394432000083725
901034,linear,absent,ample,signed_intensity,0.011143892404222176,0.45308402352778443,0.016250753794381904,0.00010922331880813238,0.03125,0,0.029345137999825965
901034,linear,absent,ample,gradient,0.011706361401428587,0.45157032920471907,0.019200191927164458,0.0011829605225219626,0.03125,0,0.015498276999778682
901034,linear,absent,ample,zero_negative,0.23706473965769873,0.0,0.2533624842905966,0.26015952727992875,1.0,0,0.015101957999263504
901034,linear,absent,scarce,full,0.01737789667901904,0.39273287182691896,0.023787067447863314,0.012036612006979471,0.03125,0,0.019002361000616474
901034,linear,absent,scarce,no_K,0.01737789667901904,0.39273287182691896,0.023787067447863314,0.012036612006979471,0.03125,0,0.018209812999771202
901034,linear,absent,scarce,no_W,0.01737789667901904,0.39273287182691896,0.023787067447863314,0.012036612006979471,0.03125,0,0.018270933000053446
901034,linear,absent,scarce,no_WK,0.01737789667901904,0.39273287182691896,0.023787067447863314,0.012036612006979471,0.03125,0,0.018733380000867328
901034,linear,absent,scarce,retuned_zero,0.01737789667901904,0.39273287182691896,0.023787067447863314,0.012036612006979471,0.03125,0,0.018264048999412807
901034,linear,absent,scarce,rewired,0.01737789667901904,0.39273287182691896,0.023787067447863314,0.012036612006979471,0.03125,0,0.0187839689995144
901034,linear,absent,scarce,reverse,0.01737789667901904,0.39273287182691896,0.023787067447863314,0.012036612006979471,0.03125,0,0.018657154999914383
901034,linear,absent,scarce,generic_nonlinear,0.01737789667901904,0.39273287182691896,0.023787067447863314,0.012036612006979471,0.03125,0,0.016702995000741794
901034,linear,absent,scarce,generic_equivalent,0.01737789667901904,0.39273287182691896,0.023787067447863314,0.012036612006979471,0.03125,0,0.016390166999599387
901034,linear,absent,scarce,signed_intensity,0.01737789667901904,0.39273287182691896,0.023787067447863314,0.012036612006979471,0.03125,0,0.02962919299989153
901034,linear,absent,scarce,gradient,0.018012779627497522,0.39268551837932697,0.026272892643673385,0.013331377269157885,0.03125,0,0.016098470000088128
901034,linear,absent,scarce,zero_negative,0.23706473965769873,0.0,0.2533624842905966,0.26015952727992875,1.0,0,0.014598534000015206
901034,congestion,aligned,ample,full,0.010065066215749029,0.44015409225668584,0.019522814542179308,0.0023469143535392897,0.03125,0,0.01925795399972685
901034,congestion,aligned,ample,no_K,0.010065066215749029,0.44015409225668584,0.019522814542179308,0.0023469143535392897,0.03125,0,0.018535591999125245
901034,congestion,aligned,ample,no_W,0.010065066215749029,0.44015409225668584,0.019522814542179308,0.0023469143535392897,0.03125,0,0.01888253199990686
901034,congestion,aligned,ample,no_WK,0.010065066215749029,0.44015409225668584,0.019522814542179308,0.0023469143535392897,0.03125,0,0.01895869300017239
901034,congestion,aligned,ample,retuned_zero,0.010065066215749029,0.44015409225668584,0.019522814542179308,0.0023469143535392897,0.03125,0,0.025525162998974338
901034,congestion,aligned,ample,rewired,0.010065066215749029,0.44015409225668584,0.019522814542179308,0.0023469143535392897,0.03125,0,0.018838282000388062
901034,congestion,aligned,ample,reverse,0.010065066215749029,0.44015409225668584,0.019522814542179308,0.0023469143535392897,0.03125,0,0.01901480700087177
901034,congestion,aligned,ample,generic_nonlinear,0.010065066215749029,0.44015409225668584,0.019522814542179308,0.0023469143535392897,0.03125,0,0.017362444001150834
901034,congestion,aligned,ample,generic_equivalent,0.010065066215749029,0.44015409225668584,0.019522814542179308,0.0023469143535392897,0.03125,0,0.01666499999998905
901034,congestion,aligned,ample,signed_intensity,0.010065066215749029,0.44015409225668584,0.019522814542179308,0.0023469143535392897,0.03125,0,0.029950341000017033
901034,congestion,aligned,ample,gradient,0.012570941463574355,0.4364857185032308,0.03112905933009982,0.009759191635608514,0.03125,0,0.015780766000148105
901034,congestion,aligned,ample,zero_negative,0.23706473965769873,0.0,0.2533624842905966,0.26015952727992875,1.0,0,0.014992682000183777
901034,congestion,aligned,scarce,full,0.014659794421359099,0.38804983633338674,0.024002052421016832,0.012030319693089875,0.03125,0,0.019299606000231506
901034,congestion,aligned,scarce,no_K,0.014659794421359099,0.38804983633338674,0.024002052421016832,0.012030319693089875,0.03125,0,0.018920711999498963
901034,congestion,aligned,scarce,no_W,0.014659794421359099,0.38804983633338674,0.024002052421016832,0.012030319693089875,0.03125,0,0.018882995999319974
901034,congestion,aligned,scarce,no_WK,0.014659794421359099,0.38804983633338674,0.024002052421016832,0.012030319693089875,0.03125,0,0.018782838999868545
901034,congestion,aligned,scarce,retuned_zero,0.014659794421359099,0.38804983633338674,0.024002052421016832,0.012030319693089875,0.03125,0,0.026580250999927557
901034,congestion,aligned,scarce,rewired,0.014659794421359099,0.38804983633338674,0.024002052421016832,0.012030319693089875,0.03125,0,0.018931734000489087
901034,congestion,aligned,scarce,reverse,0.014659794421359099,0.38804983633338674,0.024002052421016832,0.012030319693089875,0.03125,0,0.01898204699989492
901034,congestion,aligned,scarce,generic_nonlinear,0.014659794421359099,0.38804983633338674,0.024002052421016832,0.012030319693089875,0.03125,0,0.017180970000254092
901034,congestion,aligned,scarce,generic_equivalent,0.014659794421359099,0.38804983633338674,0.024002052421016832,0.012030319693089875,0.03125,0,0.0165632529992763
901034,congestion,aligned,scarce,signed_intensity,0.014659794421359099,0.38804983633338674,0.024002052421016832,0.012030319693089875,0.03125,0,0.02969959699953506
901034,congestion,aligned,scarce,gradient,0.016955738485368695,0.3878167464992023,0.03345627452881322,0.018700282481005207,0.03125,0,0.015694652000433962
901034,congestion,aligned,scarce,zero_negative,0.23706473965769873,0.0,0.2533624842905966,0.26015952727992875,1.0,0,0.014951723000081074
901034,congestion,rewired,ample,full,0.011044170304456473,0.4401072345320949,0.019906043337550906,0.0031539970712765953,0.03125,0,0.019699339000680993
901034,congestion,rewired,ample,no_K,0.011044170304456473,0.4401072345320949,0.019906043337550906,0.0031539970712765953,0.03125,0,0.019362886000635626
901034,congestion,rewired,ample,no_W,0.011044170304456473,0.4401072345320949,0.019906043337550906,0.0031539970712765953,0.03125,0,0.01932847400019
901034,congestion,rewired,ample,no_WK,0.011044170304456473,0.4401072345320949,0.019906043337550906,0.0031539970712765953,0.03125,0,0.018982027000106427
901034,congestion,rewired,ample,retuned_zero,0.011044170304456473,0.4401072345320949,0.019906043337550906,0.0031539970712765953,0.03125,0,0.025750849999894854
901034,congestion,rewired,ample,rewired,0.011044170304456473,0.4401072345320949,0.019906043337550906,0.0031539970712765953,0.03125,0,0.018930796999370614
901034,congestion,rewired,ample,reverse,0.011044170304456473,0.4401072345320949,0.019906043337550906,0.0031539970712765953,0.03125,0,0.018473983000262706
901034,congestion,rewired,ample,generic_nonlinear,0.011044170304456473,0.4401072345320949,0.019906043337550906,0.0031539970712765953,0.03125,0,0.017166831000054117
901034,congestion,rewired,ample,generic_equivalent,0.011044170304456473,0.4401072345320949,0.019906043337550906,0.0031539970712765953,0.03125,0,0.016599224000287904
901034,congestion,rewired,ample,signed_intensity,0.011044170304456473,0.4401072345320949,0.019906043337550906,0.0031539970712765953,0.03125,0,0.02953454199951011
901034,congestion,rewired,ample,gradient,0.012414835255963276,0.43904914670396733,0.026082110225322922,0.00599449905162093,0.03125,0,0.015690653000092425
901034,congestion,rewired,ample,zero_negative,0.23706473965769873,0.0,0.2533624842905966,0.26015952727992875,1.0,0,0.015116783000166834
901034,congestion,rewired,scarce,full,0.01623833238462682,0.38745274337110475,0.02552174047051334,0.015250019800459645,0.03125,0,0.019447860001037043
901034,congestion,rewired,scarce,no_K,0.01623833238462682,0.38745274337110475,0.02552174047051334,0.015250019800459645,0.03125,0,0.01852567499952329
901034,congestion,rewired,scarce,no_W,0.01623833238462682,0.38745274337110475,0.02552174047051334,0.015250019800459645,0.03125,0,0.01864277499930722
901034,congestion,rewired,scarce,no_WK,0.01623833238462682,0.38745274337110475,0.02552174047051334,0.015250019800459645,0.03125,0,0.01923251799985337
901034,congestion,rewired,scarce,retuned_zero,0.01623833238462682,0.38745274337110475,0.02552174047051334,0.015250019800459645,0.03125,0,0.025270136000244747
901034,congestion,rewired,scarce,rewired,0.01623833238462682,0.38745274337110475,0.02552174047051334,0.015250019800459645,0.03125,0,0.01866117900010522
901034,congestion,rewired,scarce,reverse,0.01623833238462682,0.38745274337110475,0.02552174047051334,0.015250019800459645,0.03125,0,0.01883219500030009
901034,congestion,rewired,scarce,generic_nonlinear,0.01623833238462682,0.38745274337110475,0.02552174047051334,0.015250019800459645,0.03125,0,0.01699618299994654
901034,congestion,rewired,scarce,generic_equivalent,0.01623833238462682,0.38745274337110475,0.02552174047051334,0.015250019800459645,0.03125,0,0.016382772000042678
901034,congestion,rewired,scarce,signed_intensity,0.01623833238462682,0.38745274337110475,0.02552174047051334,0.015250019800459645,0.03125,0,0.029637006999791993
901034,congestion,rewired,scarce,gradient,0.017497050872730485,0.38781729335770193,0.028704432805546715,0.018043343696258363,0.03125,0,0.01642250099996545
901034,congestion,rewired,scarce,zero_negative,0.23706473965769873,0.0,0.2533624842905966,0.26015952727992875,1.0,0,0.014737019999984113
901034,congestion,absent,ample,full,0.011143892404222176,0.45308402352778443,0.016250753794381904,0.00010922331880813238,0.03125,0,0.01928659200052607
901034,congestion,absent,ample,no_K,0.011143892404222176,0.45308402352778443,0.016250753794381904,0.00010922331880813238,0.03125,0,0.018153763999748662
901034,congestion,absent,ample,no_W,0.011143892404222176,0.45308402352778443,0.016250753794381904,0.00010922331880813238,0.03125,0,0.01876155300078608
901034,congestion,absent,ample,no_WK,0.011143892404222176,0.45308402352778443,0.016250753794381904,0.00010922331880813238,0.03125,0,0.018608005000601224
901034,congestion,absent,ample,retuned_zero,0.011143892404222176,0.45308402352778443,0.016250753794381904,0.00010922331880813238,0.03125,0,0.018637793999687347
901034,congestion,absent,ample,rewired,0.011143892404222176,0.45308402352778443,0.016250753794381904,0.00010922331880813238,0.03125,0,0.0185007640003505
901034,congestion,absent,ample,reverse,0.011143892404222176,0.45308402352778443,0.016250753794381904,0.00010922331880813238,0.03125,0,0.018287486000531317
901034,congestion,absent,ample,generic_nonlinear,0.011143892404222176,0.45308402352778443,0.016250753794381904,0.00010922331880813238,0.03125,0,0.016634915999588884
901034,congestion,absent,ample,generic_equivalent,0.011143892404222176,0.45308402352778443,0.016250753794381904,0.00010922331880813238,0.03125,0,0.016451711000058822
901034,congestion,absent,ample,signed_intensity,0.011143892404222176,0.45308402352778443,0.016250753794381904,0.00010922331880813238,0.03125,0,0.02891596600034063
901034,congestion,absent,ample,gradient,0.011706361401428587,0.45157032920471907,0.019200191927164458,0.0011829605225219626,0.03125,0,0.015404628999249326
901034,congestion,absent,ample,zero_negative,0.23706473965769873,0.0,0.2533624842905966,0.26015952727992875,1.0,0,0.014486762000728959
901034,congestion,absent,scarce,full,0.01737789667901904,0.39273287182691896,0.023787067447863314,0.012036612006979471,0.03125,0,0.019024937999802205
901034,congestion,absent,scarce,no_K,0.01737789667901904,0.39273287182691896,0.023787067447863314,0.012036612006979471,0.03125,0,0.018577994998850045
901034,congestion,absent,scarce,no_W,0.01737789667901904,0.39273287182691896,0.023787067447863314,0.012036612006979471,0.03125,0,0.018309445999307172
901034,congestion,absent,scarce,no_WK,0.01737789667901904,0.39273287182691896,0.023787067447863314,0.012036612006979471,0.03125,0,0.025613547999910224
901034,congestion,absent,scarce,retuned_zero,0.01737789667901904,0.39273287182691896,0.023787067447863314,0.012036612006979471,0.03125,0,0.018492689000026985
901034,congestion,absent,scarce,rewired,0.01737789667901904,0.39273287182691896,0.023787067447863314,0.012036612006979471,0.03125,0,0.018510085999196235
901034,congestion,absent,scarce,reverse,0.01737789667901904,0.39273287182691896,0.023787067447863314,0.012036612006979471,0.03125,0,0.018769228999758525
901034,congestion,absent,scarce,generic_nonlinear,0.01737789667901904,0.39273287182691896,0.023787067447863314,0.012036612006979471,0.03125,0,0.016667706999555776
901034,congestion,absent,scarce,generic_equivalent,0.01737789667901904,0.39273287182691896,0.023787067447863314,0.012036612006979471,0.03125,0,0.016588859999956185
901034,congestion,absent,scarce,signed_intensity,0.01737789667901904,0.39273287182691896,0.023787067447863314,0.012036612006979471,0.03125,0,0.02939982800035068
901034,congestion,absent,scarce,gradient,0.018012779627497522,0.39268551837932697,0.026272892643673385,0.013331377269157885,0.03125,0,0.015603175999672203
901034,congestion,absent,scarce,zero_negative,0.23706473965769873,0.0,0.2533624842905966,0.26015952727992875,1.0,0,0.01465387200062196
901035,linear,aligned,ample,full,0.0014452468611125119,0.4308145047496088,0.0033794213360548477,0.0005928148445152397,0.03125,0,0.019016845000010107
901035,linear,aligned,ample,no_K,0.0014452468611125119,0.4308145047496088,0.0033794213360548477,0.0005928148445152397,0.03125,0,0.01880716600044252
901035,linear,aligned,ample,no_W,0.0014452468611125119,0.4308145047496088,0.0033794213360548477,0.0005928148445152397,0.03125,0,0.018748341000332402
901035,linear,aligned,ample,no_WK,0.0014452468611125119,0.4308145047496088,0.0033794213360548477,0.0005928148445152397,0.03125,0,0.025821764999818697
901035,linear,aligned,ample,retuned_zero,0.0014452468611125119,0.4308145047496088,0.0033794213360548477,0.0005928148445152397,0.03125,0,0.018737150000220026
901035,linear,aligned,ample,rewired,0.0014452468611125119,0.4308145047496088,0.0033794213360548477,0.0005928148445152397,0.03125,0,0.018644554000843527
901035,linear,aligned,ample,reverse,0.0014452468611125119,0.4308145047496088,0.0033794213360548477,0.0005928148445152397,0.03125,0,0.018277395999461987
901035,linear,aligned,ample,generic_nonlinear,0.0014452468611125119,0.4308145047496088,0.0033794213360548477,0.0005928148445152397,0.03125,0,0.01683084700039217
901035,linear,aligned,ample,generic_equivalent,0.0014452468611125119,0.4308145047496088,0.0033794213360548477,0.0005928148445152397,0.03125,0,0.016629245000103765
901035,linear,aligned,ample,signed_intensity,0.0014452468611125119,0.4308145047496088,0.0033794213360548477,0.0005928148445152397,0.03125,0,0.02963530899955913
901035,linear,aligned,ample,gradient,0.0019473241359628552,0.43091925556530203,0.0055586635358506505,0.0007174049023453046,0.03125,0,0.01564043900032175
901035,linear,aligned,ample,zero_negative,0.24108444111565208,0.0,0.2590074963805704,0.22217672657040252,1.0,0,0.015577934999782883
901035,linear,aligned,scarce,full,0.0033870047938323543,0.39777406694968015,0.006145097528646959,0.001407798508755672,0.03125,0,0.019164535000186333
901035,linear,aligned,scarce,no_K,0.0033870047938323543,0.39777406694968015,0.006145097528646959,0.001407798508755672,0.03125,0,0.01837045299998863
901035,linear,aligned,scarce,no_W,0.0033870047938323543,0.39777406694968015,0.006145097528646959,0.001407798508755672,0.03125,0,0.018555746999822986
901035,linear,aligned,scarce,no_WK,0.0033870047938323543,0.39777406694968015,0.006145097528646959,0.001407798508755672,0.03125,0,0.019232100000408536
901035,linear,aligned,scarce,retuned_zero,0.0033870047938323543,0.39777406694968015,0.006145097528646959,0.001407798508755672,0.03125,0,0.018930621000208703
901035,linear,aligned,scarce,rewired,0.0033870047938323543,0.39777406694968015,0.006145097528646959,0.001407798508755672,0.03125,0,0.0182589539995206
901035,linear,aligned,scarce,reverse,0.0033870047938323543,0.39777406694968015,0.006145097528646959,0.001407798508755672,0.03125,0,0.018930869000087114
901035,linear,aligned,scarce,generic_nonlinear,0.0033870047938323543,0.39777406694968015,0.006145097528646959,0.001407798508755672,0.03125,0,0.016884374999790452
901035,linear,aligned,scarce,generic_equivalent,0.0033870047938323543,0.39777406694968015,0.006145097528646959,0.001407798508755672,0.03125,0,0.016460479000329542
901035,linear,aligned,scarce,signed_intensity,0.0033870047938323543,0.39777406694968015,0.006145097528646959,0.001407798508755672,0.03125,0,0.02943098199943961
901035,linear,aligned,scarce,gradient,0.004151341514223074,0.39765318409298567,0.008106553306839502,0.0018869675390548362,0.03125,0,0.016433190999805447
901035,linear,aligned,scarce,zero_negative,0.24108444111565208,0.0,0.2590074963805704,0.22217672657040252,1.0,0,0.014954102001183855
901035,linear,rewired,ample,full,0.0016791260046615099,0.43504885300729595,0.004667875710482571,0.0005073003562003813,0.03125,0,0.019329899000581463
901035,linear,rewired,ample,no_K,0.0016791260046615099,0.43504885300729595,0.004667875710482571,0.0005073003562003813,0.03125,0,0.01834698700042736
901035,linear,rewired,ample,no_W,0.0016791260046615099,0.43504885300729595,0.004667875710482571,0.0005073003562003813,0.03125,0,0.018854735999411787
901035,linear,rewired,ample,no_WK,0.0016791260046615099,0.43504885300729595,0.004667875710482571,0.0005073003562003813,0.03125,0,0.025205999999457163
901035,linear,rewired,ample,retuned_zero,0.0016791260046615099,0.43504885300729595,0.004667875710482571,0.0005073003562003813,0.03125,0,0.01876911099964218
901035,linear,rewired,ample,rewired,0.0016791260046615099,0.43504885300729595,0.004667875710482571,0.0005073003562003813,0.03125,0,0.018747398000641624
901035,linear,rewired,ample,reverse,0.0016791260046615099,0.43504885300729595,0.004667875710482571,0.0005073003562003813,0.03125,0,0.019146138999872164
901035,linear,rewired,ample,generic_nonlinear,0.0016791260046615099,0.43504885300729595,0.004667875710482571,0.0005073003562003813,0.03125,0,0.016998614000840462
901035,linear,rewired,ample,generic_equivalent,0.0016791260046615099,0.43504885300729595,0.004667875710482571,0.0005073003562003813,0.03125,0,0.01664095900071061
901035,linear,rewired,ample,signed_intensity,0.0016791260046615099,0.43504885300729595,0.004667875710482571,0.0005073003562003813,0.03125,0,0.02942458199936482
901035,linear,rewired,ample,gradient,0.0021084350622441405,0.43488446944558495,0.006584682226450165,0.0004168680220480648,0.03125,0,0.01579182100010712
901035,linear,rewired,ample,zero_negative,0.24108444111565208,0.0,0.2590074963805704,0.22217672657040252,1.0,0,0.01481195100086552
901035,linear,rewired,scarce,full,0.003408754933653766,0.39849230913206,0.007191864074383075,0.0012235595780510802,0.03125,0,0.01914932200008934
901035,linear,rewired,scarce,no_K,0.003408754933653766,0.39849230913206,0.007191864074383075,0.0012235595780510802,0.03125,0,0.018799347999220117
901035,linear,rewired,scarce,no_W,0.003408754933653766,0.39849230913206,0.007191864074383075,0.0012235595780510802,0.03125,0,0.027101696999579872
901035,linear,rewired,scarce,no_WK,0.003408754933653766,0.39849230913206,0.007191864074383075,0.0012235595780510802,0.03125,0,0.018709799001044303
901035,linear,rewired,scarce,retuned_zero,0.003408754933653766,0.39849230913206,0.007191864074383075,0.0012235595780510802,0.03125,0,0.018652091000490145
901035,linear,rewired,scarce,rewired,0.003408754933653766,0.39849230913206,0.007191864074383075,0.0012235595780510802,0.03125,0,0.01870068599998831
901035,linear,rewired,scarce,reverse,0.003408754933653766,0.39849230913206,0.007191864074383075,0.0012235595780510802,0.03125,0,0.01876589500011505
901035,linear,rewired,scarce,generic_nonlinear,0.003408754933653766,0.39849230913206,0.007191864074383075,0.0012235595780510802,0.03125,0,0.01709518899951945
901035,linear,rewired,scarce,generic_equivalent,0.003408754933653766,0.39849230913206,0.007191864074383075,0.0012235595780510802,0.03125,0,0.01643876999889926
901035,linear,rewired,scarce,signed_intensity,0.003408754933653766,0.39849230913206,0.007191864074383075,0.0012235595780510802,0.03125,0,0.02936765999936597
901035,linear,rewired,scarce,gradient,0.003859393384102303,0.39864771971308477,0.008698935425256302,0.0014127541870654853,0.03125,0,0.015911744000732142
901035,linear,rewired,scarce,zero_negative,0.24108444111565208,0.0,0.2590074963805704,0.22217672657040252,1.0,0,0.014843595999764148
901035,linear,absent,ample,full,0.0013094661414188107,0.46080078694845994,0.0022926851480395,5.7590592137818666e-05,0.03125,0,0.019072749000656586
901035,linear,absent,ample,no_K,0.0013094661414188107,0.46080078694845994,0.0022926851480395,5.7590592137818666e-05,0.03125,0,0.018919952000032936
901035,linear,absent,ample,no_W,0.0013094661414188107,0.46080078694845994,0.0022926851480395,5.7590592137818666e-05,0.03125,0,0.028660556000545512
901035,linear,absent,ample,no_WK,0.0013094661414188107,0.46080078694845994,0.0022926851480395,5.7590592137818666e-05,0.03125,0,0.018794074000538785
901035,linear,absent,ample,retuned_zero,0.0013094661414188107,0.46080078694845994,0.0022926851480395,5.7590592137818666e-05,0.03125,0,0.018973565001147108
901035,linear,absent,ample,rewired,0.0013094661414188107,0.46080078694845994,0.0022926851480395,5.7590592137818666e-05,0.03125,0,0.018490288999942095
901035,linear,absent,ample,reverse,0.0013094661414188107,0.46080078694845994,0.0022926851480395,5.7590592137818666e-05,0.03125,0,0.018084037999983593
901035,linear,absent,ample,generic_nonlinear,0.0013094661414188107,0.46080078694845994,0.0022926851480395,5.7590592137818666e-05,0.03125,0,0.01689371600036793
901035,linear,absent,ample,generic_equivalent,0.0013094661414188107,0.46080078694845994,0.0022926851480395,5.7590592137818666e-05,0.03125,0,0.016591877999985627
901035,linear,absent,ample,signed_intensity,0.0013094661414188107,0.46080078694845994,0.0022926851480395,5.7590592137818666e-05,0.03125,0,0.029605763999143164
901035,linear,absent,ample,gradient,0.0014148623606653238,0.46081700385534746,0.0028403998154334456,0.0002027042584331066,0.03125,0,0.015560945000288484
901035,linear,absent,ample,zero_negative,0.24108444111565208,0.0,0.2590074963805704,0.22217672657040252,1.0,0,0.015122536000035325
901035,linear,absent,scarce,full,0.006839720542282589,0.4,0.010181242306411974,0.0035522851918660266,0.03125,0,0.018993722999653073
901035,linear,absent,scarce,no_K,0.006839720542282589,0.4,0.010181242306411974,0.0035522851918660266,0.03125,0,0.018396179999740525
901035,linear,absent,scarce,no_W,0.006839720542282589,0.4,0.010181242306411974,0.0035522851918660266,0.03125,0,0.018422630999680223
901035,linear,absent,scarce,no_WK,0.006839720542282589,0.4,0.010181242306411974,0.0035522851918660266,0.03125,0,0.01823824999974022
901035,linear,absent,scarce,retuned_zero,0.006839720542282589,0.4,0.010181242306411974,0.0035522851918660266,0.03125,0,0.01912329800063617
901035,linear,absent,scarce,rewired,0.006839720542282589,0.4,0.010181242306411974,0.0035522851918660266,0.03125,0,0.01831215100025929
901035,linear,absent,scarce,reverse,0.006839720542282589,0.4,0.010181242306411974,0.0035522851918660266,0.03125,0,0.01869007200048145
901035,linear,absent,scarce,generic_nonlinear,0.006839720542282589,0.4,0.010181242306411974,0.0035522851918660266,0.03125,0,0.01689171699911185
901035,linear,absent,scarce,generic_equivalent,0.006839720542282589,0.4,0.010181242306411974,0.0035522851918660266,0.03125,0,0.01650073500104554
901035,linear,absent,scarce,signed_intensity,0.006839720542282588,0.4,0.010181242306411974,0.0035522851918660266,0.03125,0,0.03005766299941115
901035,linear,absent,scarce,gradient,0.00699162615003218,0.39999999999999997,0.010637162123409144,0.0038448059569332824,0.03125,0,0.01648761100068441
901035,linear,absent,scarce,zero_negative,0.24108444111565208,0.0,0.2590074963805704,0.22217672657040252,1.0,0,0.014790061000212518
901035,congestion,aligned,ample,full,0.0016621112477972608,0.4566671322549597,0.00404812711063301,0.000927125089223594,0.03125,0,0.01945079599931887
901035,congestion,aligned,ample,no_K,0.0016621112477972608,0.4566671322549597,0.00404812711063301,0.000927125089223594,0.03125,0,0.0186481060004553
901035,congestion,aligned,ample,no_W,0.0016621112477972608,0.4566671322549597,0.00404812711063301,0.000927125089223594,0.03125,0,0.01919267000016589
901035,congestion,aligned,ample,no_WK,0.0016621112477972608,0.4566671322549597,0.00404812711063301,0.000927125089223594,0.03125,0,0.01862813499974436
901035,congestion,aligned,ample,retuned_zero,0.0016621112477972608,0.4566671322549597,0.00404812711063301,0.000927125089223594,0.03125,0,0.01917504000050485
901035,congestion,aligned,ample,rewired,0.0016621112477972608,0.4566671322549597,0.00404812711063301,0.000927125089223594,0.03125,0,0.019326804999877822
901035,congestion,aligned,ample,reverse,0.0016621112477972608,0.4566671322549597,0.00404812711063301,0.000927125089223594,0.03125,0,0.019253031998573533
901035,congestion,aligned,ample,generic_nonlinear,0.0016621112477972608,0.4566671322549597,0.00404812711063301,0.000927125089223594,0.03125,0,0.017102016999274383
901035,congestion,aligned,ample,generic_equivalent,0.0016621112477972608,0.4566671322549597,0.00404812711063301,0.000927125089223594,0.03125,0,0.016587498999911077
901035,congestion,aligned,ample,signed_intensity,0.0016621112477972608,0.4566671322549597,0.00404812711063301,0.000927125089223594,0.03125,0,0.02951328000006015
901035,congestion,aligned,ample,gradient,0.0022711315407391436,0.45601779231797446,0.006832570903995932,0.0015736721770685577,0.03125,0,0.016012082000088412
901035,congestion,aligned,ample,zero_negative,0.24108444111565208,0.0,0.2590074963805704,0.22217672657040252,1.0,0,0.015416199998981028
901035,congestion,aligned,scarce,full,0.00569295843765389,0.4,0.008994139289081715,0.0024319397664661264,0.03125,0,0.01909412299937685
901035,congestion,aligned,scarce,no_K,0.00569295843765389,0.4,0.008994139289081715,0.0024319397664661264,0.03125,0,0.026764490000118712
901035,congestion,aligned,scarce,no_W,0.00569295843765389,0.4,0.008994139289081715,0.0024319397664661264,0.03125,0,0.018935803999966083
901035,congestion,aligned,scarce,no_WK,0.00569295843765389,0.4,0.008994139289081715,0.0024319397664661264,0.03125,0,0.018588247999900886
901035,congestion,aligned,scarce,retuned_zero,0.00569295843765389,0.4,0.008994139289081715,0.0024319397664661264,0.03125,0,0.0191605480005137
901035,congestion,aligned,scarce,rewired,0.00569295843765389,0.4,0.008994139289081715,0.0024319397664661264,0.03125,0,0.01909931900013362
901035,congestion,aligned,scarce,reverse,0.00569295843765389,0.4,0.008994139289081715,0.0024319397664661264,0.03125,0,0.019087434000311987
901035,congestion,aligned,scarce,generic_nonlinear,0.00569295843765389,0.4,0.008994139289081715,0.0024319397664661264,0.03125,0,0.017074451999519624
901035,congestion,aligned,scarce,generic_equivalent,0.00569295843765389,0.4,0.008994139289081715,0.0024319397664661264,0.03125,0,0.01664281599937567
901035,congestion,aligned,scarce,signed_intensity,0.00569295843765389,0.4,0.008994139289081715,0.0024319397664661264,0.03125,0,0.030056532001026426
901035,congestion,aligned,scarce,gradient,0.006813834193894142,0.4,0.011736496037410879,0.0034657445809547806,0.03125,0,0.01595595400010552
901035,congestion,aligned,scarce,zero_negative,0.24108444111565208,0.0,0.2590074963805704,0.22217672657040252,1.0,0,0.014984879000280671
901035,congestion,rewired,ample,full,0.00197038099847564,0.4606592022673272,0.006288177663877691,0.0007872950934757725,0.03125,0,0.019366972999819154
901035,congestion,rewired,ample,no_K,0.00197038099847564,0.4606592022673272,0.006288177663877691,0.0007872950934757725,0.03125,0,0.027444975999969756
901035,congestion,rewired,ample,no_W,0.00197038099847564,0.4606592022673272,0.006288177663877691,0.0007872950934757725,0.03125,0,0.019233223999776783
901035,congestion,rewired,ample,no_WK,0.00197038099847564,0.4606592022673272,0.006288177663877691,0.0007872950934757725,0.03125,0,0.019102681001072597
901035,congestion,rewired,ample,retuned_zero,0.00197038099847564,0.4606592022673272,0.006288177663877691,0.0007872950934757725,0.03125,0,0.019088110000097913
901035,congestion,rewired,ample,rewired,0.00197038099847564,0.4606592022673272,0.006288177663877691,0.0007872950934757725,0.03125,0,0.01849103799986551
901035,congestion,rewired,ample,reverse,0.00197038099847564,0.4606592022673272,0.006288177663877691,0.0007872950934757725,0.03125,0,0.018539498000109234
901035,congestion,rewired,ample,generic_nonlinear,0.00197038099847564,0.4606592022673272,0.006288177663877691,0.0007872950934757725,0.03125,0,0.01696564600047168
901035,congestion,rewired,ample,generic_equivalent,0.00197038099847564,0.4606592022673272,0.006288177663877691,0.0007872950934757725,0.03125,0,0.016536928999812517
901035,congestion,rewired,ample,signed_intensity,0.00197038099847564,0.4606592022673272,0.006288177663877691,0.0007872950934757725,0.03125,0,0.029800567999700434
901035,congestion,rewired,ample,gradient,0.002493084230926707,0.4600541812938388,0.008621080387918636,0.0009785970372659788,0.03125,0,0.01583053100125653
901035,congestion,rewired,ample,zero_negative,0.24108444111565208,0.0,0.2590074963805704,0.22217672657040252,1.0,0,0.015345796000133305
901035,congestion,rewired,scarce,full,0.005917298090127774,0.4,0.011553095179134583,0.0025301218760744324,0.03125,0,0.01911780799935059
901035,congestion,rewired,scarce,no_K,0.005917298090127774,0.4,0.011553095179134583,0.0025301218760744324,0.03125,0,0.025016821999543026
901035,congestion,rewired,scarce,no_W,0.005917298090127774,0.4,0.011553095179134583,0.0025301218760744324,0.03125,0,0.01856078300011177
901035,congestion,rewired,scarce,no_WK,0.005917298090127774,0.4,0.011553095179134583,0.0025301218760744324,0.03125,0,0.018447015000560896
901035,congestion,rewired,scarce,retuned_zero,0.005917298090127774,0.4,0.011553095179134583,0.0025301218760744324,0.03125,0,0.019242900000563168
901035,congestion,rewired,scarce,rewired,0.005917298090127774,0.4,0.011553095179134583,0.0025301218760744324,0.03125,0,0.018516497001314747
901035,congestion,rewired,scarce,reverse,0.005917298090127774,0.4,0.011553095179134583,0.0025301218760744324,0.03125,0,0.019011285999226857
901035,congestion,rewired,scarce,generic_nonlinear,0.005917298090127774,0.4,0.011553095179134583,0.0025301218760744324,0.03125,0,0.017202386000462866
901035,congestion,rewired,scarce,generic_equivalent,0.005917298090127774,0.4,0.011553095179134583,0.0025301218760744324,0.03125,0,0.016803329000254053
901035,congestion,rewired,scarce,signed_intensity,0.005917298090127774,0.4,0.011553095179134583,0.0025301218760744324,0.03125,0,0.030097693999209696
901035,congestion,rewired,scarce,gradient,0.006391504559291986,0.39999999999999997,0.012890750998602788,0.0029164501287974208,0.03125,0,0.01652193099903343
901035,congestion,rewired,scarce,zero_negative,0.24108444111565208,0.0,0.2590074963805704,0.22217672657040252,1.0,0,0.014953495000327166
901035,congestion,absent,ample,full,0.0013094661414188107,0.46080078694845994,0.0022926851480395,5.7590592137818666e-05,0.03125,0,0.018986539999445995
901035,congestion,absent,ample,no_K,0.0013094661414188107,0.46080078694845994,0.0022926851480395,5.7590592137818666e-05,0.03125,0,0.024995229000637664
901035,congestion,absent,ample,no_W,0.0013094661414188107,0.46080078694845994,0.0022926851480395,5.7590592137818666e-05,0.03125,0,0.01860159499983638
901035,congestion,absent,ample,no_WK,0.0013094661414188107,0.46080078694845994,0.0022926851480395,5.7590592137818666e-05,0.03125,0,0.01877896700113979
901035,congestion,absent,ample,retuned_zero,0.0013094661414188107,0.46080078694845994,0.0022926851480395,5.7590592137818666e-05,0.03125,0,0.018922494000207735
901035,congestion,absent,ample,rewired,0.0013094661414188107,0.46080078694845994,0.0022926851480395,5.7590592137818666e-05,0.03125,0,0.018703477000599378
901035,congestion,absent,ample,reverse,0.0013094661414188107,0.46080078694845994,0.0022926851480395,5.7590592137818666e-05,0.03125,0,0.018779161999532334
901035,congestion,absent,ample,generic_nonlinear,0.0013094661414188107,0.46080078694845994,0.0022926851480395,5.7590592137818666e-05,0.03125,0,0.01693906099967535
901035,congestion,absent,ample,generic_equivalent,0.0013094661414188107,0.46080078694845994,0.0022926851480395,5.7590592137818666e-05,0.03125,0,0.016601456999410402
901035,congestion,absent,ample,signed_intensity,0.0013094661414188107,0.46080078694845994,0.0022926851480395,5.7590592137818666e-05,0.03125,0,0.029758963000062977
901035,congestion,absent,ample,gradient,0.0014148623606653238,0.46081700385534746,0.0028403998154334456,0.0002027042584331066,0.03125,0,0.01566218800007846
901035,congestion,absent,ample,zero_negative,0.24108444111565208,0.0,0.2590074963805704,0.22217672657040252,1.0,0,0.014673600000833176
901035,congestion,absent,scarce,full,0.006839720542282589,0.4,0.010181242306411974,0.0035522851918660266,0.03125,0,0.019155978999265244
901035,congestion,absent,scarce,no_K,0.006839720542282589,0.4,0.010181242306411974,0.0035522851918660266,0.03125,0,0.018963397000447912
901035,congestion,absent,scarce,no_W,0.006839720542282589,0.4,0.010181242306411974,0.0035522851918660266,0.03125,0,0.0186646270002484
901035,congestion,absent,scarce,no_WK,0.006839720542282589,0.4,0.010181242306411974,0.0035522851918660266,0.03125,0,0.018579975999500675
901035,congestion,absent,scarce,retuned_zero,0.006839720542282589,0.4,0.010181242306411974,0.0035522851918660266,0.03125,0,0.018953928000087217
901035,congestion,absent,scarce,rewired,0.006839720542282589,0.4,0.010181242306411974,0.0035522851918660266,0.03125,0,0.01911167199978081
901035,congestion,absent,scarce,reverse,0.006839720542282589,0.4,0.010181242306411974,0.0035522851918660266,0.03125,0,0.018964235000339613
901035,congestion,absent,scarce,generic_nonlinear,0.006839720542282589,0.4,0.010181242306411974,0.0035522851918660266,0.03125,0,0.0169721019994995
901035,congestion,absent,scarce,generic_equivalent,0.006839720542282589,0.4,0.010181242306411974,0.0035522851918660266,0.03125,0,0.016374684000538764
901035,congestion,absent,scarce,signed_intensity,0.006839720542282588,0.4,0.010181242306411974,0.0035522851918660266,0.03125,0,0.02944476099946769
901035,congestion,absent,scarce,gradient,0.00699162615003218,0.39999999999999997,0.010637162123409144,0.0038448059569332824,0.03125,0,0.015554012000393413
901035,congestion,absent,scarce,zero_negative,0.24108444111565208,0.0,0.2590074963805704,0.22217672657040252,1.0,0,0.014583596999614201
901036,linear,aligned,ample,full,0.018066373382878496,0.38042537501183954,0.025281828120250083,0.0006344000674008341,0.03125,0,0.026100235999365395
901036,linear,aligned,ample,no_K,0.018066373382878496,0.38042537501183954,0.025281828120250083,0.0006344000674008341,0.03125,0,0.01874882300057834
901036,linear,aligned,ample,no_W,0.018066373382878496,0.38042537501183954,0.025281828120250083,0.0006344000674008341,0.03125,0,0.01865625499954149
901036,linear,aligned,ample,no_WK,0.018066373382878496,0.38042537501183954,0.025281828120250083,0.0006344000674008341,0.03125,0,0.018970849999504935
901036,linear,aligned,ample,retuned_zero,0.018066373382878496,0.38042537501183954,0.025281828120250083,0.0006344000674008341,0.03125,0,0.01872814499984088
901036,linear,aligned,ample,rewired,0.018066373382878496,0.38042537501183954,0.025281828120250083,0.0006344000674008341,0.03125,0,0.018137821999630432
901036,linear,aligned,ample,reverse,0.018066373382878496,0.38042537501183954,0.025281828120250083,0.0006344000674008341,0.03125,0,0.018281811999486308
901036,linear,aligned,ample,generic_nonlinear,0.018066373382878496,0.38042537501183954,0.025281828120250083,0.0006344000674008341,0.03125,0,0.01704078700026912
901036,linear,aligned,ample,generic_equivalent,0.018066373382878496,0.38042537501183954,0.025281828120250083,0.0006344000674008341,0.03125,0,0.016907790000345813
901036,linear,aligned,ample,signed_intensity,0.018066373382878496,0.38042537501183954,0.025281828120250083,0.0006344000674008341,0.03125,0,0.029503739000460882
901036,linear,aligned,ample,gradient,0.019569382219866083,0.3812503422992917,0.03338805096103665,0.002628038799484766,0.03125,0,0.015659437000408616
901036,linear,aligned,ample,zero_negative,0.19593955871226498,0.0,0.22552499187783281,0.155355592727397,1.0,0,0.015148632000659745
901036,linear,aligned,scarce,full,0.01853446223407962,0.3713920179629321,0.02641181567392936,0.0006344936171003109,0.03125,0,0.025964885000234972
901036,linear,aligned,scarce,no_K,0.01853446223407962,0.3713920179629321,0.02641181567392936,0.0006344936171003109,0.03125,0,0.019072732000267933
901036,linear,aligned,scarce,no_W,0.01853446223407962,0.3713920179629321,0.02641181567392936,0.0006344936171003109,0.03125,0,0.018521120000741575
901036,linear,aligned,scarce,no_WK,0.01853446223407962,0.3713920179629321,0.02641181567392936,0.0006344936171003109,0.03125,0,0.018268317001002288
901036,linear,aligned,scarce,retuned_zero,0.01853446223407962,0.3713920179629321,0.02641181567392936,0.0006344936171003109,0.03125,0,0.01899488299989116
901036,linear,aligned,scarce,rewired,0.01853446223407962,0.3713920179629321,0.02641181567392936,0.0006344936171003109,0.03125,0,0.01818291200038402
901036,linear,aligned,scarce,reverse,0.01853446223407962,0.3713920179629321,0.02641181567392936,0.0006344936171003109,0.03125,0,0.019025306000685305
901036,linear,aligned,scarce,generic_nonlinear,0.01853446223407962,0.3713920179629321,0.02641181567392936,0.0006344936171003109,0.03125,0,0.016944611000667464
901036,linear,aligned,scarce,generic_equivalent,0.01853446223407962,0.3713920179629321,0.02641181567392936,0.0006344936171003109,0.03125,0,0.016547621999620787
901036,linear,aligned,scarce,signed_intensity,0.01853446223407962,0.3713920179629321,0.02641181567392936,0.0006344936171003109,0.03125,0,0.02949456700025621
901036,linear,aligned,scarce,gradient,0.019855686741538654,0.3720695574116457,0.033587826728092164,0.0025347903580128154,0.03125,0,0.016206811000756716
901036,linear,aligned,scarce,zero_negative,0.19593955871226498,0.0,0.22552499187783281,0.155355592727397,1.0,0,0.014760029999933977
901036,linear,rewired,ample,full,0.01820291976510918,0.37849296385293946,0.02964476401369653,0.0007765085895418758,0.03125,0,0.01927579300081561
901036,linear,rewired,ample,no_K,0.01820291976510918,0.37849296385293946,0.02964476401369653,0.0007765085895418758,0.03125,0,0.018668617000002996
901036,linear,rewired,ample,no_W,0.01820291976510918,0.37849296385293946,0.02964476401369653,0.0007765085895418758,0.03125,0,0.018069180000111373
901036,linear,rewired,ample,no_WK,0.01820291976510918,0.37849296385293946,0.02964476401369653,0.0007765085895418758,0.03125,0,0.01897068400091939
901036,linear,rewired,ample,retuned_zero,0.01820291976510918,0.37849296385293946,0.02964476401369653,0.0007765085895418758,0.03125,0,0.018551055999409982
901036,linear,rewired,ample,rewired,0.01820291976510918,0.37849296385293946,0.02964476401369653,0.0007765085895418758,0.03125,0,0.018708233000438668
901036,linear,rewired,ample,reverse,0.01820291976510918,0.37849296385293946,0.02964476401369653,0.0007765085895418758,0.03125,0,0.018796574999328186
901036,linear,rewired,ample,generic_nonlinear,0.01820291976510918,0.37849296385293946,0.02964476401369653,0.0007765085895418758,0.03125,0,0.0167877609998186
901036,linear,rewired,ample,generic_equivalent,0.01820291976510918,0.37849296385293946,0.02964476401369653,0.0007765085895418758,0.03125,0,0.016466526000613158
901036,linear,rewired,ample,signed_intensity,0.01820291976510918,0.37849296385293946,0.02964476401369653,0.0007765085895418758,0.03125,0,0.02949401600017154
901036,linear,rewired,ample,gradient,0.019254539177121444,0.37918899236143994,0.03393323045185204,0.001566642014060965,0.03125,0,0.0156862999998566
901036,linear,rewired,ample,zero_negative,0.19593955871226498,0.0,0.22552499187783281,0.155355592727397,1.0,0,0.014694737999434437
901036,linear,rewired,scarce,full,0.0185566115782113,0.3700768672827166,0.03040544720413504,0.0007765147137214865,0.03125,0,0.02544433800017032
901036,linear,rewired,scarce,no_K,0.0185566115782113,0.3700768672827166,0.03040544720413504,0.0007765147137214865,0.03125,0,0.018762989999800084
901036,linear,rewired,scarce,no_W,0.0185566115782113,0.3700768672827166,0.03040544720413504,0.0007765147137214865,0.03125,0,0.018916064000222832
901036,linear,rewired,scarce,no_WK,0.0185566115782113,0.3700768672827166,0.03040544720413504,0.0007765147137214865,0.03125,0,0.01846752300048138
901036,linear,rewired,scarce,retuned_zero,0.0185566115782113,0.3700768672827166,0.03040544720413504,0.0007765147137214865,0.03125,0,0.01862169300034111
901036,linear,rewired,scarce,rewired,0.0185566115782113,0.3700768672827166,0.03040544720413504,0.0007765147137214865,0.03125,0,0.018801266000195938
901036,linear,rewired,scarce,reverse,0.0185566115782113,0.3700768672827166,0.03040544720413504,0.0007765147137214865,0.03125,0,0.0187557959991409
901036,linear,rewired,scarce,generic_nonlinear,0.0185566115782113,0.3700768672827166,0.03040544720413504,0.0007765147137214865,0.03125,0,0.01705207599923142
901036,linear,rewired,scarce,generic_equivalent,0.0185566115782113,0.3700768672827166,0.03040544720413504,0.0007765147137214865,0.03125,0,0.016486050000821706
901036,linear,rewired,scarce,signed_intensity,0.0185566115782113,0.3700768672827166,0.03040544720413504,0.0007765147137214865,0.03125,0,0.029795997999826795
901036,linear,rewired,scarce,gradient,0.019379514551814074,0.3713334192980832,0.033683848914761505,0.0015684613415494586,0.03125,0,0.01568698099958965
901036,linear,rewired,scarce,zero_negative,0.19593955871226498,0.0,0.22552499187783281,0.155355592727397,1.0,0,0.021095636000268314
901036,linear,absent,ample,full,0.019792994650098275,0.4052569471001769,0.027950137353142144,7.57475538993773e-05,0.03125,0,0.01907574100016518
901036,linear,absent,ample,no_K,0.019792994650098275,0.4052569471001769,0.027950137353142144,7.57475538993773e-05,0.03125,0,0.018911500999706732
901036,linear,absent,ample,no_W,0.019792994650098275,0.4052569471001769,0.027950137353142144,7.57475538993773e-05,0.03125,0,0.018700422000961225
901036,linear,absent,ample,no_WK,0.019792994650098275,0.4052569471001769,0.027950137353142144,7.57475538993773e-05,0.03125,0,0.01881367600003614
901036,linear,absent,ample,retuned_zero,0.019792994650098275,0.4052569471001769,0.027950137353142144,7.57475538993773e-05,0.03125,0,0.01860920200090277
901036,linear,absent,ample,rewired,0.019792994650098275,0.4052569471001769,0.027950137353142144,7.57475538993773e-05,0.03125,0,0.01824736499975188
901036,linear,absent,ample,reverse,0.019792994650098275,0.4052569471001769,0.027950137353142144,7.57475538993773e-05,0.03125,0,0.017964925999649495
901036,linear,absent,ample,generic_nonlinear,0.019792994650098275,0.4052569471001769,0.027950137353142144,7.57475538993773e-05,0.03125,0,0.016714734000288445
901036,linear,absent,ample,generic_equivalent,0.019792994650098275,0.4052569471001769,0.027950137353142144,7.57475538993773e-05,0.03125,0,0.016540422999696602
901036,linear,absent,ample,signed_intensity,0.019792994650098275,0.4052569471001769,0.027950137353142144,7.57475538993773e-05,0.03125,0,0.029754423000213137
901036,linear,absent,ample,gradient,0.019921465954933864,0.4054993032662727,0.028601120229066912,0.0002600658566207844,0.03125,0,0.015605012000378338
901036,linear,absent,ample,zero_negative,0.19593955871226498,0.0,0.22552499187783281,0.155355592727397,1.0,0,0.015320285000370859
901036,linear,absent,scarce,full,0.021253700724804134,0.3866326930863978,0.030721272012439373,8.343993888956862e-05,0.03125,0,0.018809002999432778
901036,linear,absent,scarce,no_K,0.021253700724804134,0.3866326930863978,0.030721272012439373,8.343993888956862e-05,0.03125,0,0.018650063000450245
901036,linear,absent,scarce,no_W,0.021253700724804134,0.3866326930863978,0.030721272012439373,8.343993888956862e-05,0.03125,0,0.01804137900069236
901036,linear,absent,scarce,no_WK,0.021253700724804134,0.3866326930863978,0.030721272012439373,8.343993888956862e-05,0.03125,0,0.018229793000045902
901036,linear,absent,scarce,retuned_zero,0.021253700724804134,0.3866326930863978,0.030721272012439373,8.343993888956862e-05,0.03125,0,0.01839320100077657
901036,linear,absent,scarce,rewired,0.021253700724804134,0.3866326930863978,0.030721272012439373,8.343993888956862e-05,0.03125,0,0.017840624000314165
901036,linear,absent,scarce,reverse,0.021253700724804134,0.3866326930863978,0.030721272012439373,8.343993888956862e-05,0.03125,0,0.01855671699991035
901036,linear,absent,scarce,generic_nonlinear,0.021253700724804134,0.3866326930863978,0.030721272012439373,8.343993888956862e-05,0.03125,0,0.01672715899985633
901036,linear,absent,scarce,generic_equivalent,0.021253700724804134,0.3866326930863978,0.030721272012439373,8.343993888956862e-05,0.03125,0,0.0164953180003522
901036,linear,absent,scarce,signed_intensity,0.021253700724804134,0.3866326930863978,0.030721272012439373,8.343993888956862e-05,0.03125,0,0.029061905999469673
901036,linear,absent,scarce,gradient,0.02132826472608234,0.38706542549609724,0.03110561443806975,0.0002687211938326321,0.03125,0,0.02295512599948779
901036,linear,absent,scarce,zero_negative,0.19593955871226498,0.0,0.22552499187783281,0.155355592727397,1.0,0,0.014696374999516593
901036,congestion,aligned,ample,full,0.01987099017652807,0.39809489889043886,0.028713609776750932,0.0006492080247324902,0.03125,0,0.01876145799906226
901036,congestion,aligned,ample,no_K,0.01987099017652807,0.39809489889043886,0.028713609776750932,0.0006492080247324902,0.03125,0,0.018791939000379898
901036,congestion,aligned,ample,no_W,0.01987099017652807,0.39809489889043886,0.028713609776750932,0.0006492080247324902,0.03125,0,0.018085737999399498
901036,congestion,aligned,ample,no_WK,0.01987099017652807,0.39809489889043886,0.028713609776750932,0.0006492080247324902,0.03125,0,0.01874789899954976
901036,congestion,aligned,ample,retuned_zero,0.01987099017652807,0.39809489889043886,0.028713609776750932,0.0006492080247324902,0.03125,0,0.018692646001454705
901036,congestion,aligned,ample,rewired,0.01987099017652807,0.39809489889043886,0.028713609776750932,0.0006492080247324902,0.03125,0,0.01891921300125432
901036,congestion,aligned,ample,reverse,0.01987099017652807,0.39809489889043886,0.028713609776750932,0.0006492080247324902,0.03125,0,0.018785891999641535
901036,congestion,aligned,ample,generic_nonlinear,0.01987099017652807,0.39809489889043886,0.028713609776750932,0.0006492080247324902,0.03125,0,0.016905327000813486
901036,congestion,aligned,ample,generic_equivalent,0.01987099017652807,0.39809489889043886,0.028713609776750932,0.0006492080247324902,0.03125,0,0.016388982999501422
901036,congestion,aligned,ample,signed_intensity,0.01987099017652807,0.39809489889043886,0.028713609776750932,0.0006492080247324902,0.03125,0,0.029408990999741036
901036,congestion,aligned,ample,gradient,0.021602866022239344,0.4002631346197084,0.03716938470527146,0.002832589581367324,0.03125,0,0.02364799599968137
901036,congestion,aligned,ample,zero_negative,0.19593955871226498,0.0,0.22552499187783281,0.155355592727397,1.0,0,0.01470240499963893
901036,congestion,aligned,scarce,full,0.020813877640921904,0.3806969141583237,0.0304241507536084,0.000648720670549976,0.03125,0,0.018849819000138268
901036,congestion,aligned,scarce,no_K,0.020813877640921904,0.3806969141583237,0.0304241507536084,0.000648720670549976,0.03125,0,0.01881684199963729
901036,congestion,aligned,scarce,no_W,0.020813877640921904,0.3806969141583237,0.0304241507536084,0.000648720670549976,0.03125,0,0.018854236999800378
901036,congestion,aligned,scarce,no_WK,0.020813877640921904,0.3806969141583237,0.0304241507536084,0.000648720670549976,0.03125,0,0.0190166970004384
901036,congestion,aligned,scarce,retuned_zero,0.020813877640921904,0.3806969141583237,0.0304241507536084,0.000648720670549976,0.03125,0,0.0187087330000395
901036,congestion,aligned,scarce,rewired,0.020813877640921904,0.3806969141583237,0.0304241507536084,0.000648720670549976,0.03125,0,0.018836378001424237
901036,congestion,aligned,scarce,reverse,0.020813877640921904,0.3806969141583237,0.0304241507536084,0.000648720670549976,0.03125,0,0.018852387999800158
901036,congestion,aligned,scarce,generic_nonlinear,0.020813877640921904,0.3806969141583237,0.0304241507536084,0.000648720670549976,0.03125,0,0.01698442399981559
901036,congestion,aligned,scarce,generic_equivalent,0.020813877640921904,0.3806969141583237,0.0304241507536084,0.000648720670549976,0.03125,0,0.016716068001073836
901036,congestion,aligned,scarce,signed_intensity,0.020813877640921904,0.3806969141583237,0.0304241507536084,0.000648720670549976,0.03125,0,0.029419023001196365
901036,congestion,aligned,scarce,gradient,0.022244176823425818,0.3817829277509249,0.0374258723044624,0.0026322303697948776,0.03125,0,0.022338306000506236
901036,congestion,aligned,scarce,zero_negative,0.19593955871226498,0.0,0.22552499187783281,0.155355592727397,1.0,0,0.015268269000216605
901036,congestion,rewired,ample,full,0.01841424559772052,0.3970105793931254,0.030606495764980174,0.0008463134419399198,0.03125,0,0.018987025999422258
901036,congestion,rewired,ample,no_K,0.01841424559772052,0.3970105793931254,0.030606495764980174,0.0008463134419399198,0.03125,0,0.019527798000126495
901036,congestion,rewired,ample,no_W,0.01841424559772052,0.3970105793931254,0.030606495764980174,0.0008463134419399198,0.03125,0,0.019362117999435213
901036,congestion,rewired,ample,no_WK,0.01841424559772052,0.3970105793931254,0.030606495764980174,0.0008463134419399198,0.03125,0,0.01879129499980081
901036,congestion,rewired,ample,retuned_zero,0.01841424559772052,0.3970105793931254,0.030606495764980174,0.0008463134419399198,0.03125,0,0.018598483999880955
901036,congestion,rewired,ample,rewired,0.01841424559772052,0.3970105793931254,0.030606495764980174,0.0008463134419399198,0.03125,0,0.01823138899976584
901036,congestion,rewired,ample,reverse,0.01841424559772052,0.3970105793931254,0.030606495764980174,0.0008463134419399198,0.03125,0,0.018141979999541036
901036,congestion,rewired,ample,generic_nonlinear,0.01841424559772052,0.3970105793931254,0.030606495764980174,0.0008463134419399198,0.03125,0,0.016955828000618567
901036,congestion,rewired,ample,generic_equivalent,0.01841424559772052,0.3970105793931254,0.030606495764980174,0.0008463134419399198,0.03125,0,0.01649855299990577
901036,congestion,rewired,ample,signed_intensity,0.01841424559772052,0.3970105793931254,0.030606495764980174,0.0008463134419399198,0.03125,0,0.03673595500038118
901036,congestion,rewired,ample,gradient,0.019689582225985817,0.399850052545689,0.03594932789620553,0.001997568528880287,0.03125,0,0.01591772500000843
901036,congestion,rewired,ample,zero_negative,0.19593955871226498,0.0,0.22552499187783281,0.155355592727397,1.0,0,0.014768794999895363
901036,congestion,rewired,scarce,full,0.019398541938376087,0.38077586046747935,0.03244324668063156,0.0008463709928283583,0.03125,0,0.019149979999724565
901036,congestion,rewired,scarce,no_K,0.019398541938376087,0.38077586046747935,0.03244324668063156,0.0008463709928283583,0.03125,0,0.018889911999394826
901036,congestion,rewired,scarce,no_W,0.019398541938376087,0.38077586046747935,0.03244324668063156,0.0008463709928283583,0.03125,0,0.018273069999850122
901036,congestion,rewired,scarce,no_WK,0.019398541938376087,0.38077586046747935,0.03244324668063156,0.0008463709928283583,0.03125,0,0.01817190900044352
901036,congestion,rewired,scarce,retuned_zero,0.019398541938376087,0.38077586046747935,0.03244324668063156,0.0008463709928283583,0.03125,0,0.018566446999670916
901036,congestion,rewired,scarce,rewired,0.019398541938376087,0.38077586046747935,0.03244324668063156,0.0008463709928283583,0.03125,0,0.018168814000773637
901036,congestion,rewired,scarce,reverse,0.019398541938376087,0.38077586046747935,0.03244324668063156,0.0008463709928283583,0.03125,0,0.01867481400086035
901036,congestion,rewired,scarce,generic_nonlinear,0.019398541938376087,0.38077586046747935,0.03244324668063156,0.0008463709928283583,0.03125,0,0.016883839999877637
901036,congestion,rewired,scarce,generic_equivalent,0.019398541938376087,0.38077586046747935,0.03244324668063156,0.0008463709928283583,0.03125,0,0.016530647999502435
901036,congestion,rewired,scarce,signed_intensity,0.019398541938376087,0.38077586046747935,0.03244324668063156,0.0008463709928283583,0.03125,0,0.03826518199957718
901036,congestion,rewired,scarce,gradient,0.020371424291005323,0.38215911569195754,0.03617929628308895,0.00200103223468335,0.03125,0,0.016568153000093844
901036,congestion,rewired,scarce,zero_negative,0.19593955871226498,0.0,0.22552499187783281,0.155355592727397,1.0,0,0.014857846999916546
901036,congestion,absent,ample,full,0.019792994650098275,0.4052569471001769,0.027950137353142144,7.57475538993773e-05,0.03125,0,0.018527031999042265
901036,congestion,absent,ample,no_K,0.019792994650098275,0.4052569471001769,0.027950137353142144,7.57475538993773e-05,0.03125,0,0.018709379999677367
901036,congestion,absent,ample,no_W,0.019792994650098275,0.4052569471001769,0.027950137353142144,7.57475538993773e-05,0.03125,0,0.017876703999945676
901036,congestion,absent,ample,no_WK,0.019792994650098275,0.4052569471001769,0.027950137353142144,7.57475538993773e-05,0.03125,0,0.018348781999861785
901036,congestion,absent,ample,retuned_zero,0.019792994650098275,0.4052569471001769,0.027950137353142144,7.57475538993773e-05,0.03125,0,0.018259060000218597
901036,congestion,absent,ample,rewired,0.019792994650098275,0.4052569471001769,0.027950137353142144,7.57475538993773e-05,0.03125,0,0.01857878899932075
901036,congestion,absent,ample,reverse,0.019792994650098275,0.4052569471001769,0.027950137353142144,7.57475538993773e-05,0.03125,0,0.01858004999928653
901036,congestion,absent,ample,generic_nonlinear,0.019792994650098275,0.4052569471001769,0.027950137353142144,7.57475538993773e-05,0.03125,0,0.0166414410005018
901036,congestion,absent,ample,generic_equivalent,0.019792994650098275,0.4052569471001769,0.027950137353142144,7.57475538993773e-05,0.03125,0,0.016284927999890897
901036,congestion,absent,ample,signed_intensity,0.019792994650098275,0.4052569471001769,0.027950137353142144,7.57475538993773e-05,0.03125,0,0.029347331999588278
901036,congestion,absent,ample,gradient,0.019921465954933864,0.4054993032662727,0.028601120229066912,0.0002600658566207844,0.03125,0,0.01656621099914446
901036,congestion,absent,ample,zero_negative,0.19593955871226498,0.0,0.22552499187783281,0.155355592727397,1.0,0,0.014690395999991779
901036,congestion,absent,scarce,full,0.021253700724804134,0.3866326930863978,0.030721272012439373,8.343993888956862e-05,0.03125,0,0.018739461001018753
901036,congestion,absent,scarce,no_K,0.021253700724804134,0.3866326930863978,0.030721272012439373,8.343993888956862e-05,0.03125,0,0.018714792000423586
901036,congestion,absent,scarce,no_W,0.021253700724804134,0.3866326930863978,0.030721272012439373,8.343993888956862e-05,0.03125,0,0.018529335999801333
901036,congestion,absent,scarce,no_WK,0.021253700724804134,0.3866326930863978,0.030721272012439373,8.343993888956862e-05,0.03125,0,0.018768858000271393
901036,congestion,absent,scarce,retuned_zero,0.021253700724804134,0.3866326930863978,0.030721272012439373,8.343993888956862e-05,0.03125,0,0.0184758769992186
901036,congestion,absent,scarce,rewired,0.021253700724804134,0.3866326930863978,0.030721272012439373,8.343993888956862e-05,0.03125,0,0.019282548000774113
901036,congestion,absent,scarce,reverse,0.021253700724804134,0.3866326930863978,0.030721272012439373,8.343993888956862e-05,0.03125,0,0.0186313229995676
901036,congestion,absent,scarce,generic_nonlinear,0.021253700724804134,0.3866326930863978,0.030721272012439373,8.343993888956862e-05,0.03125,0,0.01678473999936614
901036,congestion,absent,scarce,generic_equivalent,0.021253700724804134,0.3866326930863978,0.030721272012439373,8.343993888956862e-05,0.03125,0,0.01623905899964484
901036,congestion,absent,scarce,signed_intensity,0.021253700724804134,0.3866326930863978,0.030721272012439373,8.343993888956862e-05,0.03125,0,0.035833356000125605
901036,congestion,absent,scarce,gradient,0.02132826472608234,0.38706542549609724,0.03110561443806975,0.0002687211938326321,0.03125,0,0.016310002000182067
901036,congestion,absent,scarce,zero_negative,0.19593955871226498,0.0,0.22552499187783281,0.155355592727397,1.0,0,0.014975109000147313
901037,linear,aligned,ample,full,0.0031366925468865312,0.3879141640631381,0.006762885571011511,0.0010110401070517832,0.03125,0,0.018965817001003415
901037,linear,aligned,ample,no_K,0.0031366925468865312,0.3879141640631381,0.006762885571011511,0.0010110401070517832,0.03125,0,0.018770789999734916
901037,linear,aligned,ample,no_W,0.0031366925468865312,0.3879141640631381,0.006762885571011511,0.0010110401070517832,0.03125,0,0.01916597400054343
901037,linear,aligned,ample,no_WK,0.0031366925468865312,0.3879141640631381,0.006762885571011511,0.0010110401070517832,0.03125,0,0.019196360000250934
901037,linear,aligned,ample,retuned_zero,0.0031366925468865312,0.3879141640631381,0.006762885571011511,0.0010110401070517832,0.03125,0,0.019652812999538583
901037,linear,aligned,ample,rewired,0.0031366925468865312,0.3879141640631381,0.006762885571011511,0.0010110401070517832,0.03125,0,0.01857711799993922
901037,linear,aligned,ample,reverse,0.0031366925468865312,0.3879141640631381,0.006762885571011511,0.0010110401070517832,0.03125,0,0.018420871000444095
901037,linear,aligned,ample,generic_nonlinear,0.0031366925468865312,0.3879141640631381,0.006762885571011511,0.0010110401070517832,0.03125,0,0.017032001999950808
901037,linear,aligned,ample,generic_equivalent,0.0031366925468865312,0.3879141640631381,0.006762885571011511,0.0010110401070517832,0.03125,0,0.0241308350006193
901037,linear,aligned,ample,signed_intensity,0.0031366925468865312,0.3879141640631381,0.006762885571011511,0.0010110401070517832,0.03125,0,0.029605514000309086
901037,linear,aligned,ample,gradient,0.005199981490746438,0.39053717286802353,0.016140910212713622,0.0028109617939054837,0.03125,0,0.015725513998859242
901037,linear,aligned,ample,zero_negative,0.2149777016960649,0.0,0.24786031142223053,0.19378997716554863,1.0,0,0.014805693999051073
901037,linear,aligned,scarce,full,0.0033316826002636234,0.38123223330086997,0.007287589960641553,0.001010856603359454,0.03125,0,0.019117153000252074
901037,linear,aligned,scarce,no_K,0.0033316826002636234,0.38123223330086997,0.007287589960641553,0.001010856603359454,0.03125,0,0.018948145998933796
901037,linear,aligned,scarce,no_W,0.0033316826002636234,0.38123223330086997,0.007287589960641553,0.001010856603359454,0.03125,0,0.018431906000614617
901037,linear,aligned,scarce,no_WK,0.0033316826002636234,0.38123223330086997,0.007287589960641553,0.001010856603359454,0.03125,0,0.018298386000424216
901037,linear,aligned,scarce,retuned_zero,0.0033316826002636234,0.38123223330086997,0.007287589960641553,0.001010856603359454,0.03125,0,0.018983120999905623
901037,linear,aligned,scarce,rewired,0.0033316826002636234,0.38123223330086997,0.007287589960641553,0.001010856603359454,0.03125,0,0.018104812000046877
901037,linear,aligned,scarce,reverse,0.0033316826002636234,0.38123223330086997,0.007287589960641553,0.001010856603359454,0.03125,0,0.01846901599992634
901037,linear,aligned,scarce,generic_nonlinear,0.0033316826002636234,0.38123223330086997,0.007287589960641553,0.001010856603359454,0.03125,0,0.016894524999315763
901037,linear,aligned,scarce,generic_equivalent,0.0033316826002636234,0.38123223330086997,0.007287589960641553,0.001010856603359454,0.03125,0,0.02637996399914755
901037,linear,aligned,scarce,signed_intensity,0.0033316826002636234,0.38123223330086997,0.007287589960641553,0.001010856603359454,0.03125,0,0.029746777000127622
901037,linear,aligned,scarce,gradient,0.005245957599051193,0.3839428866277629,0.015698209696609913,0.0026897088955881686,0.03125,0,0.01617242700024235
901037,linear,aligned,scarce,zero_negative,0.2149777016960649,0.0,0.24786031142223053,0.19378997716554863,1.0,0,0.01483591700002762
901037,linear,rewired,ample,full,0.0020378845497224605,0.3871310518122594,0.005126188797814445,0.00034590623366732203,0.03125,0,0.01875171600011072
901037,linear,rewired,ample,no_K,0.0020378845497224605,0.3871310518122594,0.005126188797814445,0.00034590623366732203,0.03125,0,0.01885178100030771
901037,linear,rewired,ample,no_W,0.0020378845497224605,0.3871310518122594,0.005126188797814445,0.00034590623366732203,0.03125,0,0.018478961000255367
901037,linear,rewired,ample,no_WK,0.0020378845497224605,0.3871310518122594,0.005126188797814445,0.00034590623366732203,0.03125,0,0.018681056000900753
901037,linear,rewired,ample,retuned_zero,0.0020378845497224605,0.3871310518122594,0.005126188797814445,0.00034590623366732203,0.03125,0,0.01864468099950045
901037,linear,rewired,ample,rewired,0.0020378845497224605,0.3871310518122594,0.005126188797814445,0.00034590623366732203,0.03125,0,0.01861397099980877
901037,linear,rewired,ample,reverse,0.0020378845497224605,0.3871310518122594,0.005126188797814445,0.00034590623366732203,0.03125,0,0.018712879000531757
901037,linear,rewired,ample,generic_nonlinear,0.0020378845497224605,0.3871310518122594,0.005126188797814445,0.00034590623366732203,0.03125,0,0.017111063999436738
901037,linear,rewired,ample,generic_equivalent,0.0020378845497224605,0.3871310518122594,0.005126188797814445,0.00034590623366732203,0.03125,0,0.023173528999905102
901037,linear,rewired,ample,signed_intensity,0.0020378845497224605,0.3871310518122594,0.005126188797814446,0.0003459062336673221,0.03125,0,0.028953110000315974
901037,linear,rewired,ample,gradient,0.0027779681611300308,0.3876575765993133,0.008695930083374484,0.0007681016304667645,0.03125,0,0.01619664199995441
901037,linear,rewired,ample,zero_negative,0.2149777016960649,0.0,0.24786031142223053,0.19378997716554863,1.0,0,0.014842370998735532
901037,linear,rewired,scarce,full,0.002126780331454747,0.381338379298442,0.005270871222619527,0.00034577353518222553,0.03125,0,0.01938876199983497
901037,linear,rewired,scarce,no_K,0.002126780331454747,0.381338379298442,0.005270871222619527,0.00034577353518222553,0.03125,0,0.01934269199978189
901037,linear,rewired,scarce,no_W,0.002126780331454747,0.381338379298442,0.005270871222619527,0.00034577353518222553,0.03125,0,0.018576445000576314
901037,linear,rewired,scarce,no_WK,0.002126780331454747,0.381338379298442,0.005270871222619527,0.00034577353518222553,0.03125,0,0.01883272700058569
901037,linear,rewired,scarce,retuned_zero,0.002126780331454747,0.381338379298442,0.005270871222619527,0.00034577353518222553,0.03125,0,0.01879424599997037
901037,linear,rewired,scarce,rewired,0.002126780331454747,0.381338379298442,0.005270871222619527,0.00034577353518222553,0.03125,0,0.018579631000079644
901037,linear,rewired,scarce,reverse,0.002126780331454747,0.381338379298442,0.005270871222619527,0.00034577353518222553,0.03125,0,0.018588707000617433
901037,linear,rewired,scarce,generic_nonlinear,0.002126780331454747,0.381338379298442,0.005270871222619527,0.00034577353518222553,0.03125,0,0.02467173000013645
901037,linear,rewired,scarce,generic_equivalent,0.002126780331454747,0.381338379298442,0.005270871222619527,0.00034577353518222553,0.03125,0,0.01652838199879625
901037,linear,rewired,scarce,signed_intensity,0.002126780331454747,0.381338379298442,0.005270871222619527,0.00034577353518222553,0.03125,0,0.02956927100001394
901037,linear,rewired,scarce,gradient,0.0029303310031959786,0.38238623381943027,0.008919059990135144,0.0007662238938479382,0.03125,0,0.016351542000734298
901037,linear,rewired,scarce,zero_negative,0.2149777016960649,0.0,0.24786031142223053,0.19378997716554863,1.0,0,0.015175247000343006
901037,linear,absent,ample,full,0.002445187574202496,0.4137849593129431,0.004863807935208675,0.0002509183674388595,0.03125,0,0.01884326500055522
901037,linear,absent,ample,no_K,0.002445187574202496,0.4137849593129431,0.004863807935208675,0.0002509183674388595,0.03125,0,0.01883167900064109
901037,linear,absent,ample,no_W,0.002445187574202496,0.4137849593129431,0.004863807935208675,0.0002509183674388595,0.03125,0,0.01891807300057735
901037,linear,absent,ample,no_WK,0.002445187574202496,0.4137849593129431,0.004863807935208675,0.0002509183674388595,0.03125,0,0.01847465700052453
901037,linear,absent,ample,retuned_zero,0.002445187574202496,0.4137849593129431,0.004863807935208675,0.0002509183674388595,0.03125,0,0.01880575400014095
901037,linear,absent,ample,rewired,0.002445187574202496,0.4137849593129431,0.004863807935208675,0.0002509183674388595,0.03125,0,0.01796407999972871
901037,linear,absent,ample,reverse,0.002445187574202496,0.4137849593129431,0.004863807935208675,0.0002509183674388595,0.03125,0,0.01820128600058979
901037,linear,absent,ample,generic_nonlinear,0.002445187574202496,0.4137849593129431,0.004863807935208675,0.0002509183674388595,0.03125,0,0.023898362000295492
901037,linear,absent,ample,generic_equivalent,0.002445187574202496,0.4137849593129431,0.004863807935208675,0.0002509183674388595,0.03125,0,0.017114513000819898
901037,linear,absent,ample,signed_intensity,0.002445187574202496,0.4137849593129431,0.004863807935208675,0.0002509183674388595,0.03125,0,0.029160966000517874
901037,linear,absent,ample,gradient,0.0027626391279743693,0.41470741948066325,0.0064991733799837,0.000772012278718566,0.03125,0,0.015527572999872064
901037,linear,absent,ample,zero_negative,0.2149777016960649,0.0,0.24786031142223053,0.19378997716554863,1.0,0,0.014827116000333262
901037,linear,absent,scarce,full,0.0035667438883447366,0.39356945402750343,0.007105651196494159,0.0003447572881905673,0.03125,0,0.018973958999595197
901037,linear,absent,scarce,no_K,0.0035667438883447366,0.39356945402750343,0.007105651196494159,0.0003447572881905673,0.03125,0,0.01881569399995442
901037,linear,absent,scarce,no_W,0.0035667438883447366,0.39356945402750343,0.007105651196494159,0.0003447572881905673,0.03125,0,0.018668306999984452
901037,linear,absent,scarce,no_WK,0.0035667438883447366,0.39356945402750343,0.007105651196494159,0.0003447572881905673,0.03125,0,0.017962187999387424
901037,linear,absent,scarce,retuned_zero,0.0035667438883447366,0.39356945402750343,0.007105651196494159,0.0003447572881905673,0.03125,0,0.01868954400038092
901037,linear,absent,scarce,rewired,0.0035667438883447366,0.39356945402750343,0.007105651196494159,0.0003447572881905673,0.03125,0,0.018478669000842274
901037,linear,absent,scarce,reverse,0.0035667438883447366,0.39356945402750343,0.007105651196494159,0.0003447572881905673,0.03125,0,0.01863350399992214
901037,linear,absent,scarce,generic_nonlinear,0.0035667438883447366,0.39356945402750343,0.007105651196494159,0.0003447572881905673,0.03125,0,0.023966764000306284
901037,linear,absent,scarce,generic_equivalent,0.0035667438883447366,0.39356945402750343,0.007105651196494159,0.0003447572881905673,0.03125,0,0.01691365799945288
901037,linear,absent,scarce,signed_intensity,0.0035667438883447366,0.39356945402750343,0.007105651196494159,0.0003447572881905673,0.03125,0,0.029311378999182125
901037,linear,absent,scarce,gradient,0.0038923358510669125,0.39384745671808097,0.008367826245691027,0.0008255609327844778,0.03125,0,0.015980106000711203
901037,linear,absent,scarce,zero_negative,0.2149777016960649,0.0,0.24786031142223053,0.19378997716554863,1.0,0,0.014408327000069221
901037,congestion,aligned,ample,full,0.0033029922071828614,0.3953041189060671,0.007503251748921484,0.0014044892237654013,0.03125,0,0.018605765000529573
901037,congestion,aligned,ample,no_K,0.0033029922071828614,0.3953041189060671,0.007503251748921484,0.0014044892237654013,0.03125,0,0.01948648700022204
901037,congestion,aligned,ample,no_W,0.0033029922071828614,0.3953041189060671,0.007503251748921484,0.0014044892237654013,0.03125,0,0.018587387000025046
901037,congestion,aligned,ample,no_WK,0.0033029922071828614,0.3953041189060671,0.007503251748921484,0.0014044892237654013,0.03125,0,0.01888585700010026
901037,congestion,aligned,ample,retuned_zero,0.0033029922071828614,0.3953041189060671,0.007503251748921484,0.0014044892237654013,0.03125,0,0.019628913999213182
901037,congestion,aligned,ample,rewired,0.0033029922071828614,0.3953041189060671,0.007503251748921484,0.0014044892237654013,0.03125,0,0.019113327999548346
901037,congestion,aligned,ample,reverse,0.0033029922071828614,0.3953041189060671,0.007503251748921484,0.0014044892237654013,0.03125,0,0.026259986999207285
901037,congestion,aligned,ample,generic_nonlinear,0.0033029922071828614,0.3953041189060671,0.007503251748921484,0.0014044892237654013,0.03125,0,0.017226047999315597
901037,congestion,aligned,ample,generic_equivalent,0.0033029922071828614,0.3953041189060671,0.007503251748921484,0.0014044892237654013,0.03125,0,0.017194805000258384
901037,congestion,aligned,ample,signed_intensity,0.0033029922071828614,0.3953041189060671,0.007503251748921484,0.0014044892237654013,0.03125,0,0.028977331000419326
901037,congestion,aligned,ample,gradient,0.0057460728433537615,0.3986766834554505,0.01852221543952329,0.003636783424905193,0.03125,0,0.016294269000013628
901037,congestion,aligned,ample,zero_negative,0.2149777016960649,0.0,0.24786031142223053,0.19378997716554863,1.0,0,0.014980506999677345
901037,congestion,aligned,scarce,full,0.003627159495037162,0.38597255439735556,0.008352752504081181,0.0014037613546171294,0.03125,0,0.019117298000423943
901037,congestion,aligned,scarce,no_K,0.003627159495037162,0.38597255439735556,0.008352752504081181,0.0014037613546171294,0.03125,0,0.018856890999700227
901037,congestion,aligned,scarce,no_W,0.003627159495037162,0.38597255439735556,0.008352752504081181,0.0014037613546171294,0.03125,0,0.018974536999508018
901037,congestion,aligned,scarce,no_WK,0.003627159495037162,0.38597255439735556,0.008352752504081181,0.0014037613546171294,0.03125,0,0.018719373000067208
901037,congestion,aligned,scarce,retuned_zero,0.003627159495037162,0.38597255439735556,0.008352752504081181,0.0014037613546171294,0.03125,0,0.018635044000120615
901037,congestion,aligned,scarce,rewired,0.003627159495037162,0.38597255439735556,0.008352752504081181,0.0014037613546171294,0.03125,0,0.01870245999919007
901037,congestion,aligned,scarce,reverse,0.003627159495037162,0.38597255439735556,0.008352752504081181,0.0014037613546171294,0.03125,0,0.026564329999928304
901037,congestion,aligned,scarce,generic_nonlinear,0.003627159495037162,0.38597255439735556,0.008352752504081181,0.0014037613546171294,0.03125,0,0.017724491000194575
901037,congestion,aligned,scarce,generic_equivalent,0.003627159495037162,0.38597255439735556,0.008352752504081181,0.0014037613546171294,0.03125,0,0.016516624999553642
901037,congestion,aligned,scarce,signed_intensity,0.003627159495037162,0.38597255439735556,0.008352752504081181,0.0014037613546171294,0.03125,0,0.029291923998812308
901037,congestion,aligned,scarce,gradient,0.0057942360805523264,0.38872290331617915,0.01774240772991868,0.0034087842512949924,0.03125,0,0.016299095000476882
901037,congestion,aligned,scarce,zero_negative,0.2149777016960649,0.0,0.24786031142223053,0.19378997716554863,1.0,0,0.015267201999677127
901037,congestion,rewired,ample,full,0.002226105171173874,0.3965703820756187,0.006392436589760693,0.00039503408461218895,0.03125,0,0.019208065999350765
901037,congestion,rewired,ample,no_K,0.002226105171173874,0.3965703820756187,0.006392436589760693,0.00039503408461218895,0.03125,0,0.018822418999775437
901037,congestion,rewired,ample,no_W,0.002226105171173874,0.3965703820756187,0.006392436589760693,0.00039503408461218895,0.03125,0,0.019211068000913656
901037,congestion,rewired,ample,no_WK,0.002226105171173874,0.3965703820756187,0.006392436589760693,0.00039503408461218895,0.03125,0,0.018865413000753506
901037,congestion,rewired,ample,retuned_zero,0.002226105171173874,0.3965703820756187,0.006392436589760693,0.00039503408461218895,0.03125,0,0.018616517999475946
901037,congestion,rewired,ample,rewired,0.002226105171173874,0.3965703820756187,0.006392436589760693,0.00039503408461218895,0.03125,0,0.018364093001082438
901037,congestion,rewired,ample,reverse,0.002226105171173874,0.3965703820756187,0.006392436589760693,0.00039503408461218895,0.03125,0,0.018539100000225517
901037,congestion,rewired,ample,generic_nonlinear,0.002226105171173874,0.3965703820756187,0.006392436589760693,0.00039503408461218895,0.03125,0,0.017491281999923558
901037,congestion,rewired,ample,generic_equivalent,0.002226105171173874,0.3965703820756187,0.006392436589760693,0.00039503408461218895,0.03125,0,0.01695632199925967
901037,congestion,rewired,ample,signed_intensity,0.002226105171173874,0.3965703820756187,0.006392436589760693,0.00039503408461218895,0.03125,0,0.02987807799956954
901037,congestion,rewired,ample,gradient,0.0028788080182802645,0.39729083394593767,0.009490030987671311,0.0008371692270942028,0.03125,0,0.01565702099912869
901037,congestion,rewired,ample,zero_negative,0.2149777016960649,0.0,0.24786031142223053,0.19378997716554863,1.0,0,0.014862295999023445
901037,congestion,rewired,scarce,full,0.002410188851013771,0.38694887894473284,0.006570142319847914,0.00039468220416932656,0.03125,0,0.019071374001100594
901037,congestion,rewired,scarce,no_K,0.002410188851013771,0.38694887894473284,0.006570142319847914,0.00039468220416932656,0.03125,0,0.01882700100054535
901037,congestion,rewired,scarce,no_W,0.002410188851013771,0.38694887894473284,0.006570142319847914,0.00039468220416932656,0.03125,0,0.018290369000624196
901037,congestion,rewired,scarce,no_WK,0.002410188851013771,0.38694887894473284,0.006570142319847914,0.00039468220416932656,0.03125,0,0.01846513799910099
901037,congestion,rewired,scarce,retuned_zero,0.002410188851013771,0.38694887894473284,0.006570142319847914,0.00039468220416932656,0.03125,0,0.018900408000718016
901037,congestion,rewired,scarce,rewired,0.002410188851013771,0.38694887894473284,0.006570142319847914,0.00039468220416932656,0.03125,0,0.01809984000044551
901037,congestion,rewired,scarce,reverse,0.002410188851013771,0.38694887894473284,0.006570142319847914,0.00039468220416932656,0.03125,0,0.018775785000343603
901037,congestion,rewired,scarce,generic_nonlinear,0.002410188851013771,0.38694887894473284,0.006570142319847914,0.00039468220416932656,0.03125,0,0.017525571999726708
901037,congestion,rewired,scarce,generic_equivalent,0.002410188851013771,0.38694887894473284,0.006570142319847914,0.00039468220416932656,0.03125,0,0.01725053700056378
901037,congestion,rewired,scarce,signed_intensity,0.002410188851013771,0.38694887894473284,0.006570142319847916,0.00039468220416932656,0.03125,0,0.02964761299995189
901037,congestion,rewired,scarce,gradient,0.003159319960369651,0.3881572041120195,0.00973053626555327,0.0008195640090402446,0.03125,0,0.016293226999891885
901037,congestion,rewired,scarce,zero_negative,0.2149777016960649,0.0,0.24786031142223053,0.19378997716554863,1.0,0,0.01478224300058173
901037,congestion,absent,ample,full,0.002445187574202496,0.4137849593129431,0.004863807935208675,0.0002509183674388595,0.03125,0,0.018284923999544844
901037,congestion,absent,ample,no_K,0.002445187574202496,0.4137849593129431,0.004863807935208675,0.0002509183674388595,0.03125,0,0.019438150999462778
901037,congestion,absent,ample,no_W,0.002445187574202496,0.4137849593129431,0.004863807935208675,0.0002509183674388595,0.03125,0,0.01808714899982533
901037,congestion,absent,ample,no_WK,0.002445187574202496,0.4137849593129431,0.004863807935208675,0.0002509183674388595,0.03125,0,0.018547286000739405
901037,congestion,absent,ample,retuned_zero,0.002445187574202496,0.4137849593129431,0.004863807935208675,0.0002509183674388595,0.03125,0,0.018376092000039534
901037,congestion,absent,ample,rewired,0.002445187574202496,0.4137849593129431,0.004863807935208675,0.0002509183674388595,0.03125,0,0.025697929000102704
901037,congestion,absent,ample,reverse,0.002445187574202496,0.4137849593129431,0.004863807935208675,0.0002509183674388595,0.03125,0,0.018663690999119353
901037,congestion,absent,ample,generic_nonlinear,0.002445187574202496,0.4137849593129431,0.004863807935208675,0.0002509183674388595,0.03125,0,0.01684031999968738
901037,congestion,absent,ample,generic_equivalent,0.002445187574202496,0.4137849593129431,0.004863807935208675,0.0002509183674388595,0.03125,0,0.01695846600034656
901037,congestion,absent,ample,signed_intensity,0.002445187574202496,0.4137849593129431,0.004863807935208675,0.0002509183674388595,0.03125,0,0.02867606799964051
901037,congestion,absent,ample,gradient,0.0027626391279743693,0.41470741948066325,0.0064991733799837,0.000772012278718566,0.03125,0,0.01647297299928141
901037,congestion,absent,ample,zero_negative,0.2149777016960649,0.0,0.24786031142223053,0.19378997716554863,1.0,0,0.01469445699899552
901037,congestion,absent,scarce,full,0.0035667438883447366,0.39356945402750343,0.007105651196494159,0.0003447572881905673,0.03125,0,0.01901094400045622
901037,congestion,absent,scarce,no_K,0.0035667438883447366,0.39356945402750343,0.007105651196494159,0.0003447572881905673,0.03125,0,0.018683009000142192
901037,congestion,absent,scarce,no_W,0.0035667438883447366,0.39356945402750343,0.007105651196494159,0.0003447572881905673,0.03125,0,0.018617988000073638
901037,congestion,absent,scarce,no_WK,0.0035667438883447366,0.39356945402750343,0.007105651196494159,0.0003447572881905673,0.03125,0,0.01877868699989449
901037,congestion,absent,scarce,retuned_zero,0.0035667438883447366,0.39356945402750343,0.007105651196494159,0.0003447572881905673,0.03125,0,0.018703315999573533
901037,congestion,absent,scarce,rewired,0.0035667438883447366,0.39356945402750343,0.007105651196494159,0.0003447572881905673,0.03125,0,0.026192476000346687
901037,congestion,absent,scarce,reverse,0.0035667438883447366,0.39356945402750343,0.007105651196494159,0.0003447572881905673,0.03125,0,0.0187162220005348
901037,congestion,absent,scarce,generic_nonlinear,0.0035667438883447366,0.39356945402750343,0.007105651196494159,0.0003447572881905673,0.03125,0,0.017232421999096914
901037,congestion,absent,scarce,generic_equivalent,0.0035667438883447366,0.39356945402750343,0.007105651196494159,0.0003447572881905673,0.03125,0,0.016249033000804047
901037,congestion,absent,scarce,signed_intensity,0.0035667438883447366,0.39356945402750343,0.007105651196494159,0.0003447572881905673,0.03125,0,0.029343042998903
901037,congestion,absent,scarce,gradient,0.0038923358510669125,0.39384745671808097,0.008367826245691027,0.0008255609327844778,0.03125,0,0.016045456000028935
901037,congestion,absent,scarce,zero_negative,0.2149777016960649,0.0,0.24786031142223053,0.19378997716554863,1.0,0,0.015091424000956977
901038,linear,aligned,ample,full,0.014846439486240346,0.39709777486524034,0.022933006312392454,0.0012842464787842889,0.03125,0,0.019080404999954226
901038,linear,aligned,ample,no_K,0.014846439486240346,0.39709777486524034,0.022933006312392454,0.0012842464787842889,0.03125,0,0.01904339199916194
901038,linear,aligned,ample,no_W,0.014846439486240346,0.39709777486524034,0.022933006312392454,0.0012842464787842889,0.03125,0,0.018756358999553413
901038,linear,aligned,ample,no_WK,0.014846439486240346,0.39709777486524034,0.022933006312392454,0.0012842464787842889,0.03125,0,0.018864267999106232
901038,linear,aligned,ample,retuned_zero,0.014846439486240346,0.39709777486524034,0.022933006312392454,0.0012842464787842889,0.03125,0,0.018584715999736545
901038,linear,aligned,ample,rewired,0.014846439486240346,0.39709777486524034,0.022933006312392454,0.0012842464787842889,0.03125,0,0.025408180000113134
901038,linear,aligned,ample,reverse,0.014846439486240346,0.39709777486524034,0.022933006312392454,0.0012842464787842889,0.03125,0,0.01806222599952889
901038,linear,aligned,ample,generic_nonlinear,0.014846439486240346,0.39709777486524034,0.022933006312392454,0.0012842464787842889,0.03125,0,0.017542186999776277
901038,linear,aligned,ample,generic_equivalent,0.014846439486240346,0.39709777486524034,0.022933006312392454,0.0012842464787842889,0.03125,0,0.01682507199984684
901038,linear,aligned,ample,signed_intensity,0.014846439486240346,0.39709777486524034,0.022933006312392454,0.0012842464787842889,0.03125,0,0.02968095500034451
901038,linear,aligned,ample,gradient,0.01872987369971063,0.3977079902064895,0.04114415826222114,0.003292063032209962,0.03125,0,0.015864330999875165
901038,linear,aligned,ample,zero_negative,0.22101597682623123,0.0,0.2287085657771276,0.19882203098731885,1.0,0,0.01478985599965199
901038,linear,aligned,scarce,full,0.014854558985769584,0.3881644288505212,0.022834449308691832,0.0013675109025715947,0.03125,0,0.019182142999852658
901038,linear,aligned,scarce,no_K,0.014854558985769584,0.3881644288505212,0.022834449308691832,0.0013675109025715947,0.03125,0,0.018625367999902664
901038,linear,aligned,scarce,no_W,0.014854558985769584,0.3881644288505212,0.022834449308691832,0.0013675109025715947,0.03125,0,0.018068671000378345
901038,linear,aligned,scarce,no_WK,0.014854558985769584,0.3881644288505212,0.022834449308691832,0.0013675109025715947,0.03125,0,0.01829389399961201
901038,linear,aligned,scarce,retuned_zero,0.014854558985769584,0.3881644288505212,0.022834449308691832,0.0013675109025715947,0.03125,0,0.019196740000097634
901038,linear,aligned,scarce,rewired,0.014854558985769584,0.3881644288505212,0.022834449308691832,0.0013675109025715947,0.03125,0,0.027124499000024116
901038,linear,aligned,scarce,reverse,0.014854558985769584,0.3881644288505212,0.022834449308691832,0.0013675109025715947,0.03125,0,0.01828648099979091
901038,linear,aligned,scarce,generic_nonlinear,0.014854558985769584,0.3881644288505212,0.022834449308691832,0.0013675109025715947,0.03125,0,0.017545603000485244
901038,linear,aligned,scarce,generic_equivalent,0.014854558985769584,0.3881644288505212,0.022834449308691832,0.0013675109025715947,0.03125,0,0.016897427999879255
901038,linear,aligned,scarce,signed_intensity,0.014854558985769584,0.3881644288505212,0.022834449308691832,0.0013675109025715947,0.03125,0,0.02967279799975131
901038,linear,aligned,scarce,gradient,0.018724525472904582,0.38935609385331355,0.04060298925955554,0.003348709349202274,0.03125,0,0.016357828000309382
901038,linear,aligned,scarce,zero_negative,0.22101597682623123,0.0,0.2287085657771276,0.19882203098731885,1.0,0,0.014801087999785523
901038,linear,rewired,ample,full,0.009767194490739485,0.3969840353541259,0.015818140484913857,0.0010371459759015282,0.03125,0,0.018739154000172675
901038,linear,rewired,ample,no_K,0.009767194490739485,0.3969840353541259,0.015818140484913857,0.0010371459759015282,0.03125,0,0.01910282100038785
901038,linear,rewired,ample,no_W,0.009767194490739485,0.3969840353541259,0.015818140484913857,0.0010371459759015282,0.03125,0,0.0183637370012093
901038,linear,rewired,ample,no_WK,0.009767194490739485,0.3969840353541259,0.015818140484913857,0.0010371459759015282,0.03125,0,0.018665906000364885
901038,linear,rewired,ample,retuned_zero,0.009767194490739485,0.3969840353541259,0.015818140484913857,0.0010371459759015282,0.03125,0,0.018608059999678517
901038,linear,rewired,ample,rewired,0.009767194490739485,0.3969840353541259,0.015818140484913857,0.0010371459759015282,0.03125,0,0.018729260000327486
901038,linear,rewired,ample,reverse,0.009767194490739485,0.3969840353541259,0.015818140484913857,0.0010371459759015282,0.03125,0,0.01914775399973223
901038,linear,rewired,ample,generic_nonlinear,0.009767194490739485,0.3969840353541259,0.015818140484913857,0.0010371459759015282,0.03125,0,0.017154863001110243
901038,linear,rewired,ample,generic_equivalent,0.009767194490739485,0.3969840353541259,0.015818140484913857,0.0010371459759015282,0.03125,0,0.017283433999978115
901038,linear,rewired,ample,signed_intensity,0.009767194490739485,0.3969840353541259,0.015818140484913857,0.0010371459759015282,0.03125,0,0.02888959299934868
901038,linear,rewired,ample,gradient,0.013901418623060793,0.39958247291375143,0.03578060437588754,0.004005886220151725,0.03125,0,0.01621789599960266
901038,linear,rewired,ample,zero_negative,0.22101597682623123,0.0,0.2287085657771276,0.19882203098731885,1.0,0,0.014711842999417968
901038,linear,rewired,scarce,full,0.009843740937077277,0.389035058619358,0.01599144131694784,0.0011971571148016494,0.03125,0,0.0194114310003215
901038,linear,rewired,scarce,no_K,0.009843740937077277,0.389035058619358,0.01599144131694784,0.0011971571148016494,0.03125,0,0.01891808499965464
901038,linear,rewired,scarce,no_W,0.009843740937077277,0.389035058619358,0.01599144131694784,0.0011971571148016494,0.03125,0,0.018707706999975926
901038,linear,rewired,scarce,no_WK,0.009843740937077277,0.389035058619358,0.01599144131694784,0.0011971571148016494,0.03125,0,0.019091569999886815
901038,linear,rewired,scarce,retuned_zero,0.009843740937077277,0.389035058619358,0.01599144131694784,0.0011971571148016494,0.03125,0,0.027075414999558234
901038,linear,rewired,scarce,rewired,0.009843740937077277,0.389035058619358,0.01599144131694784,0.0011971571148016494,0.03125,0,0.019104555000012624
901038,linear,rewired,scarce,reverse,0.009843740937077277,0.389035058619358,0.01599144131694784,0.0011971571148016494,0.03125,0,0.018973504999621582
901038,linear,rewired,scarce,generic_nonlinear,0.009843740937077277,0.389035058619358,0.01599144131694784,0.0011971571148016494,0.03125,0,0.017451599000423812
901038,linear,rewired,scarce,generic_equivalent,0.009843740937077277,0.389035058619358,0.01599144131694784,0.0011971571148016494,0.03125,0,0.016454011000632818
901038,linear,rewired,scarce,signed_intensity,0.009843740937077277,0.389035058619358,0.01599144131694784,0.0011971571148016494,0.03125,0,0.02937689399982446
901038,linear,rewired,scarce,gradient,0.01395241323890144,0.3905299474236857,0.03568640842223154,0.004055492267194438,0.03125,0,0.0161041059998297
901038,linear,rewired,scarce,zero_negative,0.22101597682623123,0.0,0.2287085657771276,0.19882203098731885,1.0,0,0.015307466999161079
901038,linear,absent,ample,full,0.013690026240217656,0.42486065194320477,0.019409733793375867,0.00015730877253964672,0.03125,0,0.018876679999493717
901038,linear,absent,ample,no_K,0.013690026240217656,0.42486065194320477,0.019409733793375867,0.00015730877253964672,0.03125,0,0.018591862999983277
901038,linear,absent,ample,no_W,0.013690026240217656,0.42486065194320477,0.019409733793375867,0.00015730877253964672,0.03125,0,0.018468274000042584
901038,linear,absent,ample,no_WK,0.013690026240217656,0.42486065194320477,0.019409733793375867,0.00015730877253964672,0.03125,0,0.01876509999965492
901038,linear,absent,ample,retuned_zero,0.013690026240217656,0.42486065194320477,0.019409733793375867,0.00015730877253964672,0.03125,0,0.026398202999757814
901038,linear,absent,ample,rewired,0.013690026240217656,0.42486065194320477,0.019409733793375867,0.00015730877253964672,0.03125,0,0.018644853000409967
901038,linear,absent,ample,reverse,0.013690026240217656,0.42486065194320477,0.019409733793375867,0.00015730877253964672,0.03125,0,0.018172444000697396
901038,linear,absent,ample,generic_nonlinear,0.013690026240217656,0.42486065194320477,0.019409733793375867,0.00015730877253964672,0.03125,0,0.016999307000219233
901038,linear,absent,ample,generic_equivalent,0.013690026240217656,0.42486065194320477,0.019409733793375867,0.00015730877253964672,0.03125,0,0.016705442000784387
901038,linear,absent,ample,signed_intensity,0.013690026240217656,0.42486065194320477,0.019409733793375867,0.00015730877253964672,0.03125,0,0.029221668000104728
901038,linear,absent,ample,gradient,0.014276633175364112,0.4253619643982463,0.02247926438847386,0.0007500316049299852,0.03125,0,0.015563195001163876
901038,linear,absent,ample,zero_negative,0.22101597682623123,0.0,0.2287085657771276,0.19882203098731885,1.0,0,0.01474546700103474
901038,linear,absent,scarce,full,0.014957185949861241,0.3986698354969673,0.021221280489468003,0.001729183913396805,0.03125,0,0.019002219999720182
901038,linear,absent,scarce,no_K,0.014957185949861241,0.3986698354969673,0.021221280489468003,0.001729183913396805,0.03125,0,0.018896823000659424
901038,linear,absent,scarce,no_W,0.014957185949861241,0.3986698354969673,0.021221280489468003,0.001729183913396805,0.03125,0,0.018341109999596483
901038,linear,absent,scarce,no_WK,0.014957185949861241,0.3986698354969673,0.021221280489468003,0.001729183913396805,0.03125,0,0.018243430999746124
901038,linear,absent,scarce,retuned_zero,0.014957185949861241,0.3986698354969673,0.021221280489468003,0.001729183913396805,0.03125,0,0.01908593900031974
901038,linear,absent,scarce,rewired,0.014957185949861241,0.3986698354969673,0.021221280489468003,0.001729183913396805,0.03125,0,0.019066709000185256
901038,linear,absent,scarce,reverse,0.014957185949861241,0.3986698354969673,0.021221280489468003,0.001729183913396805,0.03125,0,0.01844793600025696
901038,linear,absent,scarce,generic_nonlinear,0.014957185949861241,0.3986698354969673,0.021221280489468003,0.001729183913396805,0.03125,0,0.017533522000348967
901038,linear,absent,scarce,generic_equivalent,0.014957185949861241,0.3986698354969673,0.021221280489468003,0.001729183913396805,0.03125,0,0.01729754600000888
901038,linear,absent,scarce,signed_intensity,0.014957185949861241,0.3986698354969673,0.021221280489468003,0.001729183913396805,0.03125,0,0.029471275999071622
901038,linear,absent,scarce,gradient,0.015661336218851768,0.39868287430980487,0.024237135755917013,0.002382916548839345,0.03125,0,0.016196075000380006
901038,linear,absent,scarce,zero_negative,0.22101597682623123,0.0,0.2287085657771276,0.19882203098731885,1.0,0,0.014760057000671623
901038,congestion,aligned,ample,full,0.01479694216778698,0.4170615400304006,0.023114246067898442,0.0014719702227783986,0.03125,0,0.01899897900011638
901038,congestion,aligned,ample,no_K,0.01479694216778698,0.4170615400304006,0.023114246067898442,0.0014719702227783986,0.03125,0,0.019046656000227813
901038,congestion,aligned,ample,no_W,0.01479694216778698,0.4170615400304006,0.023114246067898442,0.0014719702227783986,0.03125,0,0.01827964299877749
901038,congestion,aligned,ample,no_WK,0.01479694216778698,0.4170615400304006,0.023114246067898442,0.0014719702227783986,0.03125,0,0.018947237999668687
901038,congestion,aligned,ample,retuned_zero,0.01479694216778698,0.4170615400304006,0.023114246067898442,0.0014719702227783986,0.03125,0,0.026135664999969777
901038,congestion,aligned,ample,rewired,0.01479694216778698,0.4170615400304006,0.023114246067898442,0.0014719702227783986,0.03125,0,0.019408207999958904
901038,congestion,aligned,ample,reverse,0.01479694216778698,0.4170615400304006,0.023114246067898442,0.0014719702227783986,0.03125,0,0.01948378599956868
901038,congestion,aligned,ample,generic_nonlinear,0.01479694216778698,0.4170615400304006,0.023114246067898442,0.0014719702227783986,0.03125,0,0.017474287000595723
901038,congestion,aligned,ample,generic_equivalent,0.01479694216778698,0.4170615400304006,0.023114246067898442,0.0014719702227783986,0.03125,0,0.01795817300012459
901038,congestion,aligned,ample,signed_intensity,0.01479694216778698,0.4170615400304006,0.023114246067898442,0.0014719702227783986,0.03125,0,0.02927424899974085
901038,congestion,aligned,ample,gradient,0.01740813612638399,0.4184957804734157,0.03584036591010647,0.003961271756126929,0.03125,0,0.016398251999476088
901038,congestion,aligned,ample,zero_negative,0.22101597682623123,0.0,0.2287085657771276,0.19882203098731885,1.0,0,0.014926658999229403
901038,congestion,aligned,scarce,full,0.015543861345182784,0.39643978196266816,0.023559396453814125,0.00226704686996843,0.03125,0,0.019297501000210104
901038,congestion,aligned,scarce,no_K,0.015543861345182784,0.39643978196266816,0.023559396453814125,0.00226704686996843,0.03125,0,0.01885314999935872
901038,congestion,aligned,scarce,no_W,0.015543861345182784,0.39643978196266816,0.023559396453814125,0.00226704686996843,0.03125,0,0.018698939000046266
901038,congestion,aligned,scarce,no_WK,0.015543861345182784,0.39643978196266816,0.023559396453814125,0.00226704686996843,0.03125,0,0.026681626998993124
901038,congestion,aligned,scarce,retuned_zero,0.015543861345182784,0.39643978196266816,0.023559396453814125,0.00226704686996843,0.03125,0,0.01906611300012173
901038,congestion,aligned,scarce,rewired,0.015543861345182784,0.39643978196266816,0.023559396453814125,0.00226704686996843,0.03125,0,0.019185901999662747
901038,congestion,aligned,scarce,reverse,0.015543861345182784,0.39643978196266816,0.023559396453814125,0.00226704686996843,0.03125,0,0.019145309999998972
901038,congestion,aligned,scarce,generic_nonlinear,0.015543861345182784,0.39643978196266816,0.023559396453814125,0.00226704686996843,0.03125,0,0.01770137399955729
901038,congestion,aligned,scarce,generic_equivalent,0.015543861345182784,0.39643978196266816,0.023559396453814125,0.00226704686996843,0.03125,0,0.016683467000007113
901038,congestion,aligned,scarce,signed_intensity,0.015543861345182784,0.39643978196266816,0.023559396453814125,0.00226704686996843,0.03125,0,0.029589652001391187
901038,congestion,aligned,scarce,gradient,0.018132781439438597,0.3970145371710628,0.03521835114290207,0.0046552151816464625,0.03125,0,0.01626326500002051
901038,congestion,aligned,scarce,zero_negative,0.22101597682623123,0.0,0.2287085657771276,0.19882203098731885,1.0,0,0.015854083998874557
901038,congestion,rewired,ample,full,0.010754382577630664,0.4177997569560455,0.017024114902369034,0.0010588856487874971,0.03125,0,0.019388136000088707
901038,congestion,rewired,ample,no_K,0.010754382577630664,0.4177997569560455,0.017024114902369034,0.0010588856487874971,0.03125,0,0.01927125299926047
901038,congestion,rewired,ample,no_W,0.010754382577630664,0.4177997569560455,0.017024114902369034,0.0010588856487874971,0.03125,0,0.018911753000111275
901038,congestion,rewired,ample,no_WK,0.010754382577630664,0.4177997569560455,0.017024114902369034,0.0010588856487874971,0.03125,0,0.026482513999781077
901038,congestion,rewired,ample,retuned_zero,0.010754382577630664,0.4177997569560455,0.017024114902369034,0.0010588856487874971,0.03125,0,0.018846230000235664
901038,congestion,rewired,ample,rewired,0.010754382577630664,0.4177997569560455,0.017024114902369034,0.0010588856487874971,0.03125,0,0.01869533899991893
901038,congestion,rewired,ample,reverse,0.010754382577630664,0.4177997569560455,0.017024114902369034,0.0010588856487874971,0.03125,0,0.018390167999655205
901038,congestion,rewired,ample,generic_nonlinear,0.010754382577630664,0.4177997569560455,0.017024114902369034,0.0010588856487874971,0.03125,0,0.017571549000081177
901038,congestion,rewired,ample,generic_equivalent,0.010754382577630664,0.4177997569560455,0.017024114902369034,0.0010588856487874971,0.03125,0,0.017094819999670108
901038,congestion,rewired,ample,signed_intensity,0.010754382577630664,0.4177997569560455,0.017024114902369034,0.0010588856487874971,0.03125,0,0.029485533999377367
901038,congestion,rewired,ample,gradient,0.013594453402438627,0.4213782506742793,0.032199231153821804,0.003874988343198674,0.03125,0,0.01634541900023123
901038,congestion,rewired,ample,zero_negative,0.22101597682623123,0.0,0.2287085657771276,0.19882203098731885,1.0,0,0.014825690999259677
901038,congestion,rewired,scarce,full,0.011772997090330148,0.39712343974163544,0.018268338036470853,0.0021786534400634982,0.03125,0,0.019128082000520408
901038,congestion,rewired,scarce,no_K,0.011772997090330148,0.39712343974163544,0.018268338036470853,0.0021786534400634982,0.03125,0,0.019202332000872957
901038,congestion,rewired,scarce,no_W,0.011772997090330148,0.39712343974163544,0.018268338036470853,0.0021786534400634982,0.03125,0,0.018396442999801366
901038,congestion,rewired,scarce,no_WK,0.011772997090330148,0.39712343974163544,0.018268338036470853,0.0021786534400634982,0.03125,0,0.01847407399986878
901038,congestion,rewired,scarce,retuned_zero,0.011772997090330148,0.39712343974163544,0.018268338036470853,0.0021786534400634982,0.03125,0,0.018424935999746594
901038,congestion,rewired,scarce,rewired,0.011772997090330148,0.39712343974163544,0.018268338036470853,0.0021786534400634982,0.03125,0,0.018745009999406648
901038,congestion,rewired,scarce,reverse,0.011772997090330148,0.39712343974163544,0.018268338036470853,0.0021786534400634982,0.03125,0,0.018845791000217105
901038,congestion,rewired,scarce,generic_nonlinear,0.011772997090330148,0.39712343974163544,0.018268338036470853,0.0021786534400634982,0.03125,0,0.01772473699998045
901038,congestion,rewired,scarce,generic_equivalent,0.011772997090330148,0.39712343974163544,0.018268338036470853,0.0021786534400634982,0.03125,0,0.017260532998875533
901038,congestion,rewired,scarce,signed_intensity,0.011772997090330148,0.39712343974163544,0.018268338036470853,0.0021786534400634982,0.03125,0,0.029920706000211794
901038,congestion,rewired,scarce,gradient,0.014658664784916712,0.3975907135186125,0.032491630532257655,0.004939895741556687,0.03125,0,0.01684252400036712
901038,congestion,rewired,scarce,zero_negative,0.22101597682623123,0.0,0.2287085657771276,0.19882203098731885,1.0,0,0.01509080100004212
901038,congestion,absent,ample,full,0.013690026240217656,0.42486065194320477,0.019409733793375867,0.00015730877253964672,0.03125,0,0.01872864899905835
901038,congestion,absent,ample,no_K,0.013690026240217656,0.42486065194320477,0.019409733793375867,0.00015730877253964672,0.03125,0,0.018815435000533398
901038,congestion,absent,ample,no_W,0.013690026240217656,0.42486065194320477,0.019409733793375867,0.00015730877253964672,0.03125,0,0.018326265999007774
901038,congestion,absent,ample,no_WK,0.013690026240217656,0.42486065194320477,0.019409733793375867,0.00015730877253964672,0.03125,0,0.019587800000067546
901038,congestion,absent,ample,retuned_zero,0.013690026240217656,0.42486065194320477,0.019409733793375867,0.00015730877253964672,0.03125,0,0.020034811000527952
901038,congestion,absent,ample,rewired,0.013690026240217656,0.42486065194320477,0.019409733793375867,0.00015730877253964672,0.03125,0,0.019341966999945726
901038,congestion,absent,ample,reverse,0.013690026240217656,0.42486065194320477,0.019409733793375867,0.00015730877253964672,0.03125,0,0.01925199300001168
901038,congestion,absent,ample,generic_nonlinear,0.013690026240217656,0.42486065194320477,0.019409733793375867,0.00015730877253964672,0.03125,0,0.016848215999402782
901038,congestion,absent,ample,generic_equivalent,0.013690026240217656,0.42486065194320477,0.019409733793375867,0.00015730877253964672,0.03125,0,0.016816261000258237
901038,congestion,absent,ample,signed_intensity,0.013690026240217656,0.42486065194320477,0.019409733793375867,0.00015730877253964672,0.03125,0,0.02908705400011513
901038,congestion,absent,ample,gradient,0.014276633175364112,0.4253619643982463,0.02247926438847386,0.0007500316049299852,0.03125,0,0.016458869999496528
901038,congestion,absent,ample,zero_negative,0.22101597682623123,0.0,0.2287085657771276,0.19882203098731885,1.0,0,0.014886875999536642
901038,congestion,absent,scarce,full,0.014957185949861241,0.3986698354969673,0.021221280489468003,0.001729183913396805,0.03125,0,0.01932281500046429
901038,congestion,absent,scarce,no_K,0.014957185949861241,0.3986698354969673,0.021221280489468003,0.001729183913396805,0.03125,0,0.01903635399912673
901038,congestion,absent,scarce,no_W,0.014957185949861241,0.3986698354969673,0.021221280489468003,0.001729183913396805,0.03125,0,0.029156098000157726
901038,congestion,absent,scarce,no_WK,0.014957185949861241,0.3986698354969673,0.021221280489468003,0.001729183913396805,0.03125,0,0.01912900299987541
901038,congestion,absent,scarce,retuned_zero,0.014957185949861241,0.3986698354969673,0.021221280489468003,0.001729183913396805,0.03125,0,0.019307272000446574
901038,congestion,absent,scarce,rewired,0.014957185949861241,0.3986698354969673,0.021221280489468003,0.001729183913396805,0.03125,0,0.019411529999615595
901038,congestion,absent,scarce,reverse,0.014957185949861241,0.3986698354969673,0.021221280489468003,0.001729183913396805,0.03125,0,0.019674527999654856
901038,congestion,absent,scarce,generic_nonlinear,0.014957185949861241,0.3986698354969673,0.021221280489468003,0.001729183913396805,0.03125,0,0.018249736999564448
901038,congestion,absent,scarce,generic_equivalent,0.014957185949861241,0.3986698354969673,0.021221280489468003,0.001729183913396805,0.03125,0,0.016390148999334997
901038,congestion,absent,scarce,signed_intensity,0.014957185949861241,0.3986698354969673,0.021221280489468003,0.001729183913396805,0.03125,0,0.02947548299994196
901038,congestion,absent,scarce,gradient,0.015661336218851768,0.39868287430980487,0.024237135755917013,0.002382916548839345,0.03125,0,0.016245006999724865
901038,congestion,absent,scarce,zero_negative,0.22101597682623123,0.0,0.2287085657771276,0.19882203098731885,1.0,0,0.015241275999755999
901039,linear,aligned,ample,full,0.011776325396156972,0.4190349178453101,0.01711302856271454,0.00034025463186492585,0.03125,0,0.019118384000194055
901039,linear,aligned,ample,no_K,0.011776325396156972,0.4190349178453101,0.01711302856271454,0.00034025463186492585,0.03125,0,0.01889482200033399
901039,linear,aligned,ample,no_W,0.011776325396156972,0.4190349178453101,0.01711302856271454,0.00034025463186492585,0.03125,0,0.026741667000464986
901039,linear,aligned,ample,no_WK,0.011776325396156972,0.4190349178453101,0.01711302856271454,0.00034025463186492585,0.03125,0,0.019110277998834135
901039,linear,aligned,ample,retuned_zero,0.011776325396156972,0.4190349178453101,0.01711302856271454,0.00034025463186492585,0.03125,0,0.018796960000827312
901039,linear,aligned,ample,rewired,0.011776325396156972,0.4190349178453101,0.01711302856271454,0.00034025463186492585,0.03125,0,0.019367685000247548
901039,linear,aligned,ample,reverse,0.011776325396156972,0.4190349178453101,0.01711302856271454,0.00034025463186492585,0.03125,0,0.018297087999485484
901039,linear,aligned,ample,generic_nonlinear,0.011776325396156972,0.4190349178453101,0.01711302856271454,0.00034025463186492585,0.03125,0,0.017242840999870168
901039,linear,aligned,ample,generic_equivalent,0.011776325396156972,0.4190349178453101,0.01711302856271454,0.00034025463186492585,0.03125,0,0.017051105999826177
901039,linear,aligned,ample,signed_intensity,0.011776325396156972,0.4190349178453101,0.01711302856271454,0.00034025463186492585,0.03125,0,0.029891002000795197
901039,linear,aligned,ample,gradient,0.012187176878553339,0.4197283104191776,0.019282298157534204,0.0008493471828956838,0.03125,0,0.015703540999652432
901039,linear,aligned,ample,zero_negative,0.2275993723225596,0.0,0.23699198857429302,0.26995193151006364,1.0,0,0.014766099000667054
901039,linear,aligned,scarce,full,0.01472187338338308,0.38176156788612425,0.019305987969267448,0.004700874840009313,0.03125,0,0.01916131299924473
901039,linear,aligned,scarce,no_K,0.01472187338338308,0.38176156788612425,0.019305987969267448,0.004700874840009313,0.03125,0,0.019001530000082312
901039,linear,aligned,scarce,no_W,0.01472187338338308,0.38176156788612425,0.019305987969267448,0.004700874840009313,0.03125,0,0.02684058200054551
901039,linear,aligned,scarce,no_WK,0.01472187338338308,0.38176156788612425,0.019305987969267448,0.004700874840009313,0.03125,0,0.018114361000129975
901039,linear,aligned,scarce,retuned_zero,0.01472187338338308,0.38176156788612425,0.019305987969267448,0.004700874840009313,0.03125,0,0.01815280699941013
901039,linear,aligned,scarce,rewired,0.01472187338338308,0.38176156788612425,0.019305987969267448,0.004700874840009313,0.03125,0,0.01872281300029499
901039,linear,aligned,scarce,reverse,0.01472187338338308,0.38176156788612425,0.019305987969267448,0.004700874840009313,0.03125,0,0.018391017999988435
901039,linear,aligned,scarce,generic_nonlinear,0.01472187338338308,0.38176156788612425,0.019305987969267448,0.004700874840009313,0.03125,0,0.017803900999524558
901039,linear,aligned,scarce,generic_equivalent,0.01472187338338308,0.38176156788612425,0.019305987969267448,0.004700874840009313,0.03125,0,0.01698627300049793
901039,linear,aligned,scarce,signed_intensity,0.01472187338338308,0.38176156788612425,0.019305987969267448,0.004700874840009313,0.03125,0,0.029653665000523688
901039,linear,aligned,scarce,gradient,0.015149901124857014,0.3824284489614301,0.021370908948403145,0.0050297785768473125,0.03125,0,0.016693871000370564
901039,linear,aligned,scarce,zero_negative,0.2275993723225596,0.0,0.23699198857429302,0.26995193151006364,1.0,0,0.015111473000047226
901039,linear,rewired,ample,full,0.011013596235591196,0.42095467586383584,0.017434279039369848,0.0008747579035648757,0.03125,0,0.019179870000016308
901039,linear,rewired,ample,no_K,0.011013596235591196,0.42095467586383584,0.017434279039369848,0.0008747579035648757,0.03125,0,0.018831788999705168
901039,linear,rewired,ample,no_W,0.011013596235591196,0.42095467586383584,0.017434279039369848,0.0008747579035648757,0.03125,0,0.025247172999911527
901039,linear,rewired,ample,no_WK,0.011013596235591196,0.42095467586383584,0.017434279039369848,0.0008747579035648757,0.03125,0,0.018169901999272042
901039,linear,rewired,ample,retuned_zero,0.011013596235591196,0.42095467586383584,0.017434279039369848,0.0008747579035648757,0.03125,0,0.018509345000325084
901039,linear,rewired,ample,rewired,0.011013596235591196,0.42095467586383584,0.017434279039369848,0.0008747579035648757,0.03125,0,0.018600985000034598
901039,linear,rewired,ample,reverse,0.011013596235591196,0.42095467586383584,0.017434279039369848,0.0008747579035648757,0.03125,0,0.018755815999611514
901039,linear,rewired,ample,generic_nonlinear,0.011013596235591196,0.42095467586383584,0.017434279039369848,0.0008747579035648757,0.03125,0,0.016767983000249842
901039,linear,rewired,ample,generic_equivalent,0.011013596235591196,0.42095467586383584,0.017434279039369848,0.0008747579035648757,0.03125,0,0.016916963000767282
901039,linear,rewired,ample,signed_intensity,0.011013596235591196,0.42095467586383584,0.017434279039369848,0.0008747579035648757,0.03125,0,0.028862660000527285
901039,linear,rewired,ample,gradient,0.01128313929369109,0.421125738146472,0.018696231486270868,0.001053527364843674,0.03125,0,0.01611958199998753
901039,linear,rewired,ample,zero_negative,0.2275993723225596,0.0,0.23699198857429302,0.26995193151006364,1.0,0,0.014678765999747156
901039,linear,rewired,scarce,full,0.01405014992013047,0.38221962621398525,0.01942228407355913,0.005116851228217529,0.03125,0,0.018942019999940385
901039,linear,rewired,scarce,no_K,0.01405014992013047,0.38221962621398525,0.01942228407355913,0.005116851228217529,0.03125,0,0.01879565799993088
901039,linear,rewired,scarce,no_W,0.01405014992013047,0.38221962621398525,0.01942228407355913,0.005116851228217529,0.03125,0,0.018680356000345455
901039,linear,rewired,scarce,no_WK,0.01405014992013047,0.38221962621398525,0.01942228407355913,0.005116851228217529,0.03125,0,0.0190928439998288
901039,linear,rewired,scarce,retuned_zero,0.01405014992013047,0.38221962621398525,0.01942228407355913,0.005116851228217529,0.03125,0,0.01858893400060424
901039,linear,rewired,scarce,rewired,0.01405014992013047,0.38221962621398525,0.01942228407355913,0.005116851228217529,0.03125,0,0.01862940200032881
901039,linear,rewired,scarce,reverse,0.01405014992013047,0.38221962621398525,0.01942228407355913,0.005116851228217529,0.03125,0,0.018571398000176487
901039,linear,rewired,scarce,generic_nonlinear,0.01405014992013047,0.38221962621398525,0.01942228407355913,0.005116851228217529,0.03125,0,0.017492438000317634
901039,linear,rewired,scarce,generic_equivalent,0.01405014992013047,0.38221962621398525,0.01942228407355913,0.005116851228217529,0.03125,0,0.016764090000037868
901039,linear,rewired,scarce,signed_intensity,0.01405014992013047,0.38221962621398525,0.01942228407355913,0.005116851228217529,0.03125,0,0.029367360000151166
901039,linear,rewired,scarce,gradient,0.014363231553309173,0.3829274026974784,0.0206234258784521,0.005262586836713842,0.03125,0,0.016056793999723595
901039,linear,rewired,scarce,zero_negative,0.2275993723225596,0.0,0.23699198857429302,0.26995193151006364,1.0,0,0.015247208999653594
901039,linear,absent,ample,full,0.011858291302478601,0.4496316231043887,0.017074073346842175,0.00019876999726694232,0.03125,0,0.01893939000035516
901039,linear,absent,ample,no_K,0.011858291302478601,0.4496316231043887,0.017074073346842175,0.00019876999726694232,0.03125,0,0.027656136999894443
901039,linear,absent,ample,no_W,0.011858291302478601,0.4496316231043887,0.017074073346842175,0.00019876999726694232,0.03125,0,0.018496092999725988
901039,linear,absent,ample,no_WK,0.011858291302478601,0.4496316231043887,0.017074073346842175,0.00019876999726694232,0.03125,0,0.018556401000751066
901039,linear,absent,ample,retuned_zero,0.011858291302478601,0.4496316231043887,0.017074073346842175,0.00019876999726694232,0.03125,0,0.01857589500036738
901039,linear,absent,ample,rewired,0.011858291302478601,0.4496316231043887,0.017074073346842175,0.00019876999726694232,0.03125,0,0.018672157999162664
901039,linear,absent,ample,reverse,0.011858291302478601,0.4496316231043887,0.017074073346842175,0.00019876999726694232,0.03125,0,0.018071066000061364
901039,linear,absent,ample,generic_nonlinear,0.011858291302478601,0.4496316231043887,0.017074073346842175,0.00019876999726694232,0.03125,0,0.01737303599986717
901039,linear,absent,ample,generic_equivalent,0.011858291302478601,0.4496316231043887,0.017074073346842175,0.00019876999726694232,0.03125,0,0.01744349199896078
901039,linear,absent,ample,signed_intensity,0.011858291302478601,0.4496316231043887,0.017074073346842175,0.00019876999726694232,0.03125,0,0.030002487000274414
901039,linear,absent,ample,gradient,0.012044664794341218,0.4495469111861923,0.01803591985964219,0.0003778975774058044,0.03125,0,0.015577376999317494
901039,linear,absent,ample,zero_negative,0.2275993723225596,0.0,0.23699198857429302,0.26995193151006364,1.0,0,0.014777445000390799
901039,linear,absent,scarce,full,0.018274364049074565,0.39276545145324293,0.022189304836518712,0.011026485174327728,0.03125,0,0.019097796999858474
901039,linear,absent,scarce,no_K,0.018274364049074565,0.39276545145324293,0.022189304836518712,0.011026485174327728,0.03125,0,0.027798501000347642
901039,linear,absent,scarce,no_W,0.018274364049074565,0.39276545145324293,0.022189304836518712,0.011026485174327728,0.03125,0,0.018691095000576752
901039,linear,absent,scarce,no_WK,0.018274364049074565,0.39276545145324293,0.022189304836518712,0.011026485174327728,0.03125,0,0.018278843999610217
901039,linear,absent,scarce,retuned_zero,0.018274364049074565,0.39276545145324293,0.022189304836518712,0.011026485174327728,0.03125,0,0.018209386999842536
901039,linear,absent,scarce,rewired,0.018274364049074565,0.39276545145324293,0.022189304836518712,0.011026485174327728,0.03125,0,0.018549928000084037
901039,linear,absent,scarce,reverse,0.018274364049074565,0.39276545145324293,0.022189304836518712,0.011026485174327728,0.03125,0,0.01813194600015322
901039,linear,absent,scarce,generic_nonlinear,0.018274364049074565,0.39276545145324293,0.022189304836518712,0.011026485174327728,0.03125,0,0.01723918399932245
901039,linear,absent,scarce,generic_equivalent,0.018274364049074565,0.39276545145324293,0.022189304836518712,0.011026485174327728,0.03125,0,0.01701549599988539
901039,linear,absent,scarce,signed_intensity,0.018274364049074565,0.39276545145324293,0.022189304836518712,0.011026485174327728,0.03125,0,0.02957884799934618
901039,linear,absent,scarce,gradient,0.018459857842801523,0.39288968422566173,0.022876174316545844,0.010931308722936964,0.03125,0,0.016136425000354393
901039,linear,absent,scarce,zero_negative,0.2275993723225596,0.0,0.23699198857429302,0.26995193151006364,1.0,0,0.014669673999719635
901039,congestion,aligned,ample,full,0.012587543744917235,0.4452189855508333,0.020599706989074155,0.0018222119569205428,0.03125,0,0.018971644000544075
901039,congestion,aligned,ample,no_K,0.012587543744917235,0.4452189855508333,0.020599706989074155,0.0018222119569205428,0.03125,0,0.01901835400053642
901039,congestion,aligned,ample,no_W,0.012587543744917235,0.4452189855508333,0.020599706989074155,0.0018222119569205428,0.03125,0,0.018930345999933706
901039,congestion,aligned,ample,no_WK,0.012587543744917235,0.4452189855508333,0.020599706989074155,0.0018222119569205428,0.03125,0,0.01815121599986469
901039,congestion,aligned,ample,retuned_zero,0.012587543744917235,0.4452189855508333,0.020599706989074155,0.0018222119569205428,0.03125,0,0.018684745000541625
901039,congestion,aligned,ample,rewired,0.012587543744917235,0.4452189855508333,0.020599706989074155,0.0018222119569205428,0.03125,0,0.018589601000485345
901039,congestion,aligned,ample,reverse,0.012587543744917235,0.4452189855508333,0.020599706989074155,0.0018222119569205428,0.03125,0,0.018760243999963677
901039,congestion,aligned,ample,generic_nonlinear,0.012587543744917235,0.4452189855508333,0.020599706989074155,0.0018222119569205428,0.03125,0,0.017020680000541688
901039,congestion,aligned,ample,generic_equivalent,0.012587543744917235,0.4452189855508333,0.020599706989074155,0.0018222119569205428,0.03125,0,0.016935214999762138
901039,congestion,aligned,ample,signed_intensity,0.012587543744917235,0.4452189855508333,0.020599706989074155,0.0018222119569205428,0.03125,0,0.028925378999701934
901039,congestion,aligned,ample,gradient,0.01282998489491019,0.4444393988986643,0.02168488353187799,0.0013252218696232572,0.03125,0,0.016009664999728557
901039,congestion,aligned,ample,zero_negative,0.2275993723225596,0.0,0.23699198857429302,0.26995193151006364,1.0,0,0.014864524999893547
901039,congestion,aligned,scarce,full,0.017218986327726567,0.39197388565021407,0.023421914659110612,0.008699007868185102,0.03125,0,0.018987298999604718
901039,congestion,aligned,scarce,no_K,0.017218986327726567,0.39197388565021407,0.023421914659110612,0.008699007868185102,0.03125,0,0.025214799000536914
901039,congestion,aligned,scarce,no_W,0.017218986327726567,0.39197388565021407,0.023421914659110612,0.008699007868185102,0.03125,0,0.018833848998951908
901039,congestion,aligned,scarce,no_WK,0.017218986327726567,0.39197388565021407,0.023421914659110612,0.008699007868185102,0.03125,0,0.018784215000096083
901039,congestion,aligned,scarce,retuned_zero,0.017218986327726567,0.39197388565021407,0.023421914659110612,0.008699007868185102,0.03125,0,0.019008675999884872
901039,congestion,aligned,scarce,rewired,0.017218986327726567,0.39197388565021407,0.023421914659110612,0.008699007868185102,0.03125,0,0.018749738001133665
901039,congestion,aligned,scarce,reverse,0.017218986327726567,0.39197388565021407,0.023421914659110612,0.008699007868185102,0.03125,0,0.018838091000475288
901039,congestion,aligned,scarce,generic_nonlinear,0.017218986327726567,0.39197388565021407,0.023421914659110612,0.008699007868185102,0.03125,0,0.017361878999963665
901039,congestion,aligned,scarce,generic_equivalent,0.017218986327726567,0.39197388565021407,0.023421914659110612,0.008699007868185102,0.03125,0,0.016454316000135805
901039,congestion,aligned,scarce,signed_intensity,0.017218986327726567,0.39197388565021407,0.023421914659110612,0.008699007868185102,0.03125,0,0.029497553999703996
901039,congestion,aligned,scarce,gradient,0.017535348156541286,0.39191097007257325,0.024723613300276195,0.00849129514135992,0.03125,0,0.016449916999931702
901039,congestion,aligned,scarce,zero_negative,0.2275993723225596,0.0,0.23699198857429302,0.26995193151006364,1.0,0,0.01543906799963679
901039,congestion,rewired,ample,full,0.011446555760866325,0.4478042661129102,0.01907763058032259,0.0009737451183059294,0.03125,0,0.02809513999977753
901039,congestion,rewired,ample,no_K,0.011446555760866325,0.4478042661129102,0.01907763058032259,0.0009737451183059294,0.03125,0,0.01957480800012945
901039,congestion,rewired,ample,no_W,0.011446555760866325,0.4478042661129102,0.01907763058032259,0.0009737451183059294,0.03125,0,0.019239701999936187
901039,congestion,rewired,ample,no_WK,0.011446555760866325,0.4478042661129102,0.01907763058032259,0.0009737451183059294,0.03125,0,0.018767098000353144
901039,congestion,rewired,ample,retuned_zero,0.011446555760866325,0.4478042661129102,0.01907763058032259,0.0009737451183059294,0.03125,0,0.018954686000938636
901039,congestion,rewired,ample,rewired,0.011446555760866325,0.4478042661129102,0.01907763058032259,0.0009737451183059294,0.03125,0,0.018826134998789712
901039,congestion,rewired,ample,reverse,0.011446555760866325,0.4478042661129102,0.01907763058032259,0.0009737451183059294,0.03125,0,0.018149827000343066
901039,congestion,rewired,ample,generic_nonlinear,0.011446555760866325,0.4478042661129102,0.01907763058032259,0.0009737451183059294,0.03125,0,0.017325030000165498
901039,congestion,rewired,ample,generic_equivalent,0.011446555760866325,0.4478042661129102,0.01907763058032259,0.0009737451183059294,0.03125,0,0.017051256000513604
901039,congestion,rewired,ample,signed_intensity,0.011446555760866325,0.4478042661129102,0.01907763058032259,0.0009737451183059294,0.03125,0,0.029534686999454607
901039,congestion,rewired,ample,gradient,0.01202159194568476,0.44690891985333236,0.021614292023777456,0.0019418464075441472,0.03125,0,0.015756736999833265
901039,congestion,rewired,ample,zero_negative,0.2275993723225596,0.0,0.23699198857429302,0.26995193151006364,1.0,0,0.01472204599951965
901039,congestion,rewired,scarce,full,0.016299726959224867,0.39326149583836867,0.02239574900533217,0.008433605967759064,0.03125,0,0.02882112799954939
901039,congestion,rewired,scarce,no_K,0.016299726959224867,0.39326149583836867,0.02239574900533217,0.008433605967759064,0.03125,0,0.019383433999223598
901039,congestion,rewired,scarce,no_W,0.016299726959224867,0.39326149583836867,0.02239574900533217,0.008433605967759064,0.03125,0,0.019009288999768614
901039,congestion,rewired,scarce,no_WK,0.016299726959224867,0.39326149583836867,0.02239574900533217,0.008433605967759064,0.03125,0,0.018499822001103894
901039,congestion,rewired,scarce,retuned_zero,0.016299726959224867,0.39326149583836867,0.02239574900533217,0.008433605967759064,0.03125,0,0.018535485998881995
901039,congestion,rewired,scarce,rewired,0.016299726959224867,0.39326149583836867,0.02239574900533217,0.008433605967759064,0.03125,0,0.0186584469997797
901039,congestion,rewired,scarce,reverse,0.016299726959224867,0.39326149583836867,0.02239574900533217,0.008433605967759064,0.03125,0,0.018186184000796857
901039,congestion,rewired,scarce,generic_nonlinear,0.016299726959224867,0.39326149583836867,0.02239574900533217,0.008433605967759064,0.03125,0,0.017487139001218566
901039,congestion,rewired,scarce,generic_equivalent,0.016299726959224867,0.39326149583836867,0.02239574900533217,0.008433605967759064,0.03125,0,0.017128695999304
901039,congestion,rewired,scarce,signed_intensity,0.016299726959224867,0.39326149583836867,0.02239574900533217,0.008433605967759064,0.03125,0,0.030158514999811814
901039,congestion,rewired,scarce,gradient,0.017043458009293293,0.3933516213268761,0.024597338306696016,0.009172180197740024,0.03125,0,0.016658976000371695
901039,congestion,rewired,scarce,zero_negative,0.2275993723225596,0.0,0.23699198857429302,0.26995193151006364,1.0,0,0.014749689999575821
901039,congestion,absent,ample,full,0.011858291302478601,0.4496316231043887,0.017074073346842175,0.00019876999726694232,0.03125,0,0.01859413800082166
901039,congestion,absent,ample,no_K,0.011858291302478601,0.4496316231043887,0.017074073346842175,0.00019876999726694232,0.03125,0,0.01818255899968335
901039,congestion,absent,ample,no_W,0.011858291302478601,0.4496316231043887,0.017074073346842175,0.00019876999726694232,0.03125,0,0.01864565600055812
901039,congestion,absent,ample,no_WK,0.011858291302478601,0.4496316231043887,0.017074073346842175,0.00019876999726694232,0.03125,0,0.01818176899973878
901039,congestion,absent,ample,retuned_zero,0.011858291302478601,0.4496316231043887,0.017074073346842175,0.00019876999726694232,0.03125,0,0.018638711999869884
901039,congestion,absent,ample,rewired,0.011858291302478601,0.4496316231043887,0.017074073346842175,0.00019876999726694232,0.03125,0,0.018576976000304057
901039,congestion,absent,ample,reverse,0.011858291302478601,0.4496316231043887,0.017074073346842175,0.00019876999726694232,0.03125,0,0.018507368999735263
901039,congestion,absent,ample,generic_nonlinear,0.011858291302478601,0.4496316231043887,0.017074073346842175,0.00019876999726694232,0.03125,0,0.01681113799998002
901039,congestion,absent,ample,generic_equivalent,0.011858291302478601,0.4496316231043887,0.017074073346842175,0.00019876999726694232,0.03125,0,0.0168773999998848
901039,congestion,absent,ample,signed_intensity,0.011858291302478601,0.4496316231043887,0.017074073346842175,0.00019876999726694232,0.03125,0,0.028829166000150508
901039,congestion,absent,ample,gradient,0.012044664794341218,0.4495469111861923,0.01803591985964219,0.0003778975774058044,0.03125,0,0.01609391700071683
901039,congestion,absent,ample,zero_negative,0.2275993723225596,0.0,0.23699198857429302,0.26995193151006364,1.0,0,0.0147386189998997
901039,congestion,absent,scarce,full,0.018274364049074565,0.39276545145324293,0.022189304836518712,0.011026485174327728,0.03125,0,0.01896695400034787
901039,congestion,absent,scarce,no_K,0.018274364049074565,0.39276545145324293,0.022189304836518712,0.011026485174327728,0.03125,0,0.018874214000447864
901039,congestion,absent,scarce,no_W,0.018274364049074565,0.39276545145324293,0.022189304836518712,0.011026485174327728,0.03125,0,0.018471243000021786
901039,congestion,absent,scarce,no_WK,0.018274364049074565,0.39276545145324293,0.022189304836518712,0.011026485174327728,0.03125,0,0.018576375000748158
901039,congestion,absent,scarce,retuned_zero,0.018274364049074565,0.39276545145324293,0.022189304836518712,0.011026485174327728,0.03125,0,0.018706896999105993
901039,congestion,absent,scarce,rewired,0.018274364049074565,0.39276545145324293,0.022189304836518712,0.011026485174327728,0.03125,0,0.018503698998870277
901039,congestion,absent,scarce,reverse,0.018274364049074565,0.39276545145324293,0.022189304836518712,0.011026485174327728,0.03125,0,0.018637694000858573
901039,congestion,absent,scarce,generic_nonlinear,0.018274364049074565,0.39276545145324293,0.022189304836518712,0.011026485174327728,0.03125,0,0.01816758199981905
901039,congestion,absent,scarce,generic_equivalent,0.018274364049074565,0.39276545145324293,0.022189304836518712,0.011026485174327728,0.03125,0,0.01645299400058775
901039,congestion,absent,scarce,signed_intensity,0.018274364049074565,0.39276545145324293,0.022189304836518712,0.011026485174327728,0.03125,0,0.029461081999897942
901039,congestion,absent,scarce,gradient,0.018459857842801523,0.39288968422566173,0.022876174316545844,0.010931308722936964,0.03125,0,0.01607630099954349
901039,congestion,absent,scarce,zero_negative,0.2275993723225596,0.0,0.23699198857429302,0.26995193151006364,1.0,0,0.023239347999947313
901040,linear,aligned,ample,full,0.009352320378764548,0.39103424305086476,0.015284594771447021,0.0011713612273125164,0.03125,0,0.01901022799995644
901040,linear,aligned,ample,no_K,0.009352320378764548,0.39103424305086476,0.015284594771447021,0.0011713612273125164,0.03125,0,0.019123259999560105
901040,linear,aligned,ample,no_W,0.009352320378764548,0.39103424305086476,0.015284594771447021,0.0011713612273125164,0.03125,0,0.01898928199977945
901040,linear,aligned,ample,no_WK,0.009352320378764548,0.39103424305086476,0.015284594771447021,0.0011713612273125164,0.03125,0,0.018976671999666905
901040,linear,aligned,ample,retuned_zero,0.009352320378764548,0.39103424305086476,0.015284594771447021,0.0011713612273125164,0.03125,0,0.01865175799946428
901040,linear,aligned,ample,rewired,0.009352320378764548,0.39103424305086476,0.015284594771447021,0.0011713612273125164,0.03125,0,0.018678401999864036
901040,linear,aligned,ample,reverse,0.009352320378764548,0.39103424305086476,0.015284594771447021,0.0011713612273125164,0.03125,0,0.018046065998987615
901040,linear,aligned,ample,generic_nonlinear,0.009352320378764548,0.39103424305086476,0.015284594771447021,0.0011713612273125164,0.03125,0,0.017455672000892264
901040,linear,aligned,ample,generic_equivalent,0.009352320378764548,0.39103424305086476,0.015284594771447021,0.0011713612273125164,0.03125,0,0.017040838999832886
901040,linear,aligned,ample,signed_intensity,0.009352320378764548,0.39103424305086476,0.015284594771447021,0.0011713612273125164,0.03125,0,0.029593702000283884
901040,linear,aligned,ample,gradient,0.010326465534607008,0.39001918203967684,0.019828138168030297,0.0021776695477750876,0.03125,0,0.015539154999942184
901040,linear,aligned,ample,zero_negative,0.2202561128581836,0.0,0.2504121173232822,0.1900829991232654,1.0,0,0.021297902998981044
901040,linear,aligned,scarce,full,0.009671260740334652,0.3829766956567795,0.01584384248845162,0.001164698181951975,0.03125,0,0.01906929399922319
901040,linear,aligned,scarce,no_K,0.009671260740334652,0.3829766956567795,0.01584384248845162,0.001164698181951975,0.03125,0,0.018998956000359613
901040,linear,aligned,scarce,no_W,0.009671260740334652,0.3829766956567795,0.01584384248845162,0.001164698181951975,0.03125,0,0.019190023999613004
901040,linear,aligned,scarce,no_WK,0.009671260740334652,0.3829766956567795,0.01584384248845162,0.001164698181951975,0.03125,0,0.01814443999910509
901040,linear,aligned,scarce,retuned_zero,0.009671260740334652,0.3829766956567795,0.01584384248845162,0.001164698181951975,0.03125,0,0.018017546999772094
901040,linear,aligned,scarce,rewired,0.009671260740334652,0.3829766956567795,0.01584384248845162,0.001164698181951975,0.03125,0,0.018630396000844485
901040,linear,aligned,scarce,reverse,0.009671260740334652,0.3829766956567795,0.01584384248845162,0.001164698181951975,0.03125,0,0.018366325999977562
901040,linear,aligned,scarce,generic_nonlinear,0.009671260740334652,0.3829766956567795,0.01584384248845162,0.001164698181951975,0.03125,0,0.017400976999738305
901040,linear,aligned,scarce,generic_equivalent,0.009671260740334652,0.3829766956567795,0.01584384248845162,0.001164698181951975,0.03125,0,0.017183052000177668
901040,linear,aligned,scarce,signed_intensity,0.009671260740334652,0.3829766956567795,0.01584384248845162,0.001164698181951975,0.03125,0,0.029427712999563482
901040,linear,aligned,scarce,gradient,0.010634270781929333,0.38173154951669575,0.020460766362494703,0.0021789980769590456,0.03125,0,0.016270648999920923
901040,linear,aligned,scarce,zero_negative,0.2202561128581836,0.0,0.2504121173232822,0.1900829991232654,1.0,0,0.021998792000431422
901040,linear,rewired,ample,full,0.00710117054298162,0.39392273473873307,0.011924964153561868,0.0012366100939365113,0.03125,0,0.01861659800056259
901040,linear,rewired,ample,no_K,0.00710117054298162,0.39392273473873307,0.011924964153561868,0.0012366100939365113,0.03125,0,0.018250802999659754
901040,linear,rewired,ample,no_W,0.00710117054298162,0.39392273473873307,0.011924964153561868,0.0012366100939365113,0.03125,0,0.01876058000050307
901040,linear,rewired,ample,no_WK,0.00710117054298162,0.39392273473873307,0.011924964153561868,0.0012366100939365113,0.03125,0,0.018498638000096435
901040,linear,rewired,ample,retuned_zero,0.00710117054298162,0.39392273473873307,0.011924964153561868,0.0012366100939365113,0.03125,0,0.0192599740003061
901040,linear,rewired,ample,rewired,0.00710117054298162,0.39392273473873307,0.011924964153561868,0.0012366100939365113,0.03125,0,0.018517795999628106
901040,linear,rewired,ample,reverse,0.00710117054298162,0.39392273473873307,0.011924964153561868,0.0012366100939365113,0.03125,0,0.018852169999149737
901040,linear,rewired,ample,generic_nonlinear,0.00710117054298162,0.39392273473873307,0.011924964153561868,0.0012366100939365113,0.03125,0,0.016951286000562504
901040,linear,rewired,ample,generic_equivalent,0.00710117054298162,0.39392273473873307,0.011924964153561868,0.0012366100939365113,0.03125,0,0.016908192999721905
901040,linear,rewired,ample,signed_intensity,0.00710117054298162,0.39392273473873307,0.011924964153561868,0.0012366100939365113,0.03125,0,0.02911886399931518
901040,linear,rewired,ample,gradient,0.007646101367422752,0.3943568999940288,0.014474618069290195,0.0014694591572204175,0.03125,0,0.016385200000286204
901040,linear,rewired,ample,zero_negative,0.2202561128581836,0.0,0.2504121173232822,0.1900829991232654,1.0,0,0.014832091999892327
901040,linear,rewired,scarce,full,0.007487551768914951,0.3844276047845262,0.012767749208897021,0.0012364538386078674,0.03125,0,0.019077432999893063
901040,linear,rewired,scarce,no_K,0.007487551768914951,0.3844276047845262,0.012767749208897021,0.0012364538386078674,0.03125,0,0.019311609000055796
901040,linear,rewired,scarce,no_W,0.007487551768914951,0.3844276047845262,0.012767749208897021,0.0012364538386078674,0.03125,0,0.018676406000167844
901040,linear,rewired,scarce,no_WK,0.007487551768914951,0.3844276047845262,0.012767749208897021,0.0012364538386078674,0.03125,0,0.018761112000674984
901040,linear,rewired,scarce,retuned_zero,0.007487551768914951,0.3844276047845262,0.012767749208897021,0.0012364538386078674,0.03125,0,0.01871615700019902
901040,linear,rewired,scarce,rewired,0.007487551768914951,0.3844276047845262,0.012767749208897021,0.0012364538386078674,0.03125,0,0.018393231999652926
901040,linear,rewired,scarce,reverse,0.007487551768914951,0.3844276047845262,0.012767749208897021,0.0012364538386078674,0.03125,0,0.018503626000210716
901040,linear,rewired,scarce,generic_nonlinear,0.007487551768914951,0.3844276047845262,0.012767749208897021,0.0012364538386078674,0.03125,0,0.017624812999429196
901040,linear,rewired,scarce,generic_equivalent,0.007487551768914951,0.3844276047845262,0.012767749208897021,0.0012364538386078674,0.03125,0,0.016553437000652593
901040,linear,rewired,scarce,signed_intensity,0.007487551768914951,0.3844276047845262,0.012767749208897021,0.0012364538386078674,0.03125,0,0.029326491000347232
901040,linear,rewired,scarce,gradient,0.008128025620873475,0.3851754872976091,0.015518986456449183,0.0014729535237503755,0.03125,0,0.022841205000190712
901040,linear,rewired,scarce,zero_negative,0.2202561128581836,0.0,0.2504121173232822,0.1900829991232654,1.0,0,0.015314296000838112
901040,linear,absent,ample,full,0.009993928045039584,0.4192336457299123,0.015042162996040047,0.00015208410667725403,0.03125,0,0.019146488000274076
901040,linear,absent,ample,no_K,0.009993928045039584,0.4192336457299123,0.015042162996040047,0.00015208410667725403,0.03125,0,0.018684353000253395
901040,linear,absent,ample,no_W,0.009993928045039584,0.4192336457299123,0.015042162996040047,0.00015208410667725403,0.03125,0,0.019275273000971538
901040,linear,absent,ample,no_WK,0.009993928045039584,0.4192336457299123,0.015042162996040047,0.00015208410667725403,0.03125,0,0.01862382199988133
901040,linear,absent,ample,retuned_zero,0.009993928045039584,0.4192336457299123,0.015042162996040047,0.00015208410667725403,0.03125,0,0.01868324999941251
901040,linear,absent,ample,rewired,0.009993928045039584,0.4192336457299123,0.015042162996040047,0.00015208410667725403,0.03125,0,0.01878421900084959
901040,linear,absent,ample,reverse,0.009993928045039584,0.4192336457299123,0.015042162996040047,0.00015208410667725403,0.03125,0,0.017940914000064367
901040,linear,absent,ample,generic_nonlinear,0.009993928045039584,0.4192336457299123,0.015042162996040047,0.00015208410667725403,0.03125,0,0.017302142999710668
901040,linear,absent,ample,generic_equivalent,0.009993928045039584,0.4192336457299123,0.015042162996040047,0.00015208410667725403,0.03125,0,0.016873334000365503
901040,linear,absent,ample,signed_intensity,0.009993928045039584,0.4192336457299123,0.015042162996040047,0.00015208410667725403,0.03125,0,0.03864572899965424
901040,linear,absent,ample,gradient,0.010194025986321385,0.41868399645168863,0.01605947869636898,0.0003362294156286437,0.03125,0,0.015480313999887585
901040,linear,absent,ample,zero_negative,0.2202561128581836,0.0,0.2504121173232822,0.1900829991232654,1.0,0,0.015037986999800523
901040,linear,absent,scarce,full,0.01174536302534913,0.3942644641456936,0.018357304483420007,0.00031343236722714706,0.03125,0,0.018814531999964856
901040,linear,absent,scarce,no_K,0.01174536302534913,0.3942644641456936,0.018357304483420007,0.00031343236722714706,0.03125,0,0.019214884998632442
901040,linear,absent,scarce,no_W,0.01174536302534913,0.3942644641456936,0.018357304483420007,0.00031343236722714706,0.03125,0,0.01898950599957061
901040,linear,absent,scarce,no_WK,0.01174536302534913,0.3942644641456936,0.018357304483420007,0.00031343236722714706,0.03125,0,0.01890522099995451
901040,linear,absent,scarce,retuned_zero,0.01174536302534913,0.3942644641456936,0.018357304483420007,0.00031343236722714706,0.03125,0,0.01856278699960967
901040,linear,absent,scarce,rewired,0.01174536302534913,0.3942644641456936,0.018357304483420007,0.00031343236722714706,0.03125,0,0.019126537999682114
901040,linear,absent,scarce,reverse,0.01174536302534913,0.3942644641456936,0.018357304483420007,0.00031343236722714706,0.03125,0,0.01870345299926157
901040,linear,absent,scarce,generic_nonlinear,0.01174536302534913,0.3942644641456936,0.018357304483420007,0.00031343236722714706,0.03125,0,0.017924810999602414
901040,linear,absent,scarce,generic_equivalent,0.01174536302534913,0.3942644641456936,0.018357304483420007,0.00031343236722714706,0.03125,0,0.018048028999714916
901040,linear,absent,scarce,signed_intensity,0.01174536302534913,0.3942644641456936,0.01835730448342001,0.00031343236722714706,0.03125,0,0.03954322299955493
901040,linear,absent,scarce,gradient,0.012024773690992894,0.3939401062156778,0.0195940619904263,0.0005416151903318424,0.03125,0,0.015564453000251888
901040,linear,absent,scarce,zero_negative,0.2202561128581836,0.0,0.2504121173232822,0.1900829991232654,1.0,0,0.015323072000114735
901040,congestion,aligned,ample,full,0.01077515222961218,0.4182713055443503,0.02082361910615478,0.001567227679398949,0.03515625,0,0.018958320999445277
901040,congestion,aligned,ample,no_K,0.01077515222961218,0.4182713055443503,0.02082361910615478,0.001567227679398949,0.03515625,0,0.018567965999750413
901040,congestion,aligned,ample,no_W,0.01077515222961218,0.4182713055443503,0.02082361910615478,0.001567227679398949,0.03515625,0,0.01940321199981554
901040,congestion,aligned,ample,no_WK,0.01077515222961218,0.4182713055443503,0.02082361910615478,0.001567227679398949,0.03515625,0,0.018480045999581307
901040,congestion,aligned,ample,retuned_zero,0.01077515222961218,0.4182713055443503,0.02082361910615478,0.001567227679398949,0.03515625,0,0.018921344999625944
901040,congestion,aligned,ample,rewired,0.01077515222961218,0.4182713055443503,0.02082361910615478,0.001567227679398949,0.03515625,0,0.018878523999205754
901040,congestion,aligned,ample,reverse,0.01077515222961218,0.4182713055443503,0.02082361910615478,0.001567227679398949,0.03515625,0,0.01900135199991837
901040,congestion,aligned,ample,generic_nonlinear,0.01077515222961218,0.4182713055443503,0.02082361910615478,0.001567227679398949,0.03515625,0,0.01683349799975531
901040,congestion,aligned,ample,generic_equivalent,0.01077515222961218,0.4182713055443503,0.02082361910615478,0.001567227679398949,0.03515625,0,0.016936754999505865
901040,congestion,aligned,ample,signed_intensity,0.01077515222961218,0.4182713055443503,0.02082361910615478,0.001567227679398949,0.03515625,0,0.029052472999978818
901040,congestion,aligned,ample,gradient,0.011432551200045096,0.41401629552511565,0.023604075776595287,0.0023145086301603014,0.03125,0,0.01573054100083482
901040,congestion,aligned,ample,zero_negative,0.2202561128581836,0.0,0.2504121173232822,0.1900829991232654,1.0,0,0.01493072899938852
901040,congestion,aligned,scarce,full,0.012303938617162242,0.3906066977191085,0.022214291791702853,0.0012946713289063037,0.03125,0,0.018943255999261055
901040,congestion,aligned,scarce,no_K,0.012303938617162242,0.3906066977191085,0.022214291791702853,0.0012946713289063037,0.03125,0,0.01909372200054804
901040,congestion,aligned,scarce,no_W,0.012303938617162242,0.3906066977191085,0.022214291791702853,0.0012946713289063037,0.03125,0,0.019034763000036037
901040,congestion,aligned,scarce,no_WK,0.012303938617162242,0.3906066977191085,0.022214291791702853,0.0012946713289063037,0.03125,0,0.01892823100035912
901040,congestion,aligned,scarce,retuned_zero,0.012303938617162242,0.3906066977191085,0.022214291791702853,0.0012946713289063037,0.03125,0,0.018848527000841386
901040,congestion,aligned,scarce,rewired,0.012303938617162242,0.3906066977191085,0.022214291791702853,0.0012946713289063037,0.03125,0,0.019170143000337703
901040,congestion,aligned,scarce,reverse,0.012303938617162242,0.3906066977191085,0.022214291791702853,0.0012946713289063037,0.03125,0,0.019117013999903065
901040,congestion,aligned,scarce,generic_nonlinear,0.012303938617162242,0.3906066977191085,0.022214291791702853,0.0012946713289063037,0.03125,0,0.01748823899913532
901040,congestion,aligned,scarce,generic_equivalent,0.012303938617162242,0.3906066977191085,0.022214291791702853,0.0012946713289063037,0.03125,0,0.01654577799956769
901040,congestion,aligned,scarce,signed_intensity,0.012303938617162242,0.3906066977191085,0.022214291791702853,0.0012946713289063037,0.03125,0,0.03001999499986141
901040,congestion,aligned,scarce,gradient,0.012932372629688887,0.3903618545823798,0.025222646403902177,0.0024308275293582426,0.03125,0,0.016274500999884367
901040,congestion,aligned,scarce,zero_negative,0.2202561128581836,0.0,0.2504121173232822,0.1900829991232654,1.0,0,0.015199670000242804
901040,congestion,rewired,ample,full,0.010021203025337468,0.4224104887969209,0.019874171769542138,0.0015099365045739195,0.033203125,0,0.019167356000252767
901040,congestion,rewired,ample,no_K,0.010021203025337468,0.4224104887969209,0.019874171769542138,0.0015099365045739195,0.033203125,0,0.019293690000608876
901040,congestion,rewired,ample,no_W,0.010021203025337468,0.4224104887969209,0.019874171769542138,0.0015099365045739195,0.033203125,0,0.01926490099970124
901040,congestion,rewired,ample,no_WK,0.010021203025337468,0.4224104887969209,0.019874171769542138,0.0015099365045739195,0.033203125,0,0.01873686999988422
901040,congestion,rewired,ample,retuned_zero,0.010021203025337468,0.4224104887969209,0.019874171769542138,0.0015099365045739195,0.033203125,0,0.01872741699969538
901040,congestion,rewired,ample,rewired,0.010021203025337468,0.4224104887969209,0.019874171769542138,0.0015099365045739195,0.033203125,0,0.018746162000297772
901040,congestion,rewired,ample,reverse,0.010021203025337468,0.4224104887969209,0.019874171769542138,0.0015099365045739195,0.033203125,0,0.01828492900017409
901040,congestion,rewired,ample,generic_nonlinear,0.010021203025337468,0.4224104887969209,0.019874171769542138,0.0015099365045739195,0.033203125,0,0.017604175000087707
901040,congestion,rewired,ample,generic_equivalent,0.010021203025337468,0.4224104887969209,0.019874171769542138,0.0015099365045739195,0.033203125,0,0.024624398000241854
901040,congestion,rewired,ample,signed_intensity,0.010021203025337468,0.4224104887969209,0.019874171769542138,0.0015099365045739195,0.033203125,0,0.029431714000111242
901040,congestion,rewired,ample,gradient,0.009761327505449651,0.4200393820257845,0.018091444473943463,0.0019316509223472789,0.03125,0,0.015697964998707903
901040,congestion,rewired,ample,zero_negative,0.2202561128581836,0.0,0.2504121173232822,0.1900829991232654,1.0,0,0.015392564999274327
901040,congestion,rewired,scarce,full,0.01142063842566901,0.39279279710925114,0.021227230464277894,0.0015942357163334325,0.03125,0,0.019366088000424497
901040,congestion,rewired,scarce,no_K,0.01142063842566901,0.39279279710925114,0.021227230464277894,0.0015942357163334325,0.03125,0,0.018809774999908768
901040,congestion,rewired,scarce,no_W,0.01142063842566901,0.39279279710925114,0.021227230464277894,0.0015942357163334325,0.03125,0,0.01875505499947394
901040,congestion,rewired,scarce,no_WK,0.01142063842566901,0.39279279710925114,0.021227230464277894,0.0015942357163334325,0.03125,0,0.018178200999727778
901040,congestion,rewired,scarce,retuned_zero,0.01142063842566901,0.39279279710925114,0.021227230464277894,0.0015942357163334325,0.03125,0,0.01834303500004353
901040,congestion,rewired,scarce,rewired,0.01142063842566901,0.39279279710925114,0.021227230464277894,0.0015942357163334325,0.03125,0,0.018679244999816547
901040,congestion,rewired,scarce,reverse,0.01142063842566901,0.39279279710925114,0.021227230464277894,0.0015942357163334325,0.03125,0,0.018134372000531584
901040,congestion,rewired,scarce,generic_nonlinear,0.01142063842566901,0.39279279710925114,0.021227230464277894,0.0015942357163334325,0.03125,0,0.01764170100091178
901040,congestion,rewired,scarce,generic_equivalent,0.01142063842566901,0.39279279710925114,0.021227230464277894,0.0015942357163334325,0.03125,0,0.017449748999524672
901040,congestion,rewired,scarce,signed_intensity,0.01142063842566901,0.39279279710925114,0.021227230464277894,0.001594235716333432,0.03125,0,0.029214811000656482
901040,congestion,rewired,scarce,gradient,0.01161423777143538,0.39316206380883123,0.020921506310600493,0.0021763435960092162,0.03125,0,0.015826591999484663
901040,congestion,rewired,scarce,zero_negative,0.2202561128581836,0.0,0.2504121173232822,0.1900829991232654,1.0,0,0.015320823000365635
901040,congestion,absent,ample,full,0.009993928045039584,0.4192336457299123,0.015042162996040047,0.00015208410667725403,0.03125,0,0.018400796999685554
901040,congestion,absent,ample,no_K,0.009993928045039584,0.4192336457299123,0.015042162996040047,0.00015208410667725403,0.03125,0,0.018304325000372046
901040,congestion,absent,ample,no_W,0.009993928045039584,0.4192336457299123,0.015042162996040047,0.00015208410667725403,0.03125,0,0.018877315000850103
901040,congestion,absent,ample,no_WK,0.009993928045039584,0.4192336457299123,0.015042162996040047,0.00015208410667725403,0.03125,0,0.018041706000076374
901040,congestion,absent,ample,retuned_zero,0.009993928045039584,0.4192336457299123,0.015042162996040047,0.00015208410667725403,0.03125,0,0.018413025999620913
901040,congestion,absent,ample,rewired,0.009993928045039584,0.4192336457299123,0.015042162996040047,0.00015208410667725403,0.03125,0,0.01831308400085163
901040,congestion,absent,ample,reverse,0.009993928045039584,0.4192336457299123,0.015042162996040047,0.00015208410667725403,0.03125,0,0.01872447800030841
901040,congestion,absent,ample,generic_nonlinear,0.009993928045039584,0.4192336457299123,0.015042162996040047,0.00015208410667725403,0.03125,0,0.01683776099980605
901040,congestion,absent,ample,generic_equivalent,0.009993928045039584,0.4192336457299123,0.015042162996040047,0.00015208410667725403,0.03125,0,0.01708717299993623
901040,congestion,absent,ample,signed_intensity,0.009993928045039584,0.4192336457299123,0.015042162996040047,0.00015208410667725403,0.03125,0,0.02863472599983652
901040,congestion,absent,ample,gradient,0.010194025986321385,0.41868399645168863,0.01605947869636898,0.0003362294156286437,0.03125,0,0.015583266000248841
901040,congestion,absent,ample,zero_negative,0.2202561128581836,0.0,0.2504121173232822,0.1900829991232654,1.0,0,0.014842139999586834
901040,congestion,absent,scarce,full,0.01174536302534913,0.3942644641456936,0.018357304483420007,0.00031343236722714706,0.03125,0,0.018418230999827756
901040,congestion,absent,scarce,no_K,0.01174536302534913,0.3942644641456936,0.018357304483420007,0.00031343236722714706,0.03125,0,0.018801944000301773
901040,congestion,absent,scarce,no_W,0.01174536302534913,0.3942644641456936,0.018357304483420007,0.00031343236722714706,0.03125,0,0.01865716300017084
901040,congestion,absent,scarce,no_WK,0.01174536302534913,0.3942644641456936,0.018357304483420007,0.00031343236722714706,0.03125,0,0.01872235900054875
901040,congestion,absent,scarce,retuned_zero,0.01174536302534913,0.3942644641456936,0.018357304483420007,0.00031343236722714706,0.03125,0,0.01885001600066971
901040,congestion,absent,scarce,rewired,0.01174536302534913,0.3942644641456936,0.018357304483420007,0.00031343236722714706,0.03125,0,0.018646448999788845
901040,congestion,absent,scarce,reverse,0.01174536302534913,0.3942644641456936,0.018357304483420007,0.00031343236722714706,0.03125,0,0.018628154000339237
901040,congestion,absent,scarce,generic_nonlinear,0.01174536302534913,0.3942644641456936,0.018357304483420007,0.00031343236722714706,0.03125,0,0.025199382999744557
901040,congestion,absent,scarce,generic_equivalent,0.01174536302534913,0.3942644641456936,0.018357304483420007,0.00031343236722714706,0.03125,0,0.016241201999378063
901040,congestion,absent,scarce,signed_intensity,0.01174536302534913,0.3942644641456936,0.01835730448342001,0.00031343236722714706,0.03125,0,0.028973001999929693
901040,congestion,absent,scarce,gradient,0.012024773690992894,0.3939401062156778,0.0195940619904263,0.0005416151903318424,0.03125,0,0.015981453000222245
901040,congestion,absent,scarce,zero_negative,0.2202561128581836,0.0,0.2504121173232822,0.1900829991232654,1.0,0,0.015157318000774467
