split,task,seed,controller,mean_compute_us,tracking_rmse,mean_regret,mean_cost,hard_violations,mean_recovery_steps,recovery_censored,recovery_events,recovery_fraction,recall_regret,reacquisition_regret,effect_discrimination,effect_target_correlation,mean_node_homogeneity,mean_temporal_action_cosine,external_pass
development,gain_resource_shift,101,dual_pole,306.70483333333334,0.1725314769794233,0.004150326675176748,11.291827363047394,0,1.0,0,5,1.0,,,0.37084235281506356,0.7234570453091936,0.9732473876030788,0.9725308787700686,True
development,gain_resource_shift,102,dual_pole,367.2853125,0.1760064070389521,0.003956918714678144,11.589213268605556,0,1.0,0,5,1.0,,,0.37199778451641297,0.7145810775656019,0.9789203258813325,0.9743562769238254,True
development,gain_resource_shift,103,dual_pole,419.1043125,0.15392797608676279,0.003831698402730626,9.754062241529565,0,1.2,0,5,1.0,,,0.3744276921555828,0.7659384895046574,0.972251133879101,0.9691970240573174,True
development,gain_resource_shift,104,dual_pole,381.4273333333333,0.15622503600664367,0.0034115145840135654,10.088963315595075,0,1.0,0,5,1.0,,,0.37562646898250446,0.7582640537111155,0.9770359684790298,0.9701512478591475,True
development,gain_resource_shift,105,dual_pole,352.8895416666667,0.17668720747562863,0.003990513616246027,11.32924007903956,0,1.0,0,5,1.0,,,0.37329854321850736,0.7207377075282213,0.9762821656733432,0.9725008872005553,True
development,switching_memory,101,dual_pole,430.984625,0.058338266048240335,0.0034002781885893846,13.99177635473609,0,0.8,0,5,1.0,0.012587836248520456,0.00010311037318161837,0.5597744348641209,0.9826251554283221,0.9636392362715133,0.9863011759581533,True
development,switching_memory,102,dual_pole,305.57783333333333,0.054175648501300015,0.002932250171432524,10.812132142248345,0,0.8,0,5,1.0,0.011043015959797946,7.898734554346688e-05,0.558475867827222,0.9843920112830711,0.9669159256990456,0.9856317396403307,True
development,switching_memory,103,dual_pole,429.3561770833333,0.06123088574804386,0.0037463959793003717,13.469045006581753,0,1.0,0,5,1.0,0.014273325348354899,9.922096147949666e-05,0.5562724758409175,0.9808574485150806,0.9585659713909201,0.9866393845137503,True
development,switching_memory,104,dual_pole,365.8805625,0.06402551737639832,0.004096284731565086,13.570586925447122,0,1.2,0,5,1.0,0.015906204196819915,0.00010908829868691081,0.5543243635817987,0.9792462938617678,0.9596296608297094,0.9865948371005541,False
development,switching_memory,105,dual_pole,399.6645520833333,0.05666703496943699,0.003208218892130452,14.333182634161835,0,0.8,0,5,1.0,0.013176479594581882,0.00011684281422526496,0.5611509374727636,0.9839077493907958,0.9668876087483965,0.9874966756248545,True
heldout,gain_resource_shift,1001,dual_pole,364.36519791666666,0.14970776491983212,0.0044431603822962145,10.197560329129661,0,1.2,0,5,1.0,,,0.35470480341548494,0.7343604701306924,0.9752222509635962,0.9691903113037991,True
heldout,gain_resource_shift,1002,dual_pole,545.6829479166666,0.15143931114497772,0.00464626824063856,10.208079391087969,0,1.6,0,5,1.0,,,0.35524323624511117,0.7341742480728659,0.975341956130265,0.9707334392450613,True
heldout,gain_resource_shift,1003,dual_pole,378.78353125,0.16214767677436523,0.004815528379769706,11.407677680042504,0,1.4,0,5,1.0,,,0.35168609917448496,0.6976393339106626,0.9739710220890684,0.970758733162051,True
heldout,gain_resource_shift,1004,dual_pole,453.9900104166667,0.14477185122548647,0.003929327961337484,9.93888220470715,0,1.2,0,5,1.0,,,0.3553699886143617,0.7447376062087884,0.9721756347083857,0.968244316317267,True
heldout,gain_resource_shift,1005,dual_pole,399.0560625,0.16664746522981752,0.004988754640475031,11.389111752714852,0,1.6,0,5,1.0,,,0.3528686210828235,0.69540191750489,0.9766668518271829,0.9718724020952149,True
heldout,gain_resource_shift,1006,dual_pole,399.3402083333333,0.15378048926078466,0.004583156559935894,10.530397642999183,0,1.6,0,5,1.0,,,0.3546259853668637,0.724420124585135,0.9723694737854706,0.9687792637359242,True
heldout,gain_resource_shift,1007,dual_pole,362.9623020833333,0.15171715401617042,0.004238130283754928,10.503149006273317,0,1.2,0,5,1.0,,,0.35379326922226023,0.7290276795886286,0.9788624650366128,0.9716420177339932,True
heldout,gain_resource_shift,1008,dual_pole,672.4081770833334,0.14939848097270114,0.004102527387709084,9.927221906749665,0,1.2,0,5,1.0,,,0.35785880604518366,0.7411303120472027,0.9761921619363788,0.9711636064905943,True
heldout,gain_resource_shift,1009,dual_pole,399.8301979166667,0.16320238117307084,0.005307349639281265,11.411348820709,0,1.4,0,5,1.0,,,0.351745906669808,0.6961091168397054,0.9727897343076012,0.9707740885473949,True
heldout,gain_resource_shift,1010,dual_pole,395.52921875,0.17542310652243961,0.005606469953434283,12.599230161771885,0,1.2,0,5,1.0,,,0.3488684600916177,0.6540179395844041,0.9751446042720567,0.9727947053930117,True
heldout,gain_resource_shift,1011,dual_pole,419.6086458333333,0.16410262110402538,0.0049165871222380236,11.448836854679081,0,1.6,0,5,1.0,,,0.35428100709358895,0.6977503584821207,0.9759230487414534,0.9729492874497646,True
heldout,gain_resource_shift,1012,dual_pole,380.09183333333334,0.15557313686624144,0.00434270633653806,10.788103265746335,0,1.4,0,5,1.0,,,0.35215655342826924,0.717479605240338,0.9737730392569709,0.9699191152734385,True
heldout,gain_resource_shift,1013,dual_pole,375.4122083333333,0.14697001108714103,0.004409138101796927,9.962629282944734,0,1.2,0,5,1.0,,,0.3572909920327035,0.7435744470094341,0.9749659142253373,0.9699031219354977,True
heldout,gain_resource_shift,1014,dual_pole,405.79603125,0.1711138937470721,0.004870728596744113,12.020596707218056,0,1.4,0,5,1.0,,,0.35205932693577807,0.6756664988340091,0.9756118227239733,0.973354199582806,True
heldout,gain_resource_shift,1015,dual_pole,359.1549895833333,0.1519299730153154,0.004450754350766944,10.513193199847999,0,1.6,0,5,1.0,,,0.35393660053743425,0.7267901308100153,0.9755503409561261,0.970612180767663,True
heldout,gain_resource_shift,1016,dual_pole,437.83784375,0.15184370178447237,0.004297092451814542,10.486421243949911,0,1.2,0,5,1.0,,,0.35301234055343106,0.7285466417340867,0.9762576424464053,0.9704359969146035,True
heldout,gain_resource_shift,1017,dual_pole,365.98134375,0.17072305818699476,0.004618373672773589,11.996468110125184,0,1.2,0,5,1.0,,,0.3514381472593131,0.6761002167700698,0.9759683923172764,0.9729182062047897,True
heldout,gain_resource_shift,1018,dual_pole,382.7022083333333,0.15907927641487732,0.004342056127023882,11.119898100875602,0,1.4,0,5,1.0,,,0.3518037571367411,0.7068248854733237,0.9709690529490319,0.9687456319030775,True
heldout,gain_resource_shift,1019,dual_pole,375.4805520833333,0.15618113002151812,0.004516737314790419,10.853267813120567,0,1.2,0,5,1.0,,,0.35429006412262337,0.7166890656077463,0.973868323946463,0.9709569377642756,True
heldout,gain_resource_shift,1020,dual_pole,407.6135104166667,0.1588399688081211,0.004428056260975639,10.791053304375206,0,1.4,0,5,1.0,,,0.35360869653116384,0.7154073751652641,0.9740844007521631,0.9711603676588353,True
heldout,gain_resource_shift,1021,dual_pole,406.7866145833333,0.1602049891308551,0.004994482636445226,11.078484657272613,0,1.6,0,5,1.0,,,0.3503308194739373,0.7061100848621433,0.970292080615731,0.9691978770147934,True
heldout,gain_resource_shift,1022,dual_pole,409.2783229166667,0.1653558462058981,0.0058500410755963446,11.39847020902419,0,2.0,0,5,1.0,,,0.35115537172226297,0.6954920699199132,0.970113831868728,0.9693678274218894,True
heldout,gain_resource_shift,1023,dual_pole,369.6214791666667,0.1466644644349006,0.0040731322498199895,9.617674861020156,0,1.0,0,5,1.0,,,0.3566238578948118,0.7487911118043876,0.9736570839188783,0.9705112779996775,True
heldout,gain_resource_shift,1024,dual_pole,383.41266666666667,0.15015044254477353,0.004721970941315209,10.194805655498829,0,1.8,0,5,1.0,,,0.35292528935512263,0.7347840292416289,0.971065481863875,0.9694508225942009,True
heldout,gain_resource_shift,1025,dual_pole,356.76896875,0.14033499159540777,0.004358133350113338,9.339513219834917,0,1.4,0,5,1.0,,,0.3579436938032662,0.7589165292017247,0.9732259586347727,0.9684595829163294,True
heldout,gain_resource_shift,1026,dual_pole,423.4686875,0.16957606522025936,0.005187062894044111,11.683193614474568,0,1.6,0,5,1.0,,,0.3508358699679942,0.685524567178141,0.971347050981818,0.9720210614582179,True
heldout,gain_resource_shift,1027,dual_pole,408.33896875,0.14788195489833517,0.004148425915154255,10.205102986778588,0,1.4,0,5,1.0,,,0.3542740375329702,0.7386748483299638,0.9777247623788204,0.9712321039612739,True
heldout,gain_resource_shift,1028,dual_pole,355.20184375,0.1510919392265957,0.004591430793405773,10.195280326556656,0,1.6,0,5,1.0,,,0.3544319293777516,0.7352846249801576,0.9740356312858406,0.9691903919577897,True
heldout,gain_resource_shift,1029,dual_pole,407.2442291666667,0.15446429686850113,0.004960721856619381,10.505185601611721,0,1.6,0,5,1.0,,,0.35345239453125094,0.7244714919524252,0.9694773486237797,0.9707564027566526,True
heldout,gain_resource_shift,1030,dual_pole,414.8600520833333,0.14276880023591992,0.004011597240664524,9.609155980958443,0,0.8,0,5,1.0,,,0.3565553853678038,0.7537133234564293,0.9779402059267381,0.9696094831748238,True
heldout,switching_memory,1001,dual_pole,341.40877083333334,0.061527286285699916,0.003782497181260757,13.651243630473582,0,1.0,0,5,1.0,0.012835690541134936,9.916749933282417e-05,0.5264195258095843,0.9785944965623288,0.959562243086661,0.9868626997788134,True
heldout,switching_memory,1002,dual_pole,339.39341666666667,0.062488982208922315,0.003901903258429445,13.892719024745034,0,1.2,0,5,1.0,0.014344498082531108,9.998533276538538e-05,0.5277329233570197,0.9774513347515282,0.9573130068455308,0.9850851099454399,True
heldout,switching_memory,1003,dual_pole,381.87807291666667,0.05310545790574858,0.0028169313481961264,15.660637755069251,0,0.4,0,5,1.0,0.012646035097449758,0.00011406414385866731,0.5357529488808686,0.983782677578549,0.9778389321645108,0.9916348330652182,True
heldout,switching_memory,1004,dual_pole,334.6672604166667,0.05848547705358132,0.003417329923252443,14.372746631759478,0,0.8,0,5,1.0,0.012690804252391354,0.00010654698980097353,0.5287877010595011,0.9808935798503683,0.9622321861121174,0.9897549209116897,True
heldout,switching_memory,1005,dual_pole,387.149875,0.05847033647627154,0.0034158368767546097,13.488173436369815,0,1.0,0,5,1.0,0.01342022307599546,9.915302069271725e-05,0.5298090457998728,0.9807617758128367,0.9670326803386257,0.9892580769370158,True
heldout,switching_memory,1006,dual_pole,293.04294791666666,0.058402104639721134,0.003407698146234223,12.54989297900183,0,1.0,0,5,1.0,0.011807834284798072,9.551347330888365e-05,0.5272197165434042,0.9809630423390927,0.9617023242853214,0.9836424409166119,True
heldout,switching_memory,1007,dual_pole,284.85046875,0.05888822500128152,0.003464787098245979,13.920680271822226,0,1.0,0,5,1.0,0.013597584496816431,0.00010369256422335988,0.5300381608673035,0.9805279652718076,0.9729965515183702,0.9915672253581621,True
heldout,switching_memory,1008,dual_pole,293.5861145833333,0.05917163347566469,0.003498293004706061,12.196773662765912,0,0.8,0,5,1.0,0.01209509492598362,8.834114338315337e-05,0.5264500938202588,0.9802344766676705,0.9605089898738068,0.9856703319539931,True
heldout,switching_memory,1009,dual_pole,293.5065625,0.05627221750957204,0.003163718659573232,12.618627257475898,0,0.8,0,5,1.0,0.01257930977069266,9.098348466255855e-05,0.5299639705328006,0.9821379524617628,0.960184125321805,0.9867628001311451,True
heldout,switching_memory,1010,dual_pole,295.7256458333333,0.0574303584807229,0.003295361930094907,13.135235414449639,0,0.8,0,5,1.0,0.012262652363387277,9.500320481308079e-05,0.5292441771919858,0.9815318968321789,0.9642261482014994,0.9878154313052695,True
heldout,switching_memory,1011,dual_pole,359.67659375,0.059271407526349545,0.003509917312356671,16.13248619228597,0,0.6,0,5,1.0,0.012856933266422232,0.00011618258859621951,0.5298087875610209,0.9793647765225291,0.9661832946240919,0.9909870570522312,True
heldout,switching_memory,1012,dual_pole,365.0877291666667,0.061689338539961135,0.003802418830298074,15.05855832856117,0,1.0,0,5,1.0,0.015247023893153959,0.00011822673095988164,0.5274391944413755,0.9783713214256733,0.9633200291772711,0.989354782413096,False
heldout,switching_memory,1013,dual_pole,367.8654270833333,0.06175633722141017,0.003810710530839805,14.333962784072144,0,0.8,0,5,1.0,0.013410684935011276,0.00010709099325991534,0.5257314819203344,0.9786222145410932,0.9596491187222306,0.9868351259251525,True
heldout,switching_memory,1014,dual_pole,344.58578125,0.0551954916459559,0.0030436633187433822,12.16759548805409,0,0.8,0,5,1.0,0.011749156858563346,9.324815028968959e-05,0.5303865600483374,0.9827658939095356,0.9602285587468634,0.9848015391183742,True
heldout,switching_memory,1015,dual_pole,363.6946145833333,0.058383253944377024,0.003405704547911934,11.846407673510006,0,1.0,0,5,1.0,0.01216337765037281,8.721761282804282e-05,0.5283730162566973,0.9805185294782982,0.9686072958434302,0.986040641953196,True
heldout,switching_memory,1016,dual_pole,365.2985,0.06108397299378102,0.0037282305093484136,12.989644572306347,0,1.2,0,5,1.0,0.013831247028081157,9.455074388491327e-05,0.5260305322616813,0.9790590026891666,0.9663414057631338,0.9874286053376132,True
heldout,switching_memory,1017,dual_pole,355.0749479166667,0.0638575379300253,0.004074761234721092,13.118320656569539,0,1.4,0,5,1.0,0.014048550126471741,9.348229757889176e-05,0.5235285538185165,0.9771643890102388,0.9607027990440016,0.9883526299848949,True
heldout,switching_memory,1018,dual_pole,377.0635208333333,0.05751513129490281,0.0033048527134309537,14.604060244017182,0,0.8,0,5,1.0,0.012403179765445208,0.0001048032837499839,0.5318491181783193,0.981197343331101,0.968514650901651,0.9896699722885677,True
heldout,switching_memory,1019,dual_pole,379.0969270833333,0.06251820437367565,0.0039055311681234044,13.450145141211971,0,1.2,0,5,1.0,0.012422142349523758,9.952020940213801e-05,0.5266512113304762,0.9778417633863713,0.9585163257092293,0.9874785824203975,True
heldout,switching_memory,1020,dual_pole,393.9982291666667,0.05943824741361326,0.0035299511555185446,13.214302318454907,0,1.0,0,5,1.0,0.015101448755286203,0.00010538812891606065,0.5296527524727553,0.97998398062837,0.9631489764887263,0.9857938003247758,False
heldout,switching_memory,1021,dual_pole,416.04265625,0.05738790373580836,0.0032903213413378683,13.339773275654702,0,0.8,0,5,1.0,0.012342285128929112,9.325188136861339e-05,0.529232384748512,0.9814863782139499,0.9664689965076096,0.9868088780139712,True
heldout,switching_memory,1022,dual_pole,372.85661458333334,0.059876657191269576,0.0035822461821595733,12.546889526859864,0,1.0,0,5,1.0,0.012498310910763415,9.039606136424673e-05,0.5262653286432553,0.9798620575956866,0.9619020690905447,0.9867211216493437,True
heldout,switching_memory,1023,dual_pole,358.3444479166667,0.05666067423526764,0.0032075100375722164,13.108232640784172,0,0.8,0,5,1.0,0.012788844871726258,0.00010102309427976589,0.5294149521179325,0.9822349386418769,0.9656546491196142,0.9867899731739261,True
heldout,switching_memory,1024,dual_pole,371.5777708333333,0.05229248323179434,0.0027316718017204307,11.064453300188982,0,0.8,0,5,1.0,0.010678552792110314,7.576517517160136e-05,0.533324251580911,0.9838706299739431,0.9668277621067354,0.9849096722540377,True
heldout,switching_memory,1025,dual_pole,392.54225,0.05703715794162769,0.003250226130592822,13.728347016129057,0,0.8,0,5,1.0,0.012396914276073673,9.601668444941843e-05,0.5312768280734133,0.9815505223929766,0.9629229311989725,0.9880810249040416,True
heldout,switching_memory,1026,dual_pole,376.7080416666667,0.05671898806036476,0.0032139205600602515,14.149724147613739,0,0.6,0,5,1.0,0.013006026569601047,0.00010801538109455256,0.5319669555930358,0.9818691395223746,0.9734944921052605,0.9876960597838154,True
heldout,switching_memory,1027,dual_pole,371.9569895833333,0.051688509777783914,0.0026685946337762496,11.475943349701796,0,0.6,0,5,1.0,0.010561096932015419,8.317069478486737e-05,0.5337812147543152,0.9846402759193486,0.9697583761423995,0.9884769627383762,True
heldout,switching_memory,1028,dual_pole,372.39621875,0.05931520045750078,0.0035154102467604576,12.319935587758918,0,1.0,0,5,1.0,0.012830002009239755,8.714708315202025e-05,0.5283332514499607,0.9798988721439258,0.9665908142138601,0.9870519049937438,True
heldout,switching_memory,1029,dual_pole,366.33403125,0.05668926045379825,0.0032105588450389,13.496099082055972,0,0.8,0,5,1.0,0.011954301124637742,9.793729994987851e-05,0.5300431100437669,0.9820925707749962,0.9681462894658533,0.9884114929535418,True
heldout,switching_memory,1030,dual_pole,455.9671666666667,0.056176101043526126,0.003152672300846166,12.969415114078899,0,0.8,0,5,1.0,0.012918516715088126,9.470190478409578e-05,0.5300733674386705,0.9823366301030099,0.9663696555236116,0.9873455665894474,True
development,gain_resource_shift,101,signed_intensity,451.2927291666667,0.1725314769794233,0.004150326675176748,11.291827363047394,0,1.0,0,5,1.0,,,0.37084235281506356,0.7234570453091936,0.9732473876030788,0.9725308787700686,True
development,gain_resource_shift,102,signed_intensity,463.195,0.1760064070389521,0.003956918714678142,11.589213268605556,0,1.0,0,5,1.0,,,0.37199778451641297,0.7145810775656019,0.9789203258813325,0.9743562769238254,True
development,gain_resource_shift,103,signed_intensity,546.00353125,0.15392797608676279,0.0038316984027306276,9.754062241529565,0,1.2,0,5,1.0,,,0.3744276921555828,0.7659384895046574,0.972251133879101,0.9691970240573174,True
development,gain_resource_shift,104,signed_intensity,457.9491354166667,0.15622503600664367,0.0034115145840135654,10.088963315595075,0,1.0,0,5,1.0,,,0.37562646898250446,0.7582640537111155,0.9770359684790298,0.9701512478591475,True
development,gain_resource_shift,105,signed_intensity,486.70340625,0.17668720747562863,0.003990513616246027,11.32924007903956,0,1.0,0,5,1.0,,,0.37329854321850736,0.7207377075282212,0.9762821656733432,0.9725008872005553,True
development,switching_memory,101,signed_intensity,482.548625,0.05833826604824039,0.0034002781885893916,13.991776354736087,0,0.8,0,5,1.0,0.012587836248520456,0.0001031103731816184,0.5597744348641209,0.9826251554283221,0.9636392362715133,0.9863011759581533,True
development,switching_memory,102,signed_intensity,459.589875,0.05417564850130003,0.0029322501714325253,10.812132142248345,0,0.8,0,5,1.0,0.011043015959797946,7.89873455434669e-05,0.558475867827222,0.9843920112830711,0.9669159256990456,0.9856317396403307,True
development,switching_memory,103,signed_intensity,466.76894791666666,0.06123088574804387,0.003746395979300373,13.469045006581753,0,1.0,0,5,1.0,0.014273325348354887,9.922096147949662e-05,0.5562724758409173,0.9808574485150806,0.9585659713909201,0.9866393845137503,True
development,switching_memory,104,signed_intensity,429.2,0.06402551737639846,0.004096284731565101,13.570586925447119,0,1.2,0,5,1.0,0.015906204196819998,0.00010908829868691081,0.5543243635817987,0.9792462938617676,0.9596296608297094,0.9865948371005543,False
development,switching_memory,105,signed_intensity,427.4545,0.05666703496943697,0.0032082188921304503,14.333182634161835,0,0.8,0,5,1.0,0.013176479594581875,0.00011684281422526495,0.5611509374727636,0.9839077493907961,0.9668876087483965,0.9874966756248548,True
heldout,gain_resource_shift,1001,signed_intensity,496.49503125,0.14970776491983212,0.004443160382296213,10.19756032912966,0,1.2,0,5,1.0,,,0.35470480341548494,0.7343604701306925,0.9752222509635962,0.9691903113037991,True
heldout,gain_resource_shift,1002,signed_intensity,505.29628125,0.15143931114497772,0.004646268240638559,10.208079391087969,0,1.6,0,5,1.0,,,0.35524323624511117,0.7341742480728659,0.975341956130265,0.9707334392450613,True
heldout,gain_resource_shift,1003,signed_intensity,441.20203125,0.16214767677436523,0.0048155283797697065,11.407677680042502,0,1.4,0,5,1.0,,,0.35168609917448496,0.6976393339106626,0.9739710220890684,0.970758733162051,True
heldout,gain_resource_shift,1004,signed_intensity,465.1605208333333,0.14477185122548647,0.0039293279613374825,9.93888220470715,0,1.2,0,5,1.0,,,0.3553699886143617,0.7447376062087884,0.9721756347083857,0.968244316317267,True
heldout,gain_resource_shift,1005,signed_intensity,529.9644895833334,0.16664746522981752,0.0049887546404750295,11.389111752714854,0,1.6,0,5,1.0,,,0.3528686210828235,0.69540191750489,0.9766668518271829,0.9718724020952149,True
heldout,gain_resource_shift,1006,signed_intensity,575.2497604166666,0.15378048926078466,0.004583156559935894,10.530397642999183,0,1.6,0,5,1.0,,,0.3546259853668637,0.724420124585135,0.9723694737854706,0.9687792637359238,True
heldout,gain_resource_shift,1007,signed_intensity,790.3309791666667,0.15171715401617042,0.004238130283754928,10.503149006273317,0,1.2,0,5,1.0,,,0.35379326922226023,0.7290276795886286,0.9788624650366128,0.9716420177339932,True
heldout,gain_resource_shift,1008,signed_intensity,569.4338854166666,0.14939848097270114,0.004102527387709084,9.927221906749665,0,1.2,0,5,1.0,,,0.35785880604518366,0.7411303120472027,0.9761921619363788,0.9711636064905943,True
heldout,gain_resource_shift,1009,signed_intensity,524.80221875,0.16320238117307084,0.005307349639281266,11.411348820709,0,1.4,0,5,1.0,,,0.351745906669808,0.6961091168397054,0.9727897343076011,0.970774088547395,True
heldout,gain_resource_shift,1010,signed_intensity,533.88809375,0.17542310652243961,0.005606469953434283,12.599230161771885,0,1.2,0,5,1.0,,,0.3488684600916177,0.6540179395844042,0.9751446042720567,0.9727947053930116,True
heldout,gain_resource_shift,1011,signed_intensity,519.6496979166667,0.16410262110402538,0.004916587122238023,11.448836854679081,0,1.6,0,5,1.0,,,0.35428100709358895,0.6977503584821207,0.9759230487414534,0.9729492874497646,True
heldout,gain_resource_shift,1012,signed_intensity,521.2419479166667,0.15557313686624155,0.004342706336538094,10.788103265746335,0,1.4,0,5,1.0,,,0.3521565534282693,0.7174796052403378,0.9737730392569709,0.9699191152734383,True
heldout,gain_resource_shift,1013,signed_intensity,432.4597708333333,0.14697001108714103,0.004409138101796926,9.962629282944734,0,1.2,0,5,1.0,,,0.3572909920327035,0.7435744470094341,0.9749659142253373,0.9699031219354977,True
heldout,gain_resource_shift,1014,signed_intensity,513.9490520833333,0.1711138937470721,0.004870728596744113,12.020596707218056,0,1.4,0,5,1.0,,,0.35205932693577807,0.675666498834009,0.9756118227239733,0.973354199582806,True
heldout,gain_resource_shift,1015,signed_intensity,487.3789895833333,0.15192997301531544,0.004450754350766944,10.513193199847999,0,1.6,0,5,1.0,,,0.35393660053743425,0.7267901308100153,0.9755503409561261,0.9706121807676629,True
heldout,gain_resource_shift,1016,signed_intensity,748.6750208333334,0.15184370178447237,0.0042970924518145465,10.486421243949911,0,1.2,0,5,1.0,,,0.35301234055343106,0.7285466417340867,0.9762576424464053,0.9704359969146035,True
heldout,gain_resource_shift,1017,signed_intensity,505.40009375,0.17072305818699476,0.00461837367277359,11.996468110125184,0,1.2,0,5,1.0,,,0.3514381472593131,0.6761002167700698,0.9759683923172764,0.9729182062047897,True
heldout,gain_resource_shift,1018,signed_intensity,612.6219166666666,0.15907927641487732,0.004342056127023882,11.119898100875602,0,1.4,0,5,1.0,,,0.3518037571367411,0.7068248854733237,0.9709690529490319,0.9687456319030775,True
heldout,gain_resource_shift,1019,signed_intensity,539.08959375,0.15618113002151812,0.004516737314790419,10.853267813120567,0,1.2,0,5,1.0,,,0.35429006412262337,0.7166890656077463,0.973868323946463,0.9709569377642756,True
heldout,gain_resource_shift,1020,signed_intensity,478.3115416666667,0.1588399688081211,0.004428056260975639,10.791053304375206,0,1.4,0,5,1.0,,,0.35360869653116384,0.7154073751652641,0.9740844007521631,0.9711603676588353,True
heldout,gain_resource_shift,1021,signed_intensity,433.83089583333333,0.1602049891308551,0.004994482636445226,11.078484657272613,0,1.6,0,5,1.0,,,0.3503308194739373,0.7061100848621433,0.970292080615731,0.9691978770147932,True
heldout,gain_resource_shift,1022,signed_intensity,465.1259583333333,0.1653558462058981,0.005850041075596343,11.39847020902419,0,2.0,0,5,1.0,,,0.35115537172226297,0.6954920699199132,0.970113831868728,0.9693678274218894,True
heldout,gain_resource_shift,1023,signed_intensity,555.6798125,0.1466644644349006,0.00407313224981999,9.617674861020156,0,1.0,0,5,1.0,,,0.3566238578948118,0.7487911118043876,0.9736570839188783,0.9705112779996775,True
heldout,gain_resource_shift,1024,signed_intensity,533.8554166666667,0.15015044254477353,0.004721970941315208,10.194805655498829,0,1.8,0,5,1.0,,,0.35292528935512263,0.7347840292416289,0.971065481863875,0.9694508225942009,True
heldout,gain_resource_shift,1025,signed_intensity,530.76496875,0.14033499159540774,0.004358133350113328,9.339513219834917,0,1.4,0,5,1.0,,,0.3579436938032662,0.7589165292017247,0.9732259586347727,0.9684595829163294,True
heldout,gain_resource_shift,1026,signed_intensity,538.74559375,0.16957606522025936,0.005187062894044112,11.683193614474568,0,1.6,0,5,1.0,,,0.3508358699679942,0.685524567178141,0.971347050981818,0.9720210614582179,True
heldout,gain_resource_shift,1027,signed_intensity,559.3790416666666,0.14788195489833517,0.004148425915154255,10.205102986778588,0,1.4,0,5,1.0,,,0.3542740375329702,0.7386748483299639,0.9777247623788204,0.9712321039612739,True
heldout,gain_resource_shift,1028,signed_intensity,500.3381145833333,0.1510919392265957,0.004591430793405773,10.195280326556656,0,1.6,0,5,1.0,,,0.3544319293777516,0.7352846249801576,0.9740356312858406,0.9691903919577897,True
heldout,gain_resource_shift,1029,signed_intensity,521.8321770833334,0.15446429686850113,0.00496072185661938,10.505185601611721,0,1.6,0,5,1.0,,,0.35345239453125094,0.7244714919524252,0.9694773486237797,0.9707564027566526,True
heldout,gain_resource_shift,1030,signed_intensity,555.2031458333333,0.14276880023591992,0.004011597240664525,9.609155980958443,0,0.8,0,5,1.0,,,0.3565553853678038,0.7537133234564293,0.9779402059267381,0.9696094831748238,True
heldout,switching_memory,1001,signed_intensity,418.15996875,0.06152728628569989,0.0037824971812607544,13.651243630473582,0,1.0,0,5,1.0,0.012835690541134929,9.916749933282419e-05,0.5264195258095843,0.978594496562329,0.959562243086661,0.9868626997788134,True
heldout,switching_memory,1002,signed_intensity,413.186875,0.06248898220892231,0.003901903258429444,13.892719024745034,0,1.2,0,5,1.0,0.014344498082531125,9.99853327653854e-05,0.5277329233570197,0.9774513347515282,0.9573130068455308,0.9850851099454399,True
heldout,switching_memory,1003,signed_intensity,449.6098125,0.053105457905748714,0.0028169313481961407,15.660637755069258,0,0.4,0,5,1.0,0.012646035097449758,0.00011406414385866738,0.5357529488808687,0.9837826775785488,0.9778389321645108,0.991634833065218,True
heldout,switching_memory,1004,signed_intensity,520.13275,0.05848547705358133,0.0034173299232524434,14.372746631759478,0,0.8,0,5,1.0,0.012690804252391358,0.0001065469898009735,0.5287877010595011,0.9808935798503683,0.9622321861121174,0.9897549209116897,True
heldout,switching_memory,1005,signed_intensity,522.1772291666667,0.05847033647627153,0.003415836876754609,13.488173436369815,0,1.0,0,5,1.0,0.013420223075995403,9.915302069271727e-05,0.5298090457998729,0.9807617758128367,0.9670326803386257,0.9892580769370158,True
heldout,switching_memory,1006,signed_intensity,497.8405625,0.058402104639721134,0.0034076981462342233,12.54989297900183,0,1.0,0,5,1.0,0.011807834284798072,9.551347330888367e-05,0.5272197165434042,0.9809630423390927,0.9617023242853214,0.9836424409166119,True
heldout,switching_memory,1007,signed_intensity,460.1574583333333,0.05888822500128153,0.0034647870982459795,13.920680271822226,0,1.0,0,5,1.0,0.013597584496816438,0.00010369256422335992,0.5300381608673035,0.9805279652718076,0.9729965515183702,0.991567225358162,True
heldout,switching_memory,1008,signed_intensity,462.1806666666667,0.05917163347566467,0.0034982930047060593,12.196773662765912,0,0.8,0,5,1.0,0.01209509492598362,8.834114338315339e-05,0.5264500938202588,0.9802344766676705,0.9605089898738068,0.9856703319539931,True
heldout,switching_memory,1009,signed_intensity,467.6941354166667,0.05627221750957202,0.003163718659573229,12.618627257475898,0,0.8,0,5,1.0,0.012579309770692656,9.098348466255855e-05,0.5299639705328006,0.9821379524617628,0.960184125321805,0.9867628001311451,True
heldout,switching_memory,1010,signed_intensity,523.5145208333333,0.05743035848072291,0.003295361930094907,13.135235414449639,0,0.8,0,5,1.0,0.012262652363387277,9.500320481308079e-05,0.5292441771919858,0.9815318968321789,0.9642261482014994,0.9878154313052695,True
heldout,switching_memory,1011,signed_intensity,476.35710416666666,0.059271407526349545,0.003509917312356671,16.13248619228597,0,0.6,0,5,1.0,0.012856933266422234,0.00011618258859621953,0.5298087875610209,0.9793647765225291,0.9661832946240919,0.9909870570522312,True
heldout,switching_memory,1012,signed_intensity,444.66409375,0.06168933853996115,0.003802418830298074,15.05855832856117,0,1.0,0,5,1.0,0.015247023893153962,0.00011822673095988163,0.5274391944413755,0.9783713214256733,0.9633200291772711,0.989354782413096,False
heldout,switching_memory,1013,signed_intensity,471.71728125,0.06175633722141017,0.003810710530839805,14.333962784072144,0,0.8,0,5,1.0,0.013410684935011276,0.0001070909932599153,0.5257314819203344,0.9786222145410932,0.9596491187222306,0.9868351259251523,True
heldout,switching_memory,1014,signed_intensity,463.06585416666667,0.0551954916459559,0.0030436633187433822,12.16759548805409,0,0.8,0,5,1.0,0.011749156858563346,9.324815028968959e-05,0.5303865600483374,0.9827658939095356,0.9602285587468634,0.9848015391183742,True
heldout,switching_memory,1015,signed_intensity,515.4095833333333,0.05838325394437702,0.0034057045479119323,11.846407673510006,0,1.0,0,5,1.0,0.01216337765037281,8.721761282804282e-05,0.5283730162566974,0.9805185294782984,0.9686072958434302,0.9860406419531959,True
heldout,switching_memory,1016,signed_intensity,446.84559375,0.06108397299378088,0.003728230509348396,12.989644572306347,0,1.2,0,5,1.0,0.01383124702808105,9.455074388491319e-05,0.5260305322616814,0.9790590026891668,0.9663414057631338,0.9874286053376132,True
heldout,switching_memory,1017,signed_intensity,494.0892395833333,0.0638575379300253,0.004074761234721093,13.118320656569539,0,1.4,0,5,1.0,0.014048550126471741,9.348229757889177e-05,0.5235285538185165,0.9771643890102388,0.9607027990440016,0.9883526299848949,True
heldout,switching_memory,1018,signed_intensity,464.4749166666667,0.057515131294902815,0.003304852713430954,14.604060244017182,0,0.8,0,5,1.0,0.012403179765445208,0.00010480328374998391,0.5318491181783193,0.981197343331101,0.968514650901651,0.9896699722885677,True
heldout,switching_memory,1019,signed_intensity,538.6905104166666,0.06251820437367565,0.0039055311681234044,13.450145141211971,0,1.2,0,5,1.0,0.012422142349523758,9.952020940213799e-05,0.5266512113304762,0.9778417633863713,0.9585163257092293,0.9874785824203974,True
heldout,switching_memory,1020,signed_intensity,558.1220104166666,0.05943824741361329,0.003529951155518547,13.214302318454903,0,1.0,0,5,1.0,0.015101448755286215,0.00010538812891606061,0.5296527524727553,0.9799839806283701,0.9631489764887263,0.9857938003247759,False
heldout,switching_memory,1021,signed_intensity,491.8436354166667,0.05738790373580836,0.0032903213413378683,13.339773275654702,0,0.8,0,5,1.0,0.012342285128929112,9.325188136861337e-05,0.529232384748512,0.9814863782139499,0.9664689965076096,0.9868088780139712,True
heldout,switching_memory,1022,signed_intensity,511.1805625,0.059876657191269576,0.003582246182159574,12.546889526859864,0,1.0,0,5,1.0,0.012498310910763416,9.039606136424673e-05,0.5262653286432553,0.9798620575956866,0.9619020690905447,0.9867211216493437,True
heldout,switching_memory,1023,signed_intensity,476.65373958333333,0.05666067423526765,0.0032075100375722177,13.108232640784172,0,0.8,0,5,1.0,0.012788844871726261,0.00010102309427976589,0.5294149521179325,0.9822349386418769,0.9656546491196142,0.9867899731739261,True
heldout,switching_memory,1024,signed_intensity,530.1702604166667,0.05229248323179436,0.002731671801720433,11.064453300188978,0,0.8,0,5,1.0,0.010678552792110314,7.576517517160136e-05,0.5333242515809109,0.9838706299739434,0.9668277621067354,0.9849096722540377,True
heldout,switching_memory,1025,signed_intensity,470.2916458333333,0.057037157941627704,0.003250226130592823,13.728347016129055,0,0.8,0,5,1.0,0.012396914276073676,9.601668444941842e-05,0.5312768280734133,0.9815505223929766,0.9629229311989725,0.9880810249040416,True
heldout,switching_memory,1026,signed_intensity,529.73403125,0.05671898806036476,0.003213920560060252,14.149724147613739,0,0.6,0,5,1.0,0.013006026569601052,0.00010801538109455258,0.5319669555930358,0.9818691395223746,0.9734944921052605,0.9876960597838154,True
heldout,switching_memory,1027,signed_intensity,460.0208541666667,0.051688509777783914,0.0026685946337762496,11.475943349701799,0,0.6,0,5,1.0,0.010561096932015419,8.317069478486737e-05,0.5337812147543151,0.9846402759193486,0.9697583761423995,0.9884769627383764,True
heldout,switching_memory,1028,signed_intensity,473.80884375,0.05931520045750078,0.003515410246760457,12.319935587758918,0,1.0,0,5,1.0,0.012830002009239751,8.714708315202027e-05,0.5283332514499607,0.9798988721439258,0.9665908142138601,0.9870519049937441,True
heldout,switching_memory,1029,signed_intensity,483.52075,0.05668926045379824,0.003210558845038899,13.496099082055972,0,0.8,0,5,1.0,0.011954301124637736,9.793729994987854e-05,0.5300431100437669,0.9820925707749962,0.9681462894658533,0.9884114929535418,True
heldout,switching_memory,1030,signed_intensity,465.8531145833333,0.05617610104352615,0.0031526723008461683,12.969415114078899,0,0.8,0,5,1.0,0.012918516715088126,9.470190478409578e-05,0.5300733674386705,0.9823366301030096,0.9663696555236116,0.9873455665894475,True
development,gain_resource_shift,101,recurrent,356.43140625,0.1727547490725417,0.004227419453592315,11.225977167499236,0,1.4,0,5,1.0,,,0.3688926460748548,0.679052229261136,0.9743982625327053,0.9582996046232597,True
development,gain_resource_shift,102,recurrent,362.24321875,0.17833600009585315,0.004782392326104991,11.523555753600506,0,1.8,0,5,1.0,,,0.3719705136378323,0.6698507615890434,0.9792939601513192,0.9576560938191688,True
development,gain_resource_shift,103,recurrent,370.941125,0.155608594708318,0.004351911327661187,9.710734262622848,0,1.8,0,5,1.0,,,0.37141014827536467,0.7246744876172665,0.973487834332302,0.9564172093269456,True
development,gain_resource_shift,104,recurrent,449.9459166666667,0.15916281583560313,0.0043380546534545735,10.018966242306947,0,1.8,0,5,1.0,,,0.3720093103790446,0.7150866501998451,0.9783024132364794,0.9574312545905698,True
development,gain_resource_shift,105,recurrent,395.3025208333333,0.18007962368638702,0.005200815197740944,11.213830663588075,0,1.8,0,5,1.0,,,0.3704942585102169,0.6740604659231818,0.9772491720928612,0.9538361282516197,True
development,switching_memory,101,recurrent,400.11604166666666,0.06020850524278174,0.00362198900664419,14.011643938788872,0,1.2,0,5,1.0,0.012145767922020429,0.00010290116910726119,0.5606037078164544,0.9811687640370095,0.9635247145815399,0.9785005713850458,True
development,switching_memory,102,recurrent,386.9478125,0.05196986934128776,0.0026981166002466345,10.891649820310429,0,1.0,0,5,1.0,0.009605678747251462,7.889067595394158e-05,0.5626683660557942,0.9853681112664419,0.9662983376093189,0.9788534295222676,True
development,switching_memory,103,recurrent,387.2063229166667,0.06065700112256297,0.003676446394992977,13.535240254100914,0,1.2,0,5,1.0,0.01262739041129805,9.932752775535296e-05,0.5590266891081946,0.9808732388460005,0.958150869126171,0.9779125720480796,True
development,switching_memory,104,recurrent,367.2725416666667,0.060209196126406406,0.0036221651544376733,13.651128194199087,0,1.6,0,5,1.0,0.01421046429967677,0.00010995149467067812,0.557663427232581,0.9815880830889137,0.959222300680826,0.9788936138345813,True
development,switching_memory,105,recurrent,392.8026875,0.05765134168856823,0.003320743238395103,14.351031684477158,0,1.0,0,5,1.0,0.012573426166636472,0.00011632186141613315,0.5618173332659302,0.9831184810266903,0.9666759503014598,0.9813560315474436,True
heldout,gain_resource_shift,1001,recurrent,489.5333229166667,0.15307628187204225,0.0054630935767734255,10.09591867265688,0,2.0,0,5,1.0,,,0.35099481343594424,0.6958794975708502,0.9772115271481968,0.9560978568104794,True
heldout,gain_resource_shift,1002,recurrent,487.9067291666667,0.15931093177289518,0.007092376262921246,10.087855366453555,0,2.6,0,5,1.0,,,0.35418328862413345,0.6921098294913126,0.9764160249086529,0.9465562145955597,True
heldout,gain_resource_shift,1003,recurrent,381.17716666666666,0.16587260415986277,0.006037380107220208,11.25550214948384,0,2.2,0,5,1.0,,,0.3486542597865234,0.6580731514620067,0.976367160910813,0.9569227485438905,True
heldout,gain_resource_shift,1004,recurrent,354.5962083333333,0.15365863530543797,0.0065814152580126834,9.798175512032342,0,2.4,0,5,1.0,,,0.35218281081746483,0.7022509213653078,0.9744133063637608,0.9487416219781248,True
heldout,gain_resource_shift,1005,recurrent,339.11298958333333,0.16934922589893495,0.005896537285520288,11.233964913728675,0,2.0,0,5,1.0,,,0.3501294835911679,0.6556631907924153,0.9780508765928736,0.9556166376411623,True
heldout,gain_resource_shift,1006,recurrent,325.0276666666667,0.15660152823626503,0.005458756328583298,10.373972389001826,0,2.2,0,5,1.0,,,0.3495076171191092,0.686527268851719,0.9750485424463063,0.9538980549101312,True
heldout,gain_resource_shift,1007,recurrent,487.0483125,0.15453589405202064,0.0051013780114459,10.39737240867585,0,1.8,0,5,1.0,,,0.3513789457192335,0.6886410499083576,0.9807651659798822,0.9592707567007454,True
heldout,gain_resource_shift,1008,recurrent,443.25209375,0.15634660309898296,0.00622688157134945,9.803022756069488,0,2.6,0,5,1.0,,,0.3566220905771212,0.7018534280456727,0.977089192646441,0.9522668004970346,True
heldout,gain_resource_shift,1009,recurrent,320.96007291666666,0.16725681639684203,0.0066471750499278864,11.243165570826156,0,2.8,0,5,1.0,,,0.34827875101249567,0.6556109852516784,0.9750683412584493,0.9480267840690818,True
heldout,gain_resource_shift,1010,recurrent,349.6832083333333,0.17511857743729367,0.005499719815112503,12.399736866609137,0,1.8,0,5,1.0,,,0.34592064199980377,0.6148275770887592,0.9782595788577764,0.9608034871146242,True
heldout,gain_resource_shift,1011,recurrent,349.6711770833333,0.16661026360844883,0.00574589680870352,11.255033293495408,0,1.8,0,5,1.0,,,0.35265358026467947,0.6593799017019357,0.978120235995962,0.9579196563755047,True
heldout,gain_resource_shift,1012,recurrent,339.9760729166667,0.15690585888462147,0.00475915397445651,10.670916478071,0,1.8,0,5,1.0,,,0.3484970953328131,0.6782625431884622,0.9763862272880286,0.9632141394425748,True
heldout,gain_resource_shift,1013,recurrent,313.63209375,0.1559738382928325,0.007136792174641236,9.79879506945661,0,3.0,0,5,1.0,,,0.3536475343561557,0.7022619365773154,0.9771652727875901,0.945159115118493,True
heldout,gain_resource_shift,1014,recurrent,323.1761145833333,0.17193920355852843,0.005153853683800913,11.841521448905446,0,1.6,0,5,1.0,,,0.3509607753128285,0.6379882380211259,0.9776108918775887,0.9648859723700408,True
heldout,gain_resource_shift,1015,recurrent,332.6549479166667,0.1574187115443412,0.006148688394612978,10.37245127069575,0,2.2,0,5,1.0,,,0.3509435521094898,0.6862088027051831,0.9774687620756325,0.9503589900427928,True
heldout,gain_resource_shift,1016,recurrent,346.05801041666666,0.15598133505323578,0.0055707595651925705,10.384293590526143,0,1.6,0,5,1.0,,,0.3503130932194787,0.6872623256218116,0.9781876381549562,0.956387199751746,True
heldout,gain_resource_shift,1017,recurrent,326.27496875,0.17233734788587113,0.005172172552389361,11.80885203746461,0,1.4,0,5,1.0,,,0.3487339342879848,0.6365408076393675,0.9781363302015431,0.9640318511654654,True
heldout,gain_resource_shift,1018,recurrent,329.0972916666667,0.1617576455275401,0.0052013758289562485,10.943109062830985,0,1.8,0,5,1.0,,,0.3469174019317213,0.6672196385147816,0.974447033027813,0.9618354747418029,True
heldout,gain_resource_shift,1019,recurrent,380.5783645833333,0.16168778362979477,0.006267131315107391,10.674969092785403,0,2.4,0,5,1.0,,,0.34993618284829964,0.6761336658355535,0.9764272067639714,0.9520422477135223,True
heldout,gain_resource_shift,1020,recurrent,368.9080833333333,0.16371148622111065,0.005999371290735664,10.651696767268417,0,1.8,0,5,1.0,,,0.35201985295028104,0.6741420832777633,0.9756672179546095,0.9564857242537848,True
heldout,gain_resource_shift,1021,recurrent,369.2276041666667,0.1626788949097189,0.005793266943075193,10.926122433909676,0,2.0,0,5,1.0,,,0.3458196502508422,0.6655944764980372,0.9729053394399418,0.9535012523158124,True
heldout,gain_resource_shift,1022,recurrent,381.4423125,0.16527672259463966,0.005823880232753194,11.238752238775655,0,2.4,0,5,1.0,,,0.34685658538634917,0.6572294009726437,0.9727172031181253,0.9543291183284823,True
heldout,gain_resource_shift,1023,recurrent,362.21440625,0.1536983687799738,0.006185855687468594,9.51233067941806,0,2.6,0,5,1.0,,,0.35663306212547713,0.7098311107116207,0.974890808068329,0.9503836600266543,True
heldout,gain_resource_shift,1024,recurrent,395.87725,0.1529410779826268,0.005567788879411804,10.085143043580251,0,1.8,0,5,1.0,,,0.35093546109929313,0.6955943877420306,0.9733489045469707,0.9538000356122931,True
heldout,gain_resource_shift,1025,recurrent,428.3859791666667,0.1431854972095663,0.005166310095180877,9.251315088610868,0,1.6,0,5,1.0,,,0.3550382819306408,0.7227614437955706,0.9753367000758342,0.9566160993821023,True
heldout,gain_resource_shift,1026,recurrent,414.5916979166667,0.17363806690187994,0.0065811992758801905,11.510697043703914,0,2.4,0,5,1.0,,,0.34846722785917067,0.6436953998668167,0.9733157182719672,0.9509962331389261,True
heldout,gain_resource_shift,1027,recurrent,456.9664583333333,0.153055121027362,0.005705223403301449,10.096590160602629,0,2.0,0,5,1.0,,,0.3526893386960222,0.6974739642408961,0.9795222524057414,0.9532451215120236,True
heldout,gain_resource_shift,1028,recurrent,404.8732604166667,0.15482552751337653,0.005733600663947794,10.069461236352344,0,2.2,0,5,1.0,,,0.34853329416577034,0.6939853685264807,0.9764190089418525,0.9519916162000602,True
heldout,gain_resource_shift,1029,recurrent,418.72598958333333,0.15932901713324962,0.006487238550186284,10.360580882760384,0,2.6,0,5,1.0,,,0.3537816635048836,0.6855927557972533,0.9711703881502086,0.9502588774680489,True
heldout,gain_resource_shift,1030,recurrent,378.00853125,0.14535327304818624,0.004756240905681099,9.51397945326837,0,1.8,0,5,1.0,,,0.35283285229839095,0.7151375821195393,0.9801705234264423,0.9601085717838267,True
heldout,switching_memory,1001,recurrent,346.1726458333333,0.06231552493038663,0.0038801148709279192,13.744158738046963,0,1.6,0,5,1.0,0.01176958711221502,9.904328763178401e-05,0.5301081258556088,0.9773266818402152,0.9588713611852925,0.974911793888347,True
heldout,switching_memory,1002,recurrent,335.02434375,0.058044677834718804,0.003366214985858732,13.948320537920708,0,1.2,0,5,1.0,0.01245175849546382,9.918592381222543e-05,0.5298828026466912,0.9807061933500992,0.9570081069702674,0.979015804267843,True
heldout,switching_memory,1003,recurrent,342.5821770833333,0.05643122305855697,0.0031812246247015035,15.657672389348653,0,0.8,0,5,1.0,0.01270866334661196,0.00011421643669357856,0.5356298471165716,0.9812930563418254,0.9776936001708935,0.9856904135354667,True
heldout,switching_memory,1004,recurrent,395.0791354166667,0.05999188338352811,0.0035958049689702918,14.450044036044432,0,1.2,0,5,1.0,0.01198496049943925,0.0001064789616731724,0.5316947806683505,0.9791577207148302,0.9615451514524214,0.9794985923365105,True
heldout,switching_memory,1005,recurrent,407.8883645833333,0.05620705331207145,0.003156289471132242,13.569765751866859,0,1.0,0,5,1.0,0.011344630160406582,9.941965744729136e-05,0.5330563100714868,0.9819703992167409,0.9663638978912213,0.9813651791173069,True
heldout,switching_memory,1006,recurrent,363.8339270833333,0.060298106816783034,0.0036327540055734633,12.609128995227854,0,1.2,0,5,1.0,0.01146853533433269,9.535064767036798e-05,0.5297476817070457,0.9790336583815904,0.9609592400182865,0.9720527436229799,True
heldout,switching_memory,1007,recurrent,349.7118854166667,0.05549495669254561,0.0030766542727519337,14.021001869506188,0,1.0,0,5,1.0,0.011435017303866498,0.00010351189108549334,0.5339266448979655,0.9824732561879347,0.9725206075567726,0.9841805834245653,True
heldout,switching_memory,1008,recurrent,366.155875,0.057079568682947855,0.00325508795755902,12.31388649397431,0,1.2,0,5,1.0,0.010139243600967041,8.797523368474031e-05,0.5316226666192487,0.9810887295524974,0.9596834857916873,0.9759088925580288,True
heldout,switching_memory,1009,recurrent,348.383875,0.05613938683544187,0.0031487869503880293,12.6725187511391,0,1.2,0,5,1.0,0.010571501520339536,9.024112941254716e-05,0.5322445760262074,0.9818906256453208,0.9598945257731827,0.9782315928937088,True
heldout,switching_memory,1010,recurrent,353.0003229166667,0.0558047004582121,0.0031112804481013448,13.221078934554782,0,1.0,0,5,1.0,0.010897878606547142,9.43355373589664e-05,0.5327942195296701,0.9822016280881049,0.9637630578988564,0.980170436632223,True
heldout,switching_memory,1011,recurrent,385.19559375,0.06310616496509992,0.00397920561880447,16.225288422922688,0,1.4,0,5,1.0,0.012317816233441203,0.00011628717605318008,0.5328888024003824,0.9754641233891649,0.9654954310788547,0.9806401844954779,True
heldout,switching_memory,1012,recurrent,373.19215625,0.06274825462397628,0.003934187799155498,15.14362163351725,0,1.2,0,5,1.0,0.013308444535608562,0.00011795557408941565,0.5304664842854486,0.9768694095175667,0.9626852215373102,0.9776624767762904,True
heldout,switching_memory,1013,recurrent,362.552875,0.06358783253801174,0.004040277790717499,14.444226767280687,0,1.2,0,5,1.0,0.011957816177801407,0.00010679607584288414,0.5298533103405467,0.9763024439125281,0.9585800825274099,0.9746017355664657,True
heldout,switching_memory,1014,recurrent,352.7479270833333,0.05694751806096884,0.0032401408340089663,12.183380676597451,0,1.2,0,5,1.0,0.010950464681513403,9.344667287740833e-05,0.5310813021978127,0.9813352373804524,0.9601768946062964,0.975520584737823,True
heldout,switching_memory,1015,recurrent,374.0614791666667,0.05513977362551949,0.003037494842251853,11.925119948803532,0,1.0,0,5,1.0,0.010279312001799103,8.677837927137261e-05,0.531940525448257,0.982483480302103,0.9682870974237393,0.9772461631493443,True
heldout,switching_memory,1016,recurrent,366.0747395833333,0.059724260683492014,0.003563966066833154,13.101248104623934,0,1.4,0,5,1.0,0.01230490915054851,9.434368499915855e-05,0.5306154825478375,0.979405274309914,0.9654808056133849,0.9763413343635109,True
heldout,switching_memory,1017,recurrent,448.1723541666667,0.05893579808112898,0.00347040437969608,13.301947346871382,0,1.2,0,5,1.0,0.011453424970105562,9.272206243809014e-05,0.5309928407172729,0.9799580270850797,0.9595580378629256,0.9774678523001321,True
heldout,switching_memory,1018,recurrent,353.40275,0.05610677148711106,0.003144832192267943,14.653276602003183,0,1.0,0,5,1.0,0.01151126480219115,0.0001048675476347664,0.5336594734420664,0.9819623609199625,0.9681170808806737,0.9832142872836347,True
heldout,switching_memory,1019,recurrent,369.6860416666667,0.060937283691893905,0.0037103578337610854,13.550133797318958,0,1.2,0,5,1.0,0.011438502252256802,9.919599485310554e-05,0.5306464124715279,0.9784902166787912,0.9579871089524103,0.9760112097683662,True
heldout,switching_memory,1020,recurrent,362.496,0.05635219338323843,0.003172615599018542,13.229131300411495,0,1.0,0,5,1.0,0.013081433649210938,0.00010489226100539226,0.5302367720996506,0.9822872488610042,0.9631926527248202,0.9803696419061171,True
heldout,switching_memory,1021,recurrent,544.3683958333334,0.05888393185669182,0.0034642672770509877,13.408519163772125,0,1.0,0,5,1.0,0.011382767690156805,9.326007351326248e-05,0.5320011351414978,0.979883339918921,0.9660699581258786,0.9775354044207528,True
heldout,switching_memory,1022,recurrent,358.0847604166667,0.05689609033236897,0.0032341972008678496,12.662644468516328,0,1.0,0,5,1.0,0.011414887626477487,9.083317355506519e-05,0.5312509607834496,0.9814136043550514,0.9610558713951546,0.9776905403431526,True
heldout,switching_memory,1023,recurrent,307.16490625,0.05753425369336353,0.00330726838082941,13.168864927994717,0,1.0,0,5,1.0,0.011985116105598687,0.00010088378667508845,0.5319096452971414,0.9811495138757284,0.9651727084314916,0.9774779439966144,True
heldout,switching_memory,1024,recurrent,337.4511875,0.05266483787681733,0.002770753147764392,11.083910015420528,0,1.0,0,5,1.0,0.008973595529611005,7.537526811473755e-05,0.5342784547259494,0.9834874236560206,0.9665548345443288,0.9771527002606146,True
heldout,switching_memory,1025,recurrent,333.05361458333334,0.05643962649184046,0.0031824201830730984,13.756644612057405,0,1.2,0,5,1.0,0.011352054014472927,9.65248494450601e-05,0.5323977097307232,0.9818252941996379,0.9627503851309022,0.9813486351097819,True
heldout,switching_memory,1026,recurrent,338.809625,0.056575555679189635,0.003197670453877538,14.167219094524617,0,0.8,0,5,1.0,0.01279453699354231,0.00010803041053871328,0.532637918579034,0.9818630882788303,0.9733497183330074,0.9813597041935285,True
heldout,switching_memory,1027,recurrent,309.3605,0.05011619544781085,0.002508525636891364,11.496995153896718,0,0.4,0,5,1.0,0.009590483355653736,8.301812121826703e-05,0.5347938924222368,0.9855920440514612,0.969585564404379,0.9827878586981496,True
heldout,switching_memory,1028,recurrent,311.1226354166667,0.05625517649414251,0.003161762123834081,12.416924067909108,0,1.0,0,5,1.0,0.010301684784871078,8.694068869098521e-05,0.5325641839939321,0.9816564691912674,0.9659576015342571,0.9781603175683795,True
heldout,switching_memory,1029,recurrent,342.1419270833333,0.05711160324727591,0.003258621819714583,13.559899457597536,0,1.0,0,5,1.0,0.011750955340387961,9.84542192332092e-05,0.5325768106570865,0.9813491917025338,0.9677429907837626,0.9798751548416695,True
heldout,switching_memory,1030,recurrent,398.794375,0.05495333781329724,0.0030167873092160733,13.026628658694444,0,1.0,0,5,1.0,0.01140274386325274,9.434724278976984e-05,0.5324379667942406,0.9828712162307058,0.9660000068778913,0.9806132034428827,True
development,gain_resource_shift,101,no_memory,234.18875,0.1725314769794233,0.004150326675176748,11.291827363047394,0,1.0,0,5,1.0,,,0.37084235281506356,0.7234570453091936,0.9732473876030788,0.9725308787700686,True
development,gain_resource_shift,102,no_memory,239.33038541666664,0.1760064070389521,0.003956918714678144,11.589213268605556,0,1.0,0,5,1.0,,,0.37199778451641297,0.7145810775656019,0.9789203258813325,0.9743562769238254,True
development,gain_resource_shift,103,no_memory,236.74679166666667,0.15392797608676279,0.003831698402730626,9.754062241529565,0,1.2,0,5,1.0,,,0.3744276921555828,0.7659384895046574,0.972251133879101,0.9691970240573174,True
development,gain_resource_shift,104,no_memory,258.52939583333335,0.15622503600664367,0.0034115145840135654,10.088963315595075,0,1.0,0,5,1.0,,,0.37562646898250446,0.7582640537111155,0.9770359684790298,0.9701512478591475,True
development,gain_resource_shift,105,no_memory,268.6253958333333,0.17668720747562863,0.003990513616246027,11.32924007903956,0,1.0,0,5,1.0,,,0.37329854321850736,0.7207377075282213,0.9762821656733432,0.9725008872005553,True
development,switching_memory,101,no_memory,231.02823958333335,0.17777835086420005,0.03160206693906873,12.010426461023721,0,1.0,1,5,0.8,0.17478231092162005,0.007122455133959292,0.47900604562623883,0.835198599902416,0.9690394290791199,0.9814895378914368,False
development,switching_memory,102,no_memory,238.88504166666667,0.15422224000097115,0.023781748591813257,9.399477957277291,0,1.0,1,5,0.8,0.13125928935594425,0.0049616887630134325,0.4842444620258162,0.8649087791084326,0.9708678666453832,0.9814712166998792,False
development,switching_memory,103,no_memory,292.8062291666667,0.17544094633377627,0.030776700260301344,11.597306188430025,0,1.25,1,5,0.8,0.1688730266771955,0.007684210166558492,0.4773258783874887,0.8381516939747284,0.9636062832991046,0.9813656458111101,False
development,switching_memory,104,no_memory,227.102375,0.18184570352245139,0.03306487774582489,11.604027230506523,0,1.0,1,5,0.8,0.18432923423220965,0.005499998993974655,0.47252466941849286,0.827696671479467,0.9646846579770813,0.9823991392015501,False
development,switching_memory,105,no_memory,248.29080208333335,0.18411603218791384,0.03389577934852398,12.167211779341704,0,1.25,1,5,0.8,0.18891234687966302,0.00850864932799913,0.47519416490634714,0.8254957992516702,0.9713524453939592,0.9827290044407224,False
heldout,gain_resource_shift,1001,no_memory,330.4573541666667,0.14970776491983212,0.0044431603822962145,10.197560329129661,0,1.2,0,5,1.0,,,0.35470480341548494,0.7343604701306924,0.9752222509635962,0.9691903113037991,True
heldout,gain_resource_shift,1002,no_memory,288.0739791666667,0.15143931114497772,0.00464626824063856,10.208079391087969,0,1.6,0,5,1.0,,,0.35524323624511117,0.7341742480728659,0.975341956130265,0.9707334392450613,True
heldout,gain_resource_shift,1003,no_memory,243.19228125,0.16214767677436523,0.004815528379769706,11.407677680042504,0,1.4,0,5,1.0,,,0.35168609917448496,0.6976393339106626,0.9739710220890684,0.970758733162051,True
heldout,gain_resource_shift,1004,no_memory,453.6675833333333,0.14477185122548647,0.003929327961337484,9.93888220470715,0,1.2,0,5,1.0,,,0.3553699886143617,0.7447376062087884,0.9721756347083857,0.968244316317267,True
heldout,gain_resource_shift,1005,no_memory,239.72551041666665,0.16664746522981752,0.004988754640475031,11.389111752714852,0,1.6,0,5,1.0,,,0.3528686210828235,0.69540191750489,0.9766668518271829,0.9718724020952149,True
heldout,gain_resource_shift,1006,no_memory,249.86410416666666,0.15378048926078466,0.004583156559935894,10.530397642999183,0,1.6,0,5,1.0,,,0.3546259853668637,0.724420124585135,0.9723694737854706,0.9687792637359242,True
heldout,gain_resource_shift,1007,no_memory,333.3409270833333,0.15171715401617042,0.004238130283754928,10.503149006273317,0,1.2,0,5,1.0,,,0.35379326922226023,0.7290276795886286,0.9788624650366128,0.9716420177339932,True
heldout,gain_resource_shift,1008,no_memory,285.1351145833333,0.14939848097270114,0.004102527387709084,9.927221906749665,0,1.2,0,5,1.0,,,0.35785880604518366,0.7411303120472027,0.9761921619363788,0.9711636064905943,True
heldout,gain_resource_shift,1009,no_memory,290.9631875,0.16320238117307084,0.005307349639281265,11.411348820709,0,1.4,0,5,1.0,,,0.351745906669808,0.6961091168397054,0.9727897343076012,0.9707740885473949,True
heldout,gain_resource_shift,1010,no_memory,242.99783333333335,0.17542310652243961,0.005606469953434283,12.599230161771885,0,1.2,0,5,1.0,,,0.3488684600916177,0.6540179395844041,0.9751446042720567,0.9727947053930117,True
heldout,gain_resource_shift,1011,no_memory,231.88295833333333,0.16410262110402538,0.0049165871222380236,11.448836854679081,0,1.6,0,5,1.0,,,0.35428100709358895,0.6977503584821207,0.9759230487414534,0.9729492874497646,True
heldout,gain_resource_shift,1012,no_memory,237.1773125,0.15557313686624144,0.00434270633653806,10.788103265746335,0,1.4,0,5,1.0,,,0.35215655342826924,0.717479605240338,0.9737730392569709,0.9699191152734385,True
heldout,gain_resource_shift,1013,no_memory,285.9965,0.14697001108714103,0.004409138101796927,9.962629282944734,0,1.2,0,5,1.0,,,0.3572909920327035,0.7435744470094341,0.9749659142253373,0.9699031219354977,True
heldout,gain_resource_shift,1014,no_memory,280.48278125,0.1711138937470721,0.004870728596744113,12.020596707218056,0,1.4,0,5,1.0,,,0.35205932693577807,0.6756664988340091,0.9756118227239733,0.973354199582806,True
heldout,gain_resource_shift,1015,no_memory,305.83983333333333,0.1519299730153154,0.004450754350766944,10.513193199847999,0,1.6,0,5,1.0,,,0.35393660053743425,0.7267901308100153,0.9755503409561261,0.970612180767663,True
heldout,gain_resource_shift,1016,no_memory,365.56385416666666,0.15184370178447237,0.004297092451814542,10.486421243949911,0,1.2,0,5,1.0,,,0.35301234055343106,0.7285466417340867,0.9762576424464053,0.9704359969146035,True
heldout,gain_resource_shift,1017,no_memory,300.3773229166667,0.17072305818699476,0.004618373672773589,11.996468110125184,0,1.2,0,5,1.0,,,0.3514381472593131,0.6761002167700698,0.9759683923172764,0.9729182062047897,True
heldout,gain_resource_shift,1018,no_memory,314.57853125,0.15907927641487732,0.004342056127023882,11.119898100875602,0,1.4,0,5,1.0,,,0.3518037571367411,0.7068248854733237,0.9709690529490319,0.9687456319030775,True
heldout,gain_resource_shift,1019,no_memory,272.6641770833333,0.15618113002151812,0.004516737314790419,10.853267813120567,0,1.2,0,5,1.0,,,0.35429006412262337,0.7166890656077463,0.973868323946463,0.9709569377642756,True
heldout,gain_resource_shift,1020,no_memory,233.977375,0.1588399688081211,0.004428056260975639,10.791053304375206,0,1.4,0,5,1.0,,,0.35360869653116384,0.7154073751652641,0.9740844007521631,0.9711603676588353,True
heldout,gain_resource_shift,1021,no_memory,240.52810416666665,0.1602049891308551,0.004994482636445226,11.078484657272613,0,1.6,0,5,1.0,,,0.3503308194739373,0.7061100848621433,0.970292080615731,0.9691978770147934,True
heldout,gain_resource_shift,1022,no_memory,246.46190625,0.1653558462058981,0.0058500410755963446,11.39847020902419,0,2.0,0,5,1.0,,,0.35115537172226297,0.6954920699199132,0.970113831868728,0.9693678274218894,True
heldout,gain_resource_shift,1023,no_memory,237.45804166666665,0.1466644644349006,0.0040731322498199895,9.617674861020156,0,1.0,0,5,1.0,,,0.3566238578948118,0.7487911118043876,0.9736570839188783,0.9705112779996775,True
heldout,gain_resource_shift,1024,no_memory,258.94448958333334,0.15015044254477353,0.004721970941315209,10.194805655498829,0,1.8,0,5,1.0,,,0.35292528935512263,0.7347840292416289,0.971065481863875,0.9694508225942009,True
heldout,gain_resource_shift,1025,no_memory,239.50015625,0.14033499159540777,0.004358133350113338,9.339513219834917,0,1.4,0,5,1.0,,,0.3579436938032662,0.7589165292017247,0.9732259586347727,0.9684595829163294,True
heldout,gain_resource_shift,1026,no_memory,249.62520833333335,0.16957606522025936,0.005187062894044111,11.683193614474568,0,1.6,0,5,1.0,,,0.3508358699679942,0.685524567178141,0.971347050981818,0.9720210614582179,True
heldout,gain_resource_shift,1027,no_memory,262.6173125,0.14788195489833517,0.004148425915154255,10.205102986778588,0,1.4,0,5,1.0,,,0.3542740375329702,0.7386748483299638,0.9777247623788204,0.9712321039612739,True
heldout,gain_resource_shift,1028,no_memory,233.79265625,0.1510919392265957,0.004591430793405773,10.195280326556656,0,1.6,0,5,1.0,,,0.3544319293777516,0.7352846249801576,0.9740356312858406,0.9691903919577897,True
heldout,gain_resource_shift,1029,no_memory,280.4872604166667,0.15446429686850113,0.004960721856619381,10.505185601611721,0,1.6,0,5,1.0,,,0.35345239453125094,0.7244714919524252,0.9694773486237797,0.9707564027566526,True
heldout,gain_resource_shift,1030,no_memory,277.2740833333333,0.14276880023591992,0.004011597240664524,9.609155980958443,0,0.8,0,5,1.0,,,0.3565553853678038,0.7537133234564293,0.9779402059267381,0.9696094831748238,True
heldout,switching_memory,1001,no_memory,232.32191666666665,0.1743357682612972,0.030389850318835007,11.679459782010795,0,1.5,1,5,0.8,0.16454113295269335,0.008040710703431432,0.4486977038484158,0.825432193270113,0.9651607276857183,0.9815859065942943,False
heldout,switching_memory,1002,no_memory,223.4818125,0.17344137572673005,0.030078941174903173,12.00152540934115,0,1.25,1,5,0.8,0.16557034865204648,0.005939312201316514,0.454167637259702,0.8266220778162767,0.9628412064200913,0.9805734474018766,False
heldout,switching_memory,1003,no_memory,222.37178125,0.18282348153187133,0.03342116708825139,13.404822133441987,0,0.75,1,5,0.8,0.18934479577037963,0.007042412839576407,0.45762496505492534,0.809324053465984,0.9805298490591282,0.9879402991738995,False
heldout,switching_memory,1004,no_memory,259.36940625,0.1788814885870632,0.03199536585619108,12.258859067497333,0,1.25,1,5,0.8,0.17652333286790506,0.007745377610633435,0.44962353217452034,0.8178269211244091,0.9673205549878325,0.9856804392812323,False
heldout,switching_memory,1005,no_memory,296.07557291666666,0.17259570525569415,0.029786334101816647,11.57355493374037,0,1.25,1,5,0.8,0.16441991331098915,0.00732462752376205,0.45334312359455237,0.8290617445543963,0.9709538943835222,0.9849569943901989,False
heldout,switching_memory,1006,no_memory,242.5135,0.1698865227622265,0.02885832293612579,10.678851349029898,0,1.25,1,5,0.8,0.1582067976109846,0.006403845688423506,0.4471613856730583,0.8322924244609805,0.9674412662120492,0.9786647638501225,False
heldout,switching_memory,1007,no_memory,221.98439583333334,0.17666394803350755,0.03120711458923027,11.896486725123749,0,1.25,1,5,0.8,0.17022043507083817,0.00993747030255932,0.4517960713040421,0.8222234603227501,0.9762485159180577,0.9869892741583559,False
heldout,switching_memory,1008,no_memory,237.44707291666666,0.16373331098001306,0.026805607921005326,10.501554383921972,0,1.25,1,5,0.8,0.1442037769115857,0.007825868915738318,0.4517644165381806,0.8422889684070205,0.9653979269521177,0.9810462692972393,False
heldout,switching_memory,1009,no_memory,226.67971875,0.16565901405516972,0.027440065133859565,10.819858887656608,0,1.25,1,5,0.8,0.1509328247193808,0.007399050859038842,0.45298354450923606,0.8399442213585763,0.9652397022998794,0.9824586513052562,False
heldout,switching_memory,1010,no_memory,233.78170833333334,0.1694486131968741,0.028709948369214422,11.264250299246962,0,1.25,1,5,0.8,0.15768901504032287,0.007158626372368843,0.45245659546197736,0.8342326574581962,0.968623473211133,0.9831552553606123,False
heldout,switching_memory,1011,no_memory,231.58794791666665,0.18593623547380858,0.03456910122437366,13.828775968924129,0,1.25,1,5,0.8,0.18877378664694014,0.010557354530627311,0.4526896166898447,0.8006290829092524,0.9703165732138758,0.9861833677767774,False
heldout,switching_memory,1012,no_memory,235.06817708333335,0.1852019480392923,0.03429660589834886,12.817458642260528,0,1.25,1,5,0.8,0.19074497662326237,0.007588964309506884,0.4475207498138408,0.8051526378039466,0.9684152509374853,0.985236733985829,False
heldout,switching_memory,1013,no_memory,234.97446875,0.18019750613231653,0.032468006560141524,12.27042716437739,0,1.25,1,5,0.8,0.17742424971462065,0.008040004857307784,0.44847722599182543,0.8148027835953272,0.964868662638128,0.9824577261266597,False
heldout,switching_memory,1014,no_memory,226.8298125,0.1654951702712793,0.02738577240382432,10.423017807857738,0,1.0,1,5,0.8,0.1520016335430509,0.005895558681501595,0.45296912406676454,0.838850212165934,0.9649679169926836,0.980274885923393,False
heldout,switching_memory,1015,no_memory,257.55803125,0.16318412831125953,0.026626159939483942,10.160833984241743,0,1.25,1,5,0.8,0.1448592427289654,0.006717420768594093,0.4518724967105311,0.8423276590023268,0.973277435103026,0.9814658616415801,False
heldout,switching_memory,1016,no_memory,234.43615625,0.16999792944822825,0.028896274769328236,11.162484856298759,0,1.25,1,5,0.8,0.15943295078936395,0.005503855321969798,0.4505613578608649,0.832857560709444,0.9708159891532105,0.9826712709694169,False
heldout,switching_memory,1017,no_memory,249.17705208333334,0.17104662059533113,0.029253922501319623,11.288445471393215,0,1.75,1,5,0.8,0.15776380084432862,0.007456344729066703,0.44895841056089586,0.8312318688289535,0.9656527379952436,0.9841772587573578,False
heldout,switching_memory,1018,no_memory,246.14836458333335,0.17779445012043282,0.03160772887918812,12.595932146503054,0,1.0,1,5,0.8,0.1758410720009145,0.006485198803443563,0.4575689874917489,0.819697239443352,0.9719824836336469,0.986413577059382,False
heldout,switching_memory,1019,no_memory,254.26879166666666,0.17433893044619814,0.03039106795913903,11.491295631484107,0,1.75,1,5,0.8,0.16354453970467464,0.007893171210416331,0.44840211553595555,0.8255700242501735,0.96407126621089,0.9831683236997846,False
heldout,switching_memory,1020,no_memory,247.83929166666667,0.17610252453781416,0.031009145048508085,11.234536119237715,0,1.0,1,5,0.8,0.17334334154765774,0.0067412196809704525,0.4489560658298183,0.8220728527632143,0.967413516385633,0.9807066553490155,False
heldout,switching_memory,1021,no_memory,263.8738020833333,0.16910774897239272,0.028594380608657256,11.505488458806456,0,1.0,1,5,0.8,0.15867513115472728,0.005586500537779133,0.4549808638050193,0.8347141749474842,0.970532417990737,0.9818056733691707,False
heldout,switching_memory,1022,no_memory,240.26595833333334,0.16713879881712723,0.02793241017579089,10.889810997660158,0,1.25,1,5,0.8,0.15181643338014153,0.006875758820282986,0.4553702032384369,0.8368011804904113,0.9661942654805634,0.9831087716602469,False
heldout,switching_memory,1023,no_memory,331.26058333333333,0.17188166920441741,0.029540386241273864,11.183979255985747,0,1.0,1,5,0.8,0.16499719443430413,0.00589236854836285,0.4504401840544582,0.8301201564219042,0.9700172265051309,0.9821104767081072,False
heldout,switching_memory,1024,no_memory,308.58621875,0.15160750335280285,0.022982003072043056,9.583439957155521,0,1.25,1,5,0.8,0.12447644851428752,0.007782603528933416,0.46058277319413105,0.8592784488011301,0.97072293003048,0.979953336813696,False
heldout,switching_memory,1025,no_memory,294.17328125,0.1726721969010439,0.029812676327167515,11.760312665421969,0,1.25,1,5,0.8,0.1631776772646978,0.008692452931330438,0.4536945578570888,0.8288705622759984,0.9676450566702935,0.983664658274917,False
heldout,switching_memory,1026,no_memory,264.9006041666667,0.17829731044117503,0.03178680786402519,12.091833834890062,0,0.75,1,5,0.8,0.17904884419540695,0.005503870843919099,0.45343898722124143,0.8190743973122172,0.9768603179958966,0.9828627691489,False
heldout,switching_memory,1027,no_memory,237.81667708333333,0.15781157868653845,0.024901386958265704,9.84882878334186,0,0.75,1,5,0.8,0.13764948939814364,0.006392655838032719,0.45702617967966896,0.8506252440279342,0.9726702218005877,0.9843296569398194,False
heldout,switching_memory,1028,no_memory,232.745875,0.16287341371056135,0.026524866135178644,10.657015631403711,0,1.0,1,5,0.8,0.1446942868643527,0.006282151553091864,0.4556218824304255,0.8441021982898745,0.9707625579757244,0.9830529842702858,False
heldout,switching_memory,1029,no_memory,242.0253125,0.1717585981772477,0.029497902642053566,11.594831147223926,0,1.0,1,5,0.8,0.16439153763660164,0.005386617279149844,0.4541028479682994,0.8305755376811904,0.9720706480932688,0.9843184415890447,False
heldout,switching_memory,1030,no_memory,260.13530208333333,0.16946972044496555,0.028716904120088482,11.09981997077116,0,1.25,1,5,0.8,0.15799591674098484,0.00840600111942079,0.4522850962263225,0.8338456077796308,0.9707685059538438,0.9823802106802902,False
development,gain_resource_shift,101,no_workspace,353.5387395833333,0.2510009055029524,0.037384670689777515,11.297079750374742,0,1.0,3,5,0.4,,,0.37104201616546273,0.8085400564628127,0.9705254334841514,0.9840971306646299,False
development,gain_resource_shift,102,no_workspace,368.91634375,0.2532340477160929,0.03710614631859329,11.594899454789834,0,1.0,3,5,0.4,,,0.3697614774146969,0.7940401067964151,0.9768420741959994,0.9886269482356073,False
development,gain_resource_shift,103,no_workspace,353.3658958333333,0.23489401749158387,0.03531307603390011,9.764279710511953,0,1.0,3,5,0.4,,,0.3796513661694918,0.8544487958195954,0.9675208392266001,0.9791298773983012,False
development,gain_resource_shift,104,no_workspace,367.45684375,0.23803635751117502,0.035666560205924396,10.093113582867987,0,1.0,3,5,0.4,,,0.37858396591941573,0.842616756828569,0.9739370611476964,0.9834575147781718,False
development,gain_resource_shift,105,no_workspace,384.78239583333334,0.25112323955009735,0.03583502577284577,11.32958047342341,0,1.0,3,5,0.4,,,0.3710929029181209,0.8040090922931707,0.974025783321279,0.9854845432559844,False
development,switching_memory,101,no_workspace,335.1934479166667,0.058338266048240335,0.0034002781885893846,13.99177635473609,0,0.8,0,5,1.0,0.012587836248520456,0.00010311037318161837,0.5597744348641209,0.9826251554283221,0.9636392362715133,0.9863011759581533,True
development,switching_memory,102,no_workspace,372.923625,0.054175648501300015,0.002932250171432524,10.812132142248345,0,0.8,0,5,1.0,0.011043015959797946,7.898734554346688e-05,0.558475867827222,0.9843920112830711,0.9669159256990456,0.9856317396403307,True
development,switching_memory,103,no_workspace,485.0466354166667,0.06123088574804386,0.0037463959793003717,13.469045006581753,0,1.0,0,5,1.0,0.014273325348354899,9.922096147949666e-05,0.5562724758409175,0.9808574485150806,0.9585659713909201,0.9866393845137503,True
development,switching_memory,104,no_workspace,390.6383020833333,0.06402551737639832,0.004096284731565086,13.570586925447122,0,1.2,0,5,1.0,0.015906204196819915,0.00010908829868691081,0.5543243635817987,0.9792462938617678,0.9596296608297094,0.9865948371005541,False
development,switching_memory,105,no_workspace,387.1294375,0.05666703496943699,0.003208218892130452,14.333182634161835,0,0.8,0,5,1.0,0.013176479594581882,0.00011684281422526496,0.5611509374727636,0.9839077493907958,0.9668876087483965,0.9874966756248545,True
heldout,gain_resource_shift,1001,no_workspace,438.1027395833333,0.24168955077186446,0.04044458445731015,10.202810588236648,0,1.0,3,5,0.4,,,0.3575725565365773,0.8226687712592786,0.9722772844595564,0.9837386669610194,False
heldout,gain_resource_shift,1002,no_workspace,387.35340625,0.24139151374186923,0.03998226618716424,10.213045166196986,0,1.0,3,5,0.4,,,0.35028547940563065,0.8150012741320527,0.9714549920914927,0.9844883672865414,False
heldout,gain_resource_shift,1003,no_workspace,370.82841666666667,0.2518727604551734,0.041963546755754845,11.410576050122913,0,1.5,3,5,0.4,,,0.3516490618104739,0.7894780446680352,0.9723722150566539,0.9868892828475584,False
heldout,gain_resource_shift,1004,no_workspace,643.3193645833334,0.23919756211697796,0.04018591277678861,9.94813990358171,0,1.0,3,5,0.4,,,0.35516626361954523,0.8342824467836385,0.9684631115854327,0.980912678379766,False
heldout,gain_resource_shift,1005,no_workspace,399.8335104166667,0.2511876827351729,0.04031262893081766,11.393682175855188,0,1.0,3,5,0.4,,,0.35180894990131945,0.7908310478812584,0.9751648937399245,0.9889113252416749,False
heldout,gain_resource_shift,1006,no_workspace,387.7414479166667,0.24458211743747885,0.040755129852850284,10.531946940347051,0,1.5,3,5,0.4,,,0.35635545044320366,0.8170810925037298,0.9693585030245201,0.982400822762973,False
heldout,gain_resource_shift,1007,no_workspace,421.0446875,0.24432651456376706,0.040915481179867236,10.5214206692769,0,1.0,3,5,0.4,,,0.35585076382298103,0.81409495211941,0.9764809850577686,0.9874148499125577,False
heldout,gain_resource_shift,1008,no_workspace,410.7532916666667,0.238609906026571,0.03871730852476757,9.930556785636744,0,0.5,3,5,0.4,,,0.3529931653745629,0.829484847044396,0.9724184263024936,0.9848493981030085,False
heldout,gain_resource_shift,1009,no_workspace,497.3212604166667,0.25234313903983896,0.04234939223920045,11.41234396346354,0,1.5,3,5,0.4,,,0.3507676350761761,0.7875720517091842,0.9706406355624043,0.9857591723243165,False
heldout,gain_resource_shift,1010,no_workspace,385.8807708333333,0.26231046207300035,0.04363998216440202,12.614196676690549,0,1.5,3,5,0.4,,,0.35041386432819716,0.7423305554914548,0.9746097997603523,0.9892977816587187,False
heldout,gain_resource_shift,1011,no_workspace,378.8265,0.25156727318386285,0.041273009806190995,11.461098962713884,0,1.5,3,5,0.4,,,0.3510007540046206,0.783459539324466,0.9737567137060981,0.9863474675301959,False
heldout,gain_resource_shift,1012,no_workspace,369.41959375,0.2463484512720354,0.04082726486626615,10.799148548804425,0,1.0,3,5,0.4,,,0.3569036654810875,0.8141315559762178,0.971854675274742,0.9851790729827804,False
heldout,gain_resource_shift,1013,no_workspace,306.2105625,0.24022631274403472,0.04051763527743734,9.995302053798827,0,1.0,3,5,0.4,,,0.35666189057197,0.8200069348428686,0.970856754932974,0.9816332680755382,False
heldout,gain_resource_shift,1014,no_workspace,294.09541666666667,0.2569434375401873,0.041610694058427954,12.026400529064242,0,1.5,3,5,0.4,,,0.3492706355404179,0.7624761352080678,0.9742387413880325,0.9888332430344476,False
heldout,gain_resource_shift,1015,no_workspace,303.2914375,0.2437160010245071,0.04076552680571002,10.517571533634737,0,1.0,3,5,0.4,,,0.3556085126860335,0.817459842068851,0.9728468944540177,0.9855773138433445,False
heldout,gain_resource_shift,1016,no_workspace,430.8789479166667,0.24351430548109881,0.04053979965414468,10.496782792191619,0,1.0,3,5,0.4,,,0.35613947544456626,0.823641037618195,0.974123820983147,0.9852309318086536,False
heldout,gain_resource_shift,1017,no_workspace,315.4053541666667,0.2567155450496985,0.04137488214621738,12.004111433054243,0,1.5,3,5,0.4,,,0.3499685711377368,0.763830903862011,0.9747059487708696,0.9882342887857523,False
heldout,gain_resource_shift,1018,no_workspace,326.64903125,0.24968243177188318,0.041377156677864034,11.125217393226768,0,1.5,3,5,0.4,,,0.35544319323541373,0.800924692123402,0.9690668015452575,0.9840516466603445,False
heldout,gain_resource_shift,1019,no_workspace,348.8645416666667,0.24724348092430115,0.04125353079955733,10.865977535690774,0,1.0,3,5,0.4,,,0.3546487980766384,0.8040375900519999,0.971316567817135,0.9836487136038213,False
heldout,gain_resource_shift,1020,no_workspace,313.3570208333333,0.24627277762817784,0.03984820157070868,10.800423482429016,0,1.5,3,5,0.4,,,0.35066853999582487,0.8068807926867848,0.9711753278441687,0.9843056789527866,False
heldout,gain_resource_shift,1021,no_workspace,322.1875520833333,0.2496343702142337,0.04164616288628492,11.078280629678089,0,1.5,3,5,0.4,,,0.3541861433992142,0.801925341506561,0.9672862888034611,0.9811872865728433,False
heldout,gain_resource_shift,1022,no_workspace,339.08265625,0.2522782922050699,0.04215182191903435,11.408095735664121,0,1.5,3,5,0.4,,,0.3514211183309183,0.7855581472274318,0.9671077449992488,0.9827312977048165,False
heldout,gain_resource_shift,1023,no_workspace,325.15397916666666,0.2369835836559831,0.038723886044276117,9.64182704244946,0,0.5,3,5,0.4,,,0.35215693681104193,0.8331812748966408,0.9688103412400212,0.9808298640311578,False
heldout,gain_resource_shift,1024,no_workspace,380.3796666666667,0.24172767142094598,0.04060908267551669,10.206878501162004,0,1.5,3,5,0.4,,,0.35364047695038237,0.829189403190105,0.9674135412275965,0.9810608341961831,False
heldout,gain_resource_shift,1025,no_workspace,308.42925,0.23518994376472085,0.039978533132082716,9.287538934435627,0,0.5,3,5,0.4,,,0.3558307446716664,0.836093953877658,0.9687367039438565,0.9797801996436428,False
heldout,gain_resource_shift,1026,no_workspace,327.4686666666667,0.2545795541005927,0.041241770364515054,11.693728609532153,0,1.5,3,5,0.4,,,0.3488569131217281,0.7765291001114638,0.9692928954338621,0.9850953258646981,False
heldout,gain_resource_shift,1027,no_workspace,410.9998229166667,0.24154637651775923,0.04062400533946014,10.20083154091356,0,1.0,3,5,0.4,,,0.35591137742819307,0.8192622993266613,0.9746701446098461,0.984814830933273,False
heldout,gain_resource_shift,1028,no_workspace,363.77315625,0.24114866188184253,0.03991533382155568,10.211063854078008,0,1.0,3,5,0.4,,,0.3613479855491462,0.8311047714935004,0.9713531903496042,0.9843450962356669,False
heldout,gain_resource_shift,1029,no_workspace,444.5168541666667,0.24390561871304076,0.040591453689330155,10.512867394671607,0,1.5,3,5,0.4,,,0.34749996475900563,0.810484948429956,0.965662300842907,0.9819243304801593,False
heldout,gain_resource_shift,1030,no_workspace,396.2967916666667,0.2364496825828265,0.03953711931337992,9.615654208593154,0,0.5,3,5,0.4,,,0.3604116239666233,0.8437876223158353,0.9748057831022555,0.9848486113463285,False
heldout,switching_memory,1001,no_workspace,353.36747916666667,0.061527286285699916,0.003782497181260757,13.651243630473582,0,1.0,0,5,1.0,0.012835690541134936,9.916749933282417e-05,0.5264195258095843,0.9785944965623288,0.959562243086661,0.9868626997788134,True
heldout,switching_memory,1002,no_workspace,344.2495520833333,0.062488982208922315,0.003901903258429445,13.892719024745034,0,1.2,0,5,1.0,0.014344498082531108,9.998533276538538e-05,0.5277329233570197,0.9774513347515282,0.9573130068455308,0.9850851099454399,True
heldout,switching_memory,1003,no_workspace,331.60102083333334,0.05310545790574858,0.0028169313481961264,15.660637755069251,0,0.4,0,5,1.0,0.012646035097449758,0.00011406414385866731,0.5357529488808686,0.983782677578549,0.9778389321645108,0.9916348330652182,True
heldout,switching_memory,1004,no_workspace,386.9097291666667,0.05848547705358132,0.003417329923252443,14.372746631759478,0,0.8,0,5,1.0,0.012690804252391354,0.00010654698980097353,0.5287877010595011,0.9808935798503683,0.9622321861121174,0.9897549209116897,True
heldout,switching_memory,1005,no_workspace,425.0961666666667,0.05847033647627154,0.0034158368767546097,13.488173436369815,0,1.0,0,5,1.0,0.01342022307599546,9.915302069271725e-05,0.5298090457998728,0.9807617758128367,0.9670326803386257,0.9892580769370158,True
heldout,switching_memory,1006,no_workspace,373.1376041666667,0.058402104639721134,0.003407698146234223,12.54989297900183,0,1.0,0,5,1.0,0.011807834284798072,9.551347330888365e-05,0.5272197165434042,0.9809630423390927,0.9617023242853214,0.9836424409166119,True
heldout,switching_memory,1007,no_workspace,370.0920208333333,0.05888822500128152,0.003464787098245979,13.920680271822226,0,1.0,0,5,1.0,0.013597584496816431,0.00010369256422335988,0.5300381608673035,0.9805279652718076,0.9729965515183702,0.9915672253581621,True
heldout,switching_memory,1008,no_workspace,352.75780208333333,0.05917163347566469,0.003498293004706061,12.196773662765912,0,0.8,0,5,1.0,0.01209509492598362,8.834114338315337e-05,0.5264500938202588,0.9802344766676705,0.9605089898738068,0.9856703319539931,True
heldout,switching_memory,1009,no_workspace,338.44166666666666,0.05627221750957204,0.003163718659573232,12.618627257475898,0,0.8,0,5,1.0,0.01257930977069266,9.098348466255855e-05,0.5299639705328006,0.9821379524617628,0.960184125321805,0.9867628001311451,True
heldout,switching_memory,1010,no_workspace,342.03321875,0.0574303584807229,0.003295361930094907,13.135235414449639,0,0.8,0,5,1.0,0.012262652363387277,9.500320481308079e-05,0.5292441771919858,0.9815318968321789,0.9642261482014994,0.9878154313052695,True
heldout,switching_memory,1011,no_workspace,337.29621875,0.059271407526349545,0.003509917312356671,16.13248619228597,0,0.6,0,5,1.0,0.012856933266422232,0.00011618258859621951,0.5298087875610209,0.9793647765225291,0.9661832946240919,0.9909870570522312,True
heldout,switching_memory,1012,no_workspace,353.8361354166667,0.061689338539961135,0.003802418830298074,15.05855832856117,0,1.0,0,5,1.0,0.015247023893153959,0.00011822673095988164,0.5274391944413755,0.9783713214256733,0.9633200291772711,0.989354782413096,False
heldout,switching_memory,1013,no_workspace,353.3808854166667,0.06175633722141017,0.003810710530839805,14.333962784072144,0,0.8,0,5,1.0,0.013410684935011276,0.00010709099325991534,0.5257314819203344,0.9786222145410932,0.9596491187222306,0.9868351259251525,True
heldout,switching_memory,1014,no_workspace,335.1103958333333,0.0551954916459559,0.0030436633187433822,12.16759548805409,0,0.8,0,5,1.0,0.011749156858563346,9.324815028968959e-05,0.5303865600483374,0.9827658939095356,0.9602285587468634,0.9848015391183742,True
heldout,switching_memory,1015,no_workspace,357.02451041666666,0.058383253944377024,0.003405704547911934,11.846407673510006,0,1.0,0,5,1.0,0.01216337765037281,8.721761282804282e-05,0.5283730162566973,0.9805185294782982,0.9686072958434302,0.986040641953196,True
heldout,switching_memory,1016,no_workspace,383.54496875,0.06108397299378102,0.0037282305093484136,12.989644572306347,0,1.2,0,5,1.0,0.013831247028081157,9.455074388491327e-05,0.5260305322616813,0.9790590026891666,0.9663414057631338,0.9874286053376132,True
heldout,switching_memory,1017,no_workspace,389.5416875,0.0638575379300253,0.004074761234721092,13.118320656569539,0,1.4,0,5,1.0,0.014048550126471741,9.348229757889176e-05,0.5235285538185165,0.9771643890102388,0.9607027990440016,0.9883526299848949,True
heldout,switching_memory,1018,no_workspace,330.4013645833333,0.05751513129490281,0.0033048527134309537,14.604060244017182,0,0.8,0,5,1.0,0.012403179765445208,0.0001048032837499839,0.5318491181783193,0.981197343331101,0.968514650901651,0.9896699722885677,True
heldout,switching_memory,1019,no_workspace,381.91525,0.06251820437367565,0.0039055311681234044,13.450145141211971,0,1.2,0,5,1.0,0.012422142349523758,9.952020940213801e-05,0.5266512113304762,0.9778417633863713,0.9585163257092293,0.9874785824203975,True
heldout,switching_memory,1020,no_workspace,310.16834375,0.05943824741361326,0.0035299511555185446,13.214302318454907,0,1.0,0,5,1.0,0.015101448755286203,0.00010538812891606065,0.5296527524727553,0.97998398062837,0.9631489764887263,0.9857938003247758,False
heldout,switching_memory,1021,no_workspace,306.7649166666667,0.05738790373580836,0.0032903213413378683,13.339773275654702,0,0.8,0,5,1.0,0.012342285128929112,9.325188136861339e-05,0.529232384748512,0.9814863782139499,0.9664689965076096,0.9868088780139712,True
heldout,switching_memory,1022,no_workspace,309.3872291666667,0.059876657191269576,0.0035822461821595733,12.546889526859864,0,1.0,0,5,1.0,0.012498310910763415,9.039606136424673e-05,0.5262653286432553,0.9798620575956866,0.9619020690905447,0.9867211216493437,True
heldout,switching_memory,1023,no_workspace,336.98971875,0.05666067423526764,0.0032075100375722164,13.108232640784172,0,0.8,0,5,1.0,0.012788844871726258,0.00010102309427976589,0.5294149521179325,0.9822349386418769,0.9656546491196142,0.9867899731739261,True
heldout,switching_memory,1024,no_workspace,318.5604479166667,0.05229248323179434,0.0027316718017204307,11.064453300188982,0,0.8,0,5,1.0,0.010678552792110314,7.576517517160136e-05,0.533324251580911,0.9838706299739431,0.9668277621067354,0.9849096722540377,True
heldout,switching_memory,1025,no_workspace,304.83003125,0.05703715794162769,0.003250226130592822,13.728347016129057,0,0.8,0,5,1.0,0.012396914276073673,9.601668444941843e-05,0.5312768280734133,0.9815505223929766,0.9629229311989725,0.9880810249040416,True
heldout,switching_memory,1026,no_workspace,418.5710208333333,0.05671898806036476,0.0032139205600602515,14.149724147613739,0,0.6,0,5,1.0,0.013006026569601047,0.00010801538109455256,0.5319669555930358,0.9818691395223746,0.9734944921052605,0.9876960597838154,True
heldout,switching_memory,1027,no_workspace,358.89553125,0.051688509777783914,0.0026685946337762496,11.475943349701796,0,0.6,0,5,1.0,0.010561096932015419,8.317069478486737e-05,0.5337812147543152,0.9846402759193486,0.9697583761423995,0.9884769627383762,True
heldout,switching_memory,1028,no_workspace,369.6383229166667,0.05931520045750078,0.0035154102467604576,12.319935587758918,0,1.0,0,5,1.0,0.012830002009239755,8.714708315202025e-05,0.5283332514499607,0.9798988721439258,0.9665908142138601,0.9870519049937438,True
heldout,switching_memory,1029,no_workspace,400.5293854166667,0.05668926045379825,0.0032105588450389,13.496099082055972,0,0.8,0,5,1.0,0.011954301124637742,9.793729994987851e-05,0.5300431100437669,0.9820925707749962,0.9681462894658533,0.9884114929535418,True
heldout,switching_memory,1030,no_workspace,350.738375,0.056176101043526126,0.003152672300846166,12.969415114078899,0,0.8,0,5,1.0,0.012918516715088126,9.470190478409578e-05,0.5300733674386705,0.9823366301030099,0.9663696555236116,0.9873455665894474,True
development,gain_resource_shift,101,no_self_model,389.2047708333333,0.18303479583536217,0.00788495261296818,11.120812158562387,0,0.6,0,5,1.0,,,0.37912408519876234,0.7036142239304919,0.9770572953140632,0.9722251501753046,True
development,gain_resource_shift,102,no_self_model,267.3378645833333,0.1861623835408393,0.007635096441523409,11.41501580393438,0,0.6,0,5,1.0,,,0.3802199720788969,0.6947376610550372,0.9822817091178363,0.9733284798179732,True
development,gain_resource_shift,103,no_self_model,299.3863958333333,0.16384489855858395,0.006983027364236273,9.650906036731577,0,0.6,0,5,1.0,,,0.3841234815457117,0.7494843887440349,0.9754569515858873,0.9695253689818673,True
development,gain_resource_shift,104,no_self_model,328.11776041666667,0.16783048122390137,0.007172323136582765,9.945103327207997,0,0.6,0,5,1.0,,,0.3841290194367593,0.7397438786150816,0.9805685047025902,0.9714574093760424,True
development,gain_resource_shift,105,no_self_model,302.1800520833333,0.1869907650115912,0.007737690530330306,11.121179784385335,0,0.6,0,5,1.0,,,0.3801060474984829,0.7009194792750674,0.9802060514256753,0.9725474255311091,True
development,switching_memory,101,no_self_model,238.82333333333335,0.05232159960939152,0.002734474688759593,14.073633036671481,0,0.6,0,5,1.0,0.011575264620630396,0.00010141596782108008,0.5631125366376737,0.9861698977132185,0.9634505238958792,0.9861053844726441,True
development,switching_memory,102,no_self_model,358.9052395833333,0.046157532481949586,0.0021277670857183443,10.942844969811302,0,0.6,0,5,1.0,0.008899729150546758,7.855236773490685e-05,0.5653511942240533,0.9886727781528301,0.9660444567558741,0.9848632802846404,True
development,switching_memory,103,no_self_model,458.09096875,0.05282127371404843,0.0027872615665847944,13.603517717835809,0,0.6,0,5,1.0,0.011712595277730048,9.908502043856465e-05,0.5619550403628215,0.9858555398402918,0.957887583153938,0.9860928382431002,True
development,switching_memory,104,no_self_model,402.7518333333333,0.054491903231107475,0.0029663853739979825,13.716825278584073,0,0.6,0,5,1.0,0.012655050205569288,0.0001101592562784029,0.5604193506339341,0.9851521982117287,0.958726121549133,0.986005160585464,True
development,switching_memory,105,no_self_model,255.07545833333333,0.052413267505696304,0.0027442166505267387,14.393671366650514,0,0.6,0,5,1.0,0.012032208573347712,0.00011477978874165244,0.5635532143492896,0.9863413990482212,0.9664166578412198,0.9872925431770426,True
heldout,gain_resource_shift,1001,no_self_model,324.23840625,0.1762641673025728,0.013099802179873872,9.911121087333951,0,1.0,2,5,0.6,,,0.37074986578537866,0.6969432991431508,0.9819636678172777,0.9701205720575568,True
heldout,gain_resource_shift,1002,no_self_model,361.52595833333334,0.1767003155573527,0.012935404798641206,9.912031028680959,0,0.3333333333333333,2,5,0.6,,,0.37144700226462946,0.6975887370690629,0.9816766794461375,0.9693939223892905,True
heldout,gain_resource_shift,1003,no_self_model,302.2613333333333,0.18811366589386405,0.013910410592473997,11.028128272912442,0,0.6666666666666666,2,5,0.6,,,0.3658120731525367,0.6596866891592424,0.9819764337197389,0.9713861187091946,True
heldout,gain_resource_shift,1004,no_self_model,326.1711458333333,0.17305236367046875,0.012917559626019266,9.632163366062995,0,1.0,2,5,0.6,,,0.3712610467984218,0.7057354086938934,0.9793643600474015,0.9693786539589694,True
heldout,gain_resource_shift,1005,no_self_model,511.83729166666666,0.1914419365925332,0.01386739205925129,11.02812283086894,0,0.3333333333333333,2,5,0.6,,,0.3675577576200432,0.6585669857734696,0.9838528203819518,0.9724460971410342,True
heldout,gain_resource_shift,1006,no_self_model,435.7457604166667,0.17991523578944604,0.013304209751821552,10.190627215885485,0,0.6666666666666666,2,5,0.6,,,0.3687068053942162,0.6871379750414882,0.9799038851260446,0.969836511160198,True
heldout,gain_resource_shift,1007,no_self_model,373.4765104166667,0.1786308116438758,0.013129002329538378,10.190315320796802,0,0.6666666666666666,2,5,0.6,,,0.369832050147422,0.6900033958276327,0.9857499229801485,0.9722153497965192,True
heldout,gain_resource_shift,1008,no_self_model,319.2046041666667,0.17652911424397386,0.012945149446520504,9.63139891129534,0,0.6666666666666666,2,5,0.6,,,0.37380697735771046,0.7035652596621602,0.9822716088094138,0.9703586201029893,True
heldout,gain_resource_shift,1009,no_self_model,343.7880104166667,0.1874907821831157,0.01382512582235749,11.027812232858281,0,0.6666666666666666,2,5,0.6,,,0.3657067100221275,0.6594815370751057,0.9809165715865836,0.9716837164221911,True
heldout,gain_resource_shift,1010,no_self_model,333.8175625,0.2005185124110672,0.015040877470998387,12.144290143757198,0,0.6666666666666666,2,5,0.6,,,0.362390403696834,0.6145087447295389,0.9843649232507133,0.9736932855041148,False
heldout,gain_resource_shift,1011,no_self_model,381.1370729166667,0.1898868848415547,0.014043945903856573,11.028128272912445,0,0.6666666666666666,2,5,0.6,,,0.367310031723216,0.6591130222618791,0.9841147291717149,0.9722790906453583,True
heldout,gain_resource_shift,1012,no_self_model,328.9933854166667,0.18250309349539,0.013447084557522837,10.469999810073531,0,0.6666666666666666,2,5,0.6,,,0.3678801267497765,0.6790040110668651,0.9811761575495588,0.9705367045763917,True
heldout,gain_resource_shift,1013,no_self_model,306.66714583333334,0.1736138882577193,0.01295073613880641,9.62932358952707,0,1.0,2,5,0.6,,,0.3717755355177598,0.7048567185089318,0.9825555087368657,0.9702578044783844,True
heldout,gain_resource_shift,1014,no_self_model,291.17653125,0.196726240836623,0.014291977797168827,11.586220924717756,0,0.3333333333333333,2,5,0.6,,,0.3652722018396966,0.6373839211458406,0.9837236004285561,0.9727844732799131,True
heldout,gain_resource_shift,1015,no_self_model,306.8166041666667,0.17785992896367342,0.013002191981295432,10.190617210240235,0,0.3333333333333333,2,5,0.6,,,0.3693891066288046,0.689313259077146,0.9825613170226836,0.9707829984831428,True
heldout,gain_resource_shift,1016,no_self_model,317.101375,0.17868434802316985,0.013168678908668052,10.190617210240235,0,0.6666666666666666,2,5,0.6,,,0.36940082708032923,0.6896969710644312,0.9830901493384504,0.9709834461960276,True
heldout,gain_resource_shift,1017,no_self_model,307.1955625,0.19725224529081048,0.014380459348319656,11.585607212764792,0,0.6666666666666666,2,5,0.6,,,0.3654085092264281,0.6372369913910447,0.9837364027836014,0.9733465620771126,True
heldout,gain_resource_shift,1018,no_self_model,341.8686979166667,0.1866029825257503,0.013856513029848411,10.748761718512887,0,0.6666666666666666,2,5,0.6,,,0.3664326109320838,0.6678267165270251,0.9793895029437603,0.9707757238745405,True
heldout,gain_resource_shift,1019,no_self_model,368.2431145833333,0.18282697572876036,0.013549894994116796,10.46910709040253,0,1.0,2,5,0.6,,,0.36770471654214965,0.677674795445826,0.981969243975537,0.9715602345256017,True
heldout,gain_resource_shift,1020,no_self_model,315.8293645833333,0.18510414989450868,0.013461466878179493,10.469395757151114,0,0.6666666666666666,2,5,0.6,,,0.36943434359167115,0.6773281480947724,0.9807583118519322,0.9709934015663921,True
heldout,gain_resource_shift,1021,no_self_model,342.1690625,0.18525089325325422,0.013646737545156412,10.748752131817126,0,0.3333333333333333,2,5,0.6,,,0.36566948624286527,0.6688114833035023,0.977791946619002,0.970079534058867,True
heldout,gain_resource_shift,1022,no_self_model,335.7493125,0.18836524707972363,0.01398895150853305,11.028767907874007,0,0.6666666666666666,2,5,0.6,,,0.36481542350714036,0.6590111321168642,0.9780126258200919,0.970028611123433,True
heldout,gain_resource_shift,1023,no_self_model,324.0400104166667,0.1741539279806193,0.012892257752922505,9.351375227192852,0,0.6666666666666666,2,5,0.6,,,0.37412678800132787,0.7106070575494013,0.9797793601013994,0.9686903303776826,True
heldout,gain_resource_shift,1024,no_self_model,322.16042708333333,0.1754117705885924,0.012946104805948835,9.911249137253234,0,0.3333333333333333,2,5,0.6,,,0.36983259067475127,0.6977367837471797,0.977979248930903,0.969392239417936,True
heldout,gain_resource_shift,1025,no_self_model,312.2675520833333,0.16699793323982393,0.012552533190402851,9.07315784023995,0,1.0,2,5,0.6,,,0.37432189869981947,0.7217477702450976,0.9798986511452493,0.9693581038440622,True
heldout,gain_resource_shift,1026,no_self_model,350.1954375,0.19432703824105824,0.01419401879000016,11.30686597863266,0,0.6666666666666666,2,5,0.6,,,0.3656525771967037,0.6473019020257038,0.9790173988952352,0.9715668596415994,True
heldout,gain_resource_shift,1027,no_self_model,374.00167708333333,0.1744701943284893,0.012719202039621832,9.911839220519996,0,0.3333333333333333,2,5,0.6,,,0.37069859568629215,0.699647767726898,0.9843493369609638,0.9706378242019384,True
heldout,gain_resource_shift,1028,no_self_model,259.7542291666667,0.17709722027212957,0.01312608212226766,9.911244801441526,0,0.6666666666666666,2,5,0.6,,,0.3700998549415376,0.6969421958399863,0.9809094696871025,0.9703879545062045,True
heldout,gain_resource_shift,1029,no_self_model,280.1942604166667,0.17904483213943337,0.013158554765376812,10.190323681502518,0,0.3333333333333333,2,5,0.6,,,0.3695777742755249,0.6879037942278461,0.9763533949379971,0.9692739242613307,True
heldout,gain_resource_shift,1030,no_self_model,355.0463645833333,0.1702608419423008,0.01261742121876165,9.349858023971327,0,0.6666666666666666,2,5,0.6,,,0.3734556519159532,0.715412870970316,0.9843440004817655,0.9700085258339882,True
heldout,switching_memory,1001,no_self_model,313.1077916666667,0.05179168313672777,0.002679268665713493,13.816560937731794,0,0.6,0,5,1.0,0.01093710340688412,9.843930025941326e-05,0.5329416991052709,0.9849413774458181,0.958821691689911,0.9863037102767583,True
heldout,switching_memory,1002,no_self_model,316.44840625,0.05256167347449925,0.0027597598793623127,14.012955168501023,0,0.6,0,5,1.0,0.011431287604051859,9.753903247190733e-05,0.5324170910345583,0.984394348327233,0.9565681286958027,0.9852424874300775,True
heldout,switching_memory,1003,no_self_model,260.52405208333334,0.05075867516466207,0.002573184793288574,15.701196264691953,0,0.2,0,5,1.0,0.011944640424109143,0.00011347474469983398,0.5371575084297326,0.9852106108354335,0.9775864190851404,0.9914002537766068,True
heldout,switching_memory,1004,no_self_model,343.46684375,0.05157888402086456,0.002657160173905252,14.513385812750336,0,0.6,0,5,1.0,0.011180008583242425,0.00010562435251846446,0.5340614868195016,0.9850999083502667,0.961331339194928,0.9887247519247746,True
heldout,switching_memory,1005,no_self_model,346.4709375,0.050025199396261544,0.0024995772037419255,13.620166706962559,0,0.6,0,5,1.0,0.010829091354931687,9.95255480868044e-05,0.5350861354304001,0.9860535484009757,0.9662064144332692,0.9885797584439701,True
heldout,switching_memory,1006,no_self_model,300.5947708333333,0.05044091033770075,0.002541177755581253,12.682571577145596,0,0.6,0,5,1.0,0.010417640456074517,9.389979055542768e-05,0.5329048918716625,0.9858927795760359,0.9608796192921495,0.9831738566383391,True
heldout,switching_memory,1007,no_self_model,248.41533333333334,0.04988001068004349,0.002484979519885673,14.066776259856448,0,0.6,0,5,1.0,0.010900735505402676,0.00010294734039057746,0.5356926625300439,0.9861587188757245,0.9723606837554432,0.9906971563201191,True
heldout,switching_memory,1008,no_self_model,240.85741666666667,0.048625060896975804,0.002361407343762265,12.378535163665513,0,0.6,0,5,1.0,0.009462494843036505,8.742646497097188e-05,0.5344656095495528,0.9867048271619175,0.9594099715441224,0.9848776119861593,True
heldout,switching_memory,1009,no_self_model,237.9674375,0.049017881305455646,0.002399908883804384,12.726947601174786,0,0.6,0,5,1.0,0.009875284492626497,8.920473482379712e-05,0.5346077369180084,0.9865756478320741,0.9595964210536604,0.9861629703791253,True
heldout,switching_memory,1010,no_self_model,240.25002083333334,0.0496084880862718,0.002458117945076338,13.271754269453288,0,0.6,0,5,1.0,0.01039358617280221,9.300094041291399e-05,0.5348576934934173,0.9862637928628571,0.9635533350813498,0.9870652861413601,True
heldout,switching_memory,1011,no_self_model,266.8247395833333,0.05220592598746023,0.0027222762704102407,16.290378956999646,0,0.6,0,5,1.0,0.011913575964680897,0.0001159238168406915,0.5351034610640689,0.9838830195140573,0.9655456717320297,0.990037564275755,True
heldout,switching_memory,1012,no_self_model,245.23715625,0.053696512027862915,0.0028801597447585653,15.210210687768878,0,0.6,0,5,1.0,0.012374294929385923,0.00011727016725997477,0.5328570565170225,0.9836568303022889,0.9624972733507077,0.988269081950687,True
heldout,switching_memory,1013,no_self_model,271.2892291666667,0.052988215404438585,0.0028046163155824567,14.513385812750336,0,0.6,0,5,1.0,0.011580491100585451,0.00010596325198730944,0.532458816923551,0.9842190558225613,0.9585964057957822,0.9857727287631401,True
heldout,switching_memory,1014,no_self_model,258.68286458333336,0.04950448830906877,0.0024478153834473215,12.23596202425171,0,0.6,0,5,1.0,0.010150659335531071,9.287857161628373e-05,0.5334249223645073,0.986340358318505,0.9599529682507505,0.9847581924934382,True
heldout,switching_memory,1015,no_self_model,279.8866770833333,0.04801553143874653,0.002302591466123575,11.985746702127054,0,0.6,0,5,1.0,0.009596140515587534,8.61393757944702e-05,0.5347081200247172,0.9870657434033893,0.9680753763681288,0.985652466487811,True
heldout,switching_memory,1016,no_self_model,265.08704166666666,0.05077786154900468,0.0025753699761333322,13.173557154068675,0,0.6,0,5,1.0,0.011107215825608908,9.340484824813744e-05,0.5336430456235625,0.9855762545667855,0.9652767914186798,0.9862944104470546,True
heldout,switching_memory,1017,no_self_model,299.1072083333333,0.05048134394146606,0.0025453421703730654,13.369951384837904,0,0.6,0,5,1.0,0.010463249315491686,9.12066557467393e-05,0.5337990517463014,0.985738133623739,0.9592637482093629,0.9867207368573582,True
heldout,switching_memory,1018,no_self_model,350.6049895833333,0.05042085083947286,0.002539124584937415,14.709780043519567,0,0.6,0,5,1.0,0.01094288117282519,0.00010420998620884758,0.535765349915556,0.9857087828246767,0.9677959084135562,0.9892740928382413,True
heldout,switching_memory,1019,no_self_model,295.7794583333333,0.05094858531166036,0.0025927636352742604,13.620166706962559,0,0.6,0,5,1.0,0.010445375633931487,9.804337814416821e-05,0.5334505531426722,0.9855443299580571,0.9578249103271043,0.987033110952033,True
heldout,switching_memory,1020,no_self_model,302.28340625,0.05227187898238476,0.002729395232265718,13.281199336779522,0,0.6,0,5,1.0,0.011910981535392665,0.0001031032491683225,0.532384843014996,0.9849150446361904,0.9627861249476828,0.9860839356333846,True
heldout,switching_memory,1021,no_self_model,300.7447916666667,0.05040788044523874,0.0025379042571289433,13.468148500222519,0,0.6,0,5,1.0,0.010878659885416544,9.261525832563899e-05,0.5344370399079166,0.9857195049949959,0.9659324448097539,0.9863906582349287,True
heldout,switching_memory,1022,no_self_model,357.26903125,0.04968668705451644,0.002465798976212211,12.726947601174786,0,0.6,0,5,1.0,0.010263662919988648,9.096410041095404e-05,0.5339813379471513,0.9861751741206345,0.9607791349203225,0.9857124616768005,True
heldout,switching_memory,1023,no_self_model,327.3143854166667,0.050195439511327405,0.0025166601805124236,13.2273782454241,0,0.6,0,5,1.0,0.010922461538682439,9.98604433613019e-05,0.53431159243949,0.9860686676451229,0.9649789546709208,0.9860673608456287,True
heldout,switching_memory,1024,no_self_model,325.42975,0.044896325068785464,0.0020128480038549917,11.13690362036847,0,0.6,0,5,1.0,0.00829722512940797,7.460322050982835e-05,0.5368879933528805,0.9883630418171026,0.9662860754348696,0.9849827593540389,True
heldout,switching_memory,1025,no_self_model,302.85130208333334,0.05005986461918233,0.0025029787902255025,13.816560937731794,0,0.6,0,5,1.0,0.010371614642454131,9.630026035069297e-05,0.5347638645089088,0.9860137845803384,0.9624618495166226,0.9883232281873664,True
heldout,switching_memory,1026,no_self_model,330.6738020833333,0.051600227811276655,0.0026594604636441008,14.21879446659649,0,0.2,0,5,1.0,0.012129645396673943,0.00010673010915198699,0.5346063627464832,0.9851555792258779,0.9730797343939549,0.9874950407189055,True
heldout,switching_memory,1027,no_self_model,349.38810416666666,0.04550484985000744,0.002067583950599909,11.539137149233168,0,0.4,0,5,1.0,0.00894590984274301,8.199590479604268e-05,0.5367667698650576,0.9883251357620587,0.9693533723034798,0.9885084183922248,True
heldout,switching_memory,1028,no_self_model,304.1305208333333,0.04825759334178485,0.002325912556588035,12.47673227905013,0,0.6,0,5,1.0,0.009713012875276036,8.683255392082949e-05,0.5352026933589962,0.9869031593561465,0.9657674700867167,0.9865630208146842,True
heldout,switching_memory,1029,no_self_model,298.6081458333333,0.05000881026324382,0.0024977676981854467,13.620166706962559,0,0.6,0,5,1.0,0.01081241617377034,9.809959605148078e-05,0.535006127043275,0.9860677540429604,0.967548758299755,0.9877376532047257,True
heldout,switching_memory,1030,no_self_model,299.3556666666667,0.049691980781671655,0.0024662109263997346,13.075360038684058,0,0.6,0,5,1.0,0.010455455614075362,9.321186929467345e-05,0.5344899839880964,0.9862552963645586,0.9658292710233014,0.9866926890876884,True
development,gain_resource_shift,101,memory_erase,357.0240729166667,0.1725314769794233,0.004150326675176748,11.291827363047394,0,1.0,0,5,1.0,,,0.37084235281506356,0.7234570453091936,0.9732473876030788,0.9725308787700686,True
development,gain_resource_shift,102,memory_erase,328.4974375,0.1760064070389521,0.003956918714678144,11.589213268605556,0,1.0,0,5,1.0,,,0.37199778451641297,0.7145810775656019,0.9789203258813325,0.9743562769238254,True
development,gain_resource_shift,103,memory_erase,325.5779583333333,0.15392797608676279,0.003831698402730626,9.754062241529565,0,1.2,0,5,1.0,,,0.3744276921555828,0.7659384895046574,0.972251133879101,0.9691970240573174,True
development,gain_resource_shift,104,memory_erase,308.4912916666667,0.15622503600664367,0.0034115145840135654,10.088963315595075,0,1.0,0,5,1.0,,,0.37562646898250446,0.7582640537111155,0.9770359684790298,0.9701512478591475,True
development,gain_resource_shift,105,memory_erase,300.0263020833333,0.17668720747562863,0.003990513616246027,11.32924007903956,0,1.0,0,5,1.0,,,0.37329854321850736,0.7207377075282213,0.9762821656733432,0.9725008872005553,True
development,switching_memory,101,memory_erase,285.6625416666667,0.17777835086420005,0.03160206693906873,12.010426461023721,0,1.0,1,5,0.8,0.17478231092162005,0.007122455133959292,0.47900604562623883,0.835198599902416,0.9690394290791199,0.9814895378914368,False
development,switching_memory,102,memory_erase,311.66072916666667,0.15422224000097115,0.023781748591813257,9.399477957277291,0,1.0,1,5,0.8,0.13125928935594425,0.0049616887630134325,0.4842444620258162,0.8649087791084326,0.9708678666453832,0.9814712166998792,False
development,switching_memory,103,memory_erase,430.5889479166667,0.17544094633377627,0.030776700260301344,11.597306188430025,0,1.25,1,5,0.8,0.1688730266771955,0.007684210166558492,0.4773258783874887,0.8381516939747284,0.9636062832991046,0.9813656458111101,False
development,switching_memory,104,memory_erase,294.89253125,0.18184570352245139,0.03306487774582489,11.604027230506523,0,1.0,1,5,0.8,0.18432923423220965,0.005499998993974655,0.47252466941849286,0.827696671479467,0.9646846579770813,0.9823991392015501,False
development,switching_memory,105,memory_erase,313.86467708333333,0.18411603218791384,0.03389577934852398,12.167211779341704,0,1.25,1,5,0.8,0.18891234687966302,0.00850864932799913,0.47519416490634714,0.8254957992516702,0.9713524453939592,0.9827290044407224,False
heldout,gain_resource_shift,1001,memory_erase,524.581125,0.14970776491983212,0.0044431603822962145,10.197560329129661,0,1.2,0,5,1.0,,,0.35470480341548494,0.7343604701306924,0.9752222509635962,0.9691903113037991,True
heldout,gain_resource_shift,1002,memory_erase,393.7581875,0.15143931114497772,0.00464626824063856,10.208079391087969,0,1.6,0,5,1.0,,,0.35524323624511117,0.7341742480728659,0.975341956130265,0.9707334392450613,True
heldout,gain_resource_shift,1003,memory_erase,359.8005625,0.16214767677436523,0.004815528379769706,11.407677680042504,0,1.4,0,5,1.0,,,0.35168609917448496,0.6976393339106626,0.9739710220890684,0.970758733162051,True
heldout,gain_resource_shift,1004,memory_erase,493.8018333333333,0.14477185122548647,0.003929327961337484,9.93888220470715,0,1.2,0,5,1.0,,,0.3553699886143617,0.7447376062087884,0.9721756347083857,0.968244316317267,True
heldout,gain_resource_shift,1005,memory_erase,331.8711875,0.16664746522981752,0.004988754640475031,11.389111752714852,0,1.6,0,5,1.0,,,0.3528686210828235,0.69540191750489,0.9766668518271829,0.9718724020952149,True
heldout,gain_resource_shift,1006,memory_erase,415.1834375,0.15378048926078466,0.004583156559935894,10.530397642999183,0,1.6,0,5,1.0,,,0.3546259853668637,0.724420124585135,0.9723694737854706,0.9687792637359242,True
heldout,gain_resource_shift,1007,memory_erase,416.41878125,0.15171715401617042,0.004238130283754928,10.503149006273317,0,1.2,0,5,1.0,,,0.35379326922226023,0.7290276795886286,0.9788624650366128,0.9716420177339932,True
heldout,gain_resource_shift,1008,memory_erase,350.7869270833333,0.14939848097270114,0.004102527387709084,9.927221906749665,0,1.2,0,5,1.0,,,0.35785880604518366,0.7411303120472027,0.9761921619363788,0.9711636064905943,True
heldout,gain_resource_shift,1009,memory_erase,378.4074270833333,0.16320238117307084,0.005307349639281265,11.411348820709,0,1.4,0,5,1.0,,,0.351745906669808,0.6961091168397054,0.9727897343076012,0.9707740885473949,True
heldout,gain_resource_shift,1010,memory_erase,361.0370104166667,0.17542310652243961,0.005606469953434283,12.599230161771885,0,1.2,0,5,1.0,,,0.3488684600916177,0.6540179395844041,0.9751446042720567,0.9727947053930117,True
heldout,gain_resource_shift,1011,memory_erase,390.5068541666667,0.16410262110402538,0.0049165871222380236,11.448836854679081,0,1.6,0,5,1.0,,,0.35428100709358895,0.6977503584821207,0.9759230487414534,0.9729492874497646,True
heldout,gain_resource_shift,1012,memory_erase,391.3645729166667,0.15557313686624144,0.00434270633653806,10.788103265746335,0,1.4,0,5,1.0,,,0.35215655342826924,0.717479605240338,0.9737730392569709,0.9699191152734385,True
heldout,gain_resource_shift,1013,memory_erase,367.70184375,0.14697001108714103,0.004409138101796927,9.962629282944734,0,1.2,0,5,1.0,,,0.3572909920327035,0.7435744470094341,0.9749659142253373,0.9699031219354977,True
heldout,gain_resource_shift,1014,memory_erase,298.2698541666667,0.1711138937470721,0.004870728596744113,12.020596707218056,0,1.4,0,5,1.0,,,0.35205932693577807,0.6756664988340091,0.9756118227239733,0.973354199582806,True
heldout,gain_resource_shift,1015,memory_erase,297.77567708333333,0.1519299730153154,0.004450754350766944,10.513193199847999,0,1.6,0,5,1.0,,,0.35393660053743425,0.7267901308100153,0.9755503409561261,0.970612180767663,True
heldout,gain_resource_shift,1016,memory_erase,351.6230729166667,0.15184370178447237,0.004297092451814542,10.486421243949911,0,1.2,0,5,1.0,,,0.35301234055343106,0.7285466417340867,0.9762576424464053,0.9704359969146035,True
heldout,gain_resource_shift,1017,memory_erase,347.39254166666666,0.17072305818699476,0.004618373672773589,11.996468110125184,0,1.2,0,5,1.0,,,0.3514381472593131,0.6761002167700698,0.9759683923172764,0.9729182062047897,True
heldout,gain_resource_shift,1018,memory_erase,354.698875,0.15907927641487732,0.004342056127023882,11.119898100875602,0,1.4,0,5,1.0,,,0.3518037571367411,0.7068248854733237,0.9709690529490319,0.9687456319030775,True
heldout,gain_resource_shift,1019,memory_erase,377.8167916666667,0.15618113002151812,0.004516737314790419,10.853267813120567,0,1.2,0,5,1.0,,,0.35429006412262337,0.7166890656077463,0.973868323946463,0.9709569377642756,True
heldout,gain_resource_shift,1020,memory_erase,404.4970104166667,0.1588399688081211,0.004428056260975639,10.791053304375206,0,1.4,0,5,1.0,,,0.35360869653116384,0.7154073751652641,0.9740844007521631,0.9711603676588353,True
heldout,gain_resource_shift,1021,memory_erase,398.03823958333334,0.1602049891308551,0.004994482636445226,11.078484657272613,0,1.6,0,5,1.0,,,0.3503308194739373,0.7061100848621433,0.970292080615731,0.9691978770147934,True
heldout,gain_resource_shift,1022,memory_erase,429.55021875,0.1653558462058981,0.0058500410755963446,11.39847020902419,0,2.0,0,5,1.0,,,0.35115537172226297,0.6954920699199132,0.970113831868728,0.9693678274218894,True
heldout,gain_resource_shift,1023,memory_erase,313.34228125,0.1466644644349006,0.0040731322498199895,9.617674861020156,0,1.0,0,5,1.0,,,0.3566238578948118,0.7487911118043876,0.9736570839188783,0.9705112779996775,True
heldout,gain_resource_shift,1024,memory_erase,320.6027604166667,0.15015044254477353,0.004721970941315209,10.194805655498829,0,1.8,0,5,1.0,,,0.35292528935512263,0.7347840292416289,0.971065481863875,0.9694508225942009,True
heldout,gain_resource_shift,1025,memory_erase,368.177625,0.14033499159540777,0.004358133350113338,9.339513219834917,0,1.4,0,5,1.0,,,0.3579436938032662,0.7589165292017247,0.9732259586347727,0.9684595829163294,True
heldout,gain_resource_shift,1026,memory_erase,355.56828125,0.16957606522025936,0.005187062894044111,11.683193614474568,0,1.6,0,5,1.0,,,0.3508358699679942,0.685524567178141,0.971347050981818,0.9720210614582179,True
heldout,gain_resource_shift,1027,memory_erase,380.1163125,0.14788195489833517,0.004148425915154255,10.205102986778588,0,1.4,0,5,1.0,,,0.3542740375329702,0.7386748483299638,0.9777247623788204,0.9712321039612739,True
heldout,gain_resource_shift,1028,memory_erase,380.70951041666666,0.1510919392265957,0.004591430793405773,10.195280326556656,0,1.6,0,5,1.0,,,0.3544319293777516,0.7352846249801576,0.9740356312858406,0.9691903919577897,True
heldout,gain_resource_shift,1029,memory_erase,450.73330208333334,0.15446429686850113,0.004960721856619381,10.505185601611721,0,1.6,0,5,1.0,,,0.35345239453125094,0.7244714919524252,0.9694773486237797,0.9707564027566526,True
heldout,gain_resource_shift,1030,memory_erase,424.2434270833333,0.14276880023591992,0.004011597240664524,9.609155980958443,0,0.8,0,5,1.0,,,0.3565553853678038,0.7537133234564293,0.9779402059267381,0.9696094831748238,True
heldout,switching_memory,1001,memory_erase,287.1314895833333,0.1743357682612972,0.030389850318835007,11.679459782010795,0,1.5,1,5,0.8,0.16454113295269335,0.008040710703431432,0.4486977038484158,0.825432193270113,0.9651607276857183,0.9815859065942943,False
heldout,switching_memory,1002,memory_erase,306.14004166666666,0.17344137572673005,0.030078941174903173,12.00152540934115,0,1.25,1,5,0.8,0.16557034865204648,0.005939312201316514,0.454167637259702,0.8266220778162767,0.9628412064200913,0.9805734474018766,False
heldout,switching_memory,1003,memory_erase,284.5832395833333,0.18282348153187133,0.03342116708825139,13.404822133441987,0,0.75,1,5,0.8,0.18934479577037963,0.007042412839576407,0.45762496505492534,0.809324053465984,0.9805298490591282,0.9879402991738995,False
heldout,switching_memory,1004,memory_erase,312.52647916666666,0.1788814885870632,0.03199536585619108,12.258859067497333,0,1.25,1,5,0.8,0.17652333286790506,0.007745377610633435,0.44962353217452034,0.8178269211244091,0.9673205549878325,0.9856804392812323,False
heldout,switching_memory,1005,memory_erase,328.7694375,0.17259570525569415,0.029786334101816647,11.57355493374037,0,1.25,1,5,0.8,0.16441991331098915,0.00732462752376205,0.45334312359455237,0.8290617445543963,0.9709538943835222,0.9849569943901989,False
heldout,switching_memory,1006,memory_erase,284.87280208333334,0.1698865227622265,0.02885832293612579,10.678851349029898,0,1.25,1,5,0.8,0.1582067976109846,0.006403845688423506,0.4471613856730583,0.8322924244609805,0.9674412662120492,0.9786647638501225,False
heldout,switching_memory,1007,memory_erase,305.2364270833333,0.17666394803350755,0.03120711458923027,11.896486725123749,0,1.25,1,5,0.8,0.17022043507083817,0.00993747030255932,0.4517960713040421,0.8222234603227501,0.9762485159180577,0.9869892741583559,False
heldout,switching_memory,1008,memory_erase,339.3665729166667,0.16373331098001306,0.026805607921005326,10.501554383921972,0,1.25,1,5,0.8,0.1442037769115857,0.007825868915738318,0.4517644165381806,0.8422889684070205,0.9653979269521177,0.9810462692972393,False
heldout,switching_memory,1009,memory_erase,351.37128125,0.16565901405516972,0.027440065133859565,10.819858887656608,0,1.25,1,5,0.8,0.1509328247193808,0.007399050859038842,0.45298354450923606,0.8399442213585763,0.9652397022998794,0.9824586513052562,False
heldout,switching_memory,1010,memory_erase,348.9462395833333,0.1694486131968741,0.028709948369214422,11.264250299246962,0,1.25,1,5,0.8,0.15768901504032287,0.007158626372368843,0.45245659546197736,0.8342326574581962,0.968623473211133,0.9831552553606123,False
heldout,switching_memory,1011,memory_erase,352.7476875,0.18593623547380858,0.03456910122437366,13.828775968924129,0,1.25,1,5,0.8,0.18877378664694014,0.010557354530627311,0.4526896166898447,0.8006290829092524,0.9703165732138758,0.9861833677767774,False
heldout,switching_memory,1012,memory_erase,339.63672916666667,0.1852019480392923,0.03429660589834886,12.817458642260528,0,1.25,1,5,0.8,0.19074497662326237,0.007588964309506884,0.4475207498138408,0.8051526378039466,0.9684152509374853,0.985236733985829,False
heldout,switching_memory,1013,memory_erase,330.6353125,0.18019750613231653,0.032468006560141524,12.27042716437739,0,1.25,1,5,0.8,0.17742424971462065,0.008040004857307784,0.44847722599182543,0.8148027835953272,0.964868662638128,0.9824577261266597,False
heldout,switching_memory,1014,memory_erase,338.4325729166667,0.1654951702712793,0.02738577240382432,10.423017807857738,0,1.0,1,5,0.8,0.1520016335430509,0.005895558681501595,0.45296912406676454,0.838850212165934,0.9649679169926836,0.980274885923393,False
heldout,switching_memory,1015,memory_erase,352.28653125,0.16318412831125953,0.026626159939483942,10.160833984241743,0,1.25,1,5,0.8,0.1448592427289654,0.006717420768594093,0.4518724967105311,0.8423276590023268,0.973277435103026,0.9814658616415801,False
heldout,switching_memory,1016,memory_erase,348.83484375,0.16999792944822825,0.028896274769328236,11.162484856298759,0,1.25,1,5,0.8,0.15943295078936395,0.005503855321969798,0.4505613578608649,0.832857560709444,0.9708159891532105,0.9826712709694169,False
heldout,switching_memory,1017,memory_erase,399.3168229166667,0.17104662059533113,0.029253922501319623,11.288445471393215,0,1.75,1,5,0.8,0.15776380084432862,0.007456344729066703,0.44895841056089586,0.8312318688289535,0.9656527379952436,0.9841772587573578,False
heldout,switching_memory,1018,memory_erase,393.31027083333333,0.17779445012043282,0.03160772887918812,12.595932146503054,0,1.0,1,5,0.8,0.1758410720009145,0.006485198803443563,0.4575689874917489,0.819697239443352,0.9719824836336469,0.986413577059382,False
heldout,switching_memory,1019,memory_erase,394.3086770833333,0.17433893044619814,0.03039106795913903,11.491295631484107,0,1.75,1,5,0.8,0.16354453970467464,0.007893171210416331,0.44840211553595555,0.8255700242501735,0.96407126621089,0.9831683236997846,False
heldout,switching_memory,1020,memory_erase,362.5868333333333,0.17610252453781416,0.031009145048508085,11.234536119237715,0,1.0,1,5,0.8,0.17334334154765774,0.0067412196809704525,0.4489560658298183,0.8220728527632143,0.967413516385633,0.9807066553490155,False
heldout,switching_memory,1021,memory_erase,346.7575833333333,0.16910774897239272,0.028594380608657256,11.505488458806456,0,1.0,1,5,0.8,0.15867513115472728,0.005586500537779133,0.4549808638050193,0.8347141749474842,0.970532417990737,0.9818056733691707,False
heldout,switching_memory,1022,memory_erase,356.3569895833333,0.16713879881712723,0.02793241017579089,10.889810997660158,0,1.25,1,5,0.8,0.15181643338014153,0.006875758820282986,0.4553702032384369,0.8368011804904113,0.9661942654805634,0.9831087716602469,False
heldout,switching_memory,1023,memory_erase,385.4392604166667,0.17188166920441741,0.029540386241273864,11.183979255985747,0,1.0,1,5,0.8,0.16499719443430413,0.00589236854836285,0.4504401840544582,0.8301201564219042,0.9700172265051309,0.9821104767081072,False
heldout,switching_memory,1024,memory_erase,376.429875,0.15160750335280285,0.022982003072043056,9.583439957155521,0,1.25,1,5,0.8,0.12447644851428752,0.007782603528933416,0.46058277319413105,0.8592784488011301,0.97072293003048,0.979953336813696,False
heldout,switching_memory,1025,memory_erase,371.2302916666667,0.1726721969010439,0.029812676327167515,11.760312665421969,0,1.25,1,5,0.8,0.1631776772646978,0.008692452931330438,0.4536945578570888,0.8288705622759984,0.9676450566702935,0.983664658274917,False
heldout,switching_memory,1026,memory_erase,352.3511458333333,0.17829731044117503,0.03178680786402519,12.091833834890062,0,0.75,1,5,0.8,0.17904884419540695,0.005503870843919099,0.45343898722124143,0.8190743973122172,0.9768603179958966,0.9828627691489,False
heldout,switching_memory,1027,memory_erase,362.3915625,0.15781157868653845,0.024901386958265704,9.84882878334186,0,0.75,1,5,0.8,0.13764948939814364,0.006392655838032719,0.45702617967966896,0.8506252440279342,0.9726702218005877,0.9843296569398194,False
heldout,switching_memory,1028,memory_erase,336.82375,0.16287341371056135,0.026524866135178644,10.657015631403711,0,1.0,1,5,0.8,0.1446942868643527,0.006282151553091864,0.4556218824304255,0.8441021982898745,0.9707625579757244,0.9830529842702858,False
heldout,switching_memory,1029,memory_erase,359.5588020833333,0.1717585981772477,0.029497902642053566,11.594831147223926,0,1.0,1,5,0.8,0.16439153763660164,0.005386617279149844,0.4541028479682994,0.8305755376811904,0.9720706480932688,0.9843184415890447,False
heldout,switching_memory,1030,memory_erase,336.8668541666667,0.16946972044496555,0.028716904120088482,11.09981997077116,0,1.25,1,5,0.8,0.15799591674098484,0.00840600111942079,0.4522850962263225,0.8338456077796308,0.9707685059538438,0.9823802106802902,False
development,gain_resource_shift,101,memory_shuffle,357.5972604166667,0.1725314769794233,0.004150326675176748,11.291827363047394,0,1.0,0,5,1.0,,,0.37084235281506356,0.7234570453091936,0.9732473876030788,0.9725308787700686,True
development,gain_resource_shift,102,memory_shuffle,377.8279270833333,0.1760064070389521,0.003956918714678144,11.589213268605556,0,1.0,0,5,1.0,,,0.37199778451641297,0.7145810775656019,0.9789203258813325,0.9743562769238254,True
development,gain_resource_shift,103,memory_shuffle,370.6186458333333,0.15392797608676279,0.003831698402730626,9.754062241529565,0,1.2,0,5,1.0,,,0.3744276921555828,0.7659384895046574,0.972251133879101,0.9691970240573174,True
development,gain_resource_shift,104,memory_shuffle,355.7123958333333,0.15622503600664367,0.0034115145840135654,10.088963315595075,0,1.0,0,5,1.0,,,0.37562646898250446,0.7582640537111155,0.9770359684790298,0.9701512478591475,True
development,gain_resource_shift,105,memory_shuffle,367.3538958333333,0.17668720747562863,0.003990513616246027,11.32924007903956,0,1.0,0,5,1.0,,,0.37329854321850736,0.7207377075282213,0.9762821656733432,0.9725008872005553,True
development,switching_memory,101,memory_shuffle,335.5883125,0.058338266048240335,0.0034002781885893846,13.99177635473609,0,0.8,0,5,1.0,0.012587836248520456,0.00010311037318161837,0.5597744348641209,0.9826251554283221,0.9636392362715133,0.9863011759581533,True
development,switching_memory,102,memory_shuffle,349.44892708333333,0.1525343403570304,0.023263974269050507,10.833389744101154,0,1.25,1,5,0.8,0.1254524956095358,0.004259080009576692,0.48716551338066016,0.8593849841301977,0.9676143993551419,0.9811806578343436,False
development,switching_memory,103,memory_shuffle,402.89985416666667,0.06123088574804386,0.0037463959793003717,13.469045006581753,0,1.0,0,5,1.0,0.014273325348354899,9.922096147949666e-05,0.5562724758409175,0.9808574485150806,0.9585659713909201,0.9866393845137503,True
development,switching_memory,104,memory_shuffle,482.98703125,0.06402551737639832,0.004096284731565086,13.570586925447122,0,1.2,0,5,1.0,0.015906204196819915,0.00010908829868691081,0.5543243635817987,0.9792462938617678,0.9596296608297094,0.9865948371005541,False
development,switching_memory,105,memory_shuffle,408.0478333333333,0.15270588479469271,0.023316153290833013,14.333189800399552,0,1.0,1,5,0.8,0.1261284276192825,0.003924412537567513,0.4916965112546218,0.8657623946130111,0.9684550059534671,0.9846934057483685,False
heldout,gain_resource_shift,1001,memory_shuffle,334.3921979166667,0.14970776491983212,0.0044431603822962145,10.197560329129661,0,1.2,0,5,1.0,,,0.35470480341548494,0.7343604701306924,0.9752222509635962,0.9691903113037991,True
heldout,gain_resource_shift,1002,memory_shuffle,317.7528229166667,0.15143931114497772,0.00464626824063856,10.208079391087969,0,1.6,0,5,1.0,,,0.35524323624511117,0.7341742480728659,0.975341956130265,0.9707334392450613,True
heldout,gain_resource_shift,1003,memory_shuffle,297.75159375,0.16214767677436523,0.004815528379769706,11.407677680042504,0,1.4,0,5,1.0,,,0.35168609917448496,0.6976393339106626,0.9739710220890684,0.970758733162051,True
heldout,gain_resource_shift,1004,memory_shuffle,374.8398854166667,0.14477185122548647,0.003929327961337484,9.93888220470715,0,1.2,0,5,1.0,,,0.3553699886143617,0.7447376062087884,0.9721756347083857,0.968244316317267,True
heldout,gain_resource_shift,1005,memory_shuffle,327.5349583333333,0.16664746522981752,0.004988754640475031,11.389111752714852,0,1.6,0,5,1.0,,,0.3528686210828235,0.69540191750489,0.9766668518271829,0.9718724020952149,True
heldout,gain_resource_shift,1006,memory_shuffle,385.5734375,0.15378048926078466,0.004583156559935894,10.530397642999183,0,1.6,0,5,1.0,,,0.3546259853668637,0.724420124585135,0.9723694737854706,0.9687792637359242,True
heldout,gain_resource_shift,1007,memory_shuffle,373.1148333333333,0.15171715401617042,0.004238130283754928,10.503149006273317,0,1.2,0,5,1.0,,,0.35379326922226023,0.7290276795886286,0.9788624650366128,0.9716420177339932,True
heldout,gain_resource_shift,1008,memory_shuffle,316.5448333333333,0.14939848097270114,0.004102527387709084,9.927221906749665,0,1.2,0,5,1.0,,,0.35785880604518366,0.7411303120472027,0.9761921619363788,0.9711636064905943,True
heldout,gain_resource_shift,1009,memory_shuffle,320.37396875,0.16320238117307084,0.005307349639281265,11.411348820709,0,1.4,0,5,1.0,,,0.351745906669808,0.6961091168397054,0.9727897343076012,0.9707740885473949,True
heldout,gain_resource_shift,1010,memory_shuffle,340.4270520833333,0.17542310652243961,0.005606469953434283,12.599230161771885,0,1.2,0,5,1.0,,,0.3488684600916177,0.6540179395844041,0.9751446042720567,0.9727947053930117,True
heldout,gain_resource_shift,1011,memory_shuffle,343.5882916666667,0.16410262110402538,0.0049165871222380236,11.448836854679081,0,1.6,0,5,1.0,,,0.35428100709358895,0.6977503584821207,0.9759230487414534,0.9729492874497646,True
heldout,gain_resource_shift,1012,memory_shuffle,396.377,0.15557313686624144,0.00434270633653806,10.788103265746335,0,1.4,0,5,1.0,,,0.35215655342826924,0.717479605240338,0.9737730392569709,0.9699191152734385,True
heldout,gain_resource_shift,1013,memory_shuffle,376.67134375,0.14697001108714103,0.004409138101796927,9.962629282944734,0,1.2,0,5,1.0,,,0.3572909920327035,0.7435744470094341,0.9749659142253373,0.9699031219354977,True
heldout,gain_resource_shift,1014,memory_shuffle,372.098,0.1711138937470721,0.004870728596744113,12.020596707218056,0,1.4,0,5,1.0,,,0.35205932693577807,0.6756664988340091,0.9756118227239733,0.973354199582806,True
heldout,gain_resource_shift,1015,memory_shuffle,346.0963958333333,0.1519299730153154,0.004450754350766944,10.513193199847999,0,1.6,0,5,1.0,,,0.35393660053743425,0.7267901308100153,0.9755503409561261,0.970612180767663,True
heldout,gain_resource_shift,1016,memory_shuffle,387.4647291666667,0.15184370178447237,0.004297092451814542,10.486421243949911,0,1.2,0,5,1.0,,,0.35301234055343106,0.7285466417340867,0.9762576424464053,0.9704359969146035,True
heldout,gain_resource_shift,1017,memory_shuffle,348.73355208333334,0.17072305818699476,0.004618373672773589,11.996468110125184,0,1.2,0,5,1.0,,,0.3514381472593131,0.6761002167700698,0.9759683923172764,0.9729182062047897,True
heldout,gain_resource_shift,1018,memory_shuffle,351.7585104166667,0.15907927641487732,0.004342056127023882,11.119898100875602,0,1.4,0,5,1.0,,,0.3518037571367411,0.7068248854733237,0.9709690529490319,0.9687456319030775,True
heldout,gain_resource_shift,1019,memory_shuffle,370.51521875,0.15618113002151812,0.004516737314790419,10.853267813120567,0,1.2,0,5,1.0,,,0.35429006412262337,0.7166890656077463,0.973868323946463,0.9709569377642756,True
heldout,gain_resource_shift,1020,memory_shuffle,366.60851041666666,0.1588399688081211,0.004428056260975639,10.791053304375206,0,1.4,0,5,1.0,,,0.35360869653116384,0.7154073751652641,0.9740844007521631,0.9711603676588353,True
heldout,gain_resource_shift,1021,memory_shuffle,350.2794791666667,0.1602049891308551,0.004994482636445226,11.078484657272613,0,1.6,0,5,1.0,,,0.3503308194739373,0.7061100848621433,0.970292080615731,0.9691978770147934,True
heldout,gain_resource_shift,1022,memory_shuffle,363.2813645833333,0.1653558462058981,0.0058500410755963446,11.39847020902419,0,2.0,0,5,1.0,,,0.35115537172226297,0.6954920699199132,0.970113831868728,0.9693678274218894,True
heldout,gain_resource_shift,1023,memory_shuffle,447.6901875,0.1466644644349006,0.0040731322498199895,9.617674861020156,0,1.0,0,5,1.0,,,0.3566238578948118,0.7487911118043876,0.9736570839188783,0.9705112779996775,True
heldout,gain_resource_shift,1024,memory_shuffle,369.9846875,0.15015044254477353,0.004721970941315209,10.194805655498829,0,1.8,0,5,1.0,,,0.35292528935512263,0.7347840292416289,0.971065481863875,0.9694508225942009,True
heldout,gain_resource_shift,1025,memory_shuffle,361.1634166666667,0.14033499159540777,0.004358133350113338,9.339513219834917,0,1.4,0,5,1.0,,,0.3579436938032662,0.7589165292017247,0.9732259586347727,0.9684595829163294,True
heldout,gain_resource_shift,1026,memory_shuffle,393.8470520833333,0.16957606522025936,0.005187062894044111,11.683193614474568,0,1.6,0,5,1.0,,,0.3508358699679942,0.685524567178141,0.971347050981818,0.9720210614582179,True
heldout,gain_resource_shift,1027,memory_shuffle,383.78764583333333,0.14788195489833517,0.004148425915154255,10.205102986778588,0,1.4,0,5,1.0,,,0.3542740375329702,0.7386748483299638,0.9777247623788204,0.9712321039612739,True
heldout,gain_resource_shift,1028,memory_shuffle,379.1775520833333,0.1510919392265957,0.004591430793405773,10.195280326556656,0,1.6,0,5,1.0,,,0.3544319293777516,0.7352846249801576,0.9740356312858406,0.9691903919577897,True
heldout,gain_resource_shift,1029,memory_shuffle,412.84929166666666,0.15446429686850113,0.004960721856619381,10.505185601611721,0,1.6,0,5,1.0,,,0.35345239453125094,0.7244714919524252,0.9694773486237797,0.9707564027566526,True
heldout,gain_resource_shift,1030,memory_shuffle,415.5490208333333,0.14276880023591992,0.004011597240664524,9.609155980958443,0,0.8,0,5,1.0,,,0.3565553853678038,0.7537133234564293,0.9779402059267381,0.9696094831748238,True
heldout,switching_memory,1001,memory_shuffle,351.7063645833333,0.061527286285699916,0.003782497181260757,13.651243630473582,0,1.0,0,5,1.0,0.012835690541134936,9.916749933282417e-05,0.5264195258095843,0.9785944965623288,0.959562243086661,0.9868626997788134,True
heldout,switching_memory,1002,memory_shuffle,360.9975520833333,0.062488982208922315,0.003901903258429445,13.892719024745034,0,1.2,0,5,1.0,0.014344498082531108,9.998533276538538e-05,0.5277329233570197,0.9774513347515282,0.9573130068455308,0.9850851099454399,True
heldout,switching_memory,1003,memory_shuffle,380.52771875,0.12380102923859568,0.015323436529352514,15.760804650277777,0,0.5,1,5,0.8,0.08294678649140405,0.002779680397500257,0.4912402682069543,0.8995431922341907,0.9783418623896992,0.9899367502523203,False
heldout,switching_memory,1004,memory_shuffle,368.34659375,0.05848547705358132,0.003417329923252443,14.372746631759478,0,0.8,0,5,1.0,0.012690804252391354,0.00010654698980097353,0.5287877010595011,0.9808935798503683,0.9622321861121174,0.9897549209116897,True
heldout,switching_memory,1005,memory_shuffle,393.42188541666667,0.16304295482682987,0.02658006174776989,13.799624548713636,0,0.75,1,5,0.8,0.14861630070915907,0.003203205190712319,0.45654110853259033,0.8311081587208915,0.9648083756141763,0.9884981254110516,False
heldout,switching_memory,1006,memory_shuffle,358.2404375,0.15787314793591606,0.024920823159080934,12.497743095298057,0,1.0,1,5,0.8,0.13855107911722842,0.0021467199307474505,0.46079465263391617,0.8425394524886961,0.9619595872077666,0.9832490998886826,False
heldout,switching_memory,1007,memory_shuffle,363.13423958333334,0.05888822500128152,0.003464787098245979,13.920680271822226,0,1.0,0,5,1.0,0.013597584496816431,0.00010369256422335988,0.5300381608673035,0.9805279652718076,0.9729965515183702,0.9915672253581621,True
heldout,switching_memory,1008,memory_shuffle,370.0085520833333,0.16993096263999732,0.02887354286028383,12.32880765535054,0,1.25,1,5,0.8,0.1575684738984901,0.005452569844441593,0.4398716790509055,0.814232695686928,0.9602871889016465,0.979569804377047,False
heldout,switching_memory,1009,memory_shuffle,338.63415625,0.1637339511359578,0.026805962950720852,12.660493291196602,0,1.25,1,5,0.8,0.1472458543439533,0.0056850918532870744,0.44615189651842,0.8279713469756786,0.9608904629483025,0.9830604578002704,False
heldout,switching_memory,1010,memory_shuffle,351.8259375,0.15879393422067284,0.025212629400149945,13.194079325106637,0,1.25,1,5,0.8,0.13688594081909927,0.004514397015040267,0.4526818086649808,0.8387560316626484,0.964716758910038,0.984343323176737,False
heldout,switching_memory,1011,memory_shuffle,357.6597708333333,0.059271407526349545,0.003509917312356671,16.13248619228597,0,0.6,0,5,1.0,0.012856933266422232,0.00011618258859621951,0.5298087875610209,0.9793647765225291,0.9661832946240919,0.9909870570522312,True
heldout,switching_memory,1012,memory_shuffle,349.56307291666667,0.16567585524348127,0.027445333351459097,15.090861618138236,0,1.25,1,5,0.8,0.14916360830429556,0.005735305176204705,0.4405763772928631,0.8195773513715531,0.9643164000608452,0.9875101525274673,False
heldout,switching_memory,1013,memory_shuffle,351.83815625,0.16387475849468564,0.026851801815526818,14.517781058280756,0,0.75,1,5,0.8,0.14985621427758788,0.0025882281245389717,0.45321549435070735,0.8278110059654373,0.9596492088240453,0.9863435925226611,False
heldout,switching_memory,1014,memory_shuffle,398.5730416666667,0.16005522954433918,0.0256147975251957,12.169571966681792,0,0.75,1,5,0.8,0.14408601172536095,0.002548178149394115,0.458898482300504,0.8372586858609856,0.9578241713188135,0.9845499101537145,False
heldout,switching_memory,1015,memory_shuffle,370.6290833333333,0.15922224104951077,0.02534882225160683,11.830895086002299,0,1.5,1,5,0.8,0.13620737555801643,0.005292032749997401,0.4481544389696285,0.8361308848486153,0.9697770786992365,0.9834285452973968,False
heldout,switching_memory,1016,memory_shuffle,348.87515625,0.06108397299378102,0.0037282305093484136,12.989644572306347,0,1.2,0,5,1.0,0.013831247028081157,9.455074388491327e-05,0.5260305322616813,0.9790590026891666,0.9663414057631338,0.9874286053376132,True
heldout,switching_memory,1017,memory_shuffle,427.41995833333334,0.16652398766668303,0.027727214552650075,13.687623322445688,0,1.0,1,5,0.8,0.1530211966234018,0.0039104487992773175,0.4468713404278704,0.8222225100310674,0.9594686426865096,0.987882840996011,False
heldout,switching_memory,1018,memory_shuffle,381.7930729166667,0.151307926381137,0.02289095097132061,14.729594083741459,0,0.75,1,5,0.8,0.12535214891126978,0.0033413752507578864,0.46297577337442863,0.8521300236233169,0.9687689304141354,0.9861951886438356,False
heldout,switching_memory,1019,memory_shuffle,373.0641041666667,0.1760023027211935,0.03097381585317736,13.492724390495745,0,1.5,1,5,0.8,0.16951451130688255,0.0053983655946279714,0.4294823527125069,0.8004686784295606,0.95934727900423,0.9845436968166494,False
heldout,switching_memory,1020,memory_shuffle,355.55821875,0.1803410211468879,0.03251992980821891,12.736263813957228,0,0.75,1,5,0.8,0.1843579792970782,0.004263007105635461,0.4388241282805754,0.79725155821418,0.9608497595671461,0.9853977816003116,False
heldout,switching_memory,1021,memory_shuffle,386.1922083333333,0.15840726994558912,0.025089813017762207,13.436353353914306,0,1.0,1,5,0.8,0.1379251242699137,0.00401226028681383,0.4541142211174409,0.8395104093755357,0.9665642730427365,0.9836808274940699,False
heldout,switching_memory,1022,memory_shuffle,462.1449375,0.16500108977450936,0.02722239173253446,12.657183364050487,0,1.25,1,5,0.8,0.148137721606625,0.005939338733616234,0.4454240517690064,0.8254398595983645,0.9618439564085611,0.9823980258004682,False
heldout,switching_memory,1023,memory_shuffle,391.14957291666667,0.05666067423526764,0.0032075100375722164,13.108232640784172,0,0.8,0,5,1.0,0.012788844871726258,0.00010102309427976589,0.5294149521179325,0.9822349386418769,0.9656546491196142,0.9867899731739261,True
heldout,switching_memory,1024,memory_shuffle,413.3168854166667,0.15321214986919307,0.023471130866713024,11.967767576293832,0,0.75,1,5,0.8,0.13154912829080878,0.0031858693121535196,0.468182496936403,0.8481817696849573,0.9649092636410889,0.9845900330055062,False
heldout,switching_memory,1025,memory_shuffle,342.7085104166667,0.1497519147090004,0.022422624703546376,14.213467214145266,0,0.75,1,5,0.8,0.12303192017560922,0.003070759100228977,0.47172585892862967,0.8573004153126669,0.9621692587678924,0.9872810265111694,False
heldout,switching_memory,1026,memory_shuffle,350.10020833333334,0.1384618294494288,0.019168555167951164,14.27340814016497,0,0.5,1,5,0.8,0.10568300912762715,0.002667510837220061,0.47698011910871063,0.8774622636430418,0.973687487770951,0.9859697362990579,False
heldout,switching_memory,1027,memory_shuffle,308.2869270833333,0.1437835251766902,0.0206705947029641,11.805224070561229,0,0.5,1,5,0.8,0.11718893006227679,0.0021549374619354088,0.4770445105958522,0.8670750800479423,0.9657813697804981,0.9887594850468386,False
heldout,switching_memory,1028,memory_shuffle,306.5797708333333,0.15849206532853924,0.025116852013552904,12.410812006403036,0,1.25,1,5,0.8,0.1369000810620759,0.004841618489048411,0.4531469181264434,0.8388687051699091,0.9667984212953266,0.9834550902139733,False
heldout,switching_memory,1029,memory_shuffle,331.91584375,0.05668926045379825,0.0032105588450389,13.496099082055972,0,0.8,0,5,1.0,0.011954301124637742,9.793729994987851e-05,0.5300431100437669,0.9820925707749962,0.9681462894658533,0.9884114929535418,True
heldout,switching_memory,1030,memory_shuffle,311.3088020833333,0.16209282732732191,0.026271002643358705,13.2738092517435,0,0.75,1,5,0.8,0.14850960868084173,0.0031331870276193052,0.457170823125562,0.833137699679772,0.965866089260607,0.9867460040677491,False
development,gain_resource_shift,101,workspace_shuffle,382.55759375,0.29450426400516455,0.06111597764369913,10.517021702810853,0,3.0,2,5,0.6,,,0.34651560474309834,0.6915475537862686,0.969454376562641,0.768086374622363,False
development,gain_resource_shift,102,workspace_shuffle,364.7468020833333,0.30343516479604843,0.06505156263072193,10.871151884474623,0,1.0,3,5,0.4,,,0.34585392843841445,0.6855593085602847,0.9753591351732833,0.7337072834162899,False
development,gain_resource_shift,103,workspace_shuffle,406.8494375,0.26727206768005723,0.051572234742536714,8.696053428349588,0,3.5,1,5,0.8,,,0.3348125243735274,0.7240808348309236,0.9694535993901585,0.7212411313521925,False
development,gain_resource_shift,104,workspace_shuffle,364.6009583333333,0.2655094915819386,0.049500542828835974,9.114149315703452,0,4.75,1,5,0.8,,,0.3405772473851015,0.7173263733289399,0.9752375141764494,0.7558858197529169,False
development,gain_resource_shift,105,workspace_shuffle,366.72525,0.28264939547148615,0.05266282509110676,10.605772759295629,0,4.0,2,5,0.6,,,0.34768590732798427,0.6930553658105543,0.9738069165058659,0.7169813232216166,False
development,switching_memory,101,workspace_shuffle,351.0231875,0.06570408712716298,0.0043139519682879384,13.731064613173944,0,0.8,0,5,1.0,0.012531581832832438,0.0001031106731941806,0.5497488695903439,0.9788715178587155,0.9637723810144365,0.9849457489776434,True
development,switching_memory,102,workspace_shuffle,314.9980625,0.05675340233201555,0.0032181979571557413,10.725980207917601,0,0.8,0,5,1.0,0.011042853873679002,7.898731374533292e-05,0.553941699488168,0.9831979504070975,0.9673565413382622,0.9852513344341234,True
development,switching_memory,103,workspace_shuffle,401.7005520833333,0.06389407218477662,0.004079627070163817,13.361426676007445,0,1.0,0,5,1.0,0.014273352320981206,9.922096501007481e-05,0.5517419381463304,0.9795791602578965,0.9589177552496994,0.9858829006401888,True
development,switching_memory,104,workspace_shuffle,375.5749479166667,0.06427643248062313,0.004128477628685705,13.514028666271477,0,1.2,0,5,1.0,0.01591223509008916,0.00014012707669810068,0.5520579902082081,0.9794639373203111,0.9598744142955095,0.9865290763105331,False
development,switching_memory,105,workspace_shuffle,390.63265625,0.05820524629086047,0.003384916735682785,14.113444658062997,0,0.8,0,5,1.0,0.013190289663960327,0.0003623333678839123,0.5526384659444552,0.984486715229256,0.9676256700133302,0.9870615042864807,True
heldout,gain_resource_shift,1001,workspace_shuffle,410.72295833333334,0.3018952787797371,0.07317150485449968,8.772026661224926,0,1.5,3,5,0.4,,,0.3072287985026136,0.6745423611240479,0.9728510265624738,0.7285565246342658,False
heldout,gain_resource_shift,1002,workspace_shuffle,394.4259375,0.2777432105330224,0.058853694277764,9.272095624394277,0,5.333333333333333,2,5,0.6,,,0.3184624850510618,0.6955577559973639,0.9716402702201613,0.7594434684823257,False
heldout,gain_resource_shift,1003,workspace_shuffle,363.3478541666667,0.28695756933118666,0.06086830589290848,10.714209277246482,0,3.0,2,5,0.6,,,0.331148234860517,0.6683455986522024,0.9711795941787136,0.7360266844028891,False
heldout,gain_resource_shift,1004,workspace_shuffle,585.0025520833334,0.2858629471273502,0.06468806359441732,8.654746565401988,0,1.0,3,5,0.4,,,0.3104273043672806,0.689267212755145,0.969547363184156,0.7003664024796414,False
heldout,gain_resource_shift,1005,workspace_shuffle,509.4813958333333,0.28880713103217415,0.0606269359079872,10.58947495467728,0,1.5,3,5,0.4,,,0.3264720460341596,0.6679250251582318,0.9743821739264892,0.685497821617818,False
heldout,gain_resource_shift,1006,workspace_shuffle,385.02120833333333,0.27709918792138133,0.057718677629338605,9.48617786211068,0,5.75,1,5,0.8,,,0.3202114250051096,0.680459598730566,0.969869463508156,0.7555725576373277,False
heldout,gain_resource_shift,1007,workspace_shuffle,471.14503125,0.2823596891488633,0.06094702951723125,9.43232144873924,0,3.3333333333333335,2,5,0.6,,,0.31891058834524877,0.6855422173998905,0.9767855084363516,0.688253813781771,False
heldout,gain_resource_shift,1008,workspace_shuffle,376.1683229166667,0.25531519239403516,0.046968468737961726,9.016130844397646,0,3.5,1,5,0.8,,,0.3234199798363485,0.7032453220045182,0.9739222687839056,0.7363078069883044,False
heldout,gain_resource_shift,1009,workspace_shuffle,411.7124583333333,0.28820575022897066,0.06173488688376481,10.579917935461053,0,1.5,3,5,0.4,,,0.32530630039364644,0.6644786005313372,0.9697571139649998,0.7173019277018065,False
heldout,gain_resource_shift,1010,workspace_shuffle,406.43667708333334,0.28230968077745694,0.05453195951212072,12.041257486483973,0,3.3333333333333335,2,5,0.6,,,0.33430075679211785,0.6350117535862337,0.9727949065675312,0.7424119068933747,False
heldout,gain_resource_shift,1011,workspace_shuffle,422.71603125,0.2834542456523347,0.05833322624736081,10.65580537309852,0,1.5,3,5,0.4,,,0.3277864836266521,0.6680625113363714,0.9732110099744938,0.7091667473415851,False
heldout,gain_resource_shift,1012,workspace_shuffle,330.40821875,0.2746469779216222,0.05557066790361579,9.837964276993711,0,2.6666666666666665,2,5,0.6,,,0.321403938901878,0.6773987535087128,0.9721065543224617,0.7439130944749618,False
heldout,gain_resource_shift,1013,workspace_shuffle,337.77571875,0.26687702864774926,0.05403230236269415,8.921192370178597,0,3.25,1,5,0.8,,,0.31849997456745355,0.6992876399127695,0.9729501206792417,0.7482875945212476,False
heldout,gain_resource_shift,1014,workspace_shuffle,324.1982395833333,0.28301899145624926,0.05569051348837233,11.487121021454575,0,1.5,3,5,0.4,,,0.333619767058965,0.6534866009241365,0.972796449186086,0.7222881096740486,False
heldout,gain_resource_shift,1015,workspace_shuffle,308.72353125,0.2777377568899181,0.058506299252575715,9.512473279393854,0,1.6666666666666667,2,5,0.6,,,0.32103714511526693,0.6833515999938714,0.9729863282122571,0.7544570400886476,False
heldout,gain_resource_shift,1016,workspace_shuffle,325.9685104166667,0.2888842191267302,0.06469467474066341,9.437939039116095,0,1.5,3,5,0.4,,,0.31811561543448175,0.6831994558802609,0.9735865182935478,0.7265613490485676,False
heldout,gain_resource_shift,1017,workspace_shuffle,322.40753125,0.28289907949502113,0.05550390025518387,11.245397570243227,0,3.6666666666666665,2,5,0.6,,,0.3280094523901516,0.6566999382192805,0.9745756064157876,0.7203510845153224,False
heldout,gain_resource_shift,1018,workspace_shuffle,333.006125,0.26965591471691114,0.05175015228415697,10.333786492434504,0,4.0,2,5,0.6,,,0.33018125704063633,0.6775396722592557,0.9694427288962765,0.7614697043209873,False
heldout,gain_resource_shift,1019,workspace_shuffle,318.25919791666666,0.281439773126783,0.05933253783764714,9.88181798167519,0,4.0,1,5,0.8,,,0.3234792526994276,0.6760744090678353,0.9718297630887195,0.7715103916171574,False
heldout,gain_resource_shift,1020,workspace_shuffle,310.14065625,0.27138142665498394,0.052845799303305185,9.985779061102791,0,5.75,1,5,0.8,,,0.3242421083202988,0.6826497636924467,0.9712028985532705,0.7209392639474685,False
heldout,gain_resource_shift,1021,workspace_shuffle,318.9648020833333,0.26672052699050675,0.05046868361212145,10.346319131319424,0,3.25,1,5,0.8,,,0.3276061140150313,0.6786137788186607,0.9675310153212487,0.7158218088367523,False
heldout,gain_resource_shift,1022,workspace_shuffle,323.87244791666666,0.29501108109361884,0.06553902316915348,10.437558788645324,0,1.5,3,5,0.4,,,0.3222036917123181,0.663666430128568,0.9671737614585846,0.6868159547461481,False
heldout,gain_resource_shift,1023,workspace_shuffle,440.7310729166667,0.27995582650631573,0.060937931916678144,8.38743258845853,0,1.0,3,5,0.4,,,0.3085392886733202,0.6923932932135018,0.970422612253193,0.7135820701863231,False
heldout,gain_resource_shift,1024,workspace_shuffle,328.41584375,0.29224243889901064,0.06758245863856585,8.976272270759786,0,1.5,3,5,0.4,,,0.31081513228228486,0.682200899552668,0.9678323269447775,0.7160940935051404,False
heldout,gain_resource_shift,1025,workspace_shuffle,454.1569583333333,0.2878057780608603,0.06749638936924733,7.824456973430287,0,3.6666666666666665,2,5,0.6,,,0.2999442594490135,0.6894845618725254,0.9708214073519105,0.7411240101917812,False
heldout,gain_resource_shift,1026,workspace_shuffle,330.5420416666667,0.28591746233886944,0.05817981626875729,11.124855882904493,0,1.5,3,5,0.4,,,0.33168689883658675,0.6640389994566281,0.9673967082912225,0.7398798862296616,False
heldout,gain_resource_shift,1027,workspace_shuffle,423.73439583333334,0.28919314252833733,0.06591202701601623,9.017846276471708,0,1.5,3,5,0.4,,,0.3141537549027312,0.6838481050196886,0.9754984415152076,0.710062004970363,False
heldout,gain_resource_shift,1028,workspace_shuffle,483.4721666666667,0.2930936293413764,0.06766653225465262,8.95503597016225,0,1.5,3,5,0.4,,,0.3120100788482302,0.6830502224255459,0.971350728547792,0.7289506784581411,False
heldout,gain_resource_shift,1029,workspace_shuffle,409.8763125,0.25886318462925134,0.04811165120593681,9.701321683998287,0,4.5,1,5,0.8,,,0.3252984162933255,0.6925206969564388,0.9665738214639239,0.7415425890898543,False
heldout,gain_resource_shift,1030,workspace_shuffle,458.5780416666667,0.2873472734137577,0.06619712245818135,8.211734300893594,0,1.0,3,5,0.4,,,0.3069246218943039,0.6905865232668535,0.9762586908895731,0.7145472088648906,False
heldout,switching_memory,1001,workspace_shuffle,386.8444166666667,0.061527286285699916,0.003782497181260757,13.651243630473582,0,1.0,0,5,1.0,0.012835690541134936,9.916749933282417e-05,0.5264195258095843,0.9785944965623288,0.959562243086661,0.9868626997788134,True
heldout,switching_memory,1002,workspace_shuffle,422.63453125,0.062488982208922315,0.003901903258429445,13.892719024745034,0,1.2,0,5,1.0,0.014344498082531108,9.998533276538538e-05,0.5277329233570197,0.9774513347515282,0.9573130068455308,0.9850851099454399,True
heldout,switching_memory,1003,workspace_shuffle,455.5247395833333,0.07200037076369681,0.005180795078926698,14.695844981010845,0,0.6,0,5,1.0,0.01359618792058102,0.003891053985789569,0.502789724138607,0.9776019556411191,0.9799807477149024,0.9878612131970547,True
heldout,switching_memory,1004,workspace_shuffle,329.6959375,0.05848547705358132,0.003417329923252443,14.372746631759478,0,0.8,0,5,1.0,0.012690804252391354,0.00010654698980097353,0.5287877010595011,0.9808935798503683,0.9622321861121174,0.9897549209116897,True
heldout,switching_memory,1005,workspace_shuffle,424.7320520833333,0.05847033647627154,0.0034158368767546097,13.488173436369815,0,1.0,0,5,1.0,0.01342022307599546,9.915302069271725e-05,0.5298090457998728,0.9807617758128367,0.9670326803386257,0.9892580769370158,True
heldout,switching_memory,1006,workspace_shuffle,391.69709375,0.05839861987385603,0.0034072911230564203,12.548831958313661,0,1.0,0,5,1.0,0.01180783422088367,9.551347328981277e-05,0.527174244218453,0.9809738153083655,0.9617069932149089,0.9836398399824617,True
heldout,switching_memory,1007,workspace_shuffle,354.8290625,0.05888822500128152,0.003464787098245979,13.920680271822226,0,1.0,0,5,1.0,0.013597584496816431,0.00010369256422335988,0.5300381608673035,0.9805279652718076,0.9729965515183702,0.9915672253581621,True
heldout,switching_memory,1008,workspace_shuffle,304.42390625,0.05919779853365025,0.0035013901477583035,12.186520097914093,0,0.8,0,5,1.0,0.012093981907489195,8.834116512713981e-05,0.5260263871493623,0.9802886072593779,0.960554628300844,0.9856469845301581,True
heldout,switching_memory,1009,workspace_shuffle,341.9667395833333,0.05627221750957204,0.003163718659573232,12.618627257475898,0,0.8,0,5,1.0,0.01257930977069266,9.098348466255855e-05,0.5299639705328006,0.9821379524617628,0.960184125321805,0.9867628001311451,True
heldout,switching_memory,1010,workspace_shuffle,358.54352083333333,0.0594447700395647,0.003530796539927295,12.92488335736428,0,0.8,0,5,1.0,0.012269265595360138,0.00043835003135244663,0.5208429581861916,0.9816705451322247,0.9651380225880674,0.9873332907040232,True
heldout,switching_memory,1011,workspace_shuffle,354.5824270833333,0.059271407526349545,0.003509917312356671,16.13248619228597,0,0.6,0,5,1.0,0.012856933266422232,0.00011618258859621951,0.5298087875610209,0.9793647765225291,0.9661832946240919,0.9909870570522312,True
heldout,switching_memory,1012,workspace_shuffle,357.6910833333333,0.061689338539961135,0.003802418830298074,15.05855832856117,0,1.0,0,5,1.0,0.015247023893153959,0.00011822673095988164,0.5274391944413755,0.9783713214256733,0.9633200291772711,0.989354782413096,False
heldout,switching_memory,1013,workspace_shuffle,309.63113541666667,0.06394408852908202,0.004085711801650352,14.242177178668422,0,0.8,0,5,1.0,0.013410752629806157,0.00010709101774871234,0.5222895910112124,0.9774793623799068,0.9598671974906962,0.9859010694938737,True
heldout,switching_memory,1014,workspace_shuffle,373.5229583333333,0.0551954916459559,0.0030436633187433822,12.16759548805409,0,0.8,0,5,1.0,0.011749156858563346,9.324815028968959e-05,0.5303865600483374,0.9827658939095356,0.9602285587468634,0.9848015391183742,True
heldout,switching_memory,1015,workspace_shuffle,388.1491875,0.05839435311452113,0.0034070006824417024,11.843985251358822,0,1.0,0,5,1.0,0.01216340370167258,8.721761586504877e-05,0.5282628702411529,0.9805269841869326,0.9686129263316626,0.9860360021365762,True
heldout,switching_memory,1016,workspace_shuffle,441.2973645833333,0.06108397299378102,0.0037282305093484136,12.989644572306347,0,1.2,0,5,1.0,0.013831247028081157,9.455074388491327e-05,0.5260305322616813,0.9790590026891666,0.9663414057631338,0.9874286053376132,True
heldout,switching_memory,1017,workspace_shuffle,410.6324583333333,0.06385820244321659,0.004074846103515306,13.117637399862252,0,1.4,0,5,1.0,0.01404855015526849,9.348229784276739e-05,0.523500667999273,0.9771692320556092,0.9607064987667654,0.9883525774234048,True
heldout,switching_memory,1018,workspace_shuffle,404.1829583333333,0.05758928783990796,0.0033133884594688154,14.58289617982706,0,0.8,0,5,1.0,0.012403706324393502,0.00010646140923370633,0.5311018596957164,0.981281602139686,0.9685661729466526,0.9896542731156447,True
heldout,switching_memory,1019,workspace_shuffle,329.011875,0.06251820437367565,0.0039055311681234044,13.450145141211971,0,1.2,0,5,1.0,0.012422142349523758,9.952020940213801e-05,0.5266512113304762,0.9778417633863713,0.9585163257092293,0.9874785824203975,True
heldout,switching_memory,1020,workspace_shuffle,316.8232395833333,0.05943824741361326,0.0035299511555185446,13.214302318454907,0,1.0,0,5,1.0,0.015101448755286203,0.00010538812891606065,0.5296527524727553,0.97998398062837,0.9631489764887263,0.9857938003247758,False
heldout,switching_memory,1021,workspace_shuffle,378.2207708333333,0.05961511501782105,0.0035509117847354944,13.22923986193917,0,0.8,0,5,1.0,0.012266842319686897,9.325187097450148e-05,0.5252127271664472,0.9805110850607225,0.9667137667459911,0.9859079131679979,True
heldout,switching_memory,1022,workspace_shuffle,318.3798229166667,0.059876657191269576,0.0035822461821595733,12.546889526859864,0,1.0,0,5,1.0,0.012498310910763415,9.039606136424673e-05,0.5262653286432553,0.9798620575956866,0.9619020690905447,0.9867211216493437,True
heldout,switching_memory,1023,workspace_shuffle,326.47003125,0.05669296337784217,0.003211170129338449,13.10327427630528,0,0.8,0,5,1.0,0.012788844871726258,0.00010102309427976589,0.5292182402242559,0.982246192245218,0.9656744232285943,0.9867836491950883,True
heldout,switching_memory,1024,workspace_shuffle,314.59010416666666,0.05229156794493006,0.0027315760773121765,11.063134658539413,0,0.8,0,5,1.0,0.010677346414855635,7.576517312840922e-05,0.5332690242735645,0.9838787775265204,0.9668316532479221,0.9849048022419182,True
heldout,switching_memory,1025,workspace_shuffle,396.9822708333333,0.058777792575923894,0.0034518176446329727,13.507819817532363,0,0.8,0,5,1.0,0.012370668368768007,0.0003166634048026472,0.5228052985018383,0.9818955324148754,0.9635659214122247,0.9874670714868157,True
heldout,switching_memory,1026,workspace_shuffle,429.5748854166667,0.05672453459271022,0.00321454977822803,14.139126432540934,0,0.6,0,5,1.0,0.013006887391878197,0.00010880109936121838,0.5315681989845925,0.9819363114501971,0.973526901633817,0.9876910608250047,True
heldout,switching_memory,1027,workspace_shuffle,372.95575,0.051688509777783914,0.0026685946337762496,11.475943349701796,0,0.6,0,5,1.0,0.010561096932015419,8.317069478486737e-05,0.5337812147543152,0.9846402759193486,0.9697583761423995,0.9884769627383762,True
heldout,switching_memory,1028,workspace_shuffle,397.08534375,0.05931520045750078,0.0035154102467604576,12.319935587758918,0,1.0,0,5,1.0,0.012830002009239755,8.714708315202025e-05,0.5283332514499607,0.9798988721439258,0.9665908142138601,0.9870519049937438,True
heldout,switching_memory,1029,workspace_shuffle,436.54992708333333,0.05668926045379825,0.0032105588450389,13.496099082055972,0,0.8,0,5,1.0,0.011954301124637742,9.793729994987851e-05,0.5300431100437669,0.9820925707749962,0.9681462894658533,0.9884114929535418,True
heldout,switching_memory,1030,workspace_shuffle,407.9297708333333,0.056176101043526126,0.003152672300846166,12.969415114078899,0,0.8,0,5,1.0,0.012918516715088126,9.470190478409578e-05,0.5300733674386705,0.9823366301030099,0.9663696555236116,0.9873455665894474,True
development,gain_resource_shift,101,self_model_reset,368.807625,0.173454378077782,0.004469637400825603,11.250925273177543,0,1.0,0,5,1.0,,,0.371057332486146,0.7215315899247078,0.9739309505496058,0.972537718167232,True
development,gain_resource_shift,102,self_model_reset,421.85925,0.1768606670889711,0.004258358959072725,11.551709610809988,0,1.0,0,5,1.0,,,0.3723783602573316,0.7127553813833997,0.9795730604147566,0.9740928502337066,True
development,gain_resource_shift,103,self_model_reset,345.4516354166667,0.15464288560933126,0.004052298650144321,9.752542805599388,0,1.2,0,5,1.0,,,0.37576610986764464,0.7639422438906256,0.9725045882216147,0.9693014152563411,True
development,gain_resource_shift,104,self_model_reset,347.8798333333333,0.15709753005230648,0.0036848866572717896,10.056820051948831,0,1.0,0,5,1.0,,,0.37591304405046877,0.756447348991675,0.977621694425521,0.9702444912219343,True
development,gain_resource_shift,105,self_model_reset,373.4448645833333,0.1777243138576073,0.004358076066867489,11.25756991656903,0,1.0,0,5,1.0,,,0.37253202375243455,0.7190032070745724,0.9773127297080281,0.9725761903530327,True
development,switching_memory,101,self_model_reset,346.5823854166667,0.058338266048240335,0.0034002781885893846,13.99177635473609,0,0.8,0,5,1.0,0.012587836248520456,0.00010311037318161837,0.5597744348641209,0.9826251554283221,0.9636392362715133,0.9863011759581533,True
development,switching_memory,102,self_model_reset,417.08482291666667,0.054175648501300015,0.002932250171432524,10.812132142248345,0,0.8,0,5,1.0,0.011043015959797946,7.898734554346688e-05,0.558475867827222,0.9843920112830711,0.9669159256990456,0.9856317396403307,True
development,switching_memory,103,self_model_reset,370.6938333333333,0.06123088574804386,0.0037463959793003717,13.469045006581753,0,1.0,0,5,1.0,0.014273325348354899,9.922096147949666e-05,0.5562724758409175,0.9808574485150806,0.9585659713909201,0.9866393845137503,True
development,switching_memory,104,self_model_reset,350.65485416666667,0.06402551737639832,0.004096284731565086,13.570586925447122,0,1.2,0,5,1.0,0.015906204196819915,0.00010908829868691081,0.5543243635817987,0.9792462938617678,0.9596296608297094,0.9865948371005541,False
development,switching_memory,105,self_model_reset,432.7297708333333,0.05666703496943699,0.003208218892130452,14.333182634161835,0,0.8,0,5,1.0,0.013176479594581882,0.00011684281422526496,0.5611509374727636,0.9839077493907958,0.9668876087483965,0.9874966756248545,True
heldout,gain_resource_shift,1001,self_model_reset,418.6931458333333,0.15139697498689522,0.004951789540187075,10.129508347958451,0,1.4,0,5,1.0,,,0.35522856053519347,0.7309221172556144,0.9764718656011834,0.9692194799443231,True
heldout,gain_resource_shift,1002,self_model_reset,351.8308125,0.1529544928182908,0.005107480153873759,10.140588123941297,0,1.6,0,5,1.0,,,0.35576279958369544,0.7310832844872053,0.9765709030662814,0.970323467539197,True
heldout,gain_resource_shift,1003,self_model_reset,369.28039583333333,0.16413061811098684,0.005462519097940291,11.297870401785673,0,1.4,0,5,1.0,,,0.35137909247853466,0.6939995466831183,0.975713282954934,0.9707827048120339,True
heldout,gain_resource_shift,1004,self_model_reset,409.8494375,0.14658110889246598,0.004456460538228065,9.843812657900331,0,1.2,0,5,1.0,,,0.3548280690615936,0.7414673772249795,0.9737674728826887,0.9683155285963572,True
heldout,gain_resource_shift,1005,self_model_reset,439.4144895833333,0.16844089278770397,0.005589711336070571,11.298556470646291,0,1.6,0,5,1.0,,,0.3531457846910555,0.6918737793193841,0.9781313382506206,0.9717198063671414,True
heldout,gain_resource_shift,1006,self_model_reset,391.481875,0.15569195294248828,0.005174701893695567,10.42879857405731,0,1.6,0,5,1.0,,,0.35415330953899143,0.7209241155062034,0.9739691848299935,0.9689554690139455,True
heldout,gain_resource_shift,1007,self_model_reset,562.3392916666667,0.15351101956386162,0.004785668588524865,10.417779692890424,0,1.2,0,5,1.0,,,0.3539055171801884,0.725534566894583,0.9802189518855625,0.9717322994442108,True
heldout,gain_resource_shift,1008,self_model_reset,403.38422916666667,0.1509539193649484,0.004569707042397883,9.849918420058476,0,1.4,0,5,1.0,,,0.357951353067863,0.7381104166024841,0.9774898870015921,0.9707686227768383,True
heldout,gain_resource_shift,1009,self_model_reset,352.3133854166667,0.16514941745674794,0.005946662505024157,11.301410412345199,0,1.4,0,5,1.0,,,0.3514534893513738,0.692532309894186,0.9745841623727888,0.970761721048448,True
heldout,gain_resource_shift,1010,self_model_reset,386.2578645833333,0.17766948413786698,0.006399649245266845,12.445609549863377,0,1.4,0,5,1.0,,,0.34790190656338976,0.6501850039590722,0.9774559473500705,0.9729176281661136,True
heldout,gain_resource_shift,1011,self_model_reset,396.59679166666666,0.16622488467353191,0.005617629153755695,11.291580232139196,0,1.8,0,5,1.0,,,0.35264410005139385,0.6943398102180116,0.9782334420039148,0.972822905863413,True
heldout,gain_resource_shift,1012,self_model_reset,354.6372395833333,0.15738722458248386,0.004910443883912977,10.711365831405999,0,1.4,0,5,1.0,,,0.3526166966819599,0.7138115728030163,0.9751285034763285,0.9700901932095788,True
heldout,gain_resource_shift,1013,self_model_reset,371.9798229166667,0.1490046920893747,0.005011352207491928,9.824624975065294,0,1.4,0,5,1.0,,,0.35536058717605823,0.7403516423105292,0.9771004294384821,0.9700264842852634,True
heldout,gain_resource_shift,1014,self_model_reset,352.809125,0.17319969482537004,0.0055888982510611425,11.877888499351592,0,1.6,0,5,1.0,,,0.3511206855843709,0.6720822391248963,0.9777672628015875,0.9732330345278469,True
heldout,gain_resource_shift,1015,self_model_reset,393.21180208333334,0.15369790833677988,0.0049910846774336584,10.429971614309087,0,1.6,0,5,1.0,,,0.35407389794437544,0.7233606813237871,0.9769369104533082,0.9706057750758191,True
heldout,gain_resource_shift,1016,self_model_reset,368.7729583333333,0.15350414779375773,0.00480410607009059,10.426376361549012,0,1.2,0,5,1.0,,,0.353880611755366,0.7249978820229764,0.9773582556967298,0.9704538764689224,True
heldout,gain_resource_shift,1017,self_model_reset,380.80259375,0.17273782046498432,0.005310365695046746,11.87552357284043,0,1.4,0,5,1.0,,,0.3510917459694098,0.6724260249843355,0.9777920679893413,0.9728888250103019,True
heldout,gain_resource_shift,1018,self_model_reset,360.2244166666667,0.16110985069441,0.004992223933118017,11.008524572453892,0,1.4,0,5,1.0,,,0.35131380440875887,0.7031369363790954,0.9728048963610223,0.9689665333387847,True
heldout,gain_resource_shift,1019,self_model_reset,356.4203645833333,0.1583119972570704,0.005186880415514737,10.710077992012257,0,1.2,0,5,1.0,,,0.3527308585511843,0.7132115314498123,0.9760078431378613,0.9711581108147272,True
heldout,gain_resource_shift,1020,self_model_reset,351.2995208333333,0.16050698931602636,0.004960414189305755,10.714855527561355,0,1.4,0,5,1.0,,,0.35405454605372616,0.7120473091115658,0.9753842741336376,0.9709314232817156,True
heldout,gain_resource_shift,1021,self_model_reset,351.77677083333333,0.1619855043744533,0.005568147721473858,11.008576864177407,0,1.6,0,5,1.0,,,0.35104858384025717,0.7023889386827683,0.9716837630119196,0.969379069773165,True
heldout,gain_resource_shift,1022,self_model_reset,379.4176875,0.1672928156530172,0.0064943713702421205,11.288266320240654,0,2.0,0,5,1.0,,,0.35086454011359874,0.6918744079253414,0.9719713679821632,0.9694840192509405,True
heldout,gain_resource_shift,1023,self_model_reset,499.915625,0.14820534335998994,0.004527490922296276,9.53854574493435,0,1.2,0,5,1.0,,,0.3565015345045566,0.7458046167239711,0.9750118142319931,0.9701871565579594,True
heldout,gain_resource_shift,1024,self_model_reset,365.7277708333333,0.15179588559786258,0.005218806429363262,10.130136231492429,0,1.8,0,5,1.0,,,0.3535114275642355,0.731343252704741,0.9722205403818706,0.9694192985071801,True
heldout,gain_resource_shift,1025,self_model_reset,421.4054479166667,0.14202199150094202,0.00483446955392381,9.254938267097188,0,1.6,0,5,1.0,,,0.3574829113861136,0.7557972249839389,0.9746096723019001,0.968551071493148,True
heldout,gain_resource_shift,1026,self_model_reset,311.34609375,0.1714528066839749,0.005827085918270914,11.580287225295967,0,1.6,0,5,1.0,,,0.3508283985152445,0.6819142537601127,0.9730583838724609,0.9719394166148112,True
heldout,gain_resource_shift,1027,self_model_reset,293.50554166666666,0.1495135725081533,0.004633661694751837,10.139530228746557,0,1.4,0,5,1.0,,,0.35488480207229567,0.735278687962426,0.97886141877012,0.9711805740701422,True
heldout,gain_resource_shift,1028,self_model_reset,339.12521875,0.15281499393647596,0.005115079065957662,10.129637329095717,0,1.6,0,5,1.0,,,0.3550120553192409,0.7316898569602925,0.9752373194213444,0.9695014408554614,True
heldout,gain_resource_shift,1029,self_model_reset,320.28565625,0.15607765772567342,0.005461738090671398,10.421485367601782,0,1.6,0,5,1.0,,,0.3535274316557388,0.7213595270837189,0.9709481848688153,0.9703099138279906,True
heldout,gain_resource_shift,1030,self_model_reset,311.91825,0.14440117259054366,0.0044803655653844945,9.551549653814954,0,1.0,0,5,1.0,,,0.3571811448124728,0.7502862044297729,0.9789245348134624,0.9697548726517087,True
heldout,switching_memory,1001,self_model_reset,357.0031041666667,0.061527286285699916,0.003782497181260757,13.651243630473582,0,1.0,0,5,1.0,0.012835690541134936,9.916749933282417e-05,0.5264195258095843,0.9785944965623288,0.959562243086661,0.9868626997788134,True
heldout,switching_memory,1002,self_model_reset,344.1452604166667,0.062488982208922315,0.003901903258429445,13.892719024745034,0,1.2,0,5,1.0,0.014344498082531108,9.998533276538538e-05,0.5277329233570197,0.9774513347515282,0.9573130068455308,0.9850851099454399,True
heldout,switching_memory,1003,self_model_reset,374.2476458333333,0.05310545790574858,0.0028169313481961264,15.660637755069251,0,0.4,0,5,1.0,0.012646035097449758,0.00011406414385866731,0.5357529488808686,0.983782677578549,0.9778389321645108,0.9916348330652182,True
heldout,switching_memory,1004,self_model_reset,384.5738541666667,0.05848547705358132,0.003417329923252443,14.372746631759478,0,0.8,0,5,1.0,0.012690804252391354,0.00010654698980097353,0.5287877010595011,0.9808935798503683,0.9622321861121174,0.9897549209116897,True
heldout,switching_memory,1005,self_model_reset,394.11684375,0.05847033647627154,0.0034158368767546097,13.488173436369815,0,1.0,0,5,1.0,0.01342022307599546,9.915302069271725e-05,0.5298090457998728,0.9807617758128367,0.9670326803386257,0.9892580769370158,True
heldout,switching_memory,1006,self_model_reset,365.4021666666667,0.058402104639721134,0.003407698146234223,12.54989297900183,0,1.0,0,5,1.0,0.011807834284798072,9.551347330888365e-05,0.5272197165434042,0.9809630423390927,0.9617023242853214,0.9836424409166119,True
heldout,switching_memory,1007,self_model_reset,333.3946458333333,0.05888822500128152,0.003464787098245979,13.920680271822226,0,1.0,0,5,1.0,0.013597584496816431,0.00010369256422335988,0.5300381608673035,0.9805279652718076,0.9729965515183702,0.9915672253581621,True
heldout,switching_memory,1008,self_model_reset,347.6320520833333,0.05917163347566469,0.003498293004706061,12.196773662765912,0,0.8,0,5,1.0,0.01209509492598362,8.834114338315337e-05,0.5264500938202588,0.9802344766676705,0.9605089898738068,0.9856703319539931,True
heldout,switching_memory,1009,self_model_reset,357.4358958333333,0.05627221750957204,0.003163718659573232,12.618627257475898,0,0.8,0,5,1.0,0.01257930977069266,9.098348466255855e-05,0.5299639705328006,0.9821379524617628,0.960184125321805,0.9867628001311451,True
heldout,switching_memory,1010,self_model_reset,320.3295833333333,0.0574303584807229,0.003295361930094907,13.135235414449639,0,0.8,0,5,1.0,0.012262652363387277,9.500320481308079e-05,0.5292441771919858,0.9815318968321789,0.9642261482014994,0.9878154313052695,True
heldout,switching_memory,1011,self_model_reset,333.469125,0.059271407526349545,0.003509917312356671,16.13248619228597,0,0.6,0,5,1.0,0.012856933266422232,0.00011618258859621951,0.5298087875610209,0.9793647765225291,0.9661832946240919,0.9909870570522312,True
heldout,switching_memory,1012,self_model_reset,296.5821041666667,0.061689338539961135,0.003802418830298074,15.05855832856117,0,1.0,0,5,1.0,0.015247023893153959,0.00011822673095988164,0.5274391944413755,0.9783713214256733,0.9633200291772711,0.989354782413096,False
heldout,switching_memory,1013,self_model_reset,307.09767708333334,0.06175633722141017,0.003810710530839805,14.333962784072144,0,0.8,0,5,1.0,0.013410684935011276,0.00010709099325991534,0.5257314819203344,0.9786222145410932,0.9596491187222306,0.9868351259251525,True
heldout,switching_memory,1014,self_model_reset,305.8641666666667,0.0551954916459559,0.0030436633187433822,12.16759548805409,0,0.8,0,5,1.0,0.011749156858563346,9.324815028968959e-05,0.5303865600483374,0.9827658939095356,0.9602285587468634,0.9848015391183742,True
heldout,switching_memory,1015,self_model_reset,341.08927083333333,0.058383253944377024,0.003405704547911934,11.846407673510006,0,1.0,0,5,1.0,0.01216337765037281,8.721761282804282e-05,0.5283730162566973,0.9805185294782982,0.9686072958434302,0.986040641953196,True
heldout,switching_memory,1016,self_model_reset,325.32853125,0.06108397299378102,0.0037282305093484136,12.989644572306347,0,1.2,0,5,1.0,0.013831247028081157,9.455074388491327e-05,0.5260305322616813,0.9790590026891666,0.9663414057631338,0.9874286053376132,True
heldout,switching_memory,1017,self_model_reset,315.63403125,0.0638575379300253,0.004074761234721092,13.118320656569539,0,1.4,0,5,1.0,0.014048550126471741,9.348229757889176e-05,0.5235285538185165,0.9771643890102388,0.9607027990440016,0.9883526299848949,True
heldout,switching_memory,1018,self_model_reset,439.59208333333333,0.05751513129490281,0.0033048527134309537,14.604060244017182,0,0.8,0,5,1.0,0.012403179765445208,0.0001048032837499839,0.5318491181783193,0.981197343331101,0.968514650901651,0.9896699722885677,True
heldout,switching_memory,1019,self_model_reset,373.1468645833333,0.06251820437367565,0.0039055311681234044,13.450145141211971,0,1.2,0,5,1.0,0.012422142349523758,9.952020940213801e-05,0.5266512113304762,0.9778417633863713,0.9585163257092293,0.9874785824203975,True
heldout,switching_memory,1020,self_model_reset,395.54828125,0.05943824741361326,0.0035299511555185446,13.214302318454907,0,1.0,0,5,1.0,0.015101448755286203,0.00010538812891606065,0.5296527524727553,0.97998398062837,0.9631489764887263,0.9857938003247758,False
heldout,switching_memory,1021,self_model_reset,359.5896145833333,0.05738790373580836,0.0032903213413378683,13.339773275654702,0,0.8,0,5,1.0,0.012342285128929112,9.325188136861339e-05,0.529232384748512,0.9814863782139499,0.9664689965076096,0.9868088780139712,True
heldout,switching_memory,1022,self_model_reset,378.72634375,0.059876657191269576,0.0035822461821595733,12.546889526859864,0,1.0,0,5,1.0,0.012498310910763415,9.039606136424673e-05,0.5262653286432553,0.9798620575956866,0.9619020690905447,0.9867211216493437,True
heldout,switching_memory,1023,self_model_reset,390.1232083333333,0.05666067423526764,0.0032075100375722164,13.108232640784172,0,0.8,0,5,1.0,0.012788844871726258,0.00010102309427976589,0.5294149521179325,0.9822349386418769,0.9656546491196142,0.9867899731739261,True
heldout,switching_memory,1024,self_model_reset,355.7976770833333,0.05229248323179434,0.0027316718017204307,11.064453300188982,0,0.8,0,5,1.0,0.010678552792110314,7.576517517160136e-05,0.533324251580911,0.9838706299739431,0.9668277621067354,0.9849096722540377,True
heldout,switching_memory,1025,self_model_reset,365.9085625,0.05703715794162769,0.003250226130592822,13.728347016129057,0,0.8,0,5,1.0,0.012396914276073673,9.601668444941843e-05,0.5312768280734133,0.9815505223929766,0.9629229311989725,0.9880810249040416,True
heldout,switching_memory,1026,self_model_reset,403.8054479166667,0.05671898806036476,0.0032139205600602515,14.149724147613739,0,0.6,0,5,1.0,0.013006026569601047,0.00010801538109455256,0.5319669555930358,0.9818691395223746,0.9734944921052605,0.9876960597838154,True
heldout,switching_memory,1027,self_model_reset,421.30990625,0.051688509777783914,0.0026685946337762496,11.475943349701796,0,0.6,0,5,1.0,0.010561096932015419,8.317069478486737e-05,0.5337812147543152,0.9846402759193486,0.9697583761423995,0.9884769627383762,True
heldout,switching_memory,1028,self_model_reset,369.8828125,0.05931520045750078,0.0035154102467604576,12.319935587758918,0,1.0,0,5,1.0,0.012830002009239755,8.714708315202025e-05,0.5283332514499607,0.9798988721439258,0.9665908142138601,0.9870519049937438,True
heldout,switching_memory,1029,self_model_reset,431.7350520833333,0.05668926045379825,0.0032105588450389,13.496099082055972,0,0.8,0,5,1.0,0.011954301124637742,9.793729994987851e-05,0.5300431100437669,0.9820925707749962,0.9681462894658533,0.9884114929535418,True
heldout,switching_memory,1030,self_model_reset,319.6820625,0.056176101043526126,0.003152672300846166,12.969415114078899,0,0.8,0,5,1.0,0.012918516715088126,9.470190478409578e-05,0.5300733674386705,0.9823366301030099,0.9663696555236116,0.9873455665894474,True
development,gain_resource_shift,101,zero,14.132770833333334,0.47248087718210807,0.19762139542924975,0.0,0,,5,5,0.0,,,2.9807731296983657e-06,0.0026251033419682677,1.0,,False
development,gain_resource_shift,102,zero,19.84691666666667,0.4787109954342005,0.20214288054551996,0.0,0,,5,5,0.0,,,6.096534159541749e-05,0.026060320090816855,1.0,,False
development,gain_resource_shift,103,zero,12.18040625,0.4401841104391332,0.17389992766365459,0.0,0,,5,5,0.0,,,-1.640417874089592e-05,-0.004913992568423022,1.0,,False
development,gain_resource_shift,104,zero,11.882197916666666,0.4467883076524249,0.17862504456365427,0.0,0,,5,5,0.0,,,2.825831602013397e-05,0.012244829293495768,1.0,,False
development,gain_resource_shift,105,zero,11.895895833333334,0.47250105899741346,0.19602939508438735,0.0,0,,5,5,0.0,,,-3.2040803347108127e-06,-0.0025621403885783124,1.0,,False
development,switching_memory,101,zero,14.192916666666665,0.4280577539666915,0.1832303656340827,0.0,0,,5,5,0.0,0.1795027585384755,0.17947038541061933,1.8216853966047876e-05,0.007696700558580592,1.0,,False
development,switching_memory,102,zero,13.718770833333334,0.3769534097640858,0.14209112241366692,0.0,0,,5,5,0.0,0.13466789107477892,0.1346232855056293,8.704283298369478e-05,0.03638598662490656,1.0,,False
development,switching_memory,103,zero,13.268208333333334,0.42079962615900335,0.17706949998536736,0.0,0,,5,5,0.0,0.17208551268835076,0.17202976072078532,-5.2718290026539344e-05,-0.023789858039881095,1.0,,False
development,switching_memory,104,zero,14.65415625,0.42370814085922737,0.17952560648663243,0.0,0,,5,5,0.0,0.18705900321379773,0.18700696778427112,7.1752643491880454e-06,0.003109633317922774,1.0,,False
development,switching_memory,105,zero,13.770697916666666,0.4339112616966219,0.18827604906705733,0.0,0,,5,5,0.0,0.19447424449576778,0.19456880799345921,-5.306378791061642e-05,-0.02338303067517899,1.0,,False
heldout,gain_resource_shift,1001,zero,18.80180208333333,0.4383951176747716,0.17422102470608133,0.0,0,,5,5,0.0,,,6.300766852343877e-07,0.00023357683919037725,1.0,,False
heldout,gain_resource_shift,1002,zero,12.110145833333334,0.4384457235045042,0.1739470557399613,0.0,0,,5,5,0.0,,,-3.628012392287139e-05,-0.013703550536307674,1.0,,False
heldout,gain_resource_shift,1003,zero,12.67265625,0.46093609984786454,0.19098574743940624,0.0,0,,5,5,0.0,,,5.579630538462383e-05,0.021446865246381817,1.0,,False
heldout,gain_resource_shift,1004,zero,13.47390625,0.4326074423668958,0.17011963824531015,0.0,0,,5,5,0.0,,,-2.1685209727358113e-05,-0.011249367167599294,1.0,,False
heldout,gain_resource_shift,1005,zero,15.778854166666665,0.4609440833623517,0.18968682495971043,0.0,0,,5,5,0.0,,,5.458238949951192e-05,0.01797991037308483,1.0,,False
heldout,gain_resource_shift,1006,zero,18.992270833333333,0.4441579023144335,0.17821095987100735,0.0,0,,5,5,0.0,,,8.487228119304318e-06,0.002129016931100956,1.0,,False
heldout,gain_resource_shift,1007,zero,22.3545625,0.4441227293973974,0.17846503422838245,0.0,0,,5,5,0.0,,,2.5829626201518806e-05,0.011725675420130944,1.0,,False
heldout,gain_resource_shift,1008,zero,13.894229166666666,0.43258461398725023,0.16891206952925683,0.0,0,,5,5,0.0,,,1.4987488082001516e-05,0.006610987736692901,1.0,,False
heldout,gain_resource_shift,1009,zero,17.774520833333334,0.4609930461001398,0.19118692097140658,0.0,0,,5,5,0.0,,,-9.37830702073914e-05,-0.03778915342352985,1.0,,False
heldout,gain_resource_shift,1010,zero,13.165635416666666,0.48244067600242924,0.20758220951313197,0.0,0,,5,5,0.0,,,-6.923483373583964e-05,-0.029730873962650423,1.0,,False
heldout,gain_resource_shift,1011,zero,14.025510416666666,0.46098565654115903,0.19049469240571013,0.0,0,,5,5,0.0,,,-3.5176336207471954e-05,-0.011615023191135818,1.0,,False
heldout,gain_resource_shift,1012,zero,12.1035,0.44982968867174655,0.1824864542326562,0.0,0,,5,5,0.0,,,5.597019979393001e-05,0.02279650365443565,1.0,,False
heldout,gain_resource_shift,1013,zero,16.22184375,0.43261455264324433,0.169964305101557,0.0,0,,5,5,0.0,,,1.231833843875639e-05,0.005919764702695166,1.0,,False
heldout,gain_resource_shift,1014,zero,11.983375,0.47186670425273225,0.19824895054579528,0.0,0,,5,5,0.0,,,-5.062919850454435e-05,-0.0194423949682439,1.0,,False
heldout,gain_resource_shift,1015,zero,12.27371875,0.44416185988694945,0.17864779542856657,0.0,0,,5,5,0.0,,,1.2229738362311824e-05,0.004829914045287323,1.0,,False
heldout,gain_resource_shift,1016,zero,12.990791666666667,0.4441717471802878,0.17852912367339227,0.0,0,,5,5,0.0,,,1.2510672236983934e-05,0.0060374248065852565,1.0,,False
heldout,gain_resource_shift,1017,zero,16.682739583333333,0.47182197104322554,0.19808798343516795,0.0,0,,5,5,0.0,,,4.2355747252346585e-05,0.01483718501454365,1.0,,False
heldout,gain_resource_shift,1018,zero,17.001552083333333,0.455452296002387,0.18647263387618884,0.0,0,,5,5,0.0,,,1.691932862097202e-05,0.007237990203860718,1.0,,False
heldout,gain_resource_shift,1019,zero,13.58321875,0.4498263299761022,0.18246791907976131,0.0,0,,5,5,0.0,,,-4.770342924307843e-06,-0.0007786817141458188,1.0,,False
heldout,gain_resource_shift,1020,zero,13.835,0.4498544095925875,0.18156691039990625,0.0,0,,5,5,0.0,,,-1.975511831149449e-05,-0.00816729002630179,1.0,,False
heldout,gain_resource_shift,1021,zero,13.153177083333334,0.45545836486179264,0.1867711662166057,0.0,0,,5,5,0.0,,,-3.1182906688408314e-05,-0.016306040605217093,1.0,,False
heldout,gain_resource_shift,1022,zero,11.947979166666666,0.4609497963674062,0.19098219997228094,0.0,0,,5,5,0.0,,,4.556301551476003e-05,0.021725305624729022,1.0,,False
heldout,gain_resource_shift,1023,zero,11.927833333333334,0.42671998933912547,0.16465261642342713,0.0,0,,5,5,0.0,,,-1.2780521083065582e-06,-0.00031941302200166004,1.0,,False
heldout,gain_resource_shift,1024,zero,12.045572916666666,0.4384045655504714,0.17437537864042144,0.0,0,,5,5,0.0,,,-1.8956468442246025e-05,-0.008774394103398364,1.0,,False
heldout,gain_resource_shift,1025,zero,33.36238541666666,0.4207419552240979,0.16168801636982696,0.0,0,,5,5,0.0,,,-1.0520117765008548e-05,-0.0022574555853134603,1.0,,False
heldout,gain_resource_shift,1026,zero,13.686322916666667,0.4664306241622049,0.1939885481548025,0.0,0,,5,5,0.0,,,6.864109457800887e-05,0.02956597869548524,1.0,,False
heldout,gain_resource_shift,1027,zero,12.437354166666665,0.43844848881146836,0.17451643067166134,0.0,0,,5,5,0.0,,,2.2001710109378968e-05,0.011149465910453555,1.0,,False
heldout,gain_resource_shift,1028,zero,13.9619375,0.4384264648827921,0.1739804218037746,0.0,0,,5,5,0.0,,,-2.314552584402503e-05,-0.012404707887118505,1.0,,False
heldout,gain_resource_shift,1029,zero,15.904125,0.44418507551702835,0.17840188416160707,0.0,0,,5,5,0.0,,,-3.9405301830617526e-05,-0.014981463768922803,1.0,,False
heldout,gain_resource_shift,1030,zero,13.032947916666666,0.42671374251328253,0.1657132849695525,0.0,0,,5,5,0.0,,,-8.446365845900835e-06,-0.0035823028155645797,1.0,,False
heldout,switching_memory,1001,zero,13.313958333333334,0.4134941589896126,0.17097430974210534,0.0,0,,5,5,0.0,0.16876652624515578,0.1686698938923765,8.520600974558454e-07,0.00036062703421910365,1.0,,False
heldout,switching_memory,1002,zero,15.506822916666666,0.4162428041361054,0.1732551023560107,0.0,0,,5,5,0.0,0.1687732834887941,0.16876366959739317,-6.563397205472518e-06,-0.002830239757626711,1.0,,False
heldout,switching_memory,1003,zero,12.36996875,0.44114650463723487,0.19460698024246678,0.0,0,,5,5,0.0,0.1957647381418064,0.1957779234999375,5.724237189705188e-06,0.002356964290772422,1.0,,False
heldout,switching_memory,1004,zero,13.011052083333334,0.4242553258970535,0.17998936044908254,0.0,0,,5,5,0.0,0.1822409834190614,0.18223185072516343,-4.2065404027766306e-05,-0.017578330707589074,1.0,,False
heldout,switching_memory,1005,zero,14.357510416666667,0.41077715405153775,0.16873492691978695,0.0,0,,5,5,0.0,0.16878985219925888,0.16872501040923862,3.563093565410707e-05,0.015343278273741255,1.0,,False
heldout,switching_memory,1006,zero,12.906541666666666,0.3968496370458766,0.1574865267433293,0.0,0,,5,5,0.0,0.16196488830423872,0.16196795176682072,-1.7894737102085384e-05,-0.007549636755364968,1.0,,False
heldout,switching_memory,1007,zero,14.207895833333334,0.41759604799041156,0.1743834233516545,0.0,0,,5,5,0.0,0.17547559682152963,0.1755169643949668,-2.8393275051743572e-05,-0.012286361059913186,1.0,,False
heldout,switching_memory,1008,zero,11.687770833333333,0.3911255279013851,0.15297618937266486,0.0,0,,5,5,0.0,0.14847072392183858,0.14848602559970828,1.6558029191875113e-05,0.007024052483348375,1.0,,False
heldout,switching_memory,1009,zero,11.798072916666666,0.39686858594351637,0.15750183070493487,0.0,0,,5,5,0.0,0.15529354905410164,0.15521331204422467,-6.513532670439424e-06,-0.002839829937489161,1.0,,False
heldout,switching_memory,1010,zero,14.163458333333335,0.4052778430479229,0.1642472459204474,0.0,0,,5,5,0.0,0.1619909699879145,0.16200459398045403,2.7539130267057268e-05,0.012049922943298702,1.0,,False
heldout,switching_memory,1011,zero,12.78246875,0.44876468572247885,0.20138656071379724,0.0,0,,5,5,0.0,0.19574437724503707,0.1957831488507515,-3.629204923328536e-05,-0.015369885883250304,1.0,,False
heldout,switching_memory,1012,zero,12.634541666666665,0.43475756843265645,0.18901098765027605,0.0,0,,5,5,0.0,0.19567975279407732,0.1958163382239768,-3.3265560617294436e-05,-0.014257574504466545,1.0,,False
heldout,switching_memory,1013,zero,12.75696875,0.4242771274677502,0.18000794623612082,0.0,0,,5,5,0.0,0.18225231361433097,0.1822813559259472,2.2025141322756835e-06,0.0009358726427800262,1.0,,False
heldout,switching_memory,1014,zero,14.150729166666666,0.3897273571028793,0.15188453389509982,0.0,0,,5,5,0.0,0.15528621372534862,0.15528321062805367,-3.26076264528935e-05,-0.01410183677966973,1.0,,False
heldout,switching_memory,1015,zero,12.842833333333333,0.3853512478911787,0.14849268445806696,0.0,0,,5,5,0.0,0.14849459352864985,0.14845223733889595,-8.333749297793533e-06,-0.0035459444444097313,1.0,,False
heldout,switching_memory,1016,zero,14.032020833333334,0.4039095737785458,0.16313992254260998,0.0,0,,5,5,0.0,0.16200021514759277,0.16205799876265664,-5.225195305975103e-05,-0.022820017346604937,1.0,,False
heldout,switching_memory,1017,zero,13.483,0.40665647052926923,0.1653664611075589,0.0,0,,5,5,0.0,0.1620268489626387,0.16200184414783475,1.9255127939608483e-05,0.008370001764384329,1.0,,False
heldout,switching_memory,1018,zero,13.27196875,0.42687763308228344,0.1822213760114936,0.0,0,,5,5,0.0,0.18228318433991778,0.18224742079371242,2.59595756943393e-05,0.010777371295062222,1.0,,False
heldout,switching_memory,1019,zero,13.994447916666665,0.410788430370722,0.16874413981645628,0.0,0,,5,5,0.0,0.1687909367923024,0.1686979471406295,2.94800998119891e-05,0.012804019135920358,1.0,,False
heldout,switching_memory,1020,zero,13.00321875,0.40665064612320595,0.1653617938923375,0.0,0,,5,5,0.0,0.17548238585600962,0.1754379225088064,4.342795866559544e-05,0.018398986486919823,1.0,,False
heldout,switching_memory,1021,zero,15.631395833333334,0.40800438440826703,0.1664645275425164,0.0,0,,5,5,0.0,0.16196657921209714,0.16192193339231659,5.9177029305524146e-05,0.024958187721898523,1.0,,False
heldout,switching_memory,1022,zero,13.958614583333334,0.3968717156773444,0.15750419081043768,0.0,0,,5,5,0.0,0.15527592512736682,0.1552246210287725,-4.941775122339301e-05,-0.021448383103017315,1.0,,False
heldout,switching_memory,1023,zero,12.162020833333333,0.4052939599999099,0.16426027204518565,0.0,0,,5,5,0.0,0.16869909131165056,0.16878962905089398,1.1012130425522618e-05,0.004829529740006689,1.0,,False
heldout,switching_memory,1024,zero,13.524708333333335,0.3704723158055828,0.13724690477752446,0.0,0,,5,5,0.0,0.12825679201937767,0.12826424944986964,-2.385145973289192e-05,-0.010110736227591162,1.0,,False
heldout,switching_memory,1025,zero,12.381104166666667,0.41353176766092425,0.17100551160930325,0.0,0,,5,5,0.0,0.16875837450731423,0.1687634786717112,-9.236484691656959e-06,-0.003935176292515343,1.0,,False
heldout,switching_memory,1026,zero,17.615322916666667,0.42025309822318485,0.17660954351965433,0.0,0,,5,5,0.0,0.18222205765346286,0.18220414656721579,-2.421751971093313e-06,-0.0010273814783368826,1.0,,False
heldout,switching_memory,1027,zero,14.075572916666665,0.37796615351378515,0.1428553057927344,0.0,0,,5,5,0.0,0.14171407557335766,0.14173834559848913,-2.1512031927888508e-05,-0.008896402856195957,1.0,,False
heldout,switching_memory,1028,zero,13.043833333333334,0.39261771368415765,0.15414578634002216,0.0,0,,5,5,0.0,0.14850095017666026,0.14849281511315504,-5.090263609215e-05,-0.022443094449537085,1.0,,False
heldout,switching_memory,1029,zero,14.593395833333334,0.41078357312354175,0.1687400305423845,0.0,0,,5,5,0.0,0.16875320204028788,0.16869461350841358,-2.2773468656423043e-05,-0.009471315010913646,1.0,,False
heldout,switching_memory,1030,zero,15.413385416666666,0.40247310469238445,0.16198151797312077,0.0,0,,5,5,0.0,0.16195180099256487,0.16201374695343274,1.568210802066342e-05,0.0066899627566783144,1.0,,False
development,gain_resource_shift,101,uniform,20.90234375,0.3397516749820778,0.08981441677960289,11.25,0,,5,5,0.0,,,-0.022453738827488995,-0.08567989388657936,0.9999576336624791,0.9997795475211191,False
development,gain_resource_shift,102,uniform,34.99339583333334,0.3422143902643904,0.09008935229994534,11.549999999999999,0,,5,5,0.0,,,-0.03018435300942182,-0.10758050441862901,0.9999576336624791,0.9997795475211191,False
development,gain_resource_shift,103,uniform,20.20023958333333,0.32700893321783114,0.08707271898482755,9.75,0,,5,5,0.0,,,-0.01177004417000549,-0.061782351805898174,0.9999576336624791,0.9997795475211192,False
development,gain_resource_shift,104,uniform,19.870739583333332,0.33049342986328545,0.08823115989153481,10.049999999999999,0,,5,5,0.0,,,-0.017282624951000025,-0.09255597769427522,0.9999576336624791,0.9997795475211192,False
development,gain_resource_shift,105,uniform,23.203645833333333,0.34154251674412067,0.0894234350746181,11.25,0,,5,5,0.0,,,-0.027532889740704947,-0.11115254198922415,0.9999576336624791,0.9997795475211191,False
development,switching_memory,101,uniform,19.789739583333333,0.29961606221516507,0.08976670964039575,14.700000000000003,0,,5,5,0.0,0.08998651590407905,0.09001223117189294,0.0013017358997927109,0.04610696956105461,1.0,1.0,False
development,switching_memory,102,uniform,23.450052083333333,0.29360237237163944,0.08619960234315094,12.000000000000002,0,,5,5,0.0,0.08998525297637142,0.08434036576181347,0.004524762567553409,0.06256278211179964,1.0,1.0,False
development,switching_memory,103,uniform,22.42472916666667,0.29947418712156326,0.08968196336193146,14.300000000000004,0,,5,5,0.0,0.09003806209673211,0.08986536078202223,0.0021341223194043524,0.05801921361101091,1.0,1.0,False
development,switching_memory,104,uniform,21.98573958333333,0.29875456268817413,0.08925130658325175,14.300000000000002,0,,5,5,0.0,0.09007427051529816,0.08987937989331422,0.005020742407214673,0.09129752347773337,1.0,0.9999999999999999,False
development,switching_memory,105,uniform,22.63398958333333,0.2989519473552842,0.08936933286741965,14.899999999999999,0,,5,5,0.0,0.08996284284667677,0.08943101880015608,0.0032718585495453145,0.06988378861408534,1.0,0.9999999999999999,False
heldout,gain_resource_shift,1001,uniform,36.851385416666666,0.32166852449969635,0.08550138515881624,10.019999999999998,0,,5,5,0.0,,,-0.015059852177700922,-0.06924280067493427,0.9999576336624791,0.9997795475211192,False
heldout,gain_resource_shift,1002,uniform,20.017947916666667,0.32197452158265916,0.08537999582895545,10.019999999999998,0,,5,5,0.0,,,-0.022733185173528014,-0.10413098606813619,0.9999576336624791,0.9997795475211193,False
heldout,gain_resource_shift,1003,uniform,28.493177083333332,0.3295691332920573,0.0871394729153235,11.159999999999998,0,,5,5,0.0,,,-0.02029807474902348,-0.07241430292905636,0.9999576336624791,0.9997795475211192,False
heldout,gain_resource_shift,1004,uniform,23.099958333333333,0.31923151221312274,0.08487919744396022,9.735,0,,5,5,0.0,,,-0.015030042219399048,-0.07512188594231443,0.9999576336624791,0.9997795475211192,False
heldout,gain_resource_shift,1005,uniform,29.26959375,0.33048765743955916,0.08643946869283921,11.159999999999997,0,,5,5,0.0,,,-0.023426993071210184,-0.08392035309763544,0.9999576336624791,0.9997795475211191,False
heldout,gain_resource_shift,1006,uniform,72.39882291666667,0.3245131601122787,0.08624350876870701,10.305,0,,5,5,0.0,,,-0.01649063861649827,-0.07393090250837848,0.9999576336624791,0.9997795475211192,False
heldout,gain_resource_shift,1007,uniform,21.8090625,0.3237671961392088,0.08604523275683346,10.305,0,,5,5,0.0,,,-0.0164088405931557,-0.06988006919795195,0.9999576336624791,0.9997795475211192,False
heldout,gain_resource_shift,1008,uniform,23.80860416666667,0.31986199818475936,0.08409431915350551,9.735,0,,5,5,0.0,,,-0.02118229486325357,-0.10656441285671067,0.9999576336624791,0.9997795475211192,False
heldout,gain_resource_shift,1009,uniform,31.124364583333332,0.32968839215872364,0.08736676834292528,11.160000000000002,0,,5,5,0.0,,,-0.023585169285925106,-0.08610478572422832,0.9999576336624791,0.9997795475211192,False
heldout,gain_resource_shift,1010,uniform,22.61010416666667,0.33472823728047263,0.08687619648434346,12.299999999999999,0,,5,5,0.0,,,-0.025971593907258006,-0.07502561918404489,0.9999576336624791,0.9997795475211192,False
heldout,gain_resource_shift,1011,uniform,22.19925,0.3307985032446337,0.08741456661791668,11.160000000000002,0,,5,5,0.0,,,-0.028437274150912406,-0.10555286219896498,0.9999576336624791,0.9997795475211192,False
heldout,gain_resource_shift,1012,uniform,24.87002083333333,0.32620949933599835,0.08655234287917846,10.589999999999998,0,,5,5,0.0,,,-0.016168668244925966,-0.06510994215729425,0.9999576336624791,0.9997795475211191,False
heldout,gain_resource_shift,1013,uniform,25.036625,0.3197588232371741,0.08505465898086491,9.735,0,,5,5,0.0,,,-0.01660875532752598,-0.08724892923256067,0.9999576336624791,0.9997795475211192,False
heldout,gain_resource_shift,1014,uniform,18.998739583333332,0.3335492498510675,0.08684586603966969,11.729999999999999,0,,5,5,0.0,,,-0.030886066217764102,-0.10087199405013925,0.9999576336624791,0.9997795475211191,False
heldout,gain_resource_shift,1015,uniform,20.37746875,0.3238859477618206,0.08627014480790525,10.305,0,,5,5,0.0,,,-0.01954354276686396,-0.08579625454106804,0.9999576336624791,0.9997795475211192,False
heldout,gain_resource_shift,1016,uniform,29.390885416666666,0.3236572832402306,0.0859946196746496,10.304999999999998,0,,5,5,0.0,,,-0.015026813273246842,-0.06199599926053865,0.9999576336624791,0.9997795475211192,False
heldout,gain_resource_shift,1017,uniform,23.7365,0.33336782351260286,0.08660611682958352,11.729999999999999,0,,5,5,0.0,,,-0.0273522579368512,-0.08796595851031022,0.9999576336624791,0.9997795475211191,False
heldout,gain_resource_shift,1018,uniform,25.055697916666666,0.3286047379366501,0.08701691373675742,10.875,0,,5,5,0.0,,,-0.017518373507532187,-0.06876579352145211,0.9999576336624791,0.9997795475211192,False
heldout,gain_resource_shift,1019,uniform,26.06327083333333,0.32680630128763477,0.08692655050129638,10.589999999999998,0,,5,5,0.0,,,-0.020951207791774784,-0.09042578296682045,0.9999576336624791,0.9997795475211191,False
heldout,gain_resource_shift,1020,uniform,23.751614583333332,0.32672778380512557,0.08594896528021963,10.589999999999998,0,,5,5,0.0,,,-0.024232433342767257,-0.09907560856421951,0.9999576336624791,0.9997795475211191,False
heldout,gain_resource_shift,1021,uniform,20.84034375,0.3279744628816716,0.08689609239654879,10.875,0,,5,5,0.0,,,-0.017511176969823405,-0.06556335182313883,0.9999576336624791,0.9997795475211192,False
heldout,gain_resource_shift,1022,uniform,21.146552083333333,0.3296390324303762,0.08716937690276232,11.159999999999997,0,,5,5,0.0,,,-0.020264096747769772,-0.07221862978505535,0.9999576336624791,0.9997795475211191,False
heldout,gain_resource_shift,1023,uniform,22.479,0.3173775544701582,0.083291179203302,9.450000000000001,0,,5,5,0.0,,,-0.019453895858000503,-0.10564817445924753,0.9999576336624791,0.9997795475211192,False
heldout,gain_resource_shift,1024,uniform,20.951229166666668,0.3213707783560114,0.08545599272607247,10.019999999999998,0,,5,5,0.0,,,-0.015112853510942714,-0.0676632061675333,0.9999576336624791,0.9997795475211192,False
heldout,gain_resource_shift,1025,uniform,39.7653125,0.31375301121919597,0.08310517553314306,9.165,0,,5,5,0.0,,,-0.01299931900952861,-0.07645885554290305,0.9999576336624791,0.9997795475211192,False
heldout,gain_resource_shift,1026,uniform,21.449145833333333,0.3319525231304584,0.08662349861113601,11.445,0,,5,5,0.0,,,-0.026299874920562627,-0.08929314018699329,0.9999576336624791,0.9997795475211192,False
heldout,gain_resource_shift,1027,uniform,20.2194375,0.32127542193778885,0.08549725007190527,10.019999999999998,0,,5,5,0.0,,,-0.01653472065399944,-0.07439335118838933,0.9999576336624791,0.9997795475211192,False
heldout,gain_resource_shift,1028,uniform,24.30009375,0.32199267181491903,0.08544193739666266,10.019999999999998,0,,5,5,0.0,,,-0.011884966129561414,-0.05410067269836487,0.9999576336624791,0.9997795475211192,False
heldout,gain_resource_shift,1029,uniform,20.691145833333334,0.32412493428583994,0.08615847587533898,10.305,0,,5,5,0.0,,,-0.027483922136120137,-0.11963417773819705,0.9999576336624791,0.9997795475211192,False
heldout,gain_resource_shift,1030,uniform,25.20046875,0.31640243843647825,0.08373916996840991,9.450000000000001,0,,5,5,0.0,,,-0.008857261230844404,-0.04335909578195896,0.9999576336624791,0.9997795475211192,False
heldout,switching_memory,1001,uniform,19.720791666666667,0.2844424973894572,0.08090442454472965,14.464999999999998,0,,5,5,0.0,0.08115070731451822,0.08109777159110355,0.0005191195300143225,0.028905551623358373,1.0,1.0,False
heldout,switching_memory,1002,uniform,22.011614583333333,0.2837553886075639,0.08051415092475202,14.655,0,,5,5,0.0,0.08109134098076497,0.08105652967411883,0.0022006779044518865,0.06257119194101203,1.0,1.0,False
heldout,switching_memory,1003,uniform,23.9048125,0.27971876186606404,0.07823932742870073,16.08,0,,5,5,0.0,0.07971194782269497,0.07765725658788557,3.7913761173402616e-05,0.0011346020659160768,1.0,0.9999999999999999,False
heldout,switching_memory,1004,uniform,20.73435416666667,0.2832415323647113,0.08022254455337724,15.034999999999997,0,,5,5,0.0,0.0803613144493412,0.07997147626465644,0.00043396122664041137,0.020194138098169175,1.0,1.0,False
heldout,switching_memory,1005,uniform,19.7735625,0.28472454601194674,0.08106512373081538,14.274999999999999,0,,5,5,0.0,0.0811117167099157,0.08108098452949258,7.510971493274177e-05,0.016517869110924812,1.0,1.0,False
heldout,switching_memory,1006,uniform,20.28884375,0.28443399029200483,0.08089958715331759,13.42,0,,5,5,0.0,0.08146735017636716,0.08117916105522444,0.002300278428952418,0.05828021504664077,1.0,1.0,False
heldout,switching_memory,1007,uniform,19.323541666666667,0.28419184283842974,0.08076196759034716,14.655,0,,5,5,0.0,0.08076045366074504,0.08067990030262318,5.741054501384735e-05,0.0054020297543951904,1.0,1.0,False
heldout,switching_memory,1008,uniform,19.75226041666667,0.2844603195079668,0.0809146841711022,13.229999999999997,0,,5,5,0.0,0.08218233901088334,0.08065431031684071,0.0018415260027426217,0.04463286476146804,1.0,1.0,False
heldout,switching_memory,1009,uniform,19.82514583333333,0.284955104189859,0.08119656759998205,13.514999999999995,0,,5,5,0.0,0.08181371671913155,0.08099931522575213,0.00045614796450665906,0.018810193550218148,1.0,1.0,False
heldout,switching_memory,1010,uniform,28.699260416666668,0.284875352984658,0.08115108259300406,13.99,0,,5,5,0.0,0.08138008211622966,0.08129063510722953,0.0005448814137303248,0.028132770405833417,1.0,1.0,False
heldout,switching_memory,1011,uniform,20.3820625,0.2761875422408006,0.07627637605121611,16.65,0,,5,5,0.0,0.07966942003513694,0.07770412179978567,0.004147746296351673,0.06667279104520919,1.0,1.0,False
heldout,switching_memory,1012,uniform,20.085739583333332,0.28038775756646905,0.07861413893395318,15.604999999999999,0,,5,5,0.0,0.07958176930256207,0.07773239428289214,0.004381546665966796,0.07601430643144128,1.0,1.0,False
heldout,switching_memory,1013,uniform,18.95761458333333,0.28322612715304835,0.08021390444594999,15.034999999999997,0,,5,5,0.0,0.08036801258592534,0.0799397073009402,0.00046785126575865643,0.02174551448015479,1.0,1.0,False
heldout,switching_memory,1014,uniform,23.917375,0.28436903232585625,0.08086286756664847,13.040000000000004,0,,5,5,0.0,0.08185482352849842,0.08108306060077834,0.0013932869084036237,0.03806866020246809,1.0,1.0,False
heldout,switching_memory,1015,uniform,22.314947916666668,0.28445395096701187,0.08091115042752152,12.85,0,,5,5,0.0,0.08219979588621373,0.08062212494362458,6.932830963646275e-06,0.00023671278423734193,1.0,1.0,False
heldout,switching_memory,1016,uniform,24.509708333333332,0.2850925416399068,0.08127473605134546,13.895000000000001,0,,5,5,0.0,0.08150510189333562,0.0812896549582986,-2.0061978399543712e-05,-0.0014986680736355162,1.0,1.0,False
heldout,switching_memory,1017,uniform,20.03847916666667,0.28470249830320327,0.08105248862432192,14.085,0,,5,5,0.0,0.0814541563875118,0.08119906766427189,0.001125257915149891,0.041908457303913065,1.0,1.0,False
heldout,switching_memory,1018,uniform,22.28153125,0.28285578345829215,0.0800042566213653,15.224999999999996,0,,5,5,0.0,0.080413643022891,0.07996519883540136,8.41714661717341e-05,0.005235105842734851,1.0,1.0,False
heldout,switching_memory,1019,uniform,22.744364583333333,0.28475128308017233,0.08108029850581916,14.275,0,,5,5,0.0,0.08113890386606033,0.08104673213811292,2.2081460683387455e-05,0.004777712063269153,1.0,1.0,False
heldout,switching_memory,1020,uniform,26.309885416666667,0.28212520023196236,0.0795916745058415,13.894999999999998,0,,5,5,0.0,0.08068020841383117,0.08062309077372137,0.011043028486539097,0.1402756428805252,1.0,1.0,False
heldout,switching_memory,1021,uniform,20.853302083333332,0.2843692962514367,0.08086284649668483,14.180000000000001,0,,5,5,0.0,0.081427533323599,0.08116595732544243,0.0021527839373491897,0.061088627629753006,1.0,0.9999999999999999,False
heldout,switching_memory,1022,uniform,23.76083333333333,0.2850189155325979,0.08123281431713696,13.515000000000002,0,,5,5,0.0,0.08185638442087419,0.08109249471216431,0.00033073498960911607,0.013615542652718832,1.0,1.0,False
heldout,switching_memory,1023,uniform,27.814833333333333,0.28442682434642497,0.08089569644056917,13.895000000000001,0,,5,5,0.0,0.08099514414650427,0.08108693543030303,0.002242299546187765,0.06189914194777494,1.0,1.0,False
heldout,switching_memory,1024,uniform,28.359895833333333,0.2810861769825329,0.07900660688982876,12.184999999999997,0,,5,5,0.0,0.08327657412163239,0.07778774269093008,0.007570706780739178,0.0925711154194611,1.0,1.0,False
heldout,switching_memory,1025,uniform,25.63903125,0.2844233101483018,0.08089360810025173,14.464999999999998,0,,5,5,0.0,0.08110218752585947,0.08107991179340879,0.0005496655211604251,0.03102288779528904,1.0,1.0,False
heldout,switching_memory,1026,uniform,24.356916666666667,0.28311126442074047,0.0801488649953789,14.749999999999995,0,,5,5,0.0,0.0803755808198364,0.07992947491916445,0.00319870453974358,0.07258021213562672,1.0,1.0,False
heldout,switching_memory,1027,uniform,24.15788541666667,0.2837841314631166,0.08053032586100364,12.47,0,,5,5,0.0,0.08255734063178628,0.07999208384661183,-7.929344473034394e-05,-0.0021154788213148005,1.0,1.0,False
heldout,switching_memory,1028,uniform,18.754572916666667,0.284297921077013,0.08082242517015852,13.324999999999998,0,,5,5,0.0,0.08218967721537092,0.080625631348309,0.0028986876016655616,0.06036820367242694,1.0,1.0,False
heldout,switching_memory,1029,uniform,21.003833333333333,0.2847668184228022,0.08108902746888552,14.275,0,,5,5,0.0,0.08113694399803296,0.08104439879282943,-8.348062238539011e-06,-0.0017823650188855695,1.0,1.0,False
heldout,switching_memory,1030,uniform,21.73275,0.28508090405646463,0.08126803983004492,13.799999999999999,0,,5,5,0.0,0.0814549496875216,0.08124320869739912,-1.448552751431853e-05,-0.0012125553885007458,1.0,0.9999999999999999,False
development,gain_resource_shift,101,disconnected,13.693072916666667,0.36431636894350716,0.10710963280665708,11.435875086358392,0,,5,5,0.0,,,-0.024022342696325555,-0.048738389037245214,0.9938611224237953,0.9999635059515074,False
development,gain_resource_shift,102,disconnected,16.24146875,0.3694041851263335,0.10943811538476729,11.02416457028562,0,,5,5,0.0,,,-0.02130931236324632,-0.03617289062065303,0.9904532107005628,0.9998159412863566,False
development,gain_resource_shift,103,disconnected,19.289291666666667,0.3543960089786602,0.10573440776056624,9.918578645767802,0,,5,5,0.0,,,-0.003993442832733229,-0.00031595230880526867,0.9903146619825196,0.9996861456921,False
development,gain_resource_shift,104,disconnected,13.03078125,0.3420356310410608,0.09599362561039308,11.072559590637466,0,,5,5,0.0,,,0.009297505852980364,0.05744251776400473,0.9949011710697014,0.9994811992260508,False
development,gain_resource_shift,105,disconnected,16.66721875,0.35842034681162466,0.10123728933927549,10.942282220381403,0,,5,5,0.0,,,-0.02762626804386248,-0.07841300161468452,0.9956220997440351,0.9999103015080589,False
development,switching_memory,101,disconnected,12.8515625,0.3319879306593419,0.11021291100654614,15.371750172716785,0,,5,5,0.0,0.10601191419906145,0.10608488853557407,0.02478933910204706,0.07474011129621,0.9901618558683398,0.9999999999999999,False
development,switching_memory,102,disconnected,14.32453125,0.3415277501683595,0.11663845341595754,14.54832914057124,0,,5,5,0.0,0.11127291651800765,0.11121574598278126,0.02352731770006966,0.06333830624759816,0.9852125624659803,1.0000000000000002,False
development,switching_memory,103,disconnected,14.299614583333334,0.37185893006271714,0.13827623847719914,12.337157291535602,0,,5,5,0.0,0.1505516013330323,0.1505320519123229,-0.0533859726596177,-0.15215025728339848,0.9859156300358408,1.0000000000000002,False
development,switching_memory,104,disconnected,20.67196875,0.3181659619971913,0.1012265972298478,14.645119181274934,0,,5,5,0.0,0.08923746449073883,0.08919756793729236,0.040631508242243985,0.1328274916360421,0.9921107394855765,1.0,False
development,switching_memory,105,disconnected,14.435947916666667,0.33630384243174577,0.11309734047425953,14.384564440762803,0,,5,5,0.0,0.11675348164508469,0.11684843713565213,-0.019486474567082357,-0.0740783436076342,0.9932266085886033,1.0,False
heldout,gain_resource_shift,1001,disconnected,24.71296875,0.3590589363494325,0.11095406527739031,9.711019796977254,0,,5,5,0.0,,,-0.0193351034899312,-0.049414159859231296,0.986911430612328,0.9998700815814685,False
heldout,gain_resource_shift,1002,disconnected,12.79734375,0.34325179230403585,0.09953419620050614,9.800436490198072,0,,5,5,0.0,,,0.00756871953914115,0.03905553117512282,0.991274732401001,0.9995463709282205,False
heldout,gain_resource_shift,1003,disconnected,14.3888125,0.35595146928077226,0.10522510777958627,10.902017780913928,0,,5,5,0.0,,,-0.016075623485423435,-0.036753211897727775,0.9908361725411581,0.9999140878848356,False
heldout,gain_resource_shift,1004,disconnected,14.186489583333334,0.34594408695935613,0.10264775035622563,10.936832960086354,0,,5,5,0.0,,,-0.004171108180177019,0.00226556671647433,0.9904817180791216,0.9999861059434906,False
heldout,gain_resource_shift,1005,disconnected,13.256072916666666,0.373096469167742,0.11641835227838764,11.349706979598809,0,,5,5,0.0,,,-0.0635017579412959,-0.1603805162122313,0.9897314740995166,0.9994582280656321,False
heldout,gain_resource_shift,1006,disconnected,23.755895833333334,0.3486988180015348,0.10252558335831707,10.177760492070973,0,,5,5,0.0,,,-0.014656892697510526,-0.028727698040454334,0.9912710849779737,0.9999697925761396,False
heldout,gain_resource_shift,1007,disconnected,33.238416666666666,0.3402201779332242,0.09696980493390327,11.551569764473891,0,,5,5,0.0,,,0.009145492664390797,0.043924746095976866,0.992038412308034,0.9999793132769873,False
heldout,gain_resource_shift,1008,disconnected,15.434802083333334,0.3503703036349861,0.10454197094003088,9.85652873047937,0,,5,5,0.0,,,-0.005416876329470327,0.004172880367965634,0.9887192789838064,0.999301494049579,False
heldout,gain_resource_shift,1009,disconnected,18.49753125,0.36147313658674957,0.10933516089258388,11.120267887290568,0,,5,5,0.0,,,-0.020083506182034694,-0.041474078886716774,0.9924019876242745,0.9996659166209446,False
heldout,gain_resource_shift,1010,disconnected,26.651927083333334,0.35241344048413703,0.09902843668531747,11.018726778778094,0,,5,5,0.0,,,0.026353624155898175,0.07910175036200465,0.9921934554398416,0.999616718125427,False
heldout,gain_resource_shift,1011,disconnected,14.073864583333334,0.3674587309662449,0.11301283583234983,10.000174760906477,0,,5,5,0.0,,,-0.042671418458108984,-0.10922114849147349,0.9906496681570011,0.999907124646647,False
heldout,gain_resource_shift,1012,disconnected,15.59009375,0.3502091862517897,0.1027861795572765,11.052730409870328,0,,5,5,0.0,,,-0.007452954379266352,-0.008089255240146385,0.9908973257125671,0.9998797419190619,False
heldout,gain_resource_shift,1013,disconnected,14.290125,0.35045098337120295,0.10562484568868574,11.731518231153641,0,,5,5,0.0,,,-0.028167141982548022,-0.061059942776110814,0.9944807037776541,0.9999887222461022,False
heldout,gain_resource_shift,1014,disconnected,12.65153125,0.35437629509392904,0.1011733224879593,11.629255980193888,0,,5,5,0.0,,,-0.02000971276549085,-0.03953258022914691,0.994884286059848,0.9998827816210311,False
heldout,gain_resource_shift,1015,disconnected,14.892510416666665,0.3633679272804642,0.11340428822643318,11.444215614642241,0,,5,5,0.0,,,-0.043762146190379075,-0.10814973117469492,0.993543516456659,0.9995272586769732,False
heldout,gain_resource_shift,1016,disconnected,13.817552083333334,0.3567337687491251,0.108499564446157,11.689524362148516,0,,5,5,0.0,,,-0.018072565616903014,-0.029995865210269614,0.9913831792084665,0.999995620703306,False
heldout,gain_resource_shift,1017,disconnected,14.552072916666667,0.3606113647994931,0.10551256749860667,10.853518967941481,0,,5,5,0.0,,,-0.004781506237194144,-0.0010448398933486566,0.9901184923752159,0.9997794215687837,False
heldout,gain_resource_shift,1018,disconnected,15.582833333333333,0.3378499684552496,0.09317844112755609,10.542706923901283,0,,5,5,0.0,,,0.02581220705756032,0.09633626934086824,0.9935822949000209,0.9995579959801675,False
heldout,gain_resource_shift,1019,disconnected,22.232916666666668,0.3401427903635422,0.09582130977628871,11.283638493866365,0,,5,5,0.0,,,0.021800147654185087,0.07863652493590334,0.9916552165096241,0.999566540787197,False
heldout,gain_resource_shift,1020,disconnected,13.372791666666666,0.3599625703690612,0.10877097263671213,12.168109981227543,0,,5,5,0.0,,,-0.043695560244503634,-0.1037437363274553,0.9942731801896817,0.9996565097114345,False
heldout,gain_resource_shift,1021,disconnected,16.2976875,0.3639353801169933,0.11177780499492818,11.125285309927714,0,,5,5,0.0,,,-0.031719836833640574,-0.07514888119251383,0.9903522080048148,0.9999824558157726,False
heldout,gain_resource_shift,1022,disconnected,12.377072916666666,0.3547075250151137,0.10432491350347524,11.669529685280919,0,,5,5,0.0,,,-0.015835699902931405,-0.032139818524436196,0.9908168800229619,0.9997445488181126,False
heldout,gain_resource_shift,1023,disconnected,14.065114583333333,0.3479486342449209,0.10363091919474948,11.000066262527268,0,,5,5,0.0,,,-0.02530705932561253,-0.05003896960748277,0.9914243400760033,0.9999932622397647,False
heldout,gain_resource_shift,1024,disconnected,11.905395833333333,0.351916205294871,0.10602183109406567,11.26769525834559,0,,5,5,0.0,,,-0.02649831754642104,-0.05860054646119803,0.9925891343086981,0.9996729509047568,False
heldout,gain_resource_shift,1025,disconnected,17.472166666666666,0.3499757162518544,0.1071472254500287,10.943224998400154,0,,5,5,0.0,,,-0.02454462297441176,-0.05749420437115135,0.986749568749953,0.9999247975476528,False
heldout,gain_resource_shift,1026,disconnected,13.872916666666667,0.35005747076364435,0.09897125383589817,9.954934818503927,0,,5,5,0.0,,,0.0242569758815461,0.08619958805928093,0.9904063917266702,0.999872344619947,False
heldout,gain_resource_shift,1027,disconnected,12.946614583333334,0.36808394413802537,0.117765143262806,11.078665659311747,0,,5,5,0.0,,,-0.031071673461604804,-0.06606267703906774,0.990861802949362,0.9999496643487666,False
heldout,gain_resource_shift,1028,disconnected,15.222447916666667,0.3443845451009422,0.10036337159853533,11.66932653511351,0,,5,5,0.0,,,0.009083925811310012,0.044559695695845655,0.9915771082493539,0.9996182389705708,False
heldout,gain_resource_shift,1029,disconnected,16.361760416666666,0.35452552350419914,0.10678984966546538,11.20770835470991,0,,5,5,0.0,,,-0.023553816473739497,-0.03957904538315767,0.989177329956756,0.9999893380233741,False
heldout,gain_resource_shift,1030,disconnected,13.31103125,0.346020233617951,0.10335866899288189,10.98678421383086,0,,5,5,0.0,,,-0.009598600312903272,-0.0070863781492050675,0.9912251084629696,0.9993920944665347,False
heldout,switching_memory,1001,disconnected,15.768916666666666,0.3502089598011553,0.12264320574858549,11.922039593954509,0,,5,5,0.0,0.1104853064649172,0.11040382947515978,-0.028530264241682063,-0.08113065154451309,0.9813458691339464,1.0,False
heldout,switching_memory,1002,disconnected,14.072729166666665,0.31363644025829807,0.09836484701881938,12.100872980396145,0,,5,5,0.0,0.10464587504049214,0.10460023417055551,0.041592317955932545,0.127315319474522,0.9877408793155814,0.9999999999999999,False
heldout,switching_memory,1003,disconnected,21.008072916666666,0.3245521231962033,0.10533082235998042,14.304035561827854,0,,5,5,0.0,0.10867027881139124,0.10859612485710889,0.005231724114695635,0.015632648017085485,0.9857325975101735,1.0,False
heldout,switching_memory,1004,disconnected,13.016072916666666,0.3214798884055542,0.103346097546315,14.373665920172707,0,,5,5,0.0,0.09930536471144256,0.09934609682135977,0.02278923092726548,0.06621622698212021,0.985105935975167,1.0,False
heldout,switching_memory,1005,disconnected,14.05228125,0.3474904805696204,0.1207466907156119,15.199413959197615,0,,5,5,0.0,0.10843526506586898,0.10843549410219992,-0.030643939034610046,-0.08757778754877242,0.9835806722343522,1.0000000000000002,False
heldout,switching_memory,1006,disconnected,13.22553125,0.3216425740651759,0.10345083777115743,12.855520984141947,0,,5,5,0.0,0.10708986162441025,0.10696401108258813,0.00997846956778814,0.03151248190693582,0.9870713460625091,1.0,False
heldout,switching_memory,1007,disconnected,13.071697916666666,0.32006577005053877,0.10243906121248876,15.603139528947784,0,,5,5,0.0,0.11791481061373701,0.11791223823313292,0.02088839135515469,0.06305493838878208,0.9871020894879122,1.0,False
heldout,switching_memory,1008,disconnected,13.200854166666666,0.3035327811151319,0.09212916000801419,12.213057460958739,0,,5,5,0.0,0.08397675405954247,0.08391648608784225,0.07882817054578767,0.21552816281049034,0.9834745989414734,1.0,False
heldout,switching_memory,1009,disconnected,14.419260416666667,0.35569671939022224,0.12651731238109512,14.740535774581135,0,,5,5,0.0,0.1340874216790661,0.13398814516405072,-0.042451938905005926,-0.11793562186852677,0.987927802985146,1.0000000000000002,False
heldout,switching_memory,1010,disconnected,13.172416666666667,0.35172915656409903,0.12371051543216306,14.537453557556184,0,,5,5,0.0,0.1287584965800812,0.12889813937008088,-0.023606655722171188,-0.06256486495128226,0.9878124612710301,1.0,False
heldout,switching_memory,1011,disconnected,14.32275,0.3353053385555805,0.11242648762607453,12.500349521812952,0,,5,5,0.0,0.09887785223134413,0.09886217844836488,0.009224725001337586,0.025975029618815145,0.986269043622705,0.9999999999999999,False
heldout,switching_memory,1012,disconnected,12.428947916666665,0.31145152214356503,0.09699889498634372,14.605460819740651,0,,5,5,0.0,0.07791042369558543,0.0780729478815212,0.03047931473284987,0.09376754580188337,0.9857685789571135,0.9999999999999999,False
heldout,switching_memory,1013,disconnected,12.488916666666666,0.3226916155998766,0.10412674412229377,15.963036462307285,0,,5,5,0.0,0.09888717706665284,0.09877906508628181,0.003936747385058836,0.012430589941056992,0.9909663537668277,1.0,False
heldout,switching_memory,1014,disconnected,14.115979166666666,0.33719785026329924,0.11369951124289497,15.758511960387777,0,,5,5,0.0,0.12816474727427782,0.12806678195872512,-0.01580454976036788,-0.05031137444502547,0.9917718008125219,1.0000000000000002,False
heldout,switching_memory,1015,disconnected,18.6020625,0.3524320018282503,0.12420541611944613,15.388431229284484,0,,5,5,0.0,0.12692220973777943,0.12686246580471988,-0.036662150036495866,-0.10609424940053394,0.9899085439032197,1.0,False
heldout,switching_memory,1016,disconnected,16.311822916666667,0.3486652730486982,0.12156445138276671,15.879048724297034,0,,5,5,0.0,0.11055577215569737,0.11050722296990312,-0.024621630474309097,-0.06946153649922508,0.9859469361835896,0.9999999999999999,False
heldout,switching_memory,1017,disconnected,16.282489583333334,0.3404393530981008,0.11589592922208984,14.207037935882964,0,,5,5,0.0,0.10364882899907417,0.10360603148543904,-0.009461931070761875,-0.0264459279289804,0.9846171626255168,1.0,False
heldout,switching_memory,1018,disconnected,13.399125,0.29693188276260457,0.08816540538650619,13.585413847802565,0,,5,5,0.0,0.08295017604161706,0.08293596770917483,0.06557763942164024,0.20493012572323888,0.9903929353320927,1.0,False
heldout,switching_memory,1019,disconnected,14.221322916666667,0.31303226835796133,0.09798620632334543,15.067276987732727,0,,5,5,0.0,0.10577248219768948,0.1056916493885818,0.04618689987338065,0.1337591711337201,0.986595787406486,0.9999999999999999,False
heldout,switching_memory,1020,disconnected,16.15628125,0.3250884587003672,0.10567955188009698,16.836219962455086,0,,5,5,0.0,0.09796141472946396,0.0979935364060128,0.012101257570451274,0.038758014199102866,0.9906106572240921,1.0000000000000002,False
heldout,switching_memory,1021,disconnected,12.871625,0.3317622840725322,0.11006316297917106,14.750570619855429,0,,5,5,0.0,0.12293512066132581,0.12287011545514884,0.006642336357523149,0.018982376169655698,0.9847002837194944,1.0,False
heldout,switching_memory,1022,disconnected,14.273479166666666,0.333596706072468,0.11128379440815939,15.83905937056184,0,,5,5,0.0,0.10891214601923288,0.1089237088914091,0.0029695859797553847,0.008843472924760653,0.985042094103335,1.0,False
heldout,switching_memory,1023,disconnected,16.312885416666667,0.32866898132436495,0.10802037731757282,14.500132525054537,0,,5,5,0.0,0.10405103473086061,0.10411684576313873,0.00861695719336003,0.025255013778972445,0.9864917817872491,1.0000000000000002,False
heldout,switching_memory,1024,disconnected,15.641135416666666,0.34567010001914134,0.11948498604641611,15.035390516691175,0,,5,5,0.0,0.1225157894120892,0.12253564010322557,-0.027530763019200988,-0.08227620246381255,0.9882396985038698,1.0000000000000002,False
heldout,switching_memory,1025,disconnected,13.754885416666665,0.307977578283784,0.09484717747007894,14.386449996800309,0,,5,5,0.0,0.10367561234563172,0.10366557187957906,0.0572342965376651,0.16459333136394405,0.979223198734346,1.0,False
heldout,switching_memory,1026,disconnected,16.138270833333333,0.3244051803927426,0.10523559801911635,12.409869637007857,0,,5,5,0.0,0.11220652502285677,0.11216802049505747,0.01694096961867103,0.05158384926073477,0.9859832726935492,1.0,False
heldout,switching_memory,1027,disconnected,15.591760416666666,0.3318265428702431,0.11010574714394548,14.657331318623497,0,,5,5,0.0,0.11083076582820528,0.11085558120405153,0.03926741591011157,0.09984373444937479,0.9855404706454496,1.0000000000000002,False
heldout,switching_memory,1028,disconnected,15.916822916666666,0.33649753131182364,0.11322770582039869,15.838653070227023,0,,5,5,0.0,0.09959674671683295,0.09948485544949726,-0.006490913539636378,-0.019766525844142773,0.9863386327883467,1.0000000000000002,False
heldout,switching_memory,1029,disconnected,14.278458333333335,0.3161671751562627,0.09995856924053122,14.915416709419818,0,,5,5,0.0,0.09970392287886544,0.09967162949322783,0.055005150530610225,0.14829781391166832,0.9827810870636428,0.9999999999999999,False
heldout,switching_memory,1030,disconnected,13.309697916666666,0.3215887958458526,0.10341627158597917,14.47356842766172,0,,5,5,0.0,0.1055153599776752,0.10551940147510089,0.021898927732819207,0.06524732821092126,0.9861022448173511,1.0000000000000002,False
